init at (3, 0), (0, 0), (6, 0), (9, 0), (12, 0), (15, 0), (18, 0), (21, 0), (24, 0), (27, 0), (30, 0), (33, 0), (36, 0), (39, 0), (42, 0), (45, 0), (48, 0), (51, 0), (54, 0), (57, 0), (60, 0), (63, 0), (66, 0), (69, 0), (72, 0), (75, 0), (78, 0), (81, 0), (84, 0);
rz(1.5708) at (0, 0), (3, 0), (6, 0), (9, 0), (12, 0), (15, 0), (18, 0), (21, 0), (24, 0), (27, 0), (30, 0), (33, 0), (36, 0), (39, 0), (42, 0), (45, 0), (48, 0), (51, 0), (54, 0), (57, 0), (60, 0), (63, 0), (66, 0), (69, 0), (72, 0), (75, 0), (78, 0), (81, 0), (84, 0);
load (0, 0) to (1, 0);
move (1, 0) to (36, 307);
store (36, 307) to (35, 307);
load (3, 0) to (4, 0);
move (4, 0) to (35, 308);
cz;
move (35, 308) to (1, 0);
store (1, 0) to (0, 0);
load (35, 307) to (36, 307);
move (36, 307) to (4, 0);
store (4, 0) to (3, 0);
rz(1.5708) at (0, 0), (3, 0);
load (3, 0), (6, 0) to (4, 0), (7, 0);
move (7, 0), (4, 0) to (46, 307), (36, 307);
store (46, 307), (36, 307) to (45, 307), (35, 307);
load (0, 0) to (1, 0);
move (1, 0) to (35, 308);
cz;
move (35, 308) to (45, 308);
cz;
move (45, 308) to (1, 0);
store (1, 0) to (0, 0);
load (35, 307), (45, 307) to (36, 307), (46, 307);
move (36, 307), (46, 307) to (4, 0), (7, 0);
store (4, 0), (7, 0) to (3, 0), (6, 0);
rz(1.5708) at (0, 0);
load (3, 0), (0, 0) to (4, 0), (1, 0);
move (4, 0), (1, 0) to (46, 307), (36, 307);
store (46, 307), (36, 307) to (45, 307), (35, 307);
load (6, 0) to (7, 0);
move (7, 0) to (35, 308);
cz;
move (35, 308) to (45, 308);
cz;
move (45, 308) to (1, 0);
store (1, 0) to (0, 0);
load (35, 307), (45, 307) to (36, 307), (46, 307);
move (36, 307), (46, 307) to (4, 0), (7, 0);
store (4, 0), (7, 0) to (3, 0), (6, 0);
rz(1.5708) at (0, 0), (3, 0), (6, 0);
load (0, 0) to (1, 0);
move (1, 0) to (13, 0);
load (9, 0) to (10, 0);
move (13, 0), (10, 0) to (46, 307), (36, 307);
store (46, 307), (36, 307) to (45, 307), (35, 307);
load (6, 0), (3, 0) to (7, 0), (4, 0);
move (4, 0), (7, 0) to (35, 308), (45, 308);
cz;
move (35, 308), (45, 308) to (1, 0), (4, 0);
store (1, 0), (4, 0) to (0, 0), (3, 0);
load (35, 307), (45, 307) to (36, 307), (46, 307);
move (36, 307), (46, 307) to (7, 0), (10, 0);
store (7, 0), (10, 0) to (6, 0), (9, 0);
rz(1.5708) at (0, 0);
load (3, 0), (0, 0) to (4, 0), (1, 0);
move (4, 0), (1, 0) to (46, 307), (36, 307);
store (46, 307), (36, 307) to (45, 307), (35, 307);
load (6, 0) to (7, 0);
move (7, 0) to (35, 308);
cz;
move (35, 308) to (45, 308);
cz;
move (45, 308) to (1, 0);
store (1, 0) to (0, 0);
load (35, 307), (45, 307) to (36, 307), (46, 307);
move (36, 307), (46, 307) to (4, 0), (7, 0);
store (4, 0), (7, 0) to (3, 0), (6, 0);
rz(1.5708) at (3, 0), (6, 0);
load (9, 0), (6, 0) to (10, 0), (7, 0);
move (7, 0), (10, 0) to (16, 0), (19, 0);
load (12, 0) to (13, 0);
move (19, 0), (16, 0), (13, 0) to (56, 307), (46, 307), (36, 307);
store (56, 307), (46, 307), (36, 307) to (55, 307), (45, 307), (35, 307);
load (0, 0) to (1, 0);
move (1, 0) to (7, 0);
load (3, 0) to (4, 0);
move (4, 0), (7, 0) to (35, 308), (45, 308);
cz;
move (35, 308), (45, 308) to (29, 308), (55, 308);
cz;
move (29, 308), (55, 308) to (1, 0), (4, 0);
store (1, 0), (4, 0) to (0, 0), (3, 0);
load (35, 307), (45, 307), (55, 307) to (36, 307), (46, 307), (56, 307);
move (36, 307), (46, 307), (56, 307) to (7, 0), (10, 0), (13, 0);
store (7, 0), (10, 0), (13, 0) to (6, 0), (9, 0), (12, 0);
rz(1.5708) at (0, 0), (3, 0), (9, 0), (12, 0);
load (3, 0), (0, 0) to (4, 0), (1, 0);
move (1, 0), (4, 0) to (7, 0), (13, 0);
load (9, 0) to (10, 0);
move (13, 0), (10, 0), (7, 0) to (56, 307), (46, 307), (36, 307);
store (56, 307), (46, 307), (36, 307) to (55, 307), (45, 307), (35, 307);
load (12, 0), (6, 0) to (13, 0), (7, 0);
move (7, 0), (13, 0) to (35, 308), (55, 308);
cz;
move (35, 308), (55, 308) to (45, 308), (65, 308);
cz;
move (45, 308), (65, 308) to (1, 0), (4, 0);
store (1, 0), (4, 0) to (0, 0), (3, 0);
load (35, 307), (45, 307), (55, 307) to (36, 307), (46, 307), (56, 307);
move (36, 307), (46, 307), (56, 307) to (7, 0), (10, 0), (13, 0);
store (7, 0), (10, 0), (13, 0) to (6, 0), (9, 0), (12, 0);
rz(1.5708) at (6, 0), (9, 0);
load (3, 0) to (4, 0);
move (4, 0) to (13, 0);
load (9, 0) to (10, 0);
move (10, 0), (13, 0) to (19, 0), (22, 0);
load (15, 0) to (16, 0);
move (22, 0), (19, 0), (16, 0) to (56, 307), (46, 307), (36, 307);
store (56, 307), (46, 307), (36, 307) to (55, 307), (45, 307), (35, 307);
load (0, 0) to (1, 0);
move (1, 0) to (10, 0);
load (6, 0) to (7, 0);
move (7, 0), (10, 0) to (35, 308), (45, 308);
cz;
move (35, 308), (45, 308) to (29, 308), (55, 308);
cz;
move (29, 308), (55, 308) to (1, 0), (4, 0);
store (1, 0), (4, 0) to (0, 0), (3, 0);
load (35, 307), (45, 307), (55, 307) to (36, 307), (46, 307), (56, 307);
move (36, 307), (46, 307), (56, 307) to (7, 0), (10, 0), (16, 0);
store (7, 0), (10, 0), (16, 0) to (6, 0), (9, 0), (15, 0);
rz(1.5708) at (0, 0), (9, 0), (15, 0);
load (12, 0), (9, 0), (0, 0) to (13, 0), (10, 0), (1, 0);
move (10, 0), (1, 0), (13, 0) to (13, 0), (10, 0), (19, 0);
load (15, 0) to (16, 0);
move (19, 0), (16, 0), (13, 0), (10, 0) to (66, 307), (56, 307), (46, 307), (36, 307);
store (66, 307), (56, 307), (46, 307), (36, 307) to (65, 307), (55, 307), (45, 307), (35, 307);
load (3, 0) to (4, 0);
move (4, 0) to (10, 0);
load (6, 0) to (7, 0);
move (7, 0), (10, 0) to (35, 308), (55, 308);
cz;
move (35, 308), (55, 308) to (45, 308), (65, 308);
cz;
move (45, 308), (65, 308) to (1, 0), (4, 0);
store (1, 0), (4, 0) to (0, 0), (3, 0);
load (35, 307), (45, 307), (55, 307), (65, 307) to (36, 307), (46, 307), (56, 307), (66, 307);
move (36, 307), (46, 307), (56, 307), (66, 307) to (7, 0), (10, 0), (13, 0), (16, 0);
store (7, 0), (10, 0), (13, 0), (16, 0) to (6, 0), (9, 0), (12, 0), (15, 0);
rz(1.5708) at (3, 0), (6, 0), (9, 0), (12, 0), (15, 0);
load (3, 0) to (4, 0);
move (4, 0) to (16, 0);
load (12, 0), (9, 0) to (13, 0), (10, 0);
move (10, 0), (13, 0), (16, 0) to (22, 0), (25, 0), (28, 0);
load (18, 0) to (19, 0);
move (28, 0), (25, 0), (22, 0), (19, 0) to (66, 307), (56, 307), (46, 307), (36, 307);
store (66, 307), (56, 307), (46, 307), (36, 307) to (65, 307), (55, 307), (45, 307), (35, 307);
load (15, 0), (0, 0) to (16, 0), (1, 0);
move (1, 0), (16, 0) to (10, 0), (13, 0);
load (6, 0) to (7, 0);
move (7, 0), (10, 0), (13, 0) to (35, 308), (45, 308), (65, 308);
cz;
move (35, 308), (45, 308), (65, 308) to (29, 308), (55, 308), (75, 308);
cz;
move (29, 308), (55, 308), (75, 308) to (1, 0), (4, 0), (7, 0);
store (1, 0), (4, 0), (7, 0) to (0, 0), (3, 0), (6, 0);
load (35, 307), (45, 307), (55, 307), (65, 307) to (36, 307), (46, 307), (56, 307), (66, 307);
move (36, 307), (46, 307), (56, 307), (66, 307) to (10, 0), (13, 0), (16, 0), (19, 0);
store (10, 0), (13, 0), (16, 0), (19, 0) to (9, 0), (12, 0), (15, 0), (18, 0);
rz(1.5708) at (0, 0), (12, 0), (15, 0);
load (6, 0), (0, 0) to (7, 0), (1, 0);
move (1, 0), (7, 0) to (10, 0), (19, 0);
load (15, 0), (12, 0) to (16, 0), (13, 0);
move (19, 0), (16, 0), (13, 0), (10, 0) to (66, 307), (56, 307), (46, 307), (36, 307);
store (66, 307), (56, 307), (46, 307), (36, 307) to (65, 307), (55, 307), (45, 307), (35, 307);
load (3, 0) to (4, 0);
move (4, 0) to (13, 0);
load (9, 0) to (10, 0);
move (10, 0), (13, 0) to (35, 308), (55, 308);
cz;
move (35, 308), (55, 308) to (45, 308), (65, 308);
cz;
move (45, 308), (65, 308) to (1, 0), (4, 0);
store (1, 0), (4, 0) to (0, 0), (3, 0);
load (35, 307), (45, 307), (55, 307), (65, 307) to (36, 307), (46, 307), (56, 307), (66, 307);
move (36, 307), (46, 307), (56, 307), (66, 307) to (7, 0), (10, 0), (13, 0), (16, 0);
store (7, 0), (10, 0), (13, 0), (16, 0) to (6, 0), (9, 0), (12, 0), (15, 0);
rz(1.5708) at (6, 0), (9, 0), (12, 0), (15, 0);
load (18, 0), (15, 0), (12, 0), (9, 0) to (19, 0), (16, 0), (13, 0), (10, 0);
move (10, 0), (13, 0), (16, 0), (19, 0) to (25, 0), (28, 0), (31, 0), (34, 0);
load (21, 0) to (22, 0);
move (34, 0), (31, 0), (28, 0), (25, 0), (22, 0) to (76, 307), (66, 307), (56, 307), (46, 307), (36, 307);
store (76, 307), (66, 307), (56, 307), (46, 307), (36, 307) to (75, 307), (65, 307), (55, 307), (45, 307), (35, 307);
load (3, 0), (0, 0) to (4, 0), (1, 0);
move (1, 0), (4, 0) to (10, 0), (13, 0);
load (6, 0) to (7, 0);
move (7, 0), (10, 0), (13, 0) to (35, 308), (45, 308), (65, 308);
cz;
move (35, 308), (45, 308), (65, 308) to (29, 308), (55, 308), (75, 308);
cz;
move (29, 308), (55, 308), (75, 308) to (1, 0), (4, 0), (7, 0);
store (1, 0), (4, 0), (7, 0) to (0, 0), (3, 0), (6, 0);
load (35, 307), (45, 307), (55, 307), (65, 307), (75, 307) to (36, 307), (46, 307), (56, 307), (66, 307), (76, 307);
move (36, 307), (46, 307), (56, 307), (66, 307), (76, 307) to (10, 0), (13, 0), (16, 0), (19, 0), (22, 0);
store (10, 0), (13, 0), (16, 0), (19, 0), (22, 0) to (9, 0), (12, 0), (15, 0), (18, 0), (21, 0);
rz(1.5708) at (0, 0), (6, 0), (12, 0), (15, 0), (18, 0), (21, 0);
load (18, 0), (15, 0), (6, 0), (0, 0) to (19, 0), (16, 0), (7, 0), (1, 0);
move (1, 0), (7, 0), (16, 0), (19, 0) to (10, 0), (16, 0), (19, 0), (22, 0);
load (12, 0) to (13, 0);
move (22, 0), (19, 0), (16, 0), (13, 0), (10, 0) to (86, 307), (76, 307), (66, 307), (46, 307), (36, 307);
store (86, 307), (76, 307), (66, 307), (46, 307), (36, 307) to (85, 307), (75, 307), (65, 307), (45, 307), (35, 307);
load (3, 0) to (4, 0);
move (4, 0) to (25, 0);
load (21, 0), (9, 0) to (22, 0), (10, 0);
move (10, 0), (22, 0), (25, 0) to (35, 308), (65, 308), (75, 308);
cz;
move (35, 308), (65, 308), (75, 308) to (45, 308), (55, 308), (85, 308);
cz;
move (45, 308), (55, 308), (85, 308) to (1, 0), (4, 0), (7, 0);
store (1, 0), (4, 0), (7, 0) to (0, 0), (3, 0), (6, 0);
load (35, 307), (45, 307), (65, 307), (75, 307), (85, 307) to (36, 307), (46, 307), (66, 307), (76, 307), (86, 307);
move (36, 307), (46, 307), (66, 307), (76, 307), (86, 307) to (10, 0), (13, 0), (16, 0), (19, 0), (22, 0);
store (10, 0), (13, 0), (16, 0), (19, 0), (22, 0) to (9, 0), (12, 0), (15, 0), (18, 0), (21, 0);
rz(1.5708) at (9, 0), (12, 0), (18, 0), (21, 0);
load (3, 0) to (4, 0);
move (4, 0) to (25, 0);
load (21, 0), (18, 0), (12, 0) to (22, 0), (19, 0), (13, 0);
move (13, 0), (19, 0), (22, 0), (25, 0) to (28, 0), (31, 0), (34, 0), (37, 0);
load (24, 0) to (25, 0);
move (37, 0), (34, 0), (31, 0), (28, 0), (25, 0) to (76, 307), (66, 307), (56, 307), (46, 307), (36, 307);
store (76, 307), (66, 307), (56, 307), (46, 307), (36, 307) to (75, 307), (65, 307), (55, 307), (45, 307), (35, 307);
load (6, 0), (0, 0) to (7, 0), (1, 0);
move (1, 0), (7, 0) to (13, 0), (16, 0);
load (9, 0) to (10, 0);
move (10, 0), (13, 0), (16, 0) to (35, 308), (45, 308), (65, 308);
cz;
move (35, 308), (45, 308), (65, 308) to (29, 308), (55, 308), (75, 308);
cz;
move (29, 308), (55, 308), (75, 308) to (1, 0), (4, 0), (7, 0);
store (1, 0), (4, 0), (7, 0) to (0, 0), (3, 0), (6, 0);
load (35, 307), (45, 307), (55, 307), (65, 307), (75, 307) to (36, 307), (46, 307), (56, 307), (66, 307), (76, 307);
move (36, 307), (46, 307), (56, 307), (66, 307), (76, 307) to (10, 0), (13, 0), (19, 0), (22, 0), (25, 0);
store (10, 0), (13, 0), (19, 0), (22, 0), (25, 0) to (9, 0), (12, 0), (18, 0), (21, 0), (24, 0);
rz(1.5708) at (0, 0), (12, 0), (18, 0), (21, 0), (24, 0);
load (15, 0), (12, 0), (0, 0) to (16, 0), (13, 0), (1, 0);
move (13, 0), (1, 0), (16, 0) to (16, 0), (13, 0), (28, 0);
load (24, 0), (21, 0), (18, 0) to (25, 0), (22, 0), (19, 0);
move (28, 0), (25, 0), (22, 0), (19, 0), (16, 0), (13, 0) to (86, 307), (76, 307), (66, 307), (56, 307), (46, 307), (36, 307);
store (86, 307), (76, 307), (66, 307), (56, 307), (46, 307), (36, 307) to (85, 307), (75, 307), (65, 307), (55, 307), (45, 307), (35, 307);
load (6, 0), (3, 0) to (7, 0), (4, 0);
move (4, 0), (7, 0) to (13, 0), (16, 0);
load (9, 0) to (10, 0);
move (10, 0), (13, 0), (16, 0) to (35, 308), (55, 308), (75, 308);
cz;
move (35, 308), (55, 308), (75, 308) to (45, 308), (65, 308), (85, 308);
cz;
move (45, 308), (65, 308), (85, 308) to (1, 0), (4, 0), (7, 0);
store (1, 0), (4, 0), (7, 0) to (0, 0), (3, 0), (6, 0);
load (35, 307), (45, 307), (55, 307), (65, 307), (75, 307), (85, 307) to (36, 307), (46, 307), (56, 307), (66, 307), (76, 307), (86, 307);
move (36, 307), (46, 307), (56, 307), (66, 307), (76, 307), (86, 307) to (10, 0), (13, 0), (16, 0), (19, 0), (22, 0), (25, 0);
store (10, 0), (13, 0), (16, 0), (19, 0), (22, 0), (25, 0) to (9, 0), (12, 0), (15, 0), (18, 0), (21, 0), (24, 0);
rz(1.5708) at (6, 0), (9, 0), (12, 0), (15, 0), (18, 0), (21, 0), (24, 0);
load (6, 0) to (7, 0);
move (7, 0) to (25, 0);
load (21, 0), (18, 0), (15, 0), (12, 0) to (22, 0), (19, 0), (16, 0), (13, 0);
move (13, 0), (16, 0), (19, 0), (22, 0), (25, 0) to (31, 0), (34, 0), (37, 0), (40, 0), (43, 0);
load (27, 0) to (28, 0);
move (43, 0), (40, 0), (37, 0), (34, 0), (31, 0), (28, 0) to (86, 307), (76, 307), (66, 307), (56, 307), (46, 307), (36, 307);
store (86, 307), (76, 307), (66, 307), (56, 307), (46, 307), (36, 307) to (85, 307), (75, 307), (65, 307), (55, 307), (45, 307), (35, 307);
load (24, 0), (3, 0), (0, 0) to (25, 0), (4, 0), (1, 0);
move (1, 0), (4, 0), (25, 0) to (13, 0), (16, 0), (19, 0);
load (9, 0) to (10, 0);
move (10, 0), (13, 0), (16, 0), (19, 0) to (35, 308), (45, 308), (65, 308), (85, 308);
cz;
move (35, 308), (45, 308), (65, 308), (85, 308) to (29, 308), (55, 308), (75, 308), (95, 308);
cz;
move (29, 308), (55, 308), (75, 308), (95, 308) to (1, 0), (4, 0), (7, 0), (10, 0);
store (1, 0), (4, 0), (7, 0), (10, 0) to (0, 0), (3, 0), (6, 0), (9, 0);
load (35, 307), (45, 307), (55, 307), (65, 307), (75, 307), (85, 307) to (36, 307), (46, 307), (56, 307), (66, 307), (76, 307), (86, 307);
move (36, 307), (46, 307), (56, 307), (66, 307), (76, 307), (86, 307) to (13, 0), (16, 0), (19, 0), (22, 0), (25, 0), (28, 0);
store (13, 0), (16, 0), (19, 0), (22, 0), (25, 0), (28, 0) to (12, 0), (15, 0), (18, 0), (21, 0), (24, 0), (27, 0);
rz(1.5708) at (0, 0), (15, 0), (18, 0), (21, 0), (24, 0);
load (9, 0), (0, 0) to (10, 0), (1, 0);
move (1, 0), (10, 0) to (13, 0), (28, 0);
load (24, 0), (21, 0), (18, 0), (15, 0) to (25, 0), (22, 0), (19, 0), (16, 0);
move (28, 0), (25, 0), (22, 0), (19, 0), (16, 0), (13, 0) to (86, 307), (76, 307), (66, 307), (56, 307), (46, 307), (36, 307);
store (86, 307), (76, 307), (66, 307), (56, 307), (46, 307), (36, 307) to (85, 307), (75, 307), (65, 307), (55, 307), (45, 307), (35, 307);
load (6, 0), (3, 0) to (7, 0), (4, 0);
move (4, 0), (7, 0) to (16, 0), (19, 0);
load (12, 0) to (13, 0);
move (13, 0), (16, 0), (19, 0) to (35, 308), (55, 308), (75, 308);
cz;
move (35, 308), (55, 308), (75, 308) to (45, 308), (65, 308), (85, 308);
cz;
move (45, 308), (65, 308), (85, 308) to (1, 0), (4, 0), (7, 0);
store (1, 0), (4, 0), (7, 0) to (0, 0), (3, 0), (6, 0);
load (35, 307), (45, 307), (55, 307), (65, 307), (75, 307), (85, 307) to (36, 307), (46, 307), (56, 307), (66, 307), (76, 307), (86, 307);
move (36, 307), (46, 307), (56, 307), (66, 307), (76, 307), (86, 307) to (10, 0), (13, 0), (16, 0), (19, 0), (22, 0), (25, 0);
store (10, 0), (13, 0), (16, 0), (19, 0), (22, 0), (25, 0) to (9, 0), (12, 0), (15, 0), (18, 0), (21, 0), (24, 0);
rz(1.5708) at (9, 0), (12, 0), (15, 0), (18, 0), (21, 0), (24, 0);
load (27, 0), (24, 0), (21, 0), (18, 0), (15, 0), (12, 0) to (28, 0), (25, 0), (22, 0), (19, 0), (16, 0), (13, 0);
move (13, 0), (16, 0), (19, 0), (22, 0), (25, 0), (28, 0) to (34, 0), (37, 0), (40, 0), (43, 0), (46, 0), (49, 0);
load (30, 0) to (31, 0);
move (49, 0), (46, 0), (43, 0), (40, 0), (37, 0), (34, 0), (31, 0) to (96, 307), (86, 307), (76, 307), (66, 307), (56, 307), (46, 307), (36, 307);
store (96, 307), (86, 307), (76, 307), (66, 307), (56, 307), (46, 307), (36, 307) to (95, 307), (85, 307), (75, 307), (65, 307), (55, 307), (45, 307), (35, 307);
load (6, 0), (3, 0), (0, 0) to (7, 0), (4, 0), (1, 0);
move (1, 0), (4, 0), (7, 0) to (13, 0), (16, 0), (19, 0);
load (9, 0) to (10, 0);
move (10, 0), (13, 0), (16, 0), (19, 0) to (35, 308), (45, 308), (65, 308), (85, 308);
cz;
move (35, 308), (45, 308), (65, 308), (85, 308) to (29, 308), (55, 308), (75, 308), (95, 308);
cz;
move (29, 308), (55, 308), (75, 308), (95, 308) to (1, 0), (4, 0), (7, 0), (10, 0);
store (1, 0), (4, 0), (7, 0), (10, 0) to (0, 0), (3, 0), (6, 0), (9, 0);
load (35, 307), (45, 307), (55, 307), (65, 307), (75, 307), (85, 307), (95, 307) to (36, 307), (46, 307), (56, 307), (66, 307), (76, 307), (86, 307), (96, 307);
move (36, 307), (46, 307), (56, 307), (66, 307), (76, 307), (86, 307), (96, 307) to (13, 0), (16, 0), (19, 0), (22, 0), (25, 0), (28, 0), (31, 0);
store (13, 0), (16, 0), (19, 0), (22, 0), (25, 0), (28, 0), (31, 0) to (12, 0), (15, 0), (18, 0), (21, 0), (24, 0), (27, 0), (30, 0);
rz(1.5708) at (0, 0), (9, 0), (15, 0), (18, 0), (21, 0), (24, 0), (27, 0), (30, 0);
load (9, 0), (0, 0) to (10, 0), (1, 0);
move (1, 0), (10, 0) to (13, 0), (31, 0);
load (27, 0), (24, 0), (21, 0), (18, 0), (15, 0) to (28, 0), (25, 0), (22, 0), (19, 0), (16, 0);
move (31, 0), (28, 0), (25, 0), (22, 0), (19, 0), (16, 0), (13, 0) to (96, 307), (86, 307), (76, 307), (66, 307), (56, 307), (46, 307), (36, 307);
store (96, 307), (86, 307), (76, 307), (66, 307), (56, 307), (46, 307), (36, 307) to (95, 307), (85, 307), (75, 307), (65, 307), (55, 307), (45, 307), (35, 307);
load (30, 0), (6, 0), (3, 0) to (31, 0), (7, 0), (4, 0);
move (4, 0), (7, 0), (31, 0) to (16, 0), (19, 0), (22, 0);
load (12, 0) to (13, 0);
move (13, 0), (16, 0), (19, 0), (22, 0) to (35, 308), (55, 308), (75, 308), (95, 308);
cz;
move (35, 308), (55, 308), (75, 308), (95, 308) to (45, 308), (65, 308), (85, 308), (105, 308);
cz;
move (45, 308), (65, 308), (85, 308), (105, 308) to (1, 0), (4, 0), (7, 0), (10, 0);
store (1, 0), (4, 0), (7, 0), (10, 0) to (0, 0), (3, 0), (6, 0), (9, 0);
load (35, 307), (45, 307), (55, 307), (65, 307), (75, 307), (85, 307), (95, 307) to (36, 307), (46, 307), (56, 307), (66, 307), (76, 307), (86, 307), (96, 307);
move (36, 307), (46, 307), (56, 307), (66, 307), (76, 307), (86, 307), (96, 307) to (13, 0), (16, 0), (19, 0), (22, 0), (25, 0), (28, 0), (31, 0);
store (13, 0), (16, 0), (19, 0), (22, 0), (25, 0), (28, 0), (31, 0) to (12, 0), (15, 0), (18, 0), (21, 0), (24, 0), (27, 0), (30, 0);
rz(1.5708) at (12, 0), (15, 0), (18, 0), (21, 0), (24, 0), (27, 0);
load (9, 0) to (10, 0);
move (10, 0) to (28, 0);
load (24, 0), (21, 0), (18, 0), (15, 0) to (25, 0), (22, 0), (19, 0), (16, 0);
move (22, 0), (19, 0), (16, 0), (25, 0), (28, 0) to (25, 0), (22, 0), (19, 0), (31, 0), (34, 0);
load (27, 0) to (28, 0);
move (19, 0), (22, 0), (25, 0), (28, 0), (31, 0), (34, 0) to (37, 0), (40, 0), (43, 0), (46, 0), (49, 0), (52, 0);
load (33, 0) to (34, 0);
move (52, 0), (49, 0), (46, 0), (43, 0), (40, 0), (37, 0), (34, 0) to (96, 307), (86, 307), (76, 307), (66, 307), (56, 307), (46, 307), (36, 307);
store (96, 307), (86, 307), (76, 307), (66, 307), (56, 307), (46, 307), (36, 307) to (95, 307), (85, 307), (75, 307), (65, 307), (55, 307), (45, 307), (35, 307);
load (6, 0), (3, 0), (0, 0) to (7, 0), (4, 0), (1, 0);
move (1, 0), (4, 0), (7, 0) to (16, 0), (19, 0), (22, 0);
load (12, 0) to (13, 0);
move (13, 0), (16, 0), (19, 0), (22, 0) to (35, 308), (45, 308), (65, 308), (75, 308);
cz;
move (35, 308), (45, 308), (65, 308), (75, 308) to (29, 308), (55, 308), (85, 308), (95, 308);
cz;
move (29, 308), (55, 308), (85, 308), (95, 308) to (1, 0), (4, 0), (7, 0), (10, 0);
store (1, 0), (4, 0), (7, 0), (10, 0) to (0, 0), (3, 0), (6, 0), (9, 0);
load (35, 307), (45, 307), (55, 307), (65, 307), (75, 307), (85, 307), (95, 307) to (36, 307), (46, 307), (56, 307), (66, 307), (76, 307), (86, 307), (96, 307);
move (36, 307), (46, 307), (56, 307), (66, 307), (76, 307), (86, 307), (96, 307) to (13, 0), (16, 0), (19, 0), (22, 0), (25, 0), (28, 0), (34, 0);
store (13, 0), (16, 0), (19, 0), (22, 0), (25, 0), (28, 0), (34, 0) to (12, 0), (15, 0), (18, 0), (21, 0), (24, 0), (27, 0), (33, 0);
rz(1.5708) at (0, 0), (15, 0), (18, 0), (21, 0), (24, 0), (27, 0), (33, 0);
load (30, 0), (24, 0), (21, 0), (18, 0), (15, 0), (0, 0) to (31, 0), (25, 0), (22, 0), (19, 0), (16, 0), (1, 0);
move (22, 0), (19, 0), (16, 0), (1, 0), (25, 0), (31, 0) to (25, 0), (22, 0), (19, 0), (16, 0), (37, 0), (40, 0);
load (33, 0), (27, 0) to (34, 0), (28, 0);
move (40, 0), (37, 0), (34, 0), (28, 0), (25, 0), (22, 0), (19, 0), (16, 0) to (106, 307), (96, 307), (86, 307), (76, 307), (66, 307), (56, 307), (46, 307), (36, 307);
store (106, 307), (96, 307), (86, 307), (76, 307), (66, 307), (56, 307), (46, 307), (36, 307) to (105, 307), (95, 307), (85, 307), (75, 307), (65, 307), (55, 307), (45, 307), (35, 307);
load (9, 0), (6, 0), (3, 0) to (10, 0), (7, 0), (4, 0);
move (4, 0), (7, 0), (10, 0) to (16, 0), (19, 0), (22, 0);
load (12, 0) to (13, 0);
move (13, 0), (16, 0), (19, 0), (22, 0) to (35, 308), (55, 308), (75, 308), (85, 308);
cz;
move (35, 308), (55, 308), (75, 308), (85, 308) to (45, 308), (65, 308), (95, 308), (105, 308);
cz;
move (45, 308), (65, 308), (95, 308), (105, 308) to (1, 0), (4, 0), (7, 0), (10, 0);
store (1, 0), (4, 0), (7, 0), (10, 0) to (0, 0), (3, 0), (6, 0), (9, 0);
load (35, 307), (45, 307), (55, 307), (65, 307), (75, 307), (85, 307), (95, 307), (105, 307) to (36, 307), (46, 307), (56, 307), (66, 307), (76, 307), (86, 307), (96, 307), (106, 307);
move (36, 307), (46, 307), (56, 307), (66, 307), (76, 307), (86, 307), (96, 307), (106, 307) to (13, 0), (16, 0), (19, 0), (22, 0), (25, 0), (28, 0), (31, 0), (34, 0);
store (13, 0), (16, 0), (19, 0), (22, 0), (25, 0), (28, 0), (31, 0), (34, 0) to (12, 0), (15, 0), (18, 0), (21, 0), (24, 0), (27, 0), (30, 0), (33, 0);
rz(1.5708) at (9, 0), (12, 0), (15, 0), (18, 0), (21, 0), (24, 0), (27, 0), (30, 0), (33, 0);
load (27, 0), (24, 0), (21, 0), (18, 0), (15, 0), (9, 0) to (28, 0), (25, 0), (22, 0), (19, 0), (16, 0), (10, 0);
move (25, 0), (22, 0), (19, 0), (16, 0), (10, 0), (28, 0) to (28, 0), (25, 0), (22, 0), (19, 0), (16, 0), (34, 0);
load (30, 0) to (31, 0);
move (16, 0), (19, 0), (22, 0), (25, 0), (28, 0), (31, 0), (34, 0) to (40, 0), (43, 0), (46, 0), (49, 0), (52, 0), (55, 0), (58, 0);
load (36, 0) to (37, 0);
move (58, 0), (55, 0), (52, 0), (49, 0), (46, 0), (43, 0), (40, 0), (37, 0) to (106, 307), (96, 307), (86, 307), (76, 307), (66, 307), (56, 307), (46, 307), (36, 307);
store (106, 307), (96, 307), (86, 307), (76, 307), (66, 307), (56, 307), (46, 307), (36, 307) to (105, 307), (95, 307), (85, 307), (75, 307), (65, 307), (55, 307), (45, 307), (35, 307);
load (6, 0), (3, 0), (0, 0) to (7, 0), (4, 0), (1, 0);
move (1, 0), (4, 0), (7, 0) to (37, 0), (40, 0), (43, 0);
load (33, 0), (12, 0) to (34, 0), (13, 0);
move (13, 0), (34, 0), (37, 0), (40, 0), (43, 0) to (35, 308), (45, 308), (55, 308), (75, 308), (95, 308);
cz;
move (35, 308), (45, 308), (55, 308), (75, 308), (95, 308) to (24, 308), (29, 308), (65, 308), (85, 308), (105, 308);
cz;
move (24, 308), (29, 308), (65, 308), (85, 308), (105, 308) to (1, 0), (4, 0), (7, 0), (10, 0), (13, 0);
store (1, 0), (4, 0), (7, 0), (10, 0), (13, 0) to (0, 0), (3, 0), (6, 0), (9, 0), (12, 0);
load (35, 307), (45, 307), (55, 307), (65, 307), (75, 307), (85, 307), (95, 307), (105, 307) to (36, 307), (46, 307), (56, 307), (66, 307), (76, 307), (86, 307), (96, 307), (106, 307);
move (36, 307), (46, 307), (56, 307), (66, 307), (76, 307), (86, 307), (96, 307), (106, 307) to (16, 0), (19, 0), (22, 0), (25, 0), (28, 0), (31, 0), (34, 0), (37, 0);
store (16, 0), (19, 0), (22, 0), (25, 0), (28, 0), (31, 0), (34, 0), (37, 0) to (15, 0), (18, 0), (21, 0), (24, 0), (27, 0), (30, 0), (33, 0), (36, 0);
rz(1.5708) at (0, 0), (21, 0), (24, 0), (27, 0), (30, 0), (33, 0), (36, 0);
load (3, 0), (0, 0) to (4, 0), (1, 0);
move (1, 0), (4, 0) to (19, 0), (40, 0);
load (36, 0), (33, 0), (30, 0), (27, 0), (24, 0), (21, 0) to (37, 0), (34, 0), (31, 0), (28, 0), (25, 0), (22, 0);
move (40, 0), (37, 0), (34, 0), (31, 0), (28, 0), (25, 0), (22, 0), (19, 0) to (106, 307), (96, 307), (86, 307), (76, 307), (66, 307), (56, 307), (46, 307), (36, 307);
store (106, 307), (96, 307), (86, 307), (76, 307), (66, 307), (56, 307), (46, 307), (36, 307) to (105, 307), (95, 307), (85, 307), (75, 307), (65, 307), (55, 307), (45, 307), (35, 307);
load (12, 0), (9, 0), (6, 0) to (13, 0), (10, 0), (7, 0);
move (7, 0), (10, 0), (13, 0) to (19, 0), (22, 0), (25, 0);
load (15, 0) to (16, 0);
move (16, 0), (19, 0), (22, 0), (25, 0) to (35, 308), (55, 308), (75, 308), (95, 308);
cz;
move (35, 308), (55, 308), (75, 308), (95, 308) to (45, 308), (65, 308), (85, 308), (105, 308);
cz;
move (45, 308), (65, 308), (85, 308), (105, 308) to (1, 0), (4, 0), (7, 0), (10, 0);
store (1, 0), (4, 0), (7, 0), (10, 0) to (0, 0), (3, 0), (6, 0), (9, 0);
load (35, 307), (45, 307), (55, 307), (65, 307), (75, 307), (85, 307), (95, 307), (105, 307) to (36, 307), (46, 307), (56, 307), (66, 307), (76, 307), (86, 307), (96, 307), (106, 307);
move (36, 307), (46, 307), (56, 307), (66, 307), (76, 307), (86, 307), (96, 307), (106, 307) to (13, 0), (16, 0), (22, 0), (25, 0), (28, 0), (31, 0), (34, 0), (37, 0);
store (13, 0), (16, 0), (22, 0), (25, 0), (28, 0), (31, 0), (34, 0), (37, 0) to (12, 0), (15, 0), (21, 0), (24, 0), (27, 0), (30, 0), (33, 0), (36, 0);
rz(1.5708) at (12, 0), (15, 0), (21, 0), (24, 0), (27, 0), (30, 0), (33, 0), (36, 0);
load (18, 0), (15, 0), (39, 0) to (19, 0), (16, 0), (40, 0);
move (16, 0), (19, 0), (40, 0) to (19, 0), (40, 0), (43, 0);
load (36, 0), (33, 0), (30, 0), (27, 0), (24, 0), (21, 0) to (37, 0), (34, 0), (31, 0), (28, 0), (25, 0), (22, 0);
move (43, 0), (40, 0), (37, 0), (34, 0), (31, 0), (28, 0), (25, 0), (22, 0), (19, 0) to (116, 307), (106, 307), (96, 307), (86, 307), (76, 307), (66, 307), (56, 307), (46, 307), (36, 307);
store (116, 307), (106, 307), (96, 307), (86, 307), (76, 307), (66, 307), (56, 307), (46, 307), (36, 307) to (115, 307), (105, 307), (95, 307), (85, 307), (75, 307), (65, 307), (55, 307), (45, 307), (35, 307);
load (12, 0), (9, 0), (6, 0), (3, 0), (0, 0) to (13, 0), (10, 0), (7, 0), (4, 0), (1, 0);
move (1, 0), (4, 0), (7, 0), (10, 0), (13, 0) to (35, 308), (55, 308), (75, 308), (95, 308), (115, 308);
cz;
move (35, 308), (55, 308), (75, 308), (95, 308), (115, 308) to (45, 308), (65, 308), (85, 308), (105, 308), (125, 308);
cz;
move (45, 308), (65, 308), (85, 308), (105, 308), (125, 308) to (1, 0), (4, 0), (7, 0), (10, 0), (13, 0);
store (1, 0), (4, 0), (7, 0), (10, 0), (13, 0) to (0, 0), (3, 0), (6, 0), (9, 0), (12, 0);
load (35, 307), (45, 307), (55, 307), (65, 307), (75, 307), (85, 307), (95, 307), (105, 307), (115, 307) to (36, 307), (46, 307), (56, 307), (66, 307), (76, 307), (86, 307), (96, 307), (106, 307), (116, 307);
move (36, 307), (46, 307), (56, 307), (66, 307), (76, 307), (86, 307), (96, 307), (106, 307), (116, 307) to (16, 0), (19, 0), (22, 0), (25, 0), (28, 0), (31, 0), (34, 0), (37, 0), (40, 0);
store (16, 0), (19, 0), (22, 0), (25, 0), (28, 0), (31, 0), (34, 0), (37, 0), (40, 0) to (15, 0), (18, 0), (21, 0), (24, 0), (27, 0), (30, 0), (33, 0), (36, 0), (39, 0);
rz(1.5708) at (9, 0), (12, 0), (15, 0), (18, 0), (21, 0), (24, 0), (27, 0), (30, 0), (33, 0), (36, 0);
load (15, 0), (12, 0), (9, 0) to (16, 0), (13, 0), (10, 0);
move (10, 0), (13, 0), (16, 0) to (37, 0), (40, 0), (43, 0);
load (33, 0), (30, 0), (27, 0), (24, 0), (21, 0), (18, 0) to (34, 0), (31, 0), (28, 0), (25, 0), (22, 0), (19, 0);
move (43, 0), (40, 0), (37, 0), (34, 0), (31, 0), (28, 0), (25, 0), (22, 0), (19, 0) to (126, 307), (116, 307), (106, 307), (86, 307), (76, 307), (66, 307), (56, 307), (46, 307), (36, 307);
store (126, 307), (116, 307), (106, 307), (86, 307), (76, 307), (66, 307), (56, 307), (46, 307), (36, 307) to (125, 307), (115, 307), (105, 307), (85, 307), (75, 307), (65, 307), (55, 307), (45, 307), (35, 307);
load (39, 0), (36, 0), (6, 0), (3, 0), (0, 0) to (40, 0), (37, 0), (7, 0), (4, 0), (1, 0);
move (1, 0), (4, 0), (7, 0), (37, 0), (40, 0) to (35, 308), (55, 308), (75, 308), (105, 308), (115, 308);
cz;
move (35, 308), (55, 308), (75, 308), (105, 308), (115, 308) to (45, 308), (65, 308), (85, 308), (95, 308), (125, 308);
cz;
move (45, 308), (65, 308), (85, 308), (95, 308), (125, 308) to (1, 0), (4, 0), (7, 0), (10, 0), (13, 0);
store (1, 0), (4, 0), (7, 0), (10, 0), (13, 0) to (0, 0), (3, 0), (6, 0), (9, 0), (12, 0);
load (35, 307), (45, 307), (55, 307), (65, 307), (75, 307), (85, 307), (105, 307), (115, 307), (125, 307) to (36, 307), (46, 307), (56, 307), (66, 307), (76, 307), (86, 307), (106, 307), (116, 307), (126, 307);
move (36, 307), (46, 307), (56, 307), (66, 307), (76, 307), (86, 307), (106, 307), (116, 307), (126, 307) to (16, 0), (19, 0), (22, 0), (25, 0), (28, 0), (31, 0), (34, 0), (37, 0), (40, 0);
store (16, 0), (19, 0), (22, 0), (25, 0), (28, 0), (31, 0), (34, 0), (37, 0), (40, 0) to (15, 0), (18, 0), (21, 0), (24, 0), (27, 0), (30, 0), (33, 0), (36, 0), (39, 0);
rz(1.5708) at (15, 0), (18, 0), (21, 0), (24, 0), (27, 0), (30, 0), (36, 0), (39, 0);
load (9, 0) to (10, 0);
move (10, 0) to (19, 0);
load (15, 0) to (16, 0);
move (16, 0), (19, 0) to (31, 0), (34, 0);
load (27, 0), (24, 0), (21, 0), (18, 0) to (28, 0), (25, 0), (22, 0), (19, 0);
move (25, 0), (22, 0), (19, 0), (28, 0), (31, 0), (34, 0) to (28, 0), (25, 0), (22, 0), (34, 0), (37, 0), (40, 0);
load (30, 0) to (31, 0);
move (28, 0), (25, 0), (22, 0), (31, 0), (34, 0), (37, 0), (40, 0) to (34, 0), (31, 0), (28, 0), (43, 0), (46, 0), (49, 0), (52, 0);
load (39, 0), (36, 0) to (40, 0), (37, 0);
move (52, 0), (49, 0), (46, 0), (43, 0), (40, 0), (37, 0), (34, 0), (31, 0), (28, 0) to (126, 307), (116, 307), (96, 307), (86, 307), (76, 307), (66, 307), (56, 307), (46, 307), (36, 307);
store (126, 307), (116, 307), (96, 307), (86, 307), (76, 307), (66, 307), (56, 307), (46, 307), (36, 307) to (125, 307), (115, 307), (95, 307), (85, 307), (75, 307), (65, 307), (55, 307), (45, 307), (35, 307);
load (6, 0), (3, 0), (0, 0) to (7, 0), (4, 0), (1, 0);
move (4, 0), (1, 0), (7, 0) to (10, 0), (7, 0), (16, 0);
load (12, 0) to (13, 0);
move (10, 0), (7, 0), (13, 0), (16, 0) to (40, 0), (37, 0), (46, 0), (49, 0);
load (42, 0) to (43, 0);
move (37, 0), (40, 0), (43, 0), (46, 0), (49, 0) to (35, 308), (55, 308), (65, 308), (75, 308), (85, 308);
cz;
move (35, 308), (55, 308), (65, 308), (75, 308), (85, 308) to (45, 308), (95, 308), (105, 308), (115, 308), (125, 308);
cz;
move (45, 308), (95, 308), (105, 308), (115, 308), (125, 308) to (1, 0), (4, 0), (7, 0), (10, 0), (13, 0);
store (1, 0), (4, 0), (7, 0), (10, 0), (13, 0) to (0, 0), (3, 0), (6, 0), (9, 0), (12, 0);
load (35, 307), (45, 307), (55, 307), (65, 307), (75, 307), (85, 307), (95, 307), (115, 307), (125, 307) to (36, 307), (46, 307), (56, 307), (66, 307), (76, 307), (86, 307), (96, 307), (116, 307), (126, 307);
move (36, 307), (46, 307), (56, 307), (66, 307), (76, 307), (86, 307), (96, 307), (116, 307), (126, 307) to (16, 0), (19, 0), (22, 0), (25, 0), (28, 0), (31, 0), (37, 0), (40, 0), (43, 0);
store (16, 0), (19, 0), (22, 0), (25, 0), (28, 0), (31, 0), (37, 0), (40, 0), (43, 0) to (15, 0), (18, 0), (21, 0), (24, 0), (27, 0), (30, 0), (36, 0), (39, 0), (42, 0);
rz(1.5708) at (15, 0), (18, 0), (21, 0), (24, 0), (27, 0), (30, 0), (36, 0), (39, 0), (42, 0);
load (27, 0), (24, 0), (15, 0) to (28, 0), (25, 0), (16, 0);
move (25, 0), (16, 0), (28, 0) to (31, 0), (28, 0), (37, 0);
load (33, 0), (21, 0), (18, 0) to (34, 0), (22, 0), (19, 0);
move (28, 0), (22, 0), (19, 0), (31, 0), (34, 0), (37, 0) to (40, 0), (28, 0), (25, 0), (46, 0), (49, 0), (52, 0);
load (42, 0), (30, 0) to (43, 0), (31, 0);
move (31, 0), (28, 0), (25, 0), (40, 0), (43, 0), (46, 0), (49, 0), (52, 0) to (37, 0), (34, 0), (31, 0), (43, 0), (46, 0), (49, 0), (52, 0), (55, 0);
load (39, 0) to (40, 0);
move (34, 0), (31, 0), (37, 0), (40, 0), (43, 0), (46, 0), (49, 0), (52, 0), (55, 0) to (34, 0), (31, 0), (40, 0), (43, 0), (46, 0), (49, 0), (52, 0), (55, 0), (58, 0);
load (36, 0) to (37, 0);
move (58, 0), (55, 0), (52, 0), (49, 0), (46, 0), (43, 0), (40, 0), (37, 0), (34, 0), (31, 0) to (126, 307), (116, 307), (106, 307), (96, 307), (86, 307), (76, 307), (66, 307), (56, 307), (46, 307), (36, 307);
store (126, 307), (116, 307), (106, 307), (96, 307), (86, 307), (76, 307), (66, 307), (56, 307), (46, 307), (36, 307) to (125, 307), (115, 307), (105, 307), (95, 307), (85, 307), (75, 307), (65, 307), (55, 307), (45, 307), (35, 307);
load (6, 0), (3, 0), (0, 0) to (7, 0), (4, 0), (1, 0);
move (4, 0), (1, 0), (7, 0) to (7, 0), (4, 0), (16, 0);
load (12, 0), (9, 0) to (13, 0), (10, 0);
move (4, 0), (7, 0), (10, 0), (13, 0), (16, 0) to (35, 308), (55, 308), (75, 308), (95, 308), (105, 308);
cz;
move (35, 308), (55, 308), (75, 308), (95, 308), (105, 308) to (45, 308), (65, 308), (85, 308), (115, 308), (125, 308);
cz;
move (45, 308), (65, 308), (85, 308), (115, 308), (125, 308) to (1, 0), (4, 0), (7, 0), (10, 0), (13, 0);
store (1, 0), (4, 0), (7, 0), (10, 0), (13, 0) to (0, 0), (3, 0), (6, 0), (9, 0), (12, 0);
load (35, 307), (45, 307), (55, 307), (65, 307), (75, 307), (85, 307), (95, 307), (105, 307), (115, 307), (125, 307) to (36, 307), (46, 307), (56, 307), (66, 307), (76, 307), (86, 307), (96, 307), (106, 307), (116, 307), (126, 307);
move (36, 307), (46, 307), (56, 307), (66, 307), (76, 307), (86, 307), (96, 307), (106, 307), (116, 307), (126, 307) to (16, 0), (19, 0), (22, 0), (25, 0), (28, 0), (31, 0), (34, 0), (37, 0), (40, 0), (43, 0);
store (16, 0), (19, 0), (22, 0), (25, 0), (28, 0), (31, 0), (34, 0), (37, 0), (40, 0), (43, 0) to (15, 0), (18, 0), (21, 0), (24, 0), (27, 0), (30, 0), (33, 0), (36, 0), (39, 0), (42, 0);
rz(1.5708) at (9, 0), (15, 0), (18, 0), (21, 0), (24, 0), (27, 0), (30, 0), (33, 0), (36, 0), (39, 0), (42, 0);
load (27, 0), (9, 0) to (28, 0), (10, 0);
move (10, 0), (28, 0) to (34, 0), (46, 0);
load (42, 0), (36, 0), (15, 0) to (43, 0), (37, 0), (16, 0);
move (16, 0), (34, 0), (37, 0), (43, 0), (46, 0) to (34, 0), (37, 0), (40, 0), (43, 0), (46, 0);
load (30, 0), (24, 0), (21, 0), (18, 0) to (31, 0), (25, 0), (22, 0), (19, 0);
move (25, 0), (22, 0), (19, 0), (31, 0), (34, 0), (37, 0), (40, 0), (43, 0), (46, 0) to (31, 0), (28, 0), (25, 0), (37, 0), (40, 0), (43, 0), (46, 0), (49, 0), (52, 0);
load (33, 0) to (34, 0);
move (52, 0), (49, 0), (46, 0), (43, 0), (40, 0), (37, 0), (34, 0), (31, 0), (28, 0), (25, 0) to (146, 307), (136, 307), (126, 307), (116, 307), (86, 307), (76, 307), (66, 307), (56, 307), (46, 307), (36, 307);
store (146, 307), (136, 307), (126, 307), (116, 307), (86, 307), (76, 307), (66, 307), (56, 307), (46, 307), (36, 307) to (145, 307), (135, 307), (125, 307), (115, 307), (85, 307), (75, 307), (65, 307), (55, 307), (45, 307), (35, 307);
load (12, 0), (6, 0), (3, 0), (0, 0) to (13, 0), (7, 0), (4, 0), (1, 0);
move (7, 0), (4, 0), (1, 0), (13, 0) to (37, 0), (34, 0), (31, 0), (49, 0);
load (39, 0), (45, 0) to (40, 0), (46, 0);
move (31, 0), (34, 0), (37, 0), (40, 0), (46, 0), (49, 0) to (35, 308), (55, 308), (75, 308), (115, 308), (125, 308), (135, 308);
cz;
move (35, 308), (55, 308), (75, 308), (115, 308), (125, 308), (135, 308) to (45, 308), (65, 308), (85, 308), (95, 308), (105, 308), (145, 308);
cz;
move (45, 308), (65, 308), (85, 308), (95, 308), (105, 308), (145, 308) to (1, 0), (4, 0), (7, 0), (10, 0), (13, 0), (16, 0);
store (1, 0), (4, 0), (7, 0), (10, 0), (13, 0), (16, 0) to (0, 0), (3, 0), (6, 0), (9, 0), (12, 0), (15, 0);
load (35, 307), (45, 307), (55, 307), (65, 307), (75, 307), (85, 307), (115, 307), (125, 307), (135, 307), (145, 307) to (36, 307), (46, 307), (56, 307), (66, 307), (76, 307), (86, 307), (116, 307), (126, 307), (136, 307), (146, 307);
move (36, 307), (46, 307), (56, 307), (66, 307), (76, 307), (86, 307), (116, 307), (126, 307), (136, 307), (146, 307) to (19, 0), (22, 0), (25, 0), (28, 0), (31, 0), (34, 0), (37, 0), (40, 0), (43, 0), (46, 0);
store (19, 0), (22, 0), (25, 0), (28, 0), (31, 0), (34, 0), (37, 0), (40, 0), (43, 0), (46, 0) to (18, 0), (21, 0), (24, 0), (27, 0), (30, 0), (33, 0), (36, 0), (39, 0), (42, 0), (45, 0);
rz(1.5708) at (18, 0), (21, 0), (24, 0), (27, 0), (30, 0), (33, 0), (39, 0), (42, 0), (45, 0);
load (24, 0), (21, 0), (18, 0), (9, 0) to (25, 0), (22, 0), (19, 0), (10, 0);
move (19, 0), (10, 0), (22, 0), (25, 0) to (28, 0), (25, 0), (46, 0), (49, 0);
load (42, 0), (39, 0), (30, 0) to (43, 0), (40, 0), (31, 0);
move (28, 0), (25, 0), (31, 0), (40, 0), (43, 0), (46, 0), (49, 0) to (43, 0), (31, 0), (49, 0), (52, 0), (55, 0), (58, 0), (61, 0);
load (45, 0), (33, 0), (27, 0) to (46, 0), (34, 0), (28, 0);
move (61, 0), (58, 0), (55, 0), (52, 0), (49, 0), (46, 0), (43, 0), (34, 0), (31, 0), (28, 0) to (126, 307), (116, 307), (106, 307), (96, 307), (86, 307), (76, 307), (66, 307), (56, 307), (46, 307), (36, 307);
store (126, 307), (116, 307), (106, 307), (96, 307), (86, 307), (76, 307), (66, 307), (56, 307), (46, 307), (36, 307) to (125, 307), (115, 307), (105, 307), (95, 307), (85, 307), (75, 307), (65, 307), (55, 307), (45, 307), (35, 307);
load (0, 0) to (1, 0);
move (1, 0) to (16, 0);
load (12, 0), (6, 0), (3, 0) to (13, 0), (7, 0), (4, 0);
move (7, 0), (4, 0), (13, 0), (16, 0) to (13, 0), (10, 0), (19, 0), (22, 0);
load (15, 0) to (16, 0);
move (10, 0), (13, 0), (16, 0), (19, 0), (22, 0) to (35, 308), (55, 308), (75, 308), (95, 308), (115, 308);
cz;
move (35, 308), (55, 308), (75, 308), (95, 308), (115, 308) to (45, 308), (65, 308), (85, 308), (105, 308), (125, 308);
cz;
move (45, 308), (65, 308), (85, 308), (105, 308), (125, 308) to (1, 0), (4, 0), (7, 0), (10, 0), (13, 0);
store (1, 0), (4, 0), (7, 0), (10, 0), (13, 0) to (0, 0), (3, 0), (6, 0), (9, 0), (12, 0);
load (35, 307), (45, 307), (55, 307), (65, 307), (75, 307), (85, 307), (95, 307), (105, 307), (115, 307), (125, 307) to (36, 307), (46, 307), (56, 307), (66, 307), (76, 307), (86, 307), (96, 307), (106, 307), (116, 307), (126, 307);
move (36, 307), (46, 307), (56, 307), (66, 307), (76, 307), (86, 307), (96, 307), (106, 307), (116, 307), (126, 307) to (16, 0), (19, 0), (22, 0), (25, 0), (28, 0), (31, 0), (34, 0), (40, 0), (43, 0), (46, 0);
store (16, 0), (19, 0), (22, 0), (25, 0), (28, 0), (31, 0), (34, 0), (40, 0), (43, 0), (46, 0) to (15, 0), (18, 0), (21, 0), (24, 0), (27, 0), (30, 0), (33, 0), (39, 0), (42, 0), (45, 0);
rz(1.5708) at (15, 0), (18, 0), (21, 0), (24, 0), (27, 0), (30, 0), (33, 0), (39, 0), (42, 0), (45, 0);
load (42, 0), (36, 0), (24, 0), (18, 0), (15, 0) to (43, 0), (37, 0), (25, 0), (19, 0), (16, 0);
move (19, 0), (16, 0), (25, 0), (37, 0), (43, 0) to (31, 0), (28, 0), (37, 0), (40, 0), (43, 0);
load (33, 0), (21, 0) to (34, 0), (22, 0);
move (22, 0), (28, 0), (31, 0), (34, 0), (37, 0), (40, 0), (43, 0) to (25, 0), (49, 0), (52, 0), (55, 0), (58, 0), (61, 0), (64, 0);
load (45, 0), (27, 0) to (46, 0), (28, 0);
move (25, 0), (28, 0), (46, 0), (49, 0), (52, 0), (55, 0), (58, 0), (61, 0), (64, 0) to (37, 0), (43, 0), (46, 0), (49, 0), (52, 0), (55, 0), (58, 0), (61, 0), (64, 0);
load (39, 0), (30, 0) to (40, 0), (31, 0);
move (64, 0), (61, 0), (58, 0), (55, 0), (52, 0), (49, 0), (46, 0), (43, 0), (40, 0), (37, 0), (31, 0) to (146, 307), (126, 307), (116, 307), (106, 307), (96, 307), (86, 307), (76, 307), (66, 307), (56, 307), (46, 307), (36, 307);
store (146, 307), (126, 307), (116, 307), (106, 307), (96, 307), (86, 307), (76, 307), (66, 307), (56, 307), (46, 307), (36, 307) to (145, 307), (125, 307), (115, 307), (105, 307), (95, 307), (85, 307), (75, 307), (65, 307), (55, 307), (45, 307), (35, 307);
load (3, 0), (0, 0) to (4, 0), (1, 0);
move (1, 0), (4, 0) to (16, 0), (52, 0);
load (12, 0), (9, 0), (6, 0), (48, 0) to (13, 0), (10, 0), (7, 0), (49, 0);
move (7, 0), (10, 0), (13, 0), (16, 0), (49, 0), (52, 0) to (35, 308), (55, 308), (75, 308), (95, 308), (105, 308), (115, 308);
cz;
move (35, 308), (55, 308), (75, 308), (95, 308), (105, 308), (115, 308) to (45, 308), (65, 308), (85, 308), (125, 308), (135, 308), (145, 308);
cz;
move (45, 308), (65, 308), (85, 308), (125, 308), (135, 308), (145, 308) to (1, 0), (4, 0), (7, 0), (10, 0), (13, 0), (16, 0);
store (1, 0), (4, 0), (7, 0), (10, 0), (13, 0), (16, 0) to (0, 0), (3, 0), (6, 0), (9, 0), (12, 0), (15, 0);
load (35, 307), (45, 307), (55, 307), (65, 307), (75, 307), (85, 307), (95, 307), (105, 307), (115, 307), (125, 307), (145, 307) to (36, 307), (46, 307), (56, 307), (66, 307), (76, 307), (86, 307), (96, 307), (106, 307), (116, 307), (126, 307), (146, 307);
move (36, 307), (46, 307), (56, 307), (66, 307), (76, 307), (86, 307), (96, 307), (106, 307), (116, 307), (126, 307), (146, 307) to (19, 0), (22, 0), (25, 0), (28, 0), (31, 0), (34, 0), (37, 0), (40, 0), (43, 0), (46, 0), (49, 0);
store (19, 0), (22, 0), (25, 0), (28, 0), (31, 0), (34, 0), (37, 0), (40, 0), (43, 0), (46, 0), (49, 0) to (18, 0), (21, 0), (24, 0), (27, 0), (30, 0), (33, 0), (36, 0), (39, 0), (42, 0), (45, 0), (48, 0);
rz(1.5708) at (9, 0), (18, 0), (21, 0), (24, 0), (27, 0), (30, 0), (33, 0), (36, 0), (39, 0), (42, 0), (45, 0), (48, 0);
load (42, 0), (30, 0), (24, 0), (18, 0) to (43, 0), (31, 0), (25, 0), (19, 0);
move (19, 0), (25, 0), (31, 0), (43, 0) to (34, 0), (40, 0), (43, 0), (46, 0);
load (36, 0), (21, 0) to (37, 0), (22, 0);
move (22, 0), (34, 0), (37, 0), (40, 0), (43, 0), (46, 0) to (43, 0), (49, 0), (52, 0), (55, 0), (58, 0), (61, 0);
load (45, 0), (39, 0), (33, 0), (27, 0) to (46, 0), (40, 0), (34, 0), (28, 0);
move (40, 0), (34, 0), (28, 0), (43, 0), (46, 0), (49, 0), (52, 0), (55, 0), (58, 0), (61, 0) to (46, 0), (43, 0), (40, 0), (52, 0), (55, 0), (58, 0), (61, 0), (64, 0), (67, 0), (70, 0);
load (48, 0) to (49, 0);
move (70, 0), (67, 0), (64, 0), (61, 0), (58, 0), (55, 0), (52, 0), (49, 0), (46, 0), (43, 0), (40, 0) to (136, 307), (126, 307), (116, 307), (106, 307), (96, 307), (86, 307), (76, 307), (66, 307), (56, 307), (46, 307), (36, 307);
store (136, 307), (126, 307), (116, 307), (106, 307), (96, 307), (86, 307), (76, 307), (66, 307), (56, 307), (46, 307), (36, 307) to (135, 307), (125, 307), (115, 307), (105, 307), (95, 307), (85, 307), (75, 307), (65, 307), (55, 307), (45, 307), (35, 307);
load (9, 0), (0, 0) to (10, 0), (1, 0);
move (1, 0), (10, 0) to (19, 0), (22, 0);
load (15, 0), (12, 0), (6, 0), (3, 0) to (16, 0), (13, 0), (7, 0), (4, 0);
move (4, 0), (7, 0), (13, 0), (16, 0), (19, 0), (22, 0) to (35, 308), (45, 308), (55, 308), (65, 308), (75, 308), (85, 308);
cz;
move (35, 308), (45, 308), (55, 308), (65, 308), (75, 308), (85, 308) to (95, 308), (105, 308), (115, 308), (125, 308), (135, 308), (145, 308);
cz;
move (95, 308), (105, 308), (115, 308), (125, 308), (135, 308), (145, 308) to (1, 0), (4, 0), (7, 0), (10, 0), (13, 0), (16, 0);
store (1, 0), (4, 0), (7, 0), (10, 0), (13, 0), (16, 0) to (0, 0), (3, 0), (6, 0), (9, 0), (12, 0), (15, 0);
load (35, 307), (45, 307), (55, 307), (65, 307), (75, 307), (85, 307), (95, 307), (105, 307), (115, 307), (125, 307), (135, 307) to (36, 307), (46, 307), (56, 307), (66, 307), (76, 307), (86, 307), (96, 307), (106, 307), (116, 307), (126, 307), (136, 307);
move (36, 307), (46, 307), (56, 307), (66, 307), (76, 307), (86, 307), (96, 307), (106, 307), (116, 307), (126, 307), (136, 307) to (19, 0), (22, 0), (25, 0), (28, 0), (31, 0), (34, 0), (37, 0), (40, 0), (43, 0), (46, 0), (49, 0);
store (19, 0), (22, 0), (25, 0), (28, 0), (31, 0), (34, 0), (37, 0), (40, 0), (43, 0), (46, 0), (49, 0) to (18, 0), (21, 0), (24, 0), (27, 0), (30, 0), (33, 0), (36, 0), (39, 0), (42, 0), (45, 0), (48, 0);
rz(1.5708) at (18, 0), (21, 0), (24, 0), (27, 0), (30, 0), (36, 0), (39, 0), (42, 0), (45, 0), (48, 0);
load (33, 0), (27, 0), (18, 0) to (34, 0), (28, 0), (19, 0);
move (19, 0), (28, 0), (34, 0) to (25, 0), (28, 0), (31, 0);
load (21, 0) to (22, 0);
move (22, 0), (25, 0), (28, 0), (31, 0) to (34, 0), (37, 0), (40, 0), (43, 0);
load (30, 0), (24, 0) to (31, 0), (25, 0);
move (25, 0), (31, 0), (34, 0), (37, 0), (40, 0), (43, 0) to (37, 0), (43, 0), (46, 0), (49, 0), (52, 0), (55, 0);
load (39, 0) to (40, 0);
move (37, 0), (40, 0), (43, 0), (46, 0), (49, 0), (52, 0), (55, 0) to (52, 0), (55, 0), (58, 0), (61, 0), (64, 0), (67, 0), (70, 0);
load (48, 0), (42, 0), (36, 0) to (49, 0), (43, 0), (37, 0);
move (37, 0), (43, 0), (49, 0), (52, 0), (55, 0), (58, 0), (61, 0), (64, 0), (67, 0), (70, 0) to (43, 0), (49, 0), (52, 0), (55, 0), (58, 0), (61, 0), (64, 0), (67, 0), (70, 0), (73, 0);
load (45, 0) to (46, 0);
move (73, 0), (70, 0), (67, 0), (64, 0), (61, 0), (58, 0), (55, 0), (52, 0), (49, 0), (46, 0), (43, 0) to (146, 307), (126, 307), (116, 307), (106, 307), (96, 307), (86, 307), (76, 307), (66, 307), (56, 307), (46, 307), (36, 307);
store (146, 307), (126, 307), (116, 307), (106, 307), (96, 307), (86, 307), (76, 307), (66, 307), (56, 307), (46, 307), (36, 307) to (145, 307), (125, 307), (115, 307), (105, 307), (95, 307), (85, 307), (75, 307), (65, 307), (55, 307), (45, 307), (35, 307);
load (3, 0), (0, 0) to (4, 0), (1, 0);
move (1, 0), (4, 0) to (4, 0), (55, 0);
load (12, 0), (6, 0), (51, 0) to (13, 0), (7, 0), (52, 0);
move (4, 0), (7, 0), (13, 0), (52, 0), (55, 0) to (7, 0), (13, 0), (16, 0), (19, 0), (22, 0);
load (9, 0) to (10, 0);
move (7, 0), (10, 0), (13, 0), (16, 0), (19, 0), (22, 0) to (35, 308), (45, 308), (55, 308), (65, 308), (75, 308), (85, 308);
cz;
move (35, 308), (45, 308), (55, 308), (65, 308), (75, 308), (85, 308) to (95, 308), (105, 308), (115, 308), (125, 308), (135, 308), (145, 308);
cz;
move (95, 308), (105, 308), (115, 308), (125, 308), (135, 308), (145, 308) to (1, 0), (4, 0), (7, 0), (10, 0), (13, 0), (19, 0);
store (1, 0), (4, 0), (7, 0), (10, 0), (13, 0), (19, 0) to (0, 0), (3, 0), (6, 0), (9, 0), (12, 0), (18, 0);
load (35, 307), (45, 307), (55, 307), (65, 307), (75, 307), (85, 307), (95, 307), (105, 307), (115, 307), (125, 307), (145, 307) to (36, 307), (46, 307), (56, 307), (66, 307), (76, 307), (86, 307), (96, 307), (106, 307), (116, 307), (126, 307), (146, 307);
move (36, 307), (46, 307), (56, 307), (66, 307), (76, 307), (86, 307), (96, 307), (106, 307), (116, 307), (126, 307), (146, 307) to (22, 0), (25, 0), (28, 0), (31, 0), (34, 0), (37, 0), (40, 0), (43, 0), (46, 0), (49, 0), (52, 0);
store (22, 0), (25, 0), (28, 0), (31, 0), (34, 0), (37, 0), (40, 0), (43, 0), (46, 0), (49, 0), (52, 0) to (21, 0), (24, 0), (27, 0), (30, 0), (33, 0), (36, 0), (39, 0), (42, 0), (45, 0), (48, 0), (51, 0);
rz(1.5708) at (21, 0), (24, 0), (27, 0), (30, 0), (33, 0), (36, 0), (39, 0), (42, 0), (45, 0), (48, 0), (51, 0);
rz(1.5708) at (33, 0);
load (30, 0), (27, 0), (15, 0) to (31, 0), (28, 0), (16, 0);
move (28, 0), (16, 0), (31, 0) to (34, 0), (31, 0), (43, 0);
load (39, 0), (36, 0), (24, 0), (21, 0) to (40, 0), (37, 0), (25, 0), (22, 0);
move (34, 0), (31, 0), (25, 0), (22, 0), (37, 0), (40, 0), (43, 0) to (40, 0), (31, 0), (28, 0), (25, 0), (46, 0), (49, 0), (52, 0);
load (42, 0), (33, 0) to (43, 0), (34, 0);
move (28, 0), (25, 0), (31, 0), (34, 0), (40, 0), (43, 0), (46, 0), (49, 0), (52, 0) to (49, 0), (46, 0), (55, 0), (58, 0), (61, 0), (64, 0), (67, 0), (70, 0), (73, 0);
load (51, 0) to (52, 0);
move (46, 0), (49, 0), (52, 0), (55, 0), (58, 0), (61, 0), (64, 0), (67, 0), (70, 0), (73, 0) to (46, 0), (52, 0), (55, 0), (58, 0), (61, 0), (64, 0), (67, 0), (70, 0), (73, 0), (76, 0);
load (48, 0) to (49, 0);
move (46, 0), (49, 0), (52, 0), (55, 0), (58, 0), (61, 0), (64, 0), (67, 0), (70, 0), (73, 0), (76, 0) to (49, 0), (52, 0), (55, 0), (58, 0), (61, 0), (64, 0), (67, 0), (70, 0), (73, 0), (76, 0), (79, 0);
load (45, 0) to (46, 0);
move (79, 0), (76, 0), (73, 0), (70, 0), (67, 0), (64, 0), (61, 0), (58, 0), (55, 0), (52, 0), (49, 0), (46, 0) to (146, 307), (136, 307), (126, 307), (116, 307), (106, 307), (96, 307), (86, 307), (76, 307), (66, 307), (56, 307), (46, 307), (36, 307);
store (146, 307), (136, 307), (126, 307), (116, 307), (106, 307), (96, 307), (86, 307), (76, 307), (66, 307), (56, 307), (46, 307), (36, 307) to (145, 307), (135, 307), (125, 307), (115, 307), (105, 307), (95, 307), (85, 307), (75, 307), (65, 307), (55, 307), (45, 307), (35, 307);
load (0, 0) to (1, 0);
move (1, 0) to (7, 0);
load (3, 0) to (4, 0);
move (4, 0), (7, 0) to (16, 0), (19, 0);
load (12, 0), (9, 0), (6, 0) to (13, 0), (10, 0), (7, 0);
move (10, 0), (7, 0), (13, 0), (16, 0), (19, 0) to (16, 0), (13, 0), (22, 0), (25, 0), (28, 0);
load (18, 0) to (19, 0);
move (13, 0), (16, 0), (19, 0), (22, 0), (25, 0), (28, 0) to (35, 308), (55, 308), (75, 308), (95, 308), (115, 308), (135, 308);
cz;
move (35, 308), (55, 308), (75, 308), (95, 308), (115, 308), (135, 308) to (45, 308), (65, 308), (85, 308), (105, 308), (125, 308), (145, 308);
cz;
move (45, 308), (65, 308), (85, 308), (105, 308), (125, 308), (145, 308) to (1, 0), (4, 0), (7, 0), (10, 0), (13, 0), (16, 0);
store (1, 0), (4, 0), (7, 0), (10, 0), (13, 0), (16, 0) to (0, 0), (3, 0), (6, 0), (9, 0), (12, 0), (15, 0);
load (35, 307), (45, 307), (55, 307), (65, 307), (75, 307), (85, 307), (95, 307), (105, 307), (115, 307), (125, 307), (135, 307), (145, 307) to (36, 307), (46, 307), (56, 307), (66, 307), (76, 307), (86, 307), (96, 307), (106, 307), (116, 307), (126, 307), (136, 307), (146, 307);
move (36, 307), (46, 307), (56, 307), (66, 307), (76, 307), (86, 307), (96, 307), (106, 307), (116, 307), (126, 307), (136, 307), (146, 307) to (19, 0), (22, 0), (25, 0), (28, 0), (31, 0), (34, 0), (37, 0), (40, 0), (43, 0), (46, 0), (49, 0), (52, 0);
store (19, 0), (22, 0), (25, 0), (28, 0), (31, 0), (34, 0), (37, 0), (40, 0), (43, 0), (46, 0), (49, 0), (52, 0) to (18, 0), (21, 0), (24, 0), (27, 0), (30, 0), (33, 0), (36, 0), (39, 0), (42, 0), (45, 0), (48, 0), (51, 0);
rz(1.5708) at (6, 0), (18, 0), (21, 0), (24, 0), (27, 0), (30, 0), (33, 0), (39, 0), (42, 0), (45, 0), (48, 0), (51, 0);
load (18, 0), (6, 0) to (19, 0), (7, 0);
move (7, 0), (19, 0) to (19, 0), (52, 0);
load (48, 0), (24, 0), (21, 0) to (49, 0), (25, 0), (22, 0);
move (22, 0), (19, 0), (25, 0), (49, 0), (52, 0) to (28, 0), (25, 0), (34, 0), (37, 0), (40, 0);
load (30, 0) to (31, 0);
move (28, 0), (25, 0), (31, 0), (34, 0), (37, 0), (40, 0) to (37, 0), (34, 0), (46, 0), (49, 0), (52, 0), (55, 0);
load (42, 0), (39, 0), (27, 0) to (43, 0), (40, 0), (28, 0);
move (34, 0), (28, 0), (37, 0), (40, 0), (43, 0), (46, 0), (49, 0), (52, 0), (55, 0) to (43, 0), (40, 0), (55, 0), (58, 0), (61, 0), (64, 0), (67, 0), (70, 0), (73, 0);
load (51, 0), (45, 0) to (52, 0), (46, 0);
move (73, 0), (70, 0), (67, 0), (64, 0), (61, 0), (58, 0), (55, 0), (52, 0), (46, 0), (43, 0), (40, 0) to (146, 307), (136, 307), (126, 307), (116, 307), (96, 307), (86, 307), (76, 307), (66, 307), (56, 307), (46, 307), (36, 307);
store (146, 307), (136, 307), (126, 307), (116, 307), (96, 307), (86, 307), (76, 307), (66, 307), (56, 307), (46, 307), (36, 307) to (145, 307), (135, 307), (125, 307), (115, 307), (95, 307), (85, 307), (75, 307), (65, 307), (55, 307), (45, 307), (35, 307);
load (9, 0), (0, 0) to (10, 0), (1, 0);
move (1, 0), (10, 0) to (19, 0), (22, 0);
load (15, 0), (12, 0), (3, 0) to (16, 0), (13, 0), (4, 0);
move (4, 0), (13, 0), (16, 0), (19, 0), (22, 0) to (31, 0), (37, 0), (40, 0), (43, 0), (46, 0);
load (33, 0) to (34, 0);
move (31, 0), (34, 0), (37, 0), (40, 0), (43, 0), (46, 0) to (35, 308), (45, 308), (55, 308), (65, 308), (75, 308), (85, 308);
cz;
move (35, 308), (45, 308), (55, 308), (65, 308), (75, 308), (85, 308) to (95, 308), (105, 308), (115, 308), (125, 308), (135, 308), (145, 308);
cz;
move (95, 308), (105, 308), (115, 308), (125, 308), (135, 308), (145, 308) to (1, 0), (4, 0), (7, 0), (10, 0), (13, 0), (16, 0);
store (1, 0), (4, 0), (7, 0), (10, 0), (13, 0), (16, 0) to (0, 0), (3, 0), (6, 0), (9, 0), (12, 0), (15, 0);
load (35, 307), (45, 307), (55, 307), (65, 307), (75, 307), (85, 307), (95, 307), (115, 307), (125, 307), (135, 307), (145, 307) to (36, 307), (46, 307), (56, 307), (66, 307), (76, 307), (86, 307), (96, 307), (116, 307), (126, 307), (136, 307), (146, 307);
move (36, 307), (46, 307), (56, 307), (66, 307), (76, 307), (86, 307), (96, 307), (116, 307), (126, 307), (136, 307), (146, 307) to (19, 0), (22, 0), (25, 0), (28, 0), (31, 0), (34, 0), (40, 0), (43, 0), (46, 0), (49, 0), (52, 0);
store (19, 0), (22, 0), (25, 0), (28, 0), (31, 0), (34, 0), (40, 0), (43, 0), (46, 0), (49, 0), (52, 0) to (18, 0), (21, 0), (24, 0), (27, 0), (30, 0), (33, 0), (39, 0), (42, 0), (45, 0), (48, 0), (51, 0);
rz(1.5708) at (18, 0), (24, 0), (27, 0), (30, 0), (33, 0), (39, 0), (42, 0), (45, 0), (48, 0), (51, 0);
load (24, 0), (3, 0) to (25, 0), (4, 0);
move (4, 0), (25, 0) to (31, 0), (34, 0);
load (27, 0), (18, 0) to (28, 0), (19, 0);
move (19, 0), (28, 0), (31, 0), (34, 0) to (28, 0), (34, 0), (37, 0), (40, 0);
load (30, 0) to (31, 0);
move (28, 0), (31, 0), (34, 0), (37, 0), (40, 0) to (31, 0), (43, 0), (46, 0), (49, 0), (52, 0);
load (39, 0), (33, 0) to (40, 0), (34, 0);
move (34, 0), (31, 0), (40, 0), (43, 0), (46, 0), (49, 0), (52, 0) to (40, 0), (37, 0), (46, 0), (49, 0), (52, 0), (55, 0), (58, 0);
load (42, 0) to (43, 0);
move (37, 0), (40, 0), (43, 0), (46, 0), (49, 0), (52, 0), (55, 0), (58, 0) to (46, 0), (52, 0), (55, 0), (58, 0), (61, 0), (64, 0), (67, 0), (70, 0);
load (48, 0) to (49, 0);
move (46, 0), (49, 0), (52, 0), (55, 0), (58, 0), (61, 0), (64, 0), (67, 0), (70, 0) to (49, 0), (55, 0), (58, 0), (61, 0), (64, 0), (67, 0), (70, 0), (73, 0), (76, 0);
load (51, 0), (45, 0) to (52, 0), (46, 0);
move (76, 0), (73, 0), (70, 0), (67, 0), (64, 0), (61, 0), (58, 0), (55, 0), (52, 0), (49, 0), (46, 0) to (146, 307), (136, 307), (116, 307), (106, 307), (96, 307), (86, 307), (76, 307), (66, 307), (56, 307), (46, 307), (36, 307);
store (146, 307), (136, 307), (116, 307), (106, 307), (96, 307), (86, 307), (76, 307), (66, 307), (56, 307), (46, 307), (36, 307) to (145, 307), (135, 307), (115, 307), (105, 307), (95, 307), (85, 307), (75, 307), (65, 307), (55, 307), (45, 307), (35, 307);
load (0, 0) to (1, 0);
move (1, 0) to (10, 0);
load (6, 0) to (7, 0);
move (7, 0), (10, 0) to (58, 0), (61, 0);
load (12, 0), (9, 0), (54, 0) to (13, 0), (10, 0), (55, 0);
move (10, 0), (13, 0), (55, 0), (58, 0), (61, 0) to (13, 0), (19, 0), (22, 0), (25, 0), (28, 0);
load (15, 0) to (16, 0);
move (13, 0), (16, 0), (19, 0), (22, 0), (25, 0), (28, 0) to (35, 308), (55, 308), (65, 308), (75, 308), (85, 308), (95, 308);
cz;
move (35, 308), (55, 308), (65, 308), (75, 308), (85, 308), (95, 308) to (45, 308), (105, 308), (115, 308), (125, 308), (135, 308), (145, 308);
cz;
move (45, 308), (105, 308), (115, 308), (125, 308), (135, 308), (145, 308) to (1, 0), (4, 0), (7, 0), (10, 0), (13, 0), (16, 0);
store (1, 0), (4, 0), (7, 0), (10, 0), (13, 0), (16, 0) to (0, 0), (3, 0), (6, 0), (9, 0), (12, 0), (15, 0);
load (35, 307), (45, 307), (55, 307), (65, 307), (75, 307), (85, 307), (95, 307), (105, 307), (115, 307), (135, 307), (145, 307) to (36, 307), (46, 307), (56, 307), (66, 307), (76, 307), (86, 307), (96, 307), (106, 307), (116, 307), (136, 307), (146, 307);
move (36, 307), (46, 307), (56, 307), (66, 307), (76, 307), (86, 307), (96, 307), (106, 307), (116, 307), (136, 307), (146, 307) to (19, 0), (25, 0), (28, 0), (31, 0), (34, 0), (40, 0), (43, 0), (46, 0), (49, 0), (52, 0), (55, 0);
store (19, 0), (25, 0), (28, 0), (31, 0), (34, 0), (40, 0), (43, 0), (46, 0), (49, 0), (52, 0), (55, 0) to (18, 0), (24, 0), (27, 0), (30, 0), (33, 0), (39, 0), (42, 0), (45, 0), (48, 0), (51, 0), (54, 0);
rz(1.5708) at (18, 0), (24, 0), (27, 0), (30, 0), (33, 0), (39, 0), (42, 0), (45, 0), (48, 0), (51, 0), (54, 0);
rz(1.5708) at (33, 0);
load (30, 0), (27, 0), (24, 0), (21, 0), (18, 0) to (31, 0), (28, 0), (25, 0), (22, 0), (19, 0);
move (25, 0), (22, 0), (19, 0), (28, 0), (31, 0) to (31, 0), (28, 0), (25, 0), (46, 0), (49, 0);
load (42, 0), (33, 0) to (43, 0), (34, 0);
move (34, 0), (31, 0), (28, 0), (25, 0), (43, 0), (46, 0), (49, 0) to (43, 0), (40, 0), (37, 0), (34, 0), (49, 0), (52, 0), (55, 0);
load (45, 0) to (46, 0);
move (37, 0), (34, 0), (40, 0), (43, 0), (46, 0), (49, 0), (52, 0), (55, 0) to (37, 0), (34, 0), (43, 0), (46, 0), (49, 0), (52, 0), (55, 0), (58, 0);
load (39, 0) to (40, 0);
move (37, 0), (34, 0), (40, 0), (43, 0), (46, 0), (49, 0), (52, 0), (55, 0), (58, 0) to (52, 0), (49, 0), (58, 0), (61, 0), (64, 0), (67, 0), (70, 0), (73, 0), (76, 0);
load (54, 0) to (55, 0);
move (49, 0), (52, 0), (55, 0), (58, 0), (61, 0), (64, 0), (67, 0), (70, 0), (73, 0), (76, 0) to (49, 0), (55, 0), (58, 0), (61, 0), (64, 0), (67, 0), (70, 0), (73, 0), (76, 0), (79, 0);
load (51, 0) to (52, 0);
move (49, 0), (52, 0), (55, 0), (58, 0), (61, 0), (64, 0), (67, 0), (70, 0), (73, 0), (76, 0), (79, 0) to (52, 0), (55, 0), (58, 0), (61, 0), (64, 0), (67, 0), (70, 0), (73, 0), (76, 0), (79, 0), (82, 0);
load (48, 0) to (49, 0);
move (82, 0), (79, 0), (76, 0), (73, 0), (70, 0), (67, 0), (64, 0), (61, 0), (58, 0), (55, 0), (52, 0), (49, 0) to (146, 307), (136, 307), (126, 307), (116, 307), (106, 307), (96, 307), (86, 307), (76, 307), (66, 307), (56, 307), (46, 307), (36, 307);
store (146, 307), (136, 307), (126, 307), (116, 307), (106, 307), (96, 307), (86, 307), (76, 307), (66, 307), (56, 307), (46, 307), (36, 307) to (145, 307), (135, 307), (125, 307), (115, 307), (105, 307), (95, 307), (85, 307), (75, 307), (65, 307), (55, 307), (45, 307), (35, 307);
load (3, 0), (0, 0) to (4, 0), (1, 0);
move (1, 0), (4, 0) to (7, 0), (13, 0);
load (9, 0) to (10, 0);
move (7, 0), (10, 0), (13, 0) to (19, 0), (22, 0), (25, 0);
load (15, 0), (12, 0), (6, 0) to (16, 0), (13, 0), (7, 0);
move (7, 0), (13, 0), (16, 0), (19, 0), (22, 0), (25, 0) to (35, 308), (55, 308), (75, 308), (95, 308), (105, 308), (115, 308);
cz;
move (35, 308), (55, 308), (75, 308), (95, 308), (105, 308), (115, 308) to (45, 308), (65, 308), (85, 308), (125, 308), (135, 308), (145, 308);
cz;
move (45, 308), (65, 308), (85, 308), (125, 308), (135, 308), (145, 308) to (1, 0), (4, 0), (7, 0), (10, 0), (13, 0), (16, 0);
store (1, 0), (4, 0), (7, 0), (10, 0), (13, 0), (16, 0) to (0, 0), (3, 0), (6, 0), (9, 0), (12, 0), (15, 0);
load (35, 307), (45, 307), (55, 307), (65, 307), (75, 307), (85, 307), (95, 307), (105, 307), (115, 307), (125, 307), (135, 307), (145, 307) to (36, 307), (46, 307), (56, 307), (66, 307), (76, 307), (86, 307), (96, 307), (106, 307), (116, 307), (126, 307), (136, 307), (146, 307);
move (36, 307), (46, 307), (56, 307), (66, 307), (76, 307), (86, 307), (96, 307), (106, 307), (116, 307), (126, 307), (136, 307), (146, 307) to (19, 0), (22, 0), (25, 0), (28, 0), (31, 0), (34, 0), (40, 0), (43, 0), (46, 0), (49, 0), (52, 0), (55, 0);
store (19, 0), (22, 0), (25, 0), (28, 0), (31, 0), (34, 0), (40, 0), (43, 0), (46, 0), (49, 0), (52, 0), (55, 0) to (18, 0), (21, 0), (24, 0), (27, 0), (30, 0), (33, 0), (39, 0), (42, 0), (45, 0), (48, 0), (51, 0), (54, 0);
rz(1.5708) at (3, 0), (18, 0), (21, 0), (24, 0), (27, 0), (30, 0), (33, 0), (39, 0), (45, 0), (48, 0), (51, 0), (54, 0);
load (39, 0), (18, 0) to (40, 0), (19, 0);
move (19, 0), (40, 0) to (43, 0), (49, 0);
load (45, 0), (27, 0), (21, 0) to (46, 0), (28, 0), (22, 0);
move (22, 0), (28, 0), (43, 0), (46, 0), (49, 0) to (55, 0), (58, 0), (61, 0), (64, 0), (67, 0);
load (51, 0), (30, 0), (24, 0) to (52, 0), (31, 0), (25, 0);
move (31, 0), (25, 0), (52, 0), (55, 0), (58, 0), (61, 0), (64, 0), (67, 0) to (52, 0), (46, 0), (58, 0), (61, 0), (64, 0), (67, 0), (70, 0), (73, 0);
load (54, 0), (48, 0), (33, 0) to (55, 0), (49, 0), (34, 0);
move (73, 0), (70, 0), (67, 0), (64, 0), (61, 0), (58, 0), (55, 0), (52, 0), (49, 0), (46, 0), (34, 0) to (136, 307), (126, 307), (116, 307), (106, 307), (96, 307), (86, 307), (76, 307), (66, 307), (56, 307), (46, 307), (36, 307);
store (136, 307), (126, 307), (116, 307), (106, 307), (96, 307), (86, 307), (76, 307), (66, 307), (56, 307), (46, 307), (36, 307) to (135, 307), (125, 307), (115, 307), (105, 307), (95, 307), (85, 307), (75, 307), (65, 307), (55, 307), (45, 307), (35, 307);
load (3, 0), (0, 0) to (4, 0), (1, 0);
move (1, 0), (4, 0) to (16, 0), (19, 0);
load (12, 0), (9, 0), (6, 0) to (13, 0), (10, 0), (7, 0);
move (10, 0), (7, 0), (13, 0), (16, 0), (19, 0) to (13, 0), (10, 0), (19, 0), (22, 0), (25, 0);
load (15, 0) to (16, 0);
move (10, 0), (13, 0), (16, 0), (19, 0), (22, 0), (25, 0) to (35, 308), (55, 308), (75, 308), (85, 308), (95, 308), (105, 308);
cz;
move (35, 308), (55, 308), (75, 308), (85, 308), (95, 308), (105, 308) to (45, 308), (65, 308), (115, 308), (125, 308), (135, 308), (145, 308);
cz;
move (45, 308), (65, 308), (115, 308), (125, 308), (135, 308), (145, 308) to (1, 0), (4, 0), (7, 0), (10, 0), (13, 0), (16, 0);
store (1, 0), (4, 0), (7, 0), (10, 0), (13, 0), (16, 0) to (0, 0), (3, 0), (6, 0), (9, 0), (12, 0), (15, 0);
load (35, 307), (45, 307), (55, 307), (65, 307), (75, 307), (85, 307), (95, 307), (105, 307), (115, 307), (125, 307), (135, 307) to (36, 307), (46, 307), (56, 307), (66, 307), (76, 307), (86, 307), (96, 307), (106, 307), (116, 307), (126, 307), (136, 307);
move (36, 307), (46, 307), (56, 307), (66, 307), (76, 307), (86, 307), (96, 307), (106, 307), (116, 307), (126, 307), (136, 307) to (19, 0), (22, 0), (25, 0), (28, 0), (31, 0), (34, 0), (40, 0), (46, 0), (49, 0), (52, 0), (55, 0);
store (19, 0), (22, 0), (25, 0), (28, 0), (31, 0), (34, 0), (40, 0), (46, 0), (49, 0), (52, 0), (55, 0) to (18, 0), (21, 0), (24, 0), (27, 0), (30, 0), (33, 0), (39, 0), (45, 0), (48, 0), (51, 0), (54, 0);
rz(1.5708) at (18, 0), (21, 0), (24, 0), (27, 0), (30, 0), (33, 0), (39, 0), (48, 0), (51, 0), (54, 0);
load (18, 0) to (19, 0);
move (19, 0) to (49, 0);
load (45, 0), (24, 0), (21, 0) to (46, 0), (25, 0), (22, 0);
move (22, 0), (25, 0), (46, 0), (49, 0) to (25, 0), (34, 0), (37, 0), (40, 0);
load (30, 0), (27, 0) to (31, 0), (28, 0);
move (28, 0), (25, 0), (31, 0), (34, 0), (37, 0), (40, 0) to (37, 0), (31, 0), (43, 0), (46, 0), (49, 0), (52, 0);
load (39, 0), (33, 0) to (40, 0), (34, 0);
move (31, 0), (34, 0), (37, 0), (40, 0), (43, 0), (46, 0), (49, 0), (52, 0) to (58, 0), (61, 0), (64, 0), (67, 0), (70, 0), (73, 0), (76, 0), (79, 0);
load (54, 0), (51, 0), (48, 0) to (55, 0), (52, 0), (49, 0);
move (79, 0), (76, 0), (73, 0), (70, 0), (67, 0), (64, 0), (61, 0), (58, 0), (55, 0), (52, 0), (49, 0) to (146, 307), (126, 307), (116, 307), (106, 307), (96, 307), (86, 307), (76, 307), (66, 307), (56, 307), (46, 307), (36, 307);
store (146, 307), (126, 307), (116, 307), (106, 307), (96, 307), (86, 307), (76, 307), (66, 307), (56, 307), (46, 307), (36, 307) to (145, 307), (125, 307), (115, 307), (105, 307), (95, 307), (85, 307), (75, 307), (65, 307), (55, 307), (45, 307), (35, 307);
load (3, 0), (0, 0) to (4, 0), (1, 0);
move (1, 0), (4, 0) to (16, 0), (61, 0);
load (12, 0), (9, 0), (6, 0), (57, 0) to (13, 0), (10, 0), (7, 0), (58, 0);
move (7, 0), (10, 0), (13, 0), (16, 0), (58, 0), (61, 0) to (35, 308), (45, 308), (55, 308), (65, 308), (75, 308), (85, 308);
cz;
move (35, 308), (45, 308), (55, 308), (65, 308), (75, 308), (85, 308) to (95, 308), (105, 308), (115, 308), (125, 308), (135, 308), (145, 308);
cz;
move (95, 308), (105, 308), (115, 308), (125, 308), (135, 308), (145, 308) to (1, 0), (4, 0), (7, 0), (10, 0), (13, 0), (19, 0);
store (1, 0), (4, 0), (7, 0), (10, 0), (13, 0), (19, 0) to (0, 0), (3, 0), (6, 0), (9, 0), (12, 0), (18, 0);
load (35, 307), (45, 307), (55, 307), (65, 307), (75, 307), (85, 307), (95, 307), (105, 307), (115, 307), (125, 307), (145, 307) to (36, 307), (46, 307), (56, 307), (66, 307), (76, 307), (86, 307), (96, 307), (106, 307), (116, 307), (126, 307), (146, 307);
move (36, 307), (46, 307), (56, 307), (66, 307), (76, 307), (86, 307), (96, 307), (106, 307), (116, 307), (126, 307), (146, 307) to (22, 0), (25, 0), (28, 0), (31, 0), (34, 0), (40, 0), (46, 0), (49, 0), (52, 0), (55, 0), (58, 0);
store (22, 0), (25, 0), (28, 0), (31, 0), (34, 0), (40, 0), (46, 0), (49, 0), (52, 0), (55, 0), (58, 0) to (21, 0), (24, 0), (27, 0), (30, 0), (33, 0), (39, 0), (45, 0), (48, 0), (51, 0), (54, 0), (57, 0);
rz(1.5708) at (21, 0), (24, 0), (27, 0), (30, 0), (33, 0), (39, 0), (45, 0), (48, 0), (51, 0), (54, 0), (57, 0);
rz(1.5708) at (33, 0);
load (39, 0), (27, 0), (24, 0), (15, 0) to (40, 0), (28, 0), (25, 0), (16, 0);
move (16, 0), (25, 0), (28, 0), (40, 0) to (28, 0), (34, 0), (37, 0), (40, 0);
load (30, 0), (21, 0) to (31, 0), (22, 0);
move (22, 0), (28, 0), (31, 0), (34, 0), (37, 0), (40, 0) to (31, 0), (55, 0), (58, 0), (61, 0), (64, 0), (67, 0);
load (51, 0), (45, 0), (33, 0) to (52, 0), (46, 0), (34, 0);
move (31, 0), (34, 0), (46, 0), (52, 0), (55, 0), (58, 0), (61, 0), (64, 0), (67, 0) to (52, 0), (61, 0), (64, 0), (67, 0), (70, 0), (73, 0), (76, 0), (79, 0), (82, 0);
load (57, 0), (54, 0), (48, 0) to (58, 0), (55, 0), (49, 0);
move (82, 0), (79, 0), (76, 0), (73, 0), (70, 0), (67, 0), (64, 0), (61, 0), (58, 0), (55, 0), (52, 0), (49, 0) to (146, 307), (136, 307), (126, 307), (116, 307), (106, 307), (96, 307), (86, 307), (76, 307), (66, 307), (56, 307), (46, 307), (36, 307);
store (146, 307), (136, 307), (126, 307), (116, 307), (106, 307), (96, 307), (86, 307), (76, 307), (66, 307), (56, 307), (46, 307), (36, 307) to (145, 307), (135, 307), (125, 307), (115, 307), (105, 307), (95, 307), (85, 307), (75, 307), (65, 307), (55, 307), (45, 307), (35, 307);
load (6, 0), (0, 0) to (7, 0), (1, 0);
move (1, 0), (7, 0) to (16, 0), (19, 0);
load (12, 0), (9, 0), (3, 0) to (13, 0), (10, 0), (4, 0);
move (10, 0), (4, 0), (13, 0), (16, 0), (19, 0) to (16, 0), (13, 0), (22, 0), (25, 0), (28, 0);
load (18, 0) to (19, 0);
move (13, 0), (16, 0), (19, 0), (22, 0), (25, 0), (28, 0) to (35, 308), (55, 308), (65, 308), (75, 308), (85, 308), (95, 308);
cz;
move (35, 308), (55, 308), (65, 308), (75, 308), (85, 308), (95, 308) to (45, 308), (105, 308), (115, 308), (125, 308), (135, 308), (145, 308);
cz;
move (45, 308), (105, 308), (115, 308), (125, 308), (135, 308), (145, 308) to (1, 0), (4, 0), (7, 0), (10, 0), (13, 0), (16, 0);
store (1, 0), (4, 0), (7, 0), (10, 0), (13, 0), (16, 0) to (0, 0), (3, 0), (6, 0), (9, 0), (12, 0), (15, 0);
load (35, 307), (45, 307), (55, 307), (65, 307), (75, 307), (85, 307), (95, 307), (105, 307), (115, 307), (125, 307), (135, 307), (145, 307) to (36, 307), (46, 307), (56, 307), (66, 307), (76, 307), (86, 307), (96, 307), (106, 307), (116, 307), (126, 307), (136, 307), (146, 307);
move (36, 307), (46, 307), (56, 307), (66, 307), (76, 307), (86, 307), (96, 307), (106, 307), (116, 307), (126, 307), (136, 307), (146, 307) to (19, 0), (22, 0), (25, 0), (28, 0), (31, 0), (34, 0), (40, 0), (46, 0), (49, 0), (52, 0), (55, 0), (58, 0);
store (19, 0), (22, 0), (25, 0), (28, 0), (31, 0), (34, 0), (40, 0), (46, 0), (49, 0), (52, 0), (55, 0), (58, 0) to (18, 0), (21, 0), (24, 0), (27, 0), (30, 0), (33, 0), (39, 0), (45, 0), (48, 0), (51, 0), (54, 0), (57, 0);
rz(1.5708) at (3, 0), (18, 0), (21, 0), (24, 0), (27, 0), (33, 0), (39, 0), (45, 0), (48, 0), (51, 0), (54, 0), (57, 0);
load (24, 0), (18, 0) to (25, 0), (19, 0);
move (19, 0), (25, 0) to (25, 0), (37, 0);
load (33, 0), (27, 0), (21, 0) to (34, 0), (28, 0), (22, 0);
move (25, 0), (22, 0), (28, 0), (34, 0), (37, 0) to (37, 0), (34, 0), (43, 0), (46, 0), (49, 0);
load (39, 0) to (40, 0);
move (34, 0), (37, 0), (40, 0), (43, 0), (46, 0), (49, 0) to (43, 0), (49, 0), (52, 0), (55, 0), (58, 0), (61, 0);
load (45, 0) to (46, 0);
move (43, 0), (46, 0), (49, 0), (52, 0), (55, 0), (58, 0), (61, 0) to (46, 0), (52, 0), (55, 0), (58, 0), (61, 0), (64, 0), (67, 0);
load (48, 0) to (49, 0);
move (46, 0), (49, 0), (52, 0), (55, 0), (58, 0), (61, 0), (64, 0), (67, 0) to (61, 0), (64, 0), (67, 0), (70, 0), (73, 0), (76, 0), (79, 0), (82, 0);
load (57, 0), (54, 0), (51, 0) to (58, 0), (55, 0), (52, 0);
move (82, 0), (79, 0), (76, 0), (73, 0), (70, 0), (67, 0), (64, 0), (61, 0), (58, 0), (55, 0), (52, 0) to (136, 307), (126, 307), (116, 307), (106, 307), (96, 307), (86, 307), (76, 307), (66, 307), (56, 307), (46, 307), (36, 307);
store (136, 307), (126, 307), (116, 307), (106, 307), (96, 307), (86, 307), (76, 307), (66, 307), (56, 307), (46, 307), (36, 307) to (135, 307), (125, 307), (115, 307), (105, 307), (95, 307), (85, 307), (75, 307), (65, 307), (55, 307), (45, 307), (35, 307);
load (3, 0), (0, 0) to (4, 0), (1, 0);
move (1, 0), (4, 0) to (4, 0), (10, 0);
load (6, 0) to (7, 0);
move (4, 0), (7, 0), (10, 0) to (19, 0), (22, 0), (25, 0);
load (15, 0), (12, 0), (9, 0) to (16, 0), (13, 0), (10, 0);
move (10, 0), (13, 0), (16, 0), (19, 0), (22, 0), (25, 0) to (35, 308), (45, 308), (55, 308), (65, 308), (75, 308), (85, 308);
cz;
move (35, 308), (45, 308), (55, 308), (65, 308), (75, 308), (85, 308) to (95, 308), (105, 308), (115, 308), (125, 308), (135, 308), (145, 308);
cz;
move (95, 308), (105, 308), (115, 308), (125, 308), (135, 308), (145, 308) to (1, 0), (4, 0), (7, 0), (10, 0), (13, 0), (16, 0);
store (1, 0), (4, 0), (7, 0), (10, 0), (13, 0), (16, 0) to (0, 0), (3, 0), (6, 0), (9, 0), (12, 0), (15, 0);
load (35, 307), (45, 307), (55, 307), (65, 307), (75, 307), (85, 307), (95, 307), (105, 307), (115, 307), (125, 307), (135, 307) to (36, 307), (46, 307), (56, 307), (66, 307), (76, 307), (86, 307), (96, 307), (106, 307), (116, 307), (126, 307), (136, 307);
move (36, 307), (46, 307), (56, 307), (66, 307), (76, 307), (86, 307), (96, 307), (106, 307), (116, 307), (126, 307), (136, 307) to (19, 0), (22, 0), (25, 0), (28, 0), (34, 0), (40, 0), (46, 0), (49, 0), (52, 0), (55, 0), (58, 0);
store (19, 0), (22, 0), (25, 0), (28, 0), (34, 0), (40, 0), (46, 0), (49, 0), (52, 0), (55, 0), (58, 0) to (18, 0), (21, 0), (24, 0), (27, 0), (33, 0), (39, 0), (45, 0), (48, 0), (51, 0), (54, 0), (57, 0);
rz(1.5708) at (18, 0), (21, 0), (24, 0), (27, 0), (33, 0), (45, 0), (48, 0), (51, 0), (54, 0), (57, 0);
load (24, 0), (21, 0), (18, 0) to (25, 0), (22, 0), (19, 0);
move (22, 0), (19, 0), (25, 0) to (25, 0), (22, 0), (37, 0);
load (33, 0), (27, 0) to (34, 0), (28, 0);
move (25, 0), (22, 0), (28, 0), (34, 0), (37, 0) to (37, 0), (34, 0), (43, 0), (46, 0), (49, 0);
load (39, 0) to (40, 0);
move (34, 0), (37, 0), (40, 0), (43, 0), (46, 0), (49, 0) to (46, 0), (52, 0), (55, 0), (58, 0), (61, 0), (64, 0);
load (48, 0) to (49, 0);
move (46, 0), (49, 0), (52, 0), (55, 0), (58, 0), (61, 0), (64, 0) to (55, 0), (58, 0), (61, 0), (64, 0), (67, 0), (70, 0), (73, 0);
load (51, 0), (45, 0) to (52, 0), (46, 0);
move (46, 0), (52, 0), (55, 0), (58, 0), (61, 0), (64, 0), (67, 0), (70, 0), (73, 0) to (61, 0), (64, 0), (67, 0), (70, 0), (73, 0), (76, 0), (79, 0), (82, 0), (85, 0);
load (57, 0), (54, 0) to (58, 0), (55, 0);
move (85, 0), (82, 0), (79, 0), (76, 0), (73, 0), (70, 0), (67, 0), (64, 0), (61, 0), (58, 0), (55, 0) to (146, 307), (126, 307), (116, 307), (106, 307), (96, 307), (86, 307), (76, 307), (66, 307), (56, 307), (46, 307), (36, 307);
store (146, 307), (126, 307), (116, 307), (106, 307), (96, 307), (86, 307), (76, 307), (66, 307), (56, 307), (46, 307), (36, 307) to (145, 307), (125, 307), (115, 307), (105, 307), (95, 307), (85, 307), (75, 307), (65, 307), (55, 307), (45, 307), (35, 307);
load (3, 0), (0, 0) to (4, 0), (1, 0);
move (1, 0), (4, 0) to (4, 0), (64, 0);
load (6, 0), (60, 0) to (7, 0), (61, 0);
move (4, 0), (7, 0), (61, 0), (64, 0) to (16, 0), (19, 0), (22, 0), (25, 0);
load (12, 0), (9, 0) to (13, 0), (10, 0);
move (10, 0), (13, 0), (16, 0), (19, 0), (22, 0), (25, 0) to (35, 308), (45, 308), (55, 308), (65, 308), (75, 308), (85, 308);
cz;
move (35, 308), (45, 308), (55, 308), (65, 308), (75, 308), (85, 308) to (95, 308), (105, 308), (115, 308), (125, 308), (135, 308), (145, 308);
cz;
move (95, 308), (105, 308), (115, 308), (125, 308), (135, 308), (145, 308) to (1, 0), (4, 0), (7, 0), (10, 0), (13, 0), (19, 0);
store (1, 0), (4, 0), (7, 0), (10, 0), (13, 0), (19, 0) to (0, 0), (3, 0), (6, 0), (9, 0), (12, 0), (18, 0);
load (35, 307), (45, 307), (55, 307), (65, 307), (75, 307), (85, 307), (95, 307), (105, 307), (115, 307), (125, 307), (145, 307) to (36, 307), (46, 307), (56, 307), (66, 307), (76, 307), (86, 307), (96, 307), (106, 307), (116, 307), (126, 307), (146, 307);
move (36, 307), (46, 307), (56, 307), (66, 307), (76, 307), (86, 307), (96, 307), (106, 307), (116, 307), (126, 307), (146, 307) to (22, 0), (25, 0), (28, 0), (34, 0), (40, 0), (46, 0), (49, 0), (52, 0), (55, 0), (58, 0), (61, 0);
store (22, 0), (25, 0), (28, 0), (34, 0), (40, 0), (46, 0), (49, 0), (52, 0), (55, 0), (58, 0), (61, 0) to (21, 0), (24, 0), (27, 0), (33, 0), (39, 0), (45, 0), (48, 0), (51, 0), (54, 0), (57, 0), (60, 0);
rz(1.5708) at (21, 0), (24, 0), (27, 0), (33, 0), (39, 0), (45, 0), (48, 0), (51, 0), (54, 0), (57, 0), (60, 0);
rz(1.5708) at (39, 0);
load (15, 0) to (16, 0);
move (16, 0) to (28, 0);
load (24, 0), (21, 0) to (25, 0), (22, 0);
move (22, 0), (25, 0), (28, 0) to (25, 0), (31, 0), (34, 0);
load (27, 0) to (28, 0);
move (25, 0), (28, 0), (31, 0), (34, 0) to (31, 0), (37, 0), (40, 0), (43, 0);
load (33, 0) to (34, 0);
move (31, 0), (34, 0), (37, 0), (40, 0), (43, 0) to (49, 0), (52, 0), (55, 0), (58, 0), (61, 0);
load (45, 0), (39, 0) to (46, 0), (40, 0);
move (40, 0), (46, 0), (49, 0), (52, 0), (55, 0), (58, 0), (61, 0) to (49, 0), (55, 0), (58, 0), (61, 0), (64, 0), (67, 0), (70, 0);
load (51, 0) to (52, 0);
move (49, 0), (52, 0), (55, 0), (58, 0), (61, 0), (64, 0), (67, 0), (70, 0) to (55, 0), (61, 0), (64, 0), (67, 0), (70, 0), (73, 0), (76, 0), (79, 0);
load (57, 0), (48, 0) to (58, 0), (49, 0);
move (49, 0), (55, 0), (58, 0), (61, 0), (64, 0), (67, 0), (70, 0), (73, 0), (76, 0), (79, 0) to (52, 0), (64, 0), (67, 0), (70, 0), (73, 0), (76, 0), (79, 0), (82, 0), (85, 0), (88, 0);
load (60, 0), (54, 0) to (61, 0), (55, 0);
move (88, 0), (85, 0), (82, 0), (79, 0), (76, 0), (73, 0), (70, 0), (67, 0), (64, 0), (61, 0), (55, 0), (52, 0) to (146, 307), (136, 307), (126, 307), (116, 307), (106, 307), (96, 307), (86, 307), (76, 307), (66, 307), (56, 307), (46, 307), (36, 307);
store (146, 307), (136, 307), (126, 307), (116, 307), (106, 307), (96, 307), (86, 307), (76, 307), (66, 307), (56, 307), (46, 307), (36, 307) to (145, 307), (135, 307), (125, 307), (115, 307), (105, 307), (95, 307), (85, 307), (75, 307), (65, 307), (55, 307), (45, 307), (35, 307);
load (3, 0), (0, 0) to (4, 0), (1, 0);
move (1, 0), (4, 0) to (4, 0), (13, 0);
load (9, 0), (6, 0) to (10, 0), (7, 0);
move (7, 0), (4, 0), (10, 0), (13, 0) to (10, 0), (7, 0), (16, 0), (19, 0);
load (12, 0) to (13, 0);
move (10, 0), (7, 0), (13, 0), (16, 0), (19, 0) to (16, 0), (13, 0), (22, 0), (25, 0), (28, 0);
load (18, 0) to (19, 0);
move (13, 0), (16, 0), (19, 0), (22, 0), (25, 0), (28, 0) to (35, 308), (45, 308), (55, 308), (65, 308), (75, 308), (85, 308);
cz;
move (35, 308), (45, 308), (55, 308), (65, 308), (75, 308), (85, 308) to (95, 308), (105, 308), (115, 308), (125, 308), (135, 308), (145, 308);
cz;
move (95, 308), (105, 308), (115, 308), (125, 308), (135, 308), (145, 308) to (1, 0), (4, 0), (7, 0), (10, 0), (13, 0), (16, 0);
store (1, 0), (4, 0), (7, 0), (10, 0), (13, 0), (16, 0) to (0, 0), (3, 0), (6, 0), (9, 0), (12, 0), (15, 0);
load (35, 307), (45, 307), (55, 307), (65, 307), (75, 307), (85, 307), (95, 307), (105, 307), (115, 307), (125, 307), (135, 307), (145, 307) to (36, 307), (46, 307), (56, 307), (66, 307), (76, 307), (86, 307), (96, 307), (106, 307), (116, 307), (126, 307), (136, 307), (146, 307);
move (36, 307), (46, 307), (56, 307), (66, 307), (76, 307), (86, 307), (96, 307), (106, 307), (116, 307), (126, 307), (136, 307), (146, 307) to (19, 0), (22, 0), (25, 0), (28, 0), (34, 0), (40, 0), (46, 0), (49, 0), (52, 0), (55, 0), (58, 0), (61, 0);
store (19, 0), (22, 0), (25, 0), (28, 0), (34, 0), (40, 0), (46, 0), (49, 0), (52, 0), (55, 0), (58, 0), (61, 0) to (18, 0), (21, 0), (24, 0), (27, 0), (33, 0), (39, 0), (45, 0), (48, 0), (51, 0), (54, 0), (57, 0), (60, 0);
rz(1.5708) at (15, 0), (18, 0), (21, 0), (24, 0), (33, 0), (39, 0), (45, 0), (48, 0), (51, 0), (54, 0), (57, 0), (60, 0);
load (24, 0), (21, 0), (18, 0) to (25, 0), (22, 0), (19, 0);
move (22, 0), (19, 0), (25, 0) to (37, 0), (34, 0), (43, 0);
load (39, 0) to (40, 0);
move (34, 0), (37, 0), (40, 0), (43, 0) to (37, 0), (40, 0), (43, 0), (46, 0);
load (33, 0) to (34, 0);
move (34, 0), (37, 0), (40, 0), (43, 0), (46, 0) to (49, 0), (52, 0), (55, 0), (58, 0), (61, 0);
load (45, 0) to (46, 0);
move (46, 0), (49, 0), (52, 0), (55, 0), (58, 0), (61, 0) to (64, 0), (67, 0), (70, 0), (73, 0), (76, 0), (79, 0);
load (60, 0), (57, 0), (54, 0), (48, 0) to (61, 0), (58, 0), (55, 0), (49, 0);
move (49, 0), (55, 0), (58, 0), (61, 0), (64, 0), (67, 0), (70, 0), (73, 0), (76, 0), (79, 0) to (55, 0), (58, 0), (61, 0), (64, 0), (67, 0), (70, 0), (73, 0), (76, 0), (79, 0), (82, 0);
load (51, 0) to (52, 0);
move (82, 0), (79, 0), (76, 0), (73, 0), (70, 0), (67, 0), (64, 0), (61, 0), (58, 0), (55, 0), (52, 0) to (146, 307), (126, 307), (116, 307), (106, 307), (96, 307), (86, 307), (76, 307), (66, 307), (56, 307), (46, 307), (36, 307);
store (146, 307), (126, 307), (116, 307), (106, 307), (96, 307), (86, 307), (76, 307), (66, 307), (56, 307), (46, 307), (36, 307) to (145, 307), (125, 307), (115, 307), (105, 307), (95, 307), (85, 307), (75, 307), (65, 307), (55, 307), (45, 307), (35, 307);
load (0, 0) to (1, 0);
move (1, 0) to (19, 0);
load (15, 0), (12, 0), (9, 0), (3, 0) to (16, 0), (13, 0), (10, 0), (4, 0);
move (4, 0), (10, 0), (13, 0), (16, 0), (19, 0) to (10, 0), (13, 0), (16, 0), (19, 0), (22, 0);
load (6, 0) to (7, 0);
move (7, 0), (10, 0), (13, 0), (16, 0), (19, 0), (22, 0) to (35, 308), (45, 308), (55, 308), (65, 308), (75, 308), (85, 308);
cz;
move (35, 308), (45, 308), (55, 308), (65, 308), (75, 308), (85, 308) to (95, 308), (105, 308), (115, 308), (125, 308), (135, 308), (145, 308);
cz;
move (95, 308), (105, 308), (115, 308), (125, 308), (135, 308), (145, 308) to (1, 0), (4, 0), (7, 0), (10, 0), (13, 0), (16, 0);
store (1, 0), (4, 0), (7, 0), (10, 0), (13, 0), (16, 0) to (0, 0), (3, 0), (6, 0), (9, 0), (12, 0), (15, 0);
load (35, 307), (45, 307), (55, 307), (65, 307), (75, 307), (85, 307), (95, 307), (105, 307), (115, 307), (125, 307), (145, 307) to (36, 307), (46, 307), (56, 307), (66, 307), (76, 307), (86, 307), (96, 307), (106, 307), (116, 307), (126, 307), (146, 307);
move (36, 307), (46, 307), (56, 307), (66, 307), (76, 307), (86, 307), (96, 307), (106, 307), (116, 307), (126, 307), (146, 307) to (19, 0), (22, 0), (25, 0), (34, 0), (40, 0), (46, 0), (49, 0), (52, 0), (55, 0), (58, 0), (61, 0);
store (19, 0), (22, 0), (25, 0), (34, 0), (40, 0), (46, 0), (49, 0), (52, 0), (55, 0), (58, 0), (61, 0) to (18, 0), (21, 0), (24, 0), (33, 0), (39, 0), (45, 0), (48, 0), (51, 0), (54, 0), (57, 0), (60, 0);
rz(1.5708) at (18, 0), (21, 0), (24, 0), (33, 0), (45, 0), (48, 0), (51, 0), (54, 0), (57, 0), (60, 0);
load (33, 0), (18, 0) to (34, 0), (19, 0);
move (19, 0), (34, 0) to (43, 0), (46, 0);
load (39, 0), (24, 0), (21, 0) to (40, 0), (25, 0), (22, 0);
move (25, 0), (22, 0), (40, 0), (43, 0), (46, 0) to (43, 0), (40, 0), (49, 0), (52, 0), (55, 0);
load (45, 0) to (46, 0);
move (43, 0), (40, 0), (46, 0), (49, 0), (52, 0), (55, 0) to (46, 0), (43, 0), (52, 0), (55, 0), (58, 0), (61, 0);
load (48, 0) to (49, 0);
move (43, 0), (46, 0), (49, 0), (52, 0), (55, 0), (58, 0), (61, 0) to (49, 0), (64, 0), (67, 0), (70, 0), (73, 0), (76, 0), (79, 0);
load (60, 0), (57, 0), (51, 0) to (61, 0), (58, 0), (52, 0);
move (49, 0), (52, 0), (58, 0), (61, 0), (64, 0), (67, 0), (70, 0), (73, 0), (76, 0), (79, 0) to (58, 0), (61, 0), (64, 0), (67, 0), (70, 0), (73, 0), (76, 0), (79, 0), (82, 0), (85, 0);
load (54, 0) to (55, 0);
move (85, 0), (82, 0), (79, 0), (76, 0), (73, 0), (70, 0), (67, 0), (64, 0), (61, 0), (58, 0), (55, 0) to (146, 307), (126, 307), (116, 307), (106, 307), (96, 307), (86, 307), (76, 307), (66, 307), (56, 307), (46, 307), (36, 307);
store (146, 307), (126, 307), (116, 307), (106, 307), (96, 307), (86, 307), (76, 307), (66, 307), (56, 307), (46, 307), (36, 307) to (145, 307), (125, 307), (115, 307), (105, 307), (95, 307), (85, 307), (75, 307), (65, 307), (55, 307), (45, 307), (35, 307);
load (0, 0) to (1, 0);
move (1, 0) to (67, 0);
load (15, 0), (9, 0), (3, 0), (63, 0) to (16, 0), (10, 0), (4, 0), (64, 0);
move (4, 0), (10, 0), (16, 0), (64, 0), (67, 0) to (10, 0), (13, 0), (16, 0), (19, 0), (22, 0);
load (6, 0) to (7, 0);
move (7, 0), (10, 0), (13, 0), (16, 0), (19, 0), (22, 0) to (35, 308), (55, 308), (65, 308), (75, 308), (85, 308), (95, 308);
cz;
move (35, 308), (55, 308), (65, 308), (75, 308), (85, 308), (95, 308) to (45, 308), (105, 308), (115, 308), (125, 308), (135, 308), (145, 308);
cz;
move (45, 308), (105, 308), (115, 308), (125, 308), (135, 308), (145, 308) to (1, 0), (4, 0), (7, 0), (10, 0), (16, 0), (19, 0);
store (1, 0), (4, 0), (7, 0), (10, 0), (16, 0), (19, 0) to (0, 0), (3, 0), (6, 0), (9, 0), (15, 0), (18, 0);
load (35, 307), (45, 307), (55, 307), (65, 307), (75, 307), (85, 307), (95, 307), (105, 307), (115, 307), (125, 307), (145, 307) to (36, 307), (46, 307), (56, 307), (66, 307), (76, 307), (86, 307), (96, 307), (106, 307), (116, 307), (126, 307), (146, 307);
move (36, 307), (46, 307), (56, 307), (66, 307), (76, 307), (86, 307), (96, 307), (106, 307), (116, 307), (126, 307), (146, 307) to (22, 0), (25, 0), (34, 0), (40, 0), (46, 0), (49, 0), (52, 0), (55, 0), (58, 0), (61, 0), (64, 0);
store (22, 0), (25, 0), (34, 0), (40, 0), (46, 0), (49, 0), (52, 0), (55, 0), (58, 0), (61, 0), (64, 0) to (21, 0), (24, 0), (33, 0), (39, 0), (45, 0), (48, 0), (51, 0), (54, 0), (57, 0), (60, 0), (63, 0);
rz(1.5708) at (21, 0), (24, 0), (33, 0), (39, 0), (45, 0), (48, 0), (51, 0), (54, 0), (57, 0), (60, 0), (63, 0);
rz(1.5708) at (48, 0);
load (33, 0), (24, 0), (21, 0), (12, 0) to (34, 0), (25, 0), (22, 0), (13, 0);
move (25, 0), (22, 0), (13, 0), (34, 0) to (43, 0), (40, 0), (37, 0), (49, 0);
load (45, 0) to (46, 0);
move (40, 0), (37, 0), (43, 0), (46, 0), (49, 0) to (52, 0), (37, 0), (58, 0), (61, 0), (64, 0);
load (54, 0), (48, 0), (39, 0) to (55, 0), (49, 0), (40, 0);
move (37, 0), (40, 0), (49, 0), (52, 0), (55, 0), (58, 0), (61, 0), (64, 0) to (49, 0), (67, 0), (70, 0), (73, 0), (76, 0), (79, 0), (82, 0), (85, 0);
load (63, 0), (51, 0) to (64, 0), (52, 0);
move (49, 0), (52, 0), (64, 0), (67, 0), (70, 0), (73, 0), (76, 0), (79, 0), (82, 0), (85, 0) to (58, 0), (64, 0), (67, 0), (70, 0), (73, 0), (76, 0), (79, 0), (82, 0), (85, 0), (88, 0);
load (60, 0) to (61, 0);
move (58, 0), (61, 0), (64, 0), (67, 0), (70, 0), (73, 0), (76, 0), (79, 0), (82, 0), (85, 0), (88, 0) to (61, 0), (64, 0), (67, 0), (70, 0), (73, 0), (76, 0), (79, 0), (82, 0), (85, 0), (88, 0), (91, 0);
load (57, 0) to (58, 0);
move (91, 0), (88, 0), (85, 0), (82, 0), (79, 0), (76, 0), (73, 0), (70, 0), (67, 0), (64, 0), (61, 0), (58, 0) to (146, 307), (136, 307), (126, 307), (116, 307), (106, 307), (96, 307), (86, 307), (76, 307), (66, 307), (56, 307), (46, 307), (36, 307);
store (146, 307), (136, 307), (126, 307), (116, 307), (106, 307), (96, 307), (86, 307), (76, 307), (66, 307), (56, 307), (46, 307), (36, 307) to (145, 307), (135, 307), (125, 307), (115, 307), (105, 307), (95, 307), (85, 307), (75, 307), (65, 307), (55, 307), (45, 307), (35, 307);
load (0, 0) to (1, 0);
move (1, 0) to (7, 0);
load (3, 0) to (4, 0);
move (4, 0), (7, 0) to (19, 0), (22, 0);
load (15, 0), (9, 0), (6, 0) to (16, 0), (10, 0), (7, 0);
move (10, 0), (7, 0), (16, 0), (19, 0), (22, 0) to (16, 0), (13, 0), (22, 0), (25, 0), (28, 0);
load (18, 0) to (19, 0);
move (13, 0), (16, 0), (19, 0), (22, 0), (25, 0), (28, 0) to (35, 308), (55, 308), (75, 308), (95, 308), (115, 308), (125, 308);
cz;
move (35, 308), (55, 308), (75, 308), (95, 308), (115, 308), (125, 308) to (45, 308), (65, 308), (85, 308), (105, 308), (135, 308), (145, 308);
cz;
move (45, 308), (65, 308), (85, 308), (105, 308), (135, 308), (145, 308) to (1, 0), (4, 0), (7, 0), (10, 0), (13, 0), (16, 0);
store (1, 0), (4, 0), (7, 0), (10, 0), (13, 0), (16, 0) to (0, 0), (3, 0), (6, 0), (9, 0), (12, 0), (15, 0);
load (35, 307), (45, 307), (55, 307), (65, 307), (75, 307), (85, 307), (95, 307), (105, 307), (115, 307), (125, 307), (135, 307), (145, 307) to (36, 307), (46, 307), (56, 307), (66, 307), (76, 307), (86, 307), (96, 307), (106, 307), (116, 307), (126, 307), (136, 307), (146, 307);
move (36, 307), (46, 307), (56, 307), (66, 307), (76, 307), (86, 307), (96, 307), (106, 307), (116, 307), (126, 307), (136, 307), (146, 307) to (19, 0), (22, 0), (25, 0), (34, 0), (40, 0), (46, 0), (49, 0), (52, 0), (55, 0), (58, 0), (61, 0), (64, 0);
store (19, 0), (22, 0), (25, 0), (34, 0), (40, 0), (46, 0), (49, 0), (52, 0), (55, 0), (58, 0), (61, 0), (64, 0) to (18, 0), (21, 0), (24, 0), (33, 0), (39, 0), (45, 0), (48, 0), (51, 0), (54, 0), (57, 0), (60, 0), (63, 0);
rz(1.5708) at (0, 0), (18, 0), (21, 0), (24, 0), (33, 0), (39, 0), (45, 0), (51, 0), (54, 0), (57, 0), (60, 0), (63, 0);
load (18, 0) to (19, 0);
move (19, 0) to (28, 0);
load (24, 0), (21, 0) to (25, 0), (22, 0);
move (22, 0), (25, 0), (28, 0) to (37, 0), (61, 0), (64, 0);
load (57, 0), (54, 0), (39, 0), (33, 0) to (58, 0), (55, 0), (40, 0), (34, 0);
move (37, 0), (34, 0), (40, 0), (55, 0), (58, 0), (61, 0), (64, 0) to (43, 0), (40, 0), (49, 0), (52, 0), (55, 0), (58, 0), (61, 0);
load (45, 0) to (46, 0);
move (40, 0), (43, 0), (46, 0), (49, 0), (52, 0), (55, 0), (58, 0), (61, 0) to (49, 0), (64, 0), (67, 0), (70, 0), (73, 0), (76, 0), (79, 0), (82, 0);
load (60, 0), (51, 0) to (61, 0), (52, 0);
move (49, 0), (52, 0), (61, 0), (64, 0), (67, 0), (70, 0), (73, 0), (76, 0), (79, 0), (82, 0) to (61, 0), (67, 0), (70, 0), (73, 0), (76, 0), (79, 0), (82, 0), (85, 0), (88, 0), (91, 0);
load (63, 0) to (64, 0);
move (91, 0), (88, 0), (85, 0), (82, 0), (79, 0), (76, 0), (73, 0), (70, 0), (67, 0), (64, 0), (61, 0) to (146, 307), (126, 307), (116, 307), (106, 307), (96, 307), (86, 307), (76, 307), (66, 307), (56, 307), (46, 307), (36, 307);
store (146, 307), (126, 307), (116, 307), (106, 307), (96, 307), (86, 307), (76, 307), (66, 307), (56, 307), (46, 307), (36, 307) to (145, 307), (125, 307), (115, 307), (105, 307), (95, 307), (85, 307), (75, 307), (65, 307), (55, 307), (45, 307), (35, 307);
load (6, 0), (0, 0) to (7, 0), (1, 0);
move (1, 0), (7, 0) to (16, 0), (19, 0);
load (12, 0), (9, 0), (3, 0) to (13, 0), (10, 0), (4, 0);
move (4, 0), (10, 0), (13, 0), (16, 0), (19, 0) to (13, 0), (19, 0), (22, 0), (25, 0), (28, 0);
load (15, 0) to (16, 0);
move (13, 0), (16, 0), (19, 0), (22, 0), (25, 0), (28, 0) to (35, 308), (45, 308), (55, 308), (65, 308), (75, 308), (85, 308);
cz;
move (35, 308), (45, 308), (55, 308), (65, 308), (75, 308), (85, 308) to (95, 308), (105, 308), (115, 308), (125, 308), (135, 308), (145, 308);
cz;
move (95, 308), (105, 308), (115, 308), (125, 308), (135, 308), (145, 308) to (1, 0), (4, 0), (7, 0), (10, 0), (13, 0), (16, 0);
store (1, 0), (4, 0), (7, 0), (10, 0), (13, 0), (16, 0) to (0, 0), (3, 0), (6, 0), (9, 0), (12, 0), (15, 0);
load (35, 307), (45, 307), (55, 307), (65, 307), (75, 307), (85, 307), (95, 307), (105, 307), (115, 307), (125, 307), (145, 307) to (36, 307), (46, 307), (56, 307), (66, 307), (76, 307), (86, 307), (96, 307), (106, 307), (116, 307), (126, 307), (146, 307);
move (36, 307), (46, 307), (56, 307), (66, 307), (76, 307), (86, 307), (96, 307), (106, 307), (116, 307), (126, 307), (146, 307) to (19, 0), (22, 0), (25, 0), (34, 0), (40, 0), (46, 0), (52, 0), (55, 0), (58, 0), (61, 0), (64, 0);
store (19, 0), (22, 0), (25, 0), (34, 0), (40, 0), (46, 0), (52, 0), (55, 0), (58, 0), (61, 0), (64, 0) to (18, 0), (21, 0), (24, 0), (33, 0), (39, 0), (45, 0), (51, 0), (54, 0), (57, 0), (60, 0), (63, 0);
rz(1.5708) at (18, 0), (21, 0), (24, 0), (33, 0), (45, 0), (51, 0), (54, 0), (57, 0), (60, 0), (63, 0);
load (45, 0), (39, 0), (18, 0) to (46, 0), (40, 0), (19, 0);
move (19, 0), (40, 0), (46, 0) to (37, 0), (40, 0), (43, 0);
load (33, 0), (21, 0) to (34, 0), (22, 0);
move (22, 0), (34, 0), (37, 0), (40, 0), (43, 0) to (55, 0), (58, 0), (61, 0), (64, 0), (67, 0);
load (51, 0), (24, 0) to (52, 0), (25, 0);
move (25, 0), (52, 0), (55, 0), (58, 0), (61, 0), (64, 0), (67, 0) to (67, 0), (70, 0), (73, 0), (76, 0), (79, 0), (82, 0), (85, 0);
load (63, 0), (60, 0), (54, 0) to (64, 0), (61, 0), (55, 0);
move (55, 0), (61, 0), (64, 0), (67, 0), (70, 0), (73, 0), (76, 0), (79, 0), (82, 0), (85, 0) to (61, 0), (64, 0), (67, 0), (70, 0), (73, 0), (76, 0), (79, 0), (82, 0), (85, 0), (88, 0);
load (57, 0) to (58, 0);
move (88, 0), (85, 0), (82, 0), (79, 0), (76, 0), (73, 0), (70, 0), (67, 0), (64, 0), (61, 0), (58, 0) to (146, 307), (126, 307), (116, 307), (106, 307), (96, 307), (86, 307), (76, 307), (66, 307), (56, 307), (46, 307), (36, 307);
store (146, 307), (126, 307), (116, 307), (106, 307), (96, 307), (86, 307), (76, 307), (66, 307), (56, 307), (46, 307), (36, 307) to (145, 307), (125, 307), (115, 307), (105, 307), (95, 307), (85, 307), (75, 307), (65, 307), (55, 307), (45, 307), (35, 307);
load (0, 0) to (1, 0);
move (1, 0) to (70, 0);
load (15, 0), (9, 0), (3, 0), (66, 0) to (16, 0), (10, 0), (4, 0), (67, 0);
move (4, 0), (10, 0), (16, 0), (67, 0), (70, 0) to (10, 0), (13, 0), (16, 0), (19, 0), (22, 0);
load (6, 0) to (7, 0);
move (7, 0), (10, 0), (13, 0), (16, 0), (19, 0), (22, 0) to (35, 308), (45, 308), (55, 308), (65, 308), (75, 308), (85, 308);
cz;
move (35, 308), (45, 308), (55, 308), (65, 308), (75, 308), (85, 308) to (95, 308), (105, 308), (115, 308), (125, 308), (135, 308), (145, 308);
cz;
move (95, 308), (105, 308), (115, 308), (125, 308), (135, 308), (145, 308) to (1, 0), (4, 0), (7, 0), (10, 0), (16, 0), (19, 0);
store (1, 0), (4, 0), (7, 0), (10, 0), (16, 0), (19, 0) to (0, 0), (3, 0), (6, 0), (9, 0), (15, 0), (18, 0);
load (35, 307), (45, 307), (55, 307), (65, 307), (75, 307), (85, 307), (95, 307), (105, 307), (115, 307), (125, 307), (145, 307) to (36, 307), (46, 307), (56, 307), (66, 307), (76, 307), (86, 307), (96, 307), (106, 307), (116, 307), (126, 307), (146, 307);
move (36, 307), (46, 307), (56, 307), (66, 307), (76, 307), (86, 307), (96, 307), (106, 307), (116, 307), (126, 307), (146, 307) to (22, 0), (25, 0), (34, 0), (40, 0), (46, 0), (52, 0), (55, 0), (58, 0), (61, 0), (64, 0), (67, 0);
store (22, 0), (25, 0), (34, 0), (40, 0), (46, 0), (52, 0), (55, 0), (58, 0), (61, 0), (64, 0), (67, 0) to (21, 0), (24, 0), (33, 0), (39, 0), (45, 0), (51, 0), (54, 0), (57, 0), (60, 0), (63, 0), (66, 0);
rz(1.5708) at (21, 0), (24, 0), (33, 0), (39, 0), (45, 0), (51, 0), (54, 0), (57, 0), (60, 0), (63, 0), (66, 0);
rz(1.5708) at (45, 0);
load (24, 0), (21, 0), (12, 0) to (25, 0), (22, 0), (13, 0);
move (22, 0), (13, 0), (25, 0) to (31, 0), (28, 0), (37, 0);
load (33, 0) to (34, 0);
move (31, 0), (28, 0), (34, 0), (37, 0) to (52, 0), (37, 0), (58, 0), (61, 0);
load (54, 0), (45, 0), (39, 0) to (55, 0), (46, 0), (40, 0);
move (52, 0), (46, 0), (40, 0), (37, 0), (55, 0), (58, 0), (61, 0) to (55, 0), (52, 0), (49, 0), (46, 0), (61, 0), (64, 0), (67, 0);
load (57, 0) to (58, 0);
move (46, 0), (49, 0), (52, 0), (55, 0), (58, 0), (61, 0), (64, 0), (67, 0) to (64, 0), (70, 0), (73, 0), (76, 0), (79, 0), (82, 0), (85, 0), (88, 0);
load (66, 0), (51, 0) to (67, 0), (52, 0);
move (52, 0), (64, 0), (67, 0), (70, 0), (73, 0), (76, 0), (79, 0), (82, 0), (85, 0), (88, 0) to (61, 0), (67, 0), (70, 0), (73, 0), (76, 0), (79, 0), (82, 0), (85, 0), (88, 0), (91, 0);
load (63, 0) to (64, 0);
move (61, 0), (64, 0), (67, 0), (70, 0), (73, 0), (76, 0), (79, 0), (82, 0), (85, 0), (88, 0), (91, 0) to (64, 0), (67, 0), (70, 0), (73, 0), (76, 0), (79, 0), (82, 0), (85, 0), (88, 0), (91, 0), (94, 0);
load (60, 0) to (61, 0);
move (94, 0), (91, 0), (88, 0), (85, 0), (82, 0), (79, 0), (76, 0), (73, 0), (70, 0), (67, 0), (64, 0), (61, 0) to (146, 307), (136, 307), (126, 307), (116, 307), (106, 307), (96, 307), (86, 307), (76, 307), (66, 307), (56, 307), (46, 307), (36, 307);
store (146, 307), (136, 307), (126, 307), (116, 307), (106, 307), (96, 307), (86, 307), (76, 307), (66, 307), (56, 307), (46, 307), (36, 307) to (145, 307), (135, 307), (125, 307), (115, 307), (105, 307), (95, 307), (85, 307), (75, 307), (65, 307), (55, 307), (45, 307), (35, 307);
load (0, 0) to (1, 0);
move (1, 0) to (7, 0);
load (3, 0) to (4, 0);
move (4, 0), (7, 0) to (19, 0), (22, 0);
load (15, 0), (9, 0), (6, 0) to (16, 0), (10, 0), (7, 0);
move (10, 0), (7, 0), (16, 0), (19, 0), (22, 0) to (16, 0), (13, 0), (22, 0), (25, 0), (28, 0);
load (18, 0) to (19, 0);
move (13, 0), (16, 0), (19, 0), (22, 0), (25, 0), (28, 0) to (35, 308), (55, 308), (75, 308), (95, 308), (115, 308), (125, 308);
cz;
move (35, 308), (55, 308), (75, 308), (95, 308), (115, 308), (125, 308) to (45, 308), (65, 308), (85, 308), (105, 308), (135, 308), (145, 308);
cz;
move (45, 308), (65, 308), (85, 308), (105, 308), (135, 308), (145, 308) to (1, 0), (4, 0), (7, 0), (10, 0), (13, 0), (16, 0);
store (1, 0), (4, 0), (7, 0), (10, 0), (13, 0), (16, 0) to (0, 0), (3, 0), (6, 0), (9, 0), (12, 0), (15, 0);
load (35, 307), (45, 307), (55, 307), (65, 307), (75, 307), (85, 307), (95, 307), (105, 307), (115, 307), (125, 307), (135, 307), (145, 307) to (36, 307), (46, 307), (56, 307), (66, 307), (76, 307), (86, 307), (96, 307), (106, 307), (116, 307), (126, 307), (136, 307), (146, 307);
move (36, 307), (46, 307), (56, 307), (66, 307), (76, 307), (86, 307), (96, 307), (106, 307), (116, 307), (126, 307), (136, 307), (146, 307) to (19, 0), (22, 0), (25, 0), (34, 0), (40, 0), (46, 0), (52, 0), (55, 0), (58, 0), (61, 0), (64, 0), (67, 0);
store (19, 0), (22, 0), (25, 0), (34, 0), (40, 0), (46, 0), (52, 0), (55, 0), (58, 0), (61, 0), (64, 0), (67, 0) to (18, 0), (21, 0), (24, 0), (33, 0), (39, 0), (45, 0), (51, 0), (54, 0), (57, 0), (60, 0), (63, 0), (66, 0);
rz(1.5708) at (3, 0), (18, 0), (21, 0), (24, 0), (33, 0), (39, 0), (45, 0), (54, 0), (57, 0), (60, 0), (63, 0), (66, 0);
load (24, 0), (21, 0), (3, 0) to (25, 0), (22, 0), (4, 0);
move (22, 0), (4, 0), (25, 0) to (37, 0), (34, 0), (49, 0);
load (45, 0), (39, 0), (18, 0) to (46, 0), (40, 0), (19, 0);
move (19, 0), (34, 0), (37, 0), (40, 0), (46, 0), (49, 0) to (52, 0), (64, 0), (67, 0), (70, 0), (73, 0), (76, 0);
load (60, 0), (54, 0) to (61, 0), (55, 0);
move (52, 0), (55, 0), (61, 0), (64, 0), (67, 0), (70, 0), (73, 0), (76, 0) to (55, 0), (61, 0), (64, 0), (67, 0), (70, 0), (73, 0), (76, 0), (79, 0);
load (57, 0) to (58, 0);
move (55, 0), (58, 0), (61, 0), (64, 0), (67, 0), (70, 0), (73, 0), (76, 0), (79, 0) to (64, 0), (70, 0), (73, 0), (76, 0), (79, 0), (82, 0), (85, 0), (88, 0), (91, 0);
load (66, 0) to (67, 0);
move (64, 0), (67, 0), (70, 0), (73, 0), (76, 0), (79, 0), (82, 0), (85, 0), (88, 0), (91, 0) to (67, 0), (70, 0), (73, 0), (76, 0), (79, 0), (82, 0), (85, 0), (88, 0), (91, 0), (94, 0);
load (63, 0) to (64, 0);
move (94, 0), (91, 0), (88, 0), (85, 0), (82, 0), (79, 0), (76, 0), (73, 0), (70, 0), (67, 0), (64, 0) to (146, 307), (136, 307), (126, 307), (116, 307), (106, 307), (86, 307), (76, 307), (66, 307), (56, 307), (46, 307), (36, 307);
store (146, 307), (136, 307), (126, 307), (116, 307), (106, 307), (86, 307), (76, 307), (66, 307), (56, 307), (46, 307), (36, 307) to (145, 307), (135, 307), (125, 307), (115, 307), (105, 307), (85, 307), (75, 307), (65, 307), (55, 307), (45, 307), (35, 307);
load (6, 0), (0, 0) to (7, 0), (1, 0);
move (1, 0), (7, 0) to (37, 0), (40, 0);
load (33, 0), (9, 0) to (34, 0), (10, 0);
move (10, 0), (34, 0), (37, 0), (40, 0) to (19, 0), (22, 0), (25, 0), (28, 0);
load (15, 0), (12, 0) to (16, 0), (13, 0);
move (13, 0), (16, 0), (19, 0), (22, 0), (25, 0), (28, 0) to (35, 308), (55, 308), (75, 308), (105, 308), (115, 308), (135, 308);
cz;
move (35, 308), (55, 308), (75, 308), (105, 308), (115, 308), (135, 308) to (45, 308), (65, 308), (85, 308), (95, 308), (125, 308), (145, 308);
cz;
move (45, 308), (65, 308), (85, 308), (95, 308), (125, 308), (145, 308) to (1, 0), (4, 0), (7, 0), (10, 0), (13, 0), (16, 0);
store (1, 0), (4, 0), (7, 0), (10, 0), (13, 0), (16, 0) to (0, 0), (3, 0), (6, 0), (9, 0), (12, 0), (15, 0);
load (35, 307), (45, 307), (55, 307), (65, 307), (75, 307), (85, 307), (105, 307), (115, 307), (125, 307), (135, 307), (145, 307) to (36, 307), (46, 307), (56, 307), (66, 307), (76, 307), (86, 307), (106, 307), (116, 307), (126, 307), (136, 307), (146, 307);
move (36, 307), (46, 307), (56, 307), (66, 307), (76, 307), (86, 307), (106, 307), (116, 307), (126, 307), (136, 307), (146, 307) to (19, 0), (22, 0), (25, 0), (34, 0), (40, 0), (46, 0), (55, 0), (58, 0), (61, 0), (64, 0), (67, 0);
store (19, 0), (22, 0), (25, 0), (34, 0), (40, 0), (46, 0), (55, 0), (58, 0), (61, 0), (64, 0), (67, 0) to (18, 0), (21, 0), (24, 0), (33, 0), (39, 0), (45, 0), (54, 0), (57, 0), (60, 0), (63, 0), (66, 0);
rz(1.5708) at (18, 0), (21, 0), (24, 0), (33, 0), (39, 0), (45, 0), (57, 0), (60, 0), (63, 0), (66, 0);
load (63, 0), (9, 0) to (64, 0), (10, 0);
move (10, 0), (64, 0) to (22, 0), (25, 0);
load (18, 0) to (19, 0);
move (19, 0), (22, 0), (25, 0) to (28, 0), (31, 0), (34, 0);
load (24, 0), (21, 0) to (25, 0), (22, 0);
move (22, 0), (25, 0), (28, 0), (31, 0), (34, 0) to (31, 0), (61, 0), (64, 0), (67, 0), (70, 0);
load (57, 0), (39, 0), (33, 0) to (58, 0), (40, 0), (34, 0);
move (34, 0), (31, 0), (40, 0), (58, 0), (61, 0), (64, 0), (67, 0), (70, 0) to (58, 0), (43, 0), (64, 0), (67, 0), (70, 0), (73, 0), (76, 0), (79, 0);
load (60, 0), (45, 0) to (61, 0), (46, 0);
move (58, 0), (46, 0), (43, 0), (61, 0), (64, 0), (67, 0), (70, 0), (73, 0), (76, 0), (79, 0) to (64, 0), (61, 0), (58, 0), (70, 0), (73, 0), (76, 0), (79, 0), (82, 0), (85, 0), (88, 0);
load (66, 0) to (67, 0);
move (88, 0), (85, 0), (82, 0), (79, 0), (76, 0), (73, 0), (70, 0), (67, 0), (64, 0), (61, 0), (58, 0) to (136, 307), (126, 307), (116, 307), (106, 307), (96, 307), (86, 307), (76, 307), (66, 307), (56, 307), (46, 307), (36, 307);
store (136, 307), (126, 307), (116, 307), (106, 307), (96, 307), (86, 307), (76, 307), (66, 307), (56, 307), (46, 307), (36, 307) to (135, 307), (125, 307), (115, 307), (105, 307), (95, 307), (85, 307), (75, 307), (65, 307), (55, 307), (45, 307), (35, 307);
load (12, 0), (3, 0), (0, 0), (69, 0) to (13, 0), (4, 0), (1, 0), (70, 0);
move (4, 0), (1, 0), (13, 0), (70, 0) to (13, 0), (4, 0), (19, 0), (22, 0);
load (15, 0), (6, 0) to (16, 0), (7, 0);
move (4, 0), (7, 0), (13, 0), (16, 0), (19, 0), (22, 0) to (35, 308), (45, 308), (55, 308), (65, 308), (75, 308), (85, 308);
cz;
move (35, 308), (45, 308), (55, 308), (65, 308), (75, 308), (85, 308) to (95, 308), (105, 308), (115, 308), (125, 308), (135, 308), (145, 308);
cz;
move (95, 308), (105, 308), (115, 308), (125, 308), (135, 308), (145, 308) to (1, 0), (4, 0), (7, 0), (10, 0), (13, 0), (16, 0);
store (1, 0), (4, 0), (7, 0), (10, 0), (13, 0), (16, 0) to (0, 0), (3, 0), (6, 0), (9, 0), (12, 0), (15, 0);
load (35, 307), (45, 307), (55, 307), (65, 307), (75, 307), (85, 307), (95, 307), (105, 307), (115, 307), (125, 307), (135, 307) to (36, 307), (46, 307), (56, 307), (66, 307), (76, 307), (86, 307), (96, 307), (106, 307), (116, 307), (126, 307), (136, 307);
move (36, 307), (46, 307), (56, 307), (66, 307), (76, 307), (86, 307), (96, 307), (106, 307), (116, 307), (126, 307), (136, 307) to (19, 0), (22, 0), (25, 0), (34, 0), (40, 0), (46, 0), (58, 0), (61, 0), (64, 0), (67, 0), (70, 0);
store (19, 0), (22, 0), (25, 0), (34, 0), (40, 0), (46, 0), (58, 0), (61, 0), (64, 0), (67, 0), (70, 0) to (18, 0), (21, 0), (24, 0), (33, 0), (39, 0), (45, 0), (57, 0), (60, 0), (63, 0), (66, 0), (69, 0);
rz(1.5708) at (18, 0), (21, 0), (24, 0), (33, 0), (39, 0), (45, 0), (57, 0), (60, 0), (63, 0), (66, 0), (69, 0);
rz(1.5708) at (45, 0);
load (39, 0), (24, 0), (21, 0), (18, 0) to (40, 0), (25, 0), (22, 0), (19, 0);
move (22, 0), (19, 0), (25, 0), (40, 0) to (31, 0), (28, 0), (37, 0), (40, 0);
load (33, 0) to (34, 0);
move (28, 0), (31, 0), (34, 0), (37, 0), (40, 0) to (43, 0), (61, 0), (64, 0), (67, 0), (70, 0);
load (57, 0), (45, 0) to (58, 0), (46, 0);
move (46, 0), (43, 0), (58, 0), (61, 0), (64, 0), (67, 0), (70, 0) to (58, 0), (52, 0), (64, 0), (67, 0), (70, 0), (73, 0), (76, 0);
load (60, 0), (54, 0) to (61, 0), (55, 0);
move (58, 0), (55, 0), (52, 0), (61, 0), (64, 0), (67, 0), (70, 0), (73, 0), (76, 0) to (67, 0), (64, 0), (61, 0), (73, 0), (76, 0), (79, 0), (82, 0), (85, 0), (88, 0);
load (69, 0) to (70, 0);
move (61, 0), (64, 0), (67, 0), (70, 0), (73, 0), (76, 0), (79, 0), (82, 0), (85, 0), (88, 0) to (64, 0), (70, 0), (73, 0), (76, 0), (79, 0), (82, 0), (85, 0), (88, 0), (91, 0), (94, 0);
load (66, 0) to (67, 0);
move (64, 0), (67, 0), (70, 0), (73, 0), (76, 0), (79, 0), (82, 0), (85, 0), (88, 0), (91, 0), (94, 0) to (67, 0), (70, 0), (73, 0), (76, 0), (79, 0), (82, 0), (85, 0), (88, 0), (91, 0), (94, 0), (97, 0);
load (63, 0) to (64, 0);
move (97, 0), (94, 0), (91, 0), (88, 0), (85, 0), (82, 0), (79, 0), (76, 0), (73, 0), (70, 0), (67, 0), (64, 0) to (146, 307), (136, 307), (126, 307), (116, 307), (106, 307), (96, 307), (86, 307), (76, 307), (66, 307), (56, 307), (46, 307), (36, 307);
store (146, 307), (136, 307), (126, 307), (116, 307), (106, 307), (96, 307), (86, 307), (76, 307), (66, 307), (56, 307), (46, 307), (36, 307) to (145, 307), (135, 307), (125, 307), (115, 307), (105, 307), (95, 307), (85, 307), (75, 307), (65, 307), (55, 307), (45, 307), (35, 307);
load (0, 0) to (1, 0);
move (1, 0) to (7, 0);
load (3, 0) to (4, 0);
move (4, 0), (7, 0) to (16, 0), (19, 0);
load (12, 0), (9, 0), (6, 0) to (13, 0), (10, 0), (7, 0);
move (10, 0), (7, 0), (13, 0), (16, 0), (19, 0) to (13, 0), (10, 0), (19, 0), (22, 0), (25, 0);
load (15, 0) to (16, 0);
move (10, 0), (13, 0), (16, 0), (19, 0), (22, 0), (25, 0) to (35, 308), (55, 308), (75, 308), (85, 308), (95, 308), (105, 308);
cz;
move (35, 308), (55, 308), (75, 308), (85, 308), (95, 308), (105, 308) to (45, 308), (65, 308), (115, 308), (125, 308), (135, 308), (145, 308);
cz;
move (45, 308), (65, 308), (115, 308), (125, 308), (135, 308), (145, 308) to (1, 0), (4, 0), (7, 0), (10, 0), (13, 0), (16, 0);
store (1, 0), (4, 0), (7, 0), (10, 0), (13, 0), (16, 0) to (0, 0), (3, 0), (6, 0), (9, 0), (12, 0), (15, 0);
load (35, 307), (45, 307), (55, 307), (65, 307), (75, 307), (85, 307), (95, 307), (105, 307), (115, 307), (125, 307), (135, 307), (145, 307) to (36, 307), (46, 307), (56, 307), (66, 307), (76, 307), (86, 307), (96, 307), (106, 307), (116, 307), (126, 307), (136, 307), (146, 307);
move (36, 307), (46, 307), (56, 307), (66, 307), (76, 307), (86, 307), (96, 307), (106, 307), (116, 307), (126, 307), (136, 307), (146, 307) to (19, 0), (22, 0), (25, 0), (34, 0), (40, 0), (46, 0), (55, 0), (58, 0), (61, 0), (64, 0), (67, 0), (70, 0);
store (19, 0), (22, 0), (25, 0), (34, 0), (40, 0), (46, 0), (55, 0), (58, 0), (61, 0), (64, 0), (67, 0), (70, 0) to (18, 0), (21, 0), (24, 0), (33, 0), (39, 0), (45, 0), (54, 0), (57, 0), (60, 0), (63, 0), (66, 0), (69, 0);
rz(1.5708) at (3, 0), (18, 0), (21, 0), (24, 0), (33, 0), (45, 0), (54, 0), (57, 0), (60, 0), (63, 0), (66, 0), (69, 0);
load (57, 0), (18, 0) to (58, 0), (19, 0);
move (19, 0), (58, 0) to (49, 0), (52, 0);
load (45, 0), (33, 0), (21, 0) to (46, 0), (34, 0), (22, 0);
move (34, 0), (22, 0), (46, 0), (49, 0), (52, 0) to (52, 0), (49, 0), (58, 0), (61, 0), (64, 0);
load (54, 0), (24, 0) to (55, 0), (25, 0);
move (25, 0), (49, 0), (52, 0), (55, 0), (58, 0), (61, 0), (64, 0) to (58, 0), (70, 0), (73, 0), (76, 0), (79, 0), (82, 0), (85, 0);
load (66, 0), (60, 0) to (67, 0), (61, 0);
move (61, 0), (58, 0), (67, 0), (70, 0), (73, 0), (76, 0), (79, 0), (82, 0), (85, 0) to (67, 0), (64, 0), (73, 0), (76, 0), (79, 0), (82, 0), (85, 0), (88, 0), (91, 0);
load (69, 0) to (70, 0);
move (64, 0), (67, 0), (70, 0), (73, 0), (76, 0), (79, 0), (82, 0), (85, 0), (88, 0), (91, 0) to (67, 0), (70, 0), (73, 0), (76, 0), (79, 0), (82, 0), (85, 0), (88, 0), (91, 0), (94, 0);
load (63, 0) to (64, 0);
move (94, 0), (91, 0), (88, 0), (85, 0), (82, 0), (79, 0), (76, 0), (73, 0), (70, 0), (67, 0), (64, 0) to (136, 307), (126, 307), (116, 307), (106, 307), (96, 307), (86, 307), (76, 307), (66, 307), (56, 307), (46, 307), (36, 307);
store (136, 307), (126, 307), (116, 307), (106, 307), (96, 307), (86, 307), (76, 307), (66, 307), (56, 307), (46, 307), (36, 307) to (135, 307), (125, 307), (115, 307), (105, 307), (95, 307), (85, 307), (75, 307), (65, 307), (55, 307), (45, 307), (35, 307);
load (3, 0), (0, 0) to (4, 0), (1, 0);
move (1, 0), (4, 0) to (16, 0), (19, 0);
load (12, 0), (6, 0) to (13, 0), (7, 0);
move (7, 0), (13, 0), (16, 0), (19, 0) to (13, 0), (19, 0), (22, 0), (25, 0);
load (15, 0), (9, 0) to (16, 0), (10, 0);
move (10, 0), (13, 0), (16, 0), (19, 0), (22, 0), (25, 0) to (35, 308), (55, 308), (65, 308), (75, 308), (85, 308), (95, 308);
cz;
move (35, 308), (55, 308), (65, 308), (75, 308), (85, 308), (95, 308) to (45, 308), (105, 308), (115, 308), (125, 308), (135, 308), (145, 308);
cz;
move (45, 308), (105, 308), (115, 308), (125, 308), (135, 308), (145, 308) to (1, 0), (4, 0), (7, 0), (10, 0), (13, 0), (16, 0);
store (1, 0), (4, 0), (7, 0), (10, 0), (13, 0), (16, 0) to (0, 0), (3, 0), (6, 0), (9, 0), (12, 0), (15, 0);
load (35, 307), (45, 307), (55, 307), (65, 307), (75, 307), (85, 307), (95, 307), (105, 307), (115, 307), (125, 307), (135, 307) to (36, 307), (46, 307), (56, 307), (66, 307), (76, 307), (86, 307), (96, 307), (106, 307), (116, 307), (126, 307), (136, 307);
move (36, 307), (46, 307), (56, 307), (66, 307), (76, 307), (86, 307), (96, 307), (106, 307), (116, 307), (126, 307), (136, 307) to (19, 0), (22, 0), (25, 0), (34, 0), (46, 0), (55, 0), (58, 0), (61, 0), (64, 0), (67, 0), (70, 0);
store (19, 0), (22, 0), (25, 0), (34, 0), (46, 0), (55, 0), (58, 0), (61, 0), (64, 0), (67, 0), (70, 0) to (18, 0), (21, 0), (24, 0), (33, 0), (45, 0), (54, 0), (57, 0), (60, 0), (63, 0), (66, 0), (69, 0);
rz(1.5708) at (18, 0), (21, 0), (24, 0), (33, 0), (45, 0), (54, 0), (60, 0), (63, 0), (66, 0), (69, 0);
load (57, 0), (18, 0) to (58, 0), (19, 0);
move (19, 0), (58, 0) to (37, 0), (40, 0);
load (33, 0), (21, 0) to (34, 0), (22, 0);
move (22, 0), (34, 0), (37, 0), (40, 0) to (43, 0), (49, 0), (52, 0), (55, 0);
load (45, 0), (24, 0) to (46, 0), (25, 0);
move (43, 0), (25, 0), (46, 0), (49, 0), (52, 0), (55, 0) to (52, 0), (49, 0), (58, 0), (61, 0), (64, 0), (67, 0);
load (54, 0) to (55, 0);
move (49, 0), (52, 0), (55, 0), (58, 0), (61, 0), (64, 0), (67, 0) to (67, 0), (70, 0), (73, 0), (76, 0), (79, 0), (82, 0), (85, 0);
load (63, 0), (60, 0) to (64, 0), (61, 0);
move (61, 0), (64, 0), (67, 0), (70, 0), (73, 0), (76, 0), (79, 0), (82, 0), (85, 0) to (67, 0), (73, 0), (76, 0), (79, 0), (82, 0), (85, 0), (88, 0), (91, 0), (94, 0);
load (69, 0) to (70, 0);
move (67, 0), (70, 0), (73, 0), (76, 0), (79, 0), (82, 0), (85, 0), (88, 0), (91, 0), (94, 0) to (70, 0), (73, 0), (76, 0), (79, 0), (82, 0), (85, 0), (88, 0), (91, 0), (94, 0), (97, 0);
load (66, 0) to (67, 0);
move (97, 0), (94, 0), (91, 0), (88, 0), (85, 0), (82, 0), (79, 0), (76, 0), (73, 0), (70, 0), (67, 0) to (146, 307), (126, 307), (116, 307), (106, 307), (96, 307), (86, 307), (76, 307), (66, 307), (56, 307), (46, 307), (36, 307);
store (146, 307), (126, 307), (116, 307), (106, 307), (96, 307), (86, 307), (76, 307), (66, 307), (56, 307), (46, 307), (36, 307) to (145, 307), (125, 307), (115, 307), (105, 307), (95, 307), (85, 307), (75, 307), (65, 307), (55, 307), (45, 307), (35, 307);
load (0, 0) to (1, 0);
move (1, 0) to (76, 0);
load (6, 0), (3, 0), (72, 0) to (7, 0), (4, 0), (73, 0);
move (4, 0), (7, 0), (73, 0), (76, 0) to (10, 0), (16, 0), (19, 0), (22, 0);
load (12, 0) to (13, 0);
move (10, 0), (13, 0), (16, 0), (19, 0), (22, 0) to (13, 0), (16, 0), (19, 0), (22, 0), (25, 0);
load (9, 0) to (10, 0);
move (10, 0), (13, 0), (16, 0), (19, 0), (22, 0), (25, 0) to (35, 308), (45, 308), (55, 308), (65, 308), (75, 308), (85, 308);
cz;
move (35, 308), (45, 308), (55, 308), (65, 308), (75, 308), (85, 308) to (95, 308), (105, 308), (115, 308), (125, 308), (135, 308), (145, 308);
cz;
move (95, 308), (105, 308), (115, 308), (125, 308), (135, 308), (145, 308) to (1, 0), (4, 0), (7, 0), (10, 0), (13, 0), (19, 0);
store (1, 0), (4, 0), (7, 0), (10, 0), (13, 0), (19, 0) to (0, 0), (3, 0), (6, 0), (9, 0), (12, 0), (18, 0);
load (35, 307), (45, 307), (55, 307), (65, 307), (75, 307), (85, 307), (95, 307), (105, 307), (115, 307), (125, 307), (145, 307) to (36, 307), (46, 307), (56, 307), (66, 307), (76, 307), (86, 307), (96, 307), (106, 307), (116, 307), (126, 307), (146, 307);
move (36, 307), (46, 307), (56, 307), (66, 307), (76, 307), (86, 307), (96, 307), (106, 307), (116, 307), (126, 307), (146, 307) to (22, 0), (25, 0), (34, 0), (46, 0), (55, 0), (58, 0), (61, 0), (64, 0), (67, 0), (70, 0), (73, 0);
store (22, 0), (25, 0), (34, 0), (46, 0), (55, 0), (58, 0), (61, 0), (64, 0), (67, 0), (70, 0), (73, 0) to (21, 0), (24, 0), (33, 0), (45, 0), (54, 0), (57, 0), (60, 0), (63, 0), (66, 0), (69, 0), (72, 0);
rz(1.5708) at (21, 0), (24, 0), (33, 0), (45, 0), (54, 0), (57, 0), (60, 0), (63, 0), (66, 0), (69, 0), (72, 0);
rz(1.5708) at (54, 0);
load (33, 0), (21, 0), (15, 0) to (34, 0), (22, 0), (16, 0);
move (16, 0), (22, 0), (34, 0) to (22, 0), (64, 0), (67, 0);
load (60, 0), (24, 0) to (61, 0), (25, 0);
move (25, 0), (22, 0), (61, 0), (64, 0), (67, 0) to (61, 0), (43, 0), (67, 0), (70, 0), (73, 0);
load (63, 0), (54, 0), (45, 0) to (64, 0), (55, 0), (46, 0);
move (43, 0), (46, 0), (55, 0), (61, 0), (64, 0), (67, 0), (70, 0), (73, 0) to (64, 0), (70, 0), (73, 0), (76, 0), (79, 0), (82, 0), (85, 0), (88, 0);
load (66, 0), (57, 0) to (67, 0), (58, 0);
move (58, 0), (64, 0), (67, 0), (70, 0), (73, 0), (76, 0), (79, 0), (82, 0), (85, 0), (88, 0) to (70, 0), (76, 0), (79, 0), (82, 0), (85, 0), (88, 0), (91, 0), (94, 0), (97, 0), (100, 0);
load (72, 0) to (73, 0);
move (70, 0), (73, 0), (76, 0), (79, 0), (82, 0), (85, 0), (88, 0), (91, 0), (94, 0), (97, 0), (100, 0) to (73, 0), (76, 0), (79, 0), (82, 0), (85, 0), (88, 0), (91, 0), (94, 0), (97, 0), (100, 0), (103, 0);
load (69, 0) to (70, 0);
move (103, 0), (100, 0), (97, 0), (94, 0), (91, 0), (88, 0), (85, 0), (82, 0), (79, 0), (76, 0), (73, 0), (70, 0) to (146, 307), (136, 307), (126, 307), (116, 307), (106, 307), (96, 307), (86, 307), (76, 307), (66, 307), (56, 307), (46, 307), (36, 307);
store (146, 307), (136, 307), (126, 307), (116, 307), (106, 307), (96, 307), (86, 307), (76, 307), (66, 307), (56, 307), (46, 307), (36, 307) to (145, 307), (135, 307), (125, 307), (115, 307), (105, 307), (95, 307), (85, 307), (75, 307), (65, 307), (55, 307), (45, 307), (35, 307);
load (0, 0) to (1, 0);
move (1, 0) to (7, 0);
load (3, 0) to (4, 0);
move (4, 0), (7, 0) to (16, 0), (19, 0);
load (12, 0), (6, 0) to (13, 0), (7, 0);
move (7, 0), (13, 0), (16, 0), (19, 0) to (22, 0), (25, 0), (28, 0), (31, 0);
load (18, 0), (9, 0) to (19, 0), (10, 0);
move (10, 0), (19, 0), (22, 0), (25, 0), (28, 0), (31, 0) to (35, 308), (55, 308), (75, 308), (95, 308), (115, 308), (125, 308);
cz;
move (35, 308), (55, 308), (75, 308), (95, 308), (115, 308), (125, 308) to (45, 308), (65, 308), (85, 308), (105, 308), (135, 308), (145, 308);
cz;
move (45, 308), (65, 308), (85, 308), (105, 308), (135, 308), (145, 308) to (1, 0), (4, 0), (7, 0), (10, 0), (13, 0), (16, 0);
store (1, 0), (4, 0), (7, 0), (10, 0), (13, 0), (16, 0) to (0, 0), (3, 0), (6, 0), (9, 0), (12, 0), (15, 0);
load (35, 307), (45, 307), (55, 307), (65, 307), (75, 307), (85, 307), (95, 307), (105, 307), (115, 307), (125, 307), (135, 307), (145, 307) to (36, 307), (46, 307), (56, 307), (66, 307), (76, 307), (86, 307), (96, 307), (106, 307), (116, 307), (126, 307), (136, 307), (146, 307);
move (36, 307), (46, 307), (56, 307), (66, 307), (76, 307), (86, 307), (96, 307), (106, 307), (116, 307), (126, 307), (136, 307), (146, 307) to (19, 0), (22, 0), (25, 0), (34, 0), (46, 0), (55, 0), (58, 0), (61, 0), (64, 0), (67, 0), (70, 0), (73, 0);
store (19, 0), (22, 0), (25, 0), (34, 0), (46, 0), (55, 0), (58, 0), (61, 0), (64, 0), (67, 0), (70, 0), (73, 0) to (18, 0), (21, 0), (24, 0), (33, 0), (45, 0), (54, 0), (57, 0), (60, 0), (63, 0), (66, 0), (69, 0), (72, 0);
rz(1.5708) at (3, 0), (18, 0), (21, 0), (24, 0), (33, 0), (45, 0), (54, 0), (60, 0), (63, 0), (66, 0), (69, 0), (72, 0);
load (18, 0) to (19, 0);
move (19, 0) to (70, 0);
load (66, 0), (24, 0), (21, 0) to (67, 0), (25, 0), (22, 0);
move (22, 0), (25, 0), (67, 0), (70, 0) to (31, 0), (49, 0), (52, 0), (55, 0);
load (45, 0), (33, 0) to (46, 0), (34, 0);
move (34, 0), (31, 0), (46, 0), (49, 0), (52, 0), (55, 0) to (61, 0), (52, 0), (67, 0), (70, 0), (73, 0), (76, 0);
load (63, 0), (54, 0) to (64, 0), (55, 0);
move (52, 0), (55, 0), (61, 0), (64, 0), (67, 0), (70, 0), (73, 0), (76, 0) to (67, 0), (73, 0), (76, 0), (79, 0), (82, 0), (85, 0), (88, 0), (91, 0);
load (69, 0), (60, 0) to (70, 0), (61, 0);
move (61, 0), (67, 0), (70, 0), (73, 0), (76, 0), (79, 0), (82, 0), (85, 0), (88, 0), (91, 0) to (70, 0), (76, 0), (79, 0), (82, 0), (85, 0), (88, 0), (91, 0), (94, 0), (97, 0), (100, 0);
load (72, 0) to (73, 0);
move (100, 0), (97, 0), (94, 0), (91, 0), (88, 0), (85, 0), (82, 0), (79, 0), (76, 0), (73, 0), (70, 0) to (136, 307), (126, 307), (116, 307), (106, 307), (96, 307), (86, 307), (76, 307), (66, 307), (56, 307), (46, 307), (36, 307);
store (136, 307), (126, 307), (116, 307), (106, 307), (96, 307), (86, 307), (76, 307), (66, 307), (56, 307), (46, 307), (36, 307) to (135, 307), (125, 307), (115, 307), (105, 307), (95, 307), (85, 307), (75, 307), (65, 307), (55, 307), (45, 307), (35, 307);
load (3, 0), (0, 0) to (4, 0), (1, 0);
move (1, 0), (4, 0) to (4, 0), (10, 0);
load (6, 0) to (7, 0);
move (4, 0), (7, 0), (10, 0) to (10, 0), (16, 0), (19, 0);
load (12, 0) to (13, 0);
move (10, 0), (13, 0), (16, 0), (19, 0) to (19, 0), (22, 0), (25, 0), (28, 0);
load (15, 0), (9, 0) to (16, 0), (10, 0);
move (10, 0), (16, 0), (19, 0), (22, 0), (25, 0), (28, 0) to (35, 308), (45, 308), (55, 308), (65, 308), (75, 308), (85, 308);
cz;
move (35, 308), (45, 308), (55, 308), (65, 308), (75, 308), (85, 308) to (95, 308), (105, 308), (115, 308), (125, 308), (135, 308), (145, 308);
cz;
move (95, 308), (105, 308), (115, 308), (125, 308), (135, 308), (145, 308) to (1, 0), (4, 0), (7, 0), (10, 0), (13, 0), (16, 0);
store (1, 0), (4, 0), (7, 0), (10, 0), (13, 0), (16, 0) to (0, 0), (3, 0), (6, 0), (9, 0), (12, 0), (15, 0);
load (35, 307), (45, 307), (55, 307), (65, 307), (75, 307), (85, 307), (95, 307), (105, 307), (115, 307), (125, 307), (135, 307) to (36, 307), (46, 307), (56, 307), (66, 307), (76, 307), (86, 307), (96, 307), (106, 307), (116, 307), (126, 307), (136, 307);
move (36, 307), (46, 307), (56, 307), (66, 307), (76, 307), (86, 307), (96, 307), (106, 307), (116, 307), (126, 307), (136, 307) to (19, 0), (22, 0), (25, 0), (34, 0), (46, 0), (55, 0), (61, 0), (64, 0), (67, 0), (70, 0), (73, 0);
store (19, 0), (22, 0), (25, 0), (34, 0), (46, 0), (55, 0), (61, 0), (64, 0), (67, 0), (70, 0), (73, 0) to (18, 0), (21, 0), (24, 0), (33, 0), (45, 0), (54, 0), (60, 0), (63, 0), (66, 0), (69, 0), (72, 0);
rz(1.5708) at (18, 0), (21, 0), (24, 0), (33, 0), (45, 0), (60, 0), (63, 0), (66, 0), (69, 0), (72, 0);
load (45, 0), (33, 0), (24, 0), (21, 0), (18, 0) to (46, 0), (34, 0), (25, 0), (22, 0), (19, 0);
move (19, 0), (22, 0), (25, 0), (34, 0), (46, 0) to (61, 0), (67, 0), (70, 0), (73, 0), (76, 0);
load (63, 0), (54, 0) to (64, 0), (55, 0);
move (55, 0), (61, 0), (64, 0), (67, 0), (70, 0), (73, 0), (76, 0) to (58, 0), (64, 0), (67, 0), (70, 0), (73, 0), (76, 0), (79, 0);
load (60, 0) to (61, 0);
move (58, 0), (61, 0), (64, 0), (67, 0), (70, 0), (73, 0), (76, 0), (79, 0) to (67, 0), (76, 0), (79, 0), (82, 0), (85, 0), (88, 0), (91, 0), (94, 0);
load (72, 0), (69, 0) to (73, 0), (70, 0);
move (67, 0), (70, 0), (73, 0), (76, 0), (79, 0), (82, 0), (85, 0), (88, 0), (91, 0), (94, 0) to (70, 0), (73, 0), (76, 0), (79, 0), (82, 0), (85, 0), (88, 0), (91, 0), (94, 0), (97, 0);
load (66, 0) to (67, 0);
move (97, 0), (94, 0), (91, 0), (88, 0), (85, 0), (82, 0), (79, 0), (76, 0), (73, 0), (70, 0), (67, 0) to (146, 307), (126, 307), (116, 307), (106, 307), (96, 307), (86, 307), (76, 307), (66, 307), (56, 307), (46, 307), (36, 307);
store (146, 307), (126, 307), (116, 307), (106, 307), (96, 307), (86, 307), (76, 307), (66, 307), (56, 307), (46, 307), (36, 307) to (145, 307), (125, 307), (115, 307), (105, 307), (95, 307), (85, 307), (75, 307), (65, 307), (55, 307), (45, 307), (35, 307);
load (3, 0), (0, 0) to (4, 0), (1, 0);
move (1, 0), (4, 0) to (16, 0), (79, 0);
load (12, 0), (9, 0), (6, 0), (75, 0) to (13, 0), (10, 0), (7, 0), (76, 0);
move (7, 0), (10, 0), (13, 0), (16, 0), (76, 0), (79, 0) to (35, 308), (55, 308), (65, 308), (75, 308), (85, 308), (95, 308);
cz;
move (35, 308), (55, 308), (65, 308), (75, 308), (85, 308), (95, 308) to (45, 308), (105, 308), (115, 308), (125, 308), (135, 308), (145, 308);
cz;
move (45, 308), (105, 308), (115, 308), (125, 308), (135, 308), (145, 308) to (1, 0), (4, 0), (7, 0), (10, 0), (13, 0), (19, 0);
store (1, 0), (4, 0), (7, 0), (10, 0), (13, 0), (19, 0) to (0, 0), (3, 0), (6, 0), (9, 0), (12, 0), (18, 0);
load (35, 307), (45, 307), (55, 307), (65, 307), (75, 307), (85, 307), (95, 307), (105, 307), (115, 307), (125, 307), (145, 307) to (36, 307), (46, 307), (56, 307), (66, 307), (76, 307), (86, 307), (96, 307), (106, 307), (116, 307), (126, 307), (146, 307);
move (36, 307), (46, 307), (56, 307), (66, 307), (76, 307), (86, 307), (96, 307), (106, 307), (116, 307), (126, 307), (146, 307) to (22, 0), (25, 0), (34, 0), (46, 0), (55, 0), (61, 0), (64, 0), (67, 0), (70, 0), (73, 0), (76, 0);
store (22, 0), (25, 0), (34, 0), (46, 0), (55, 0), (61, 0), (64, 0), (67, 0), (70, 0), (73, 0), (76, 0) to (21, 0), (24, 0), (33, 0), (45, 0), (54, 0), (60, 0), (63, 0), (66, 0), (69, 0), (72, 0), (75, 0);
rz(1.5708) at (21, 0), (24, 0), (33, 0), (45, 0), (54, 0), (60, 0), (63, 0), (66, 0), (69, 0), (72, 0), (75, 0);
rz(1.5708) at (60, 0);
load (15, 0) to (16, 0);
move (16, 0) to (25, 0);
load (21, 0) to (22, 0);
move (22, 0), (25, 0) to (58, 0), (61, 0);
load (54, 0), (45, 0), (33, 0), (24, 0) to (55, 0), (46, 0), (34, 0), (25, 0);
move (25, 0), (34, 0), (46, 0), (55, 0), (58, 0), (61, 0) to (73, 0), (76, 0), (79, 0), (82, 0), (85, 0), (88, 0);
load (69, 0), (60, 0) to (70, 0), (61, 0);
move (61, 0), (70, 0), (73, 0), (76, 0), (79, 0), (82, 0), (85, 0), (88, 0) to (79, 0), (82, 0), (85, 0), (88, 0), (91, 0), (94, 0), (97, 0), (100, 0);
load (75, 0), (72, 0), (63, 0) to (76, 0), (73, 0), (64, 0);
move (64, 0), (73, 0), (76, 0), (79, 0), (82, 0), (85, 0), (88, 0), (91, 0), (94, 0), (97, 0), (100, 0) to (70, 0), (73, 0), (76, 0), (79, 0), (82, 0), (85, 0), (88, 0), (91, 0), (94, 0), (97, 0), (100, 0);
load (66, 0) to (67, 0);
move (100, 0), (97, 0), (94, 0), (91, 0), (88, 0), (85, 0), (82, 0), (79, 0), (76, 0), (73, 0), (70, 0), (67, 0) to (146, 307), (136, 307), (126, 307), (116, 307), (106, 307), (96, 307), (86, 307), (76, 307), (66, 307), (56, 307), (46, 307), (36, 307);
store (146, 307), (136, 307), (126, 307), (116, 307), (106, 307), (96, 307), (86, 307), (76, 307), (66, 307), (56, 307), (46, 307), (36, 307) to (145, 307), (135, 307), (125, 307), (115, 307), (105, 307), (95, 307), (85, 307), (75, 307), (65, 307), (55, 307), (45, 307), (35, 307);
load (0, 0) to (1, 0);
move (1, 0) to (10, 0);
load (6, 0), (3, 0) to (7, 0), (4, 0);
move (4, 0), (7, 0), (10, 0) to (7, 0), (16, 0), (19, 0);
load (12, 0), (9, 0) to (13, 0), (10, 0);
move (10, 0), (7, 0), (13, 0), (16, 0), (19, 0) to (16, 0), (13, 0), (22, 0), (25, 0), (28, 0);
load (18, 0) to (19, 0);
move (13, 0), (16, 0), (19, 0), (22, 0), (25, 0), (28, 0) to (35, 308), (55, 308), (65, 308), (75, 308), (85, 308), (95, 308);
cz;
move (35, 308), (55, 308), (65, 308), (75, 308), (85, 308), (95, 308) to (45, 308), (105, 308), (115, 308), (125, 308), (135, 308), (145, 308);
cz;
move (45, 308), (105, 308), (115, 308), (125, 308), (135, 308), (145, 308) to (1, 0), (4, 0), (7, 0), (10, 0), (13, 0), (16, 0);
store (1, 0), (4, 0), (7, 0), (10, 0), (13, 0), (16, 0) to (0, 0), (3, 0), (6, 0), (9, 0), (12, 0), (15, 0);
load (35, 307), (45, 307), (55, 307), (65, 307), (75, 307), (85, 307), (95, 307), (105, 307), (115, 307), (125, 307), (135, 307), (145, 307) to (36, 307), (46, 307), (56, 307), (66, 307), (76, 307), (86, 307), (96, 307), (106, 307), (116, 307), (126, 307), (136, 307), (146, 307);
move (36, 307), (46, 307), (56, 307), (66, 307), (76, 307), (86, 307), (96, 307), (106, 307), (116, 307), (126, 307), (136, 307), (146, 307) to (19, 0), (22, 0), (25, 0), (34, 0), (46, 0), (55, 0), (61, 0), (64, 0), (67, 0), (70, 0), (73, 0), (76, 0);
store (19, 0), (22, 0), (25, 0), (34, 0), (46, 0), (55, 0), (61, 0), (64, 0), (67, 0), (70, 0), (73, 0), (76, 0) to (18, 0), (21, 0), (24, 0), (33, 0), (45, 0), (54, 0), (60, 0), (63, 0), (66, 0), (69, 0), (72, 0), (75, 0);
rz(1.5708) at (15, 0), (18, 0), (21, 0), (24, 0), (33, 0), (54, 0), (60, 0), (63, 0), (66, 0), (69, 0), (72, 0), (75, 0);
load (18, 0), (15, 0) to (19, 0), (16, 0);
move (16, 0), (19, 0) to (19, 0), (37, 0);
load (33, 0), (24, 0), (21, 0) to (34, 0), (25, 0), (22, 0);
move (25, 0), (22, 0), (19, 0), (34, 0), (37, 0) to (52, 0), (49, 0), (46, 0), (64, 0), (67, 0);
load (60, 0), (54, 0) to (61, 0), (55, 0);
move (49, 0), (46, 0), (52, 0), (55, 0), (61, 0), (64, 0), (67, 0) to (61, 0), (58, 0), (67, 0), (70, 0), (73, 0), (76, 0), (79, 0);
load (63, 0) to (64, 0);
move (58, 0), (61, 0), (64, 0), (67, 0), (70, 0), (73, 0), (76, 0), (79, 0) to (76, 0), (79, 0), (82, 0), (85, 0), (88, 0), (91, 0), (94, 0), (97, 0);
load (72, 0), (66, 0) to (73, 0), (67, 0);
move (67, 0), (73, 0), (76, 0), (79, 0), (82, 0), (85, 0), (88, 0), (91, 0), (94, 0), (97, 0) to (73, 0), (76, 0), (79, 0), (82, 0), (85, 0), (88, 0), (91, 0), (94, 0), (97, 0), (100, 0);
load (69, 0) to (70, 0);
move (100, 0), (97, 0), (94, 0), (91, 0), (88, 0), (85, 0), (82, 0), (79, 0), (76, 0), (73, 0), (70, 0) to (146, 307), (136, 307), (116, 307), (106, 307), (96, 307), (86, 307), (76, 307), (66, 307), (56, 307), (46, 307), (36, 307);
store (146, 307), (136, 307), (116, 307), (106, 307), (96, 307), (86, 307), (76, 307), (66, 307), (56, 307), (46, 307), (36, 307) to (145, 307), (135, 307), (115, 307), (105, 307), (95, 307), (85, 307), (75, 307), (65, 307), (55, 307), (45, 307), (35, 307);
load (3, 0), (0, 0) to (4, 0), (1, 0);
move (1, 0), (4, 0) to (79, 0), (82, 0);
load (75, 0), (12, 0), (6, 0) to (76, 0), (13, 0), (7, 0);
move (7, 0), (13, 0), (76, 0), (79, 0), (82, 0) to (13, 0), (16, 0), (19, 0), (22, 0), (25, 0);
load (9, 0) to (10, 0);
move (10, 0), (13, 0), (16, 0), (19, 0), (22, 0), (25, 0) to (35, 308), (45, 308), (55, 308), (65, 308), (75, 308), (85, 308);
cz;
move (35, 308), (45, 308), (55, 308), (65, 308), (75, 308), (85, 308) to (95, 308), (105, 308), (115, 308), (125, 308), (135, 308), (145, 308);
cz;
move (95, 308), (105, 308), (115, 308), (125, 308), (135, 308), (145, 308) to (1, 0), (4, 0), (7, 0), (10, 0), (13, 0), (16, 0);
store (1, 0), (4, 0), (7, 0), (10, 0), (13, 0), (16, 0) to (0, 0), (3, 0), (6, 0), (9, 0), (12, 0), (15, 0);
load (35, 307), (45, 307), (55, 307), (65, 307), (75, 307), (85, 307), (95, 307), (105, 307), (115, 307), (135, 307), (145, 307) to (36, 307), (46, 307), (56, 307), (66, 307), (76, 307), (86, 307), (96, 307), (106, 307), (116, 307), (136, 307), (146, 307);
move (36, 307), (46, 307), (56, 307), (66, 307), (76, 307), (86, 307), (96, 307), (106, 307), (116, 307), (136, 307), (146, 307) to (19, 0), (22, 0), (25, 0), (34, 0), (55, 0), (61, 0), (64, 0), (67, 0), (70, 0), (73, 0), (76, 0);
store (19, 0), (22, 0), (25, 0), (34, 0), (55, 0), (61, 0), (64, 0), (67, 0), (70, 0), (73, 0), (76, 0) to (18, 0), (21, 0), (24, 0), (33, 0), (54, 0), (60, 0), (63, 0), (66, 0), (69, 0), (72, 0), (75, 0);
rz(1.5708) at (18, 0), (21, 0), (24, 0), (54, 0), (60, 0), (63, 0), (66, 0), (69, 0), (72, 0), (75, 0);
load (24, 0), (21, 0), (18, 0), (9, 0) to (25, 0), (22, 0), (19, 0), (10, 0);
move (19, 0), (10, 0), (22, 0), (25, 0) to (52, 0), (49, 0), (64, 0), (67, 0);
load (60, 0), (54, 0) to (61, 0), (55, 0);
move (52, 0), (49, 0), (55, 0), (61, 0), (64, 0), (67, 0) to (64, 0), (61, 0), (70, 0), (73, 0), (76, 0), (79, 0);
load (66, 0) to (67, 0);
move (61, 0), (64, 0), (67, 0), (70, 0), (73, 0), (76, 0), (79, 0) to (61, 0), (76, 0), (79, 0), (82, 0), (85, 0), (88, 0), (91, 0);
load (72, 0), (63, 0) to (73, 0), (64, 0);
move (61, 0), (64, 0), (73, 0), (76, 0), (79, 0), (82, 0), (85, 0), (88, 0), (91, 0) to (73, 0), (79, 0), (82, 0), (85, 0), (88, 0), (91, 0), (94, 0), (97, 0), (100, 0);
load (75, 0), (69, 0) to (76, 0), (70, 0);
move (100, 0), (97, 0), (94, 0), (91, 0), (88, 0), (85, 0), (82, 0), (79, 0), (76, 0), (73, 0), (70, 0) to (146, 307), (126, 307), (116, 307), (106, 307), (96, 307), (86, 307), (76, 307), (66, 307), (56, 307), (46, 307), (36, 307);
store (146, 307), (126, 307), (116, 307), (106, 307), (96, 307), (86, 307), (76, 307), (66, 307), (56, 307), (46, 307), (36, 307) to (145, 307), (125, 307), (115, 307), (105, 307), (95, 307), (85, 307), (75, 307), (65, 307), (55, 307), (45, 307), (35, 307);
load (3, 0), (0, 0) to (4, 0), (1, 0);
move (1, 0), (4, 0) to (10, 0), (82, 0);
load (12, 0), (6, 0), (78, 0) to (13, 0), (7, 0), (79, 0);
move (7, 0), (10, 0), (13, 0), (79, 0), (82, 0) to (13, 0), (19, 0), (22, 0), (25, 0), (28, 0);
load (15, 0) to (16, 0);
move (13, 0), (16, 0), (19, 0), (22, 0), (25, 0), (28, 0) to (35, 308), (55, 308), (65, 308), (75, 308), (85, 308), (95, 308);
cz;
move (35, 308), (55, 308), (65, 308), (75, 308), (85, 308), (95, 308) to (45, 308), (105, 308), (115, 308), (125, 308), (135, 308), (145, 308);
cz;
move (45, 308), (105, 308), (115, 308), (125, 308), (135, 308), (145, 308) to (1, 0), (4, 0), (7, 0), (10, 0), (13, 0), (16, 0);
store (1, 0), (4, 0), (7, 0), (10, 0), (13, 0), (16, 0) to (0, 0), (3, 0), (6, 0), (9, 0), (12, 0), (15, 0);
load (35, 307), (45, 307), (55, 307), (65, 307), (75, 307), (85, 307), (95, 307), (105, 307), (115, 307), (125, 307), (145, 307) to (36, 307), (46, 307), (56, 307), (66, 307), (76, 307), (86, 307), (96, 307), (106, 307), (116, 307), (126, 307), (146, 307);
move (36, 307), (46, 307), (56, 307), (66, 307), (76, 307), (86, 307), (96, 307), (106, 307), (116, 307), (126, 307), (146, 307) to (19, 0), (22, 0), (25, 0), (55, 0), (61, 0), (64, 0), (67, 0), (70, 0), (73, 0), (76, 0), (79, 0);
store (19, 0), (22, 0), (25, 0), (55, 0), (61, 0), (64, 0), (67, 0), (70, 0), (73, 0), (76, 0), (79, 0) to (18, 0), (21, 0), (24, 0), (54, 0), (60, 0), (63, 0), (66, 0), (69, 0), (72, 0), (75, 0), (78, 0);
rz(1.5708) at (18, 0), (21, 0), (24, 0), (54, 0), (60, 0), (63, 0), (66, 0), (69, 0), (72, 0), (75, 0), (78, 0);
rz(1.5708) at (63, 0);
load (33, 0), (18, 0) to (34, 0), (19, 0);
move (19, 0), (34, 0) to (70, 0), (73, 0);
load (66, 0), (54, 0), (24, 0), (21, 0) to (67, 0), (55, 0), (25, 0), (22, 0);
move (22, 0), (25, 0), (55, 0), (67, 0), (70, 0), (73, 0) to (58, 0), (64, 0), (67, 0), (70, 0), (73, 0), (76, 0);
load (60, 0) to (61, 0);
move (58, 0), (61, 0), (64, 0), (67, 0), (70, 0), (73, 0), (76, 0) to (82, 0), (85, 0), (88, 0), (91, 0), (94, 0), (97, 0), (100, 0);
load (78, 0), (75, 0), (63, 0) to (79, 0), (76, 0), (64, 0);
move (64, 0), (76, 0), (79, 0), (82, 0), (85, 0), (88, 0), (91, 0), (94, 0), (97, 0), (100, 0) to (76, 0), (79, 0), (82, 0), (85, 0), (88, 0), (91, 0), (94, 0), (97, 0), (100, 0), (103, 0);
load (72, 0), (69, 0) to (73, 0), (70, 0);
move (103, 0), (100, 0), (97, 0), (94, 0), (91, 0), (88, 0), (85, 0), (82, 0), (79, 0), (76, 0), (73, 0), (70, 0) to (146, 307), (136, 307), (126, 307), (116, 307), (106, 307), (96, 307), (86, 307), (76, 307), (66, 307), (56, 307), (46, 307), (36, 307);
store (146, 307), (136, 307), (126, 307), (116, 307), (106, 307), (96, 307), (86, 307), (76, 307), (66, 307), (56, 307), (46, 307), (36, 307) to (145, 307), (135, 307), (125, 307), (115, 307), (105, 307), (95, 307), (85, 307), (75, 307), (65, 307), (55, 307), (45, 307), (35, 307);
load (0, 0) to (1, 0);
move (1, 0) to (19, 0);
load (15, 0), (9, 0), (6, 0), (3, 0) to (16, 0), (10, 0), (7, 0), (4, 0);
move (7, 0), (4, 0), (10, 0), (16, 0), (19, 0) to (10, 0), (7, 0), (16, 0), (19, 0), (22, 0);
load (12, 0) to (13, 0);
move (7, 0), (10, 0), (13, 0), (16, 0), (19, 0), (22, 0) to (35, 308), (45, 308), (55, 308), (65, 308), (75, 308), (85, 308);
cz;
move (35, 308), (45, 308), (55, 308), (65, 308), (75, 308), (85, 308) to (95, 308), (105, 308), (115, 308), (125, 308), (135, 308), (145, 308);
cz;
move (95, 308), (105, 308), (115, 308), (125, 308), (135, 308), (145, 308) to (1, 0), (4, 0), (7, 0), (10, 0), (13, 0), (16, 0);
store (1, 0), (4, 0), (7, 0), (10, 0), (13, 0), (16, 0) to (0, 0), (3, 0), (6, 0), (9, 0), (12, 0), (15, 0);
load (35, 307), (45, 307), (55, 307), (65, 307), (75, 307), (85, 307), (95, 307), (105, 307), (115, 307), (125, 307), (135, 307), (145, 307) to (36, 307), (46, 307), (56, 307), (66, 307), (76, 307), (86, 307), (96, 307), (106, 307), (116, 307), (126, 307), (136, 307), (146, 307);
move (36, 307), (46, 307), (56, 307), (66, 307), (76, 307), (86, 307), (96, 307), (106, 307), (116, 307), (126, 307), (136, 307), (146, 307) to (19, 0), (22, 0), (25, 0), (34, 0), (55, 0), (61, 0), (64, 0), (67, 0), (70, 0), (73, 0), (76, 0), (79, 0);
store (19, 0), (22, 0), (25, 0), (34, 0), (55, 0), (61, 0), (64, 0), (67, 0), (70, 0), (73, 0), (76, 0), (79, 0) to (18, 0), (21, 0), (24, 0), (33, 0), (54, 0), (60, 0), (63, 0), (66, 0), (69, 0), (72, 0), (75, 0), (78, 0);
rz(1.5708) at (15, 0), (18, 0), (21, 0), (33, 0), (54, 0), (60, 0), (63, 0), (66, 0), (69, 0), (72, 0), (75, 0), (78, 0);
load (18, 0), (15, 0) to (19, 0), (16, 0);
move (16, 0), (19, 0) to (19, 0), (37, 0);
load (33, 0), (21, 0) to (34, 0), (22, 0);
move (22, 0), (19, 0), (34, 0), (37, 0) to (52, 0), (49, 0), (64, 0), (67, 0);
load (60, 0), (54, 0) to (61, 0), (55, 0);
move (49, 0), (52, 0), (55, 0), (61, 0), (64, 0), (67, 0) to (61, 0), (70, 0), (73, 0), (76, 0), (79, 0), (82, 0);
load (66, 0), (63, 0) to (67, 0), (64, 0);
move (61, 0), (64, 0), (67, 0), (70, 0), (73, 0), (76, 0), (79, 0), (82, 0) to (73, 0), (79, 0), (82, 0), (85, 0), (88, 0), (91, 0), (94, 0), (97, 0);
load (75, 0), (69, 0) to (76, 0), (70, 0);
move (70, 0), (73, 0), (76, 0), (79, 0), (82, 0), (85, 0), (88, 0), (91, 0), (94, 0), (97, 0) to (70, 0), (76, 0), (79, 0), (82, 0), (85, 0), (88, 0), (91, 0), (94, 0), (97, 0), (100, 0);
load (72, 0) to (73, 0);
move (100, 0), (97, 0), (94, 0), (91, 0), (88, 0), (85, 0), (82, 0), (79, 0), (76, 0), (73, 0), (70, 0) to (146, 307), (136, 307), (126, 307), (106, 307), (96, 307), (86, 307), (76, 307), (66, 307), (56, 307), (46, 307), (36, 307);
store (146, 307), (136, 307), (126, 307), (106, 307), (96, 307), (86, 307), (76, 307), (66, 307), (56, 307), (46, 307), (36, 307) to (145, 307), (135, 307), (125, 307), (105, 307), (95, 307), (85, 307), (75, 307), (65, 307), (55, 307), (45, 307), (35, 307);
load (3, 0), (0, 0) to (4, 0), (1, 0);
move (1, 0), (4, 0) to (16, 0), (19, 0);
load (12, 0), (9, 0), (6, 0) to (13, 0), (10, 0), (7, 0);
move (10, 0), (7, 0), (13, 0), (16, 0), (19, 0) to (76, 0), (73, 0), (82, 0), (85, 0), (88, 0);
load (78, 0) to (79, 0);
move (73, 0), (76, 0), (79, 0), (82, 0), (85, 0), (88, 0) to (35, 308), (45, 308), (55, 308), (65, 308), (75, 308), (85, 308);
cz;
move (35, 308), (45, 308), (55, 308), (65, 308), (75, 308), (85, 308) to (95, 308), (105, 308), (115, 308), (125, 308), (135, 308), (145, 308);
cz;
move (95, 308), (105, 308), (115, 308), (125, 308), (135, 308), (145, 308) to (1, 0), (4, 0), (7, 0), (10, 0), (13, 0), (16, 0);
store (1, 0), (4, 0), (7, 0), (10, 0), (13, 0), (16, 0) to (0, 0), (3, 0), (6, 0), (9, 0), (12, 0), (15, 0);
load (35, 307), (45, 307), (55, 307), (65, 307), (75, 307), (85, 307), (95, 307), (105, 307), (125, 307), (135, 307), (145, 307) to (36, 307), (46, 307), (56, 307), (66, 307), (76, 307), (86, 307), (96, 307), (106, 307), (126, 307), (136, 307), (146, 307);
move (36, 307), (46, 307), (56, 307), (66, 307), (76, 307), (86, 307), (96, 307), (106, 307), (126, 307), (136, 307), (146, 307) to (19, 0), (22, 0), (34, 0), (55, 0), (61, 0), (64, 0), (67, 0), (70, 0), (73, 0), (76, 0), (79, 0);
store (19, 0), (22, 0), (34, 0), (55, 0), (61, 0), (64, 0), (67, 0), (70, 0), (73, 0), (76, 0), (79, 0) to (18, 0), (21, 0), (33, 0), (54, 0), (60, 0), (63, 0), (66, 0), (69, 0), (72, 0), (75, 0), (78, 0);
rz(1.5708) at (18, 0), (21, 0), (54, 0), (60, 0), (63, 0), (66, 0), (69, 0), (72, 0), (75, 0), (78, 0);
load (54, 0), (21, 0), (18, 0), (6, 0) to (55, 0), (22, 0), (19, 0), (7, 0);
move (22, 0), (19, 0), (7, 0), (55, 0) to (58, 0), (55, 0), (52, 0), (67, 0);
load (63, 0), (60, 0) to (64, 0), (61, 0);
move (55, 0), (52, 0), (58, 0), (61, 0), (64, 0), (67, 0) to (67, 0), (64, 0), (73, 0), (76, 0), (79, 0), (82, 0);
load (69, 0) to (70, 0);
move (64, 0), (67, 0), (70, 0), (73, 0), (76, 0), (79, 0), (82, 0) to (64, 0), (70, 0), (73, 0), (76, 0), (79, 0), (82, 0), (85, 0);
load (66, 0) to (67, 0);
move (64, 0), (67, 0), (70, 0), (73, 0), (76, 0), (79, 0), (82, 0), (85, 0) to (73, 0), (82, 0), (85, 0), (88, 0), (91, 0), (94, 0), (97, 0), (100, 0);
load (78, 0), (75, 0) to (79, 0), (76, 0);
move (73, 0), (76, 0), (79, 0), (82, 0), (85, 0), (88, 0), (91, 0), (94, 0), (97, 0), (100, 0) to (76, 0), (79, 0), (82, 0), (85, 0), (88, 0), (91, 0), (94, 0), (97, 0), (100, 0), (103, 0);
load (72, 0) to (73, 0);
move (103, 0), (100, 0), (97, 0), (94, 0), (91, 0), (88, 0), (85, 0), (82, 0), (79, 0), (76, 0), (73, 0) to (146, 307), (126, 307), (116, 307), (106, 307), (96, 307), (86, 307), (76, 307), (66, 307), (56, 307), (46, 307), (36, 307);
store (146, 307), (126, 307), (116, 307), (106, 307), (96, 307), (86, 307), (76, 307), (66, 307), (56, 307), (46, 307), (36, 307) to (145, 307), (125, 307), (115, 307), (105, 307), (95, 307), (85, 307), (75, 307), (65, 307), (55, 307), (45, 307), (35, 307);
load (3, 0), (0, 0) to (4, 0), (1, 0);
move (1, 0), (4, 0) to (19, 0), (85, 0);
load (15, 0), (12, 0), (9, 0), (81, 0) to (16, 0), (13, 0), (10, 0), (82, 0);
move (10, 0), (13, 0), (16, 0), (19, 0), (82, 0), (85, 0) to (35, 308), (55, 308), (65, 308), (75, 308), (85, 308), (95, 308);
cz;
move (35, 308), (55, 308), (65, 308), (75, 308), (85, 308), (95, 308) to (45, 308), (105, 308), (115, 308), (125, 308), (135, 308), (145, 308);
cz;
move (45, 308), (105, 308), (115, 308), (125, 308), (135, 308), (145, 308) to (1, 0), (4, 0), (7, 0), (10, 0), (13, 0), (16, 0);
store (1, 0), (4, 0), (7, 0), (10, 0), (13, 0), (16, 0) to (0, 0), (3, 0), (6, 0), (9, 0), (12, 0), (15, 0);
load (35, 307), (45, 307), (55, 307), (65, 307), (75, 307), (85, 307), (95, 307), (105, 307), (115, 307), (125, 307), (145, 307) to (36, 307), (46, 307), (56, 307), (66, 307), (76, 307), (86, 307), (96, 307), (106, 307), (116, 307), (126, 307), (146, 307);
move (36, 307), (46, 307), (56, 307), (66, 307), (76, 307), (86, 307), (96, 307), (106, 307), (116, 307), (126, 307), (146, 307) to (19, 0), (22, 0), (55, 0), (61, 0), (64, 0), (67, 0), (70, 0), (73, 0), (76, 0), (79, 0), (82, 0);
store (19, 0), (22, 0), (55, 0), (61, 0), (64, 0), (67, 0), (70, 0), (73, 0), (76, 0), (79, 0), (82, 0) to (18, 0), (21, 0), (54, 0), (60, 0), (63, 0), (66, 0), (69, 0), (72, 0), (75, 0), (78, 0), (81, 0);
rz(1.5708) at (18, 0), (21, 0), (54, 0), (60, 0), (63, 0), (66, 0), (69, 0), (72, 0), (75, 0), (78, 0), (81, 0);
rz(1.5708) at (66, 0);
load (33, 0), (18, 0) to (34, 0), (19, 0);
move (19, 0), (34, 0) to (58, 0), (73, 0);
load (69, 0), (63, 0), (60, 0), (21, 0) to (70, 0), (64, 0), (61, 0), (22, 0);
move (22, 0), (58, 0), (61, 0), (64, 0), (70, 0), (73, 0) to (76, 0), (79, 0), (82, 0), (85, 0), (88, 0), (91, 0);
load (72, 0), (66, 0), (54, 0) to (73, 0), (67, 0), (55, 0);
move (55, 0), (67, 0), (73, 0), (76, 0), (79, 0), (82, 0), (85, 0), (88, 0), (91, 0) to (76, 0), (82, 0), (85, 0), (88, 0), (91, 0), (94, 0), (97, 0), (100, 0), (103, 0);
load (78, 0) to (79, 0);
move (76, 0), (79, 0), (82, 0), (85, 0), (88, 0), (91, 0), (94, 0), (97, 0), (100, 0), (103, 0) to (79, 0), (85, 0), (88, 0), (91, 0), (94, 0), (97, 0), (100, 0), (103, 0), (106, 0), (109, 0);
load (81, 0), (75, 0) to (82, 0), (76, 0);
move (109, 0), (106, 0), (103, 0), (100, 0), (97, 0), (94, 0), (91, 0), (88, 0), (85, 0), (82, 0), (79, 0), (76, 0) to (146, 307), (136, 307), (126, 307), (116, 307), (106, 307), (96, 307), (86, 307), (76, 307), (66, 307), (56, 307), (46, 307), (36, 307);
store (146, 307), (136, 307), (126, 307), (116, 307), (106, 307), (96, 307), (86, 307), (76, 307), (66, 307), (56, 307), (46, 307), (36, 307) to (145, 307), (135, 307), (125, 307), (115, 307), (105, 307), (95, 307), (85, 307), (75, 307), (65, 307), (55, 307), (45, 307), (35, 307);
load (0, 0) to (1, 0);
move (1, 0) to (7, 0);
load (3, 0) to (4, 0);
move (4, 0), (7, 0) to (16, 0), (19, 0);
load (12, 0), (9, 0), (6, 0) to (13, 0), (10, 0), (7, 0);
move (7, 0), (10, 0), (13, 0), (16, 0), (19, 0) to (13, 0), (19, 0), (22, 0), (25, 0), (28, 0);
load (15, 0) to (16, 0);
move (13, 0), (16, 0), (19, 0), (22, 0), (25, 0), (28, 0) to (35, 308), (55, 308), (65, 308), (75, 308), (85, 308), (95, 308);
cz;
move (35, 308), (55, 308), (65, 308), (75, 308), (85, 308), (95, 308) to (45, 308), (105, 308), (115, 308), (125, 308), (135, 308), (145, 308);
cz;
move (45, 308), (105, 308), (115, 308), (125, 308), (135, 308), (145, 308) to (1, 0), (4, 0), (7, 0), (10, 0), (13, 0), (16, 0);
store (1, 0), (4, 0), (7, 0), (10, 0), (13, 0), (16, 0) to (0, 0), (3, 0), (6, 0), (9, 0), (12, 0), (15, 0);
load (35, 307), (45, 307), (55, 307), (65, 307), (75, 307), (85, 307), (95, 307), (105, 307), (115, 307), (125, 307), (135, 307), (145, 307) to (36, 307), (46, 307), (56, 307), (66, 307), (76, 307), (86, 307), (96, 307), (106, 307), (116, 307), (126, 307), (136, 307), (146, 307);
move (36, 307), (46, 307), (56, 307), (66, 307), (76, 307), (86, 307), (96, 307), (106, 307), (116, 307), (126, 307), (136, 307), (146, 307) to (19, 0), (22, 0), (34, 0), (55, 0), (61, 0), (64, 0), (67, 0), (70, 0), (73, 0), (76, 0), (79, 0), (82, 0);
store (19, 0), (22, 0), (34, 0), (55, 0), (61, 0), (64, 0), (67, 0), (70, 0), (73, 0), (76, 0), (79, 0), (82, 0) to (18, 0), (21, 0), (33, 0), (54, 0), (60, 0), (63, 0), (66, 0), (69, 0), (72, 0), (75, 0), (78, 0), (81, 0);
rz(1.5708) at (15, 0), (18, 0), (21, 0), (33, 0), (54, 0), (63, 0), (66, 0), (69, 0), (72, 0), (75, 0), (78, 0), (81, 0);
load (66, 0), (33, 0), (18, 0) to (67, 0), (34, 0), (19, 0);
move (19, 0), (34, 0), (67, 0) to (52, 0), (58, 0), (61, 0);
load (54, 0), (21, 0) to (55, 0), (22, 0);
move (52, 0), (22, 0), (55, 0), (58, 0), (61, 0) to (61, 0), (58, 0), (67, 0), (70, 0), (73, 0);
load (63, 0) to (64, 0);
move (58, 0), (61, 0), (64, 0), (67, 0), (70, 0), (73, 0) to (67, 0), (73, 0), (76, 0), (79, 0), (82, 0), (85, 0);
load (69, 0) to (70, 0);
move (67, 0), (70, 0), (73, 0), (76, 0), (79, 0), (82, 0), (85, 0) to (73, 0), (85, 0), (88, 0), (91, 0), (94, 0), (97, 0), (100, 0);
load (81, 0), (78, 0), (75, 0) to (82, 0), (79, 0), (76, 0);
move (73, 0), (76, 0), (79, 0), (82, 0), (85, 0), (88, 0), (91, 0), (94, 0), (97, 0), (100, 0) to (76, 0), (79, 0), (82, 0), (85, 0), (88, 0), (91, 0), (94, 0), (97, 0), (100, 0), (103, 0);
load (72, 0) to (73, 0);
move (103, 0), (100, 0), (97, 0), (94, 0), (91, 0), (88, 0), (85, 0), (82, 0), (79, 0), (76, 0), (73, 0) to (146, 307), (126, 307), (116, 307), (106, 307), (96, 307), (86, 307), (76, 307), (66, 307), (56, 307), (46, 307), (36, 307);
store (146, 307), (126, 307), (116, 307), (106, 307), (96, 307), (86, 307), (76, 307), (66, 307), (56, 307), (46, 307), (36, 307) to (145, 307), (125, 307), (115, 307), (105, 307), (95, 307), (85, 307), (75, 307), (65, 307), (55, 307), (45, 307), (35, 307);
load (3, 0), (0, 0) to (4, 0), (1, 0);
move (1, 0), (4, 0) to (7, 0), (19, 0);
load (15, 0), (12, 0), (9, 0) to (16, 0), (13, 0), (10, 0);
move (7, 0), (10, 0), (13, 0), (16, 0), (19, 0) to (10, 0), (13, 0), (16, 0), (19, 0), (22, 0);
load (6, 0) to (7, 0);
move (7, 0), (10, 0), (13, 0), (16, 0), (19, 0), (22, 0) to (35, 308), (45, 308), (55, 308), (65, 308), (75, 308), (85, 308);
cz;
move (35, 308), (45, 308), (55, 308), (65, 308), (75, 308), (85, 308) to (95, 308), (105, 308), (115, 308), (125, 308), (135, 308), (145, 308);
cz;
move (95, 308), (105, 308), (115, 308), (125, 308), (135, 308), (145, 308) to (1, 0), (4, 0), (7, 0), (10, 0), (13, 0), (16, 0);
store (1, 0), (4, 0), (7, 0), (10, 0), (13, 0), (16, 0) to (0, 0), (3, 0), (6, 0), (9, 0), (12, 0), (15, 0);
load (35, 307), (45, 307), (55, 307), (65, 307), (75, 307), (85, 307), (95, 307), (105, 307), (115, 307), (125, 307), (145, 307) to (36, 307), (46, 307), (56, 307), (66, 307), (76, 307), (86, 307), (96, 307), (106, 307), (116, 307), (126, 307), (146, 307);
move (36, 307), (46, 307), (56, 307), (66, 307), (76, 307), (86, 307), (96, 307), (106, 307), (116, 307), (126, 307), (146, 307) to (19, 0), (22, 0), (34, 0), (55, 0), (64, 0), (67, 0), (70, 0), (73, 0), (76, 0), (79, 0), (82, 0);
store (19, 0), (22, 0), (34, 0), (55, 0), (64, 0), (67, 0), (70, 0), (73, 0), (76, 0), (79, 0), (82, 0) to (18, 0), (21, 0), (33, 0), (54, 0), (63, 0), (66, 0), (69, 0), (72, 0), (75, 0), (78, 0), (81, 0);
rz(1.5708) at (18, 0), (21, 0), (33, 0), (54, 0), (66, 0), (69, 0), (72, 0), (75, 0), (78, 0), (81, 0);
load (54, 0), (18, 0) to (55, 0), (19, 0);
move (19, 0), (55, 0) to (67, 0), (70, 0);
load (63, 0), (21, 0) to (64, 0), (22, 0);
move (22, 0), (64, 0), (67, 0), (70, 0) to (64, 0), (70, 0), (73, 0), (76, 0);
load (66, 0), (33, 0) to (67, 0), (34, 0);
move (34, 0), (64, 0), (67, 0), (70, 0), (73, 0), (76, 0) to (70, 0), (76, 0), (79, 0), (82, 0), (85, 0), (88, 0);
load (72, 0) to (73, 0);
move (70, 0), (73, 0), (76, 0), (79, 0), (82, 0), (85, 0), (88, 0) to (79, 0), (82, 0), (85, 0), (88, 0), (91, 0), (94, 0), (97, 0);
load (75, 0), (69, 0) to (76, 0), (70, 0);
move (70, 0), (76, 0), (79, 0), (82, 0), (85, 0), (88, 0), (91, 0), (94, 0), (97, 0) to (76, 0), (85, 0), (88, 0), (91, 0), (94, 0), (97, 0), (100, 0), (103, 0), (106, 0);
load (81, 0), (78, 0) to (82, 0), (79, 0);
move (106, 0), (103, 0), (100, 0), (97, 0), (94, 0), (91, 0), (88, 0), (85, 0), (82, 0), (79, 0), (76, 0) to (146, 307), (126, 307), (116, 307), (106, 307), (96, 307), (86, 307), (76, 307), (66, 307), (56, 307), (46, 307), (36, 307);
store (146, 307), (126, 307), (116, 307), (106, 307), (96, 307), (86, 307), (76, 307), (66, 307), (56, 307), (46, 307), (36, 307) to (145, 307), (125, 307), (115, 307), (105, 307), (95, 307), (85, 307), (75, 307), (65, 307), (55, 307), (45, 307), (35, 307);
load (3, 0), (0, 0) to (4, 0), (1, 0);
move (1, 0), (4, 0) to (4, 0), (88, 0);
load (6, 0), (84, 0) to (7, 0), (85, 0);
move (4, 0), (7, 0), (85, 0), (88, 0) to (7, 0), (19, 0), (22, 0), (25, 0);
load (15, 0), (9, 0) to (16, 0), (10, 0);
move (7, 0), (10, 0), (16, 0), (19, 0), (22, 0), (25, 0) to (35, 308), (45, 308), (55, 308), (65, 308), (75, 308), (85, 308);
cz;
move (35, 308), (45, 308), (55, 308), (65, 308), (75, 308), (85, 308) to (95, 308), (105, 308), (115, 308), (125, 308), (135, 308), (145, 308);
cz;
move (95, 308), (105, 308), (115, 308), (125, 308), (135, 308), (145, 308) to (1, 0), (4, 0), (7, 0), (10, 0), (16, 0), (19, 0);
store (1, 0), (4, 0), (7, 0), (10, 0), (16, 0), (19, 0) to (0, 0), (3, 0), (6, 0), (9, 0), (15, 0), (18, 0);
load (35, 307), (45, 307), (55, 307), (65, 307), (75, 307), (85, 307), (95, 307), (105, 307), (115, 307), (125, 307), (145, 307) to (36, 307), (46, 307), (56, 307), (66, 307), (76, 307), (86, 307), (96, 307), (106, 307), (116, 307), (126, 307), (146, 307);
move (36, 307), (46, 307), (56, 307), (66, 307), (76, 307), (86, 307), (96, 307), (106, 307), (116, 307), (126, 307), (146, 307) to (22, 0), (34, 0), (55, 0), (64, 0), (67, 0), (70, 0), (73, 0), (76, 0), (79, 0), (82, 0), (85, 0);
store (22, 0), (34, 0), (55, 0), (64, 0), (67, 0), (70, 0), (73, 0), (76, 0), (79, 0), (82, 0), (85, 0) to (21, 0), (33, 0), (54, 0), (63, 0), (66, 0), (69, 0), (72, 0), (75, 0), (78, 0), (81, 0), (84, 0);
rz(1.5708) at (21, 0), (33, 0), (54, 0), (63, 0), (66, 0), (69, 0), (72, 0), (75, 0), (78, 0), (81, 0), (84, 0);
rz(1.5708) at (66, 0);
load (12, 0) to (13, 0);
move (13, 0) to (58, 0);
load (54, 0), (33, 0), (21, 0) to (55, 0), (34, 0), (22, 0);
move (34, 0), (22, 0), (55, 0), (58, 0) to (61, 0), (58, 0), (67, 0), (70, 0);
load (63, 0) to (64, 0);
move (58, 0), (61, 0), (64, 0), (67, 0), (70, 0) to (73, 0), (76, 0), (79, 0), (82, 0), (85, 0);
load (69, 0), (66, 0) to (70, 0), (67, 0);
move (67, 0), (70, 0), (73, 0), (76, 0), (79, 0), (82, 0), (85, 0) to (73, 0), (82, 0), (85, 0), (88, 0), (91, 0), (94, 0), (97, 0);
load (78, 0), (75, 0) to (79, 0), (76, 0);
move (73, 0), (76, 0), (79, 0), (82, 0), (85, 0), (88, 0), (91, 0), (94, 0), (97, 0) to (88, 0), (91, 0), (94, 0), (97, 0), (100, 0), (103, 0), (106, 0), (109, 0), (112, 0);
load (84, 0), (81, 0), (72, 0) to (85, 0), (82, 0), (73, 0);
move (112, 0), (109, 0), (106, 0), (103, 0), (100, 0), (97, 0), (94, 0), (91, 0), (88, 0), (85, 0), (82, 0), (73, 0) to (146, 307), (136, 307), (126, 307), (116, 307), (106, 307), (96, 307), (86, 307), (76, 307), (66, 307), (56, 307), (46, 307), (36, 307);
store (146, 307), (136, 307), (126, 307), (116, 307), (106, 307), (96, 307), (86, 307), (76, 307), (66, 307), (56, 307), (46, 307), (36, 307) to (145, 307), (135, 307), (125, 307), (115, 307), (105, 307), (95, 307), (85, 307), (75, 307), (65, 307), (55, 307), (45, 307), (35, 307);
load (6, 0), (3, 0), (0, 0) to (7, 0), (4, 0), (1, 0);
move (1, 0), (4, 0), (7, 0) to (7, 0), (19, 0), (22, 0);
load (15, 0), (9, 0) to (16, 0), (10, 0);
move (10, 0), (7, 0), (16, 0), (19, 0), (22, 0) to (16, 0), (13, 0), (22, 0), (25, 0), (28, 0);
load (18, 0) to (19, 0);
move (13, 0), (16, 0), (19, 0), (22, 0), (25, 0), (28, 0) to (35, 308), (45, 308), (55, 308), (65, 308), (75, 308), (85, 308);
cz;
move (35, 308), (45, 308), (55, 308), (65, 308), (75, 308), (85, 308) to (95, 308), (105, 308), (115, 308), (125, 308), (135, 308), (145, 308);
cz;
move (95, 308), (105, 308), (115, 308), (125, 308), (135, 308), (145, 308) to (1, 0), (4, 0), (7, 0), (10, 0), (13, 0), (16, 0);
store (1, 0), (4, 0), (7, 0), (10, 0), (13, 0), (16, 0) to (0, 0), (3, 0), (6, 0), (9, 0), (12, 0), (15, 0);
load (35, 307), (45, 307), (55, 307), (65, 307), (75, 307), (85, 307), (95, 307), (105, 307), (115, 307), (125, 307), (135, 307), (145, 307) to (36, 307), (46, 307), (56, 307), (66, 307), (76, 307), (86, 307), (96, 307), (106, 307), (116, 307), (126, 307), (136, 307), (146, 307);
move (36, 307), (46, 307), (56, 307), (66, 307), (76, 307), (86, 307), (96, 307), (106, 307), (116, 307), (126, 307), (136, 307), (146, 307) to (19, 0), (22, 0), (34, 0), (55, 0), (64, 0), (67, 0), (70, 0), (73, 0), (76, 0), (79, 0), (82, 0), (85, 0);
store (19, 0), (22, 0), (34, 0), (55, 0), (64, 0), (67, 0), (70, 0), (73, 0), (76, 0), (79, 0), (82, 0), (85, 0) to (18, 0), (21, 0), (33, 0), (54, 0), (63, 0), (66, 0), (69, 0), (72, 0), (75, 0), (78, 0), (81, 0), (84, 0);
rz(1.5708) at (15, 0), (18, 0), (21, 0), (33, 0), (63, 0), (66, 0), (69, 0), (72, 0), (75, 0), (78, 0), (81, 0), (84, 0);
rz(1.5708) at (78, 0);
load (18, 0) to (19, 0);
move (19, 0) to (37, 0);
load (33, 0), (21, 0) to (34, 0), (22, 0);
move (22, 0), (34, 0), (37, 0) to (64, 0), (70, 0), (73, 0);
load (66, 0) to (67, 0);
move (64, 0), (67, 0), (70, 0), (73, 0) to (88, 0), (91, 0), (94, 0), (97, 0);
load (84, 0), (72, 0), (69, 0), (63, 0) to (85, 0), (73, 0), (70, 0), (64, 0);
move (64, 0), (70, 0), (73, 0), (85, 0), (88, 0), (91, 0), (94, 0), (97, 0) to (76, 0), (85, 0), (88, 0), (91, 0), (94, 0), (97, 0), (100, 0), (103, 0);
load (81, 0), (78, 0) to (82, 0), (79, 0);
move (76, 0), (79, 0), (82, 0), (85, 0), (88, 0), (91, 0), (94, 0), (97, 0), (100, 0), (103, 0) to (79, 0), (82, 0), (85, 0), (88, 0), (91, 0), (94, 0), (97, 0), (100, 0), (103, 0), (106, 0);
load (75, 0) to (76, 0);
move (106, 0), (103, 0), (100, 0), (97, 0), (94, 0), (91, 0), (88, 0), (85, 0), (82, 0), (79, 0), (76, 0) to (136, 307), (126, 307), (116, 307), (106, 307), (96, 307), (86, 307), (76, 307), (66, 307), (56, 307), (46, 307), (36, 307);
store (136, 307), (126, 307), (116, 307), (106, 307), (96, 307), (86, 307), (76, 307), (66, 307), (56, 307), (46, 307), (36, 307) to (135, 307), (125, 307), (115, 307), (105, 307), (95, 307), (85, 307), (75, 307), (65, 307), (55, 307), (45, 307), (35, 307);
load (15, 0), (3, 0), (0, 0) to (16, 0), (4, 0), (1, 0);
move (1, 0), (4, 0), (16, 0) to (16, 0), (19, 0), (22, 0);
load (12, 0), (9, 0), (6, 0) to (13, 0), (10, 0), (7, 0);
move (7, 0), (10, 0), (13, 0), (16, 0), (19, 0), (22, 0) to (35, 308), (55, 308), (65, 308), (75, 308), (85, 308), (95, 308);
cz;
move (35, 308), (55, 308), (65, 308), (75, 308), (85, 308), (95, 308) to (45, 308), (105, 308), (115, 308), (125, 308), (135, 308), (145, 308);
cz;
move (45, 308), (105, 308), (115, 308), (125, 308), (135, 308), (145, 308) to (1, 0), (4, 0), (7, 0), (10, 0), (13, 0), (16, 0);
store (1, 0), (4, 0), (7, 0), (10, 0), (13, 0), (16, 0) to (0, 0), (3, 0), (6, 0), (9, 0), (12, 0), (15, 0);
load (35, 307), (45, 307), (55, 307), (65, 307), (75, 307), (85, 307), (95, 307), (105, 307), (115, 307), (125, 307), (135, 307) to (36, 307), (46, 307), (56, 307), (66, 307), (76, 307), (86, 307), (96, 307), (106, 307), (116, 307), (126, 307), (136, 307);
move (36, 307), (46, 307), (56, 307), (66, 307), (76, 307), (86, 307), (96, 307), (106, 307), (116, 307), (126, 307), (136, 307) to (19, 0), (22, 0), (34, 0), (64, 0), (67, 0), (70, 0), (73, 0), (76, 0), (79, 0), (82, 0), (85, 0);
store (19, 0), (22, 0), (34, 0), (64, 0), (67, 0), (70, 0), (73, 0), (76, 0), (79, 0), (82, 0), (85, 0) to (18, 0), (21, 0), (33, 0), (63, 0), (66, 0), (69, 0), (72, 0), (75, 0), (78, 0), (81, 0), (84, 0);
rz(1.5708) at (18, 0), (21, 0), (63, 0), (66, 0), (69, 0), (75, 0), (78, 0), (81, 0), (84, 0);
rz(1.5708) at (75, 0);
load (63, 0), (18, 0) to (64, 0), (19, 0);
move (19, 0), (64, 0) to (64, 0), (70, 0);
load (66, 0), (21, 0) to (67, 0), (22, 0);
move (64, 0), (22, 0), (67, 0), (70, 0) to (67, 0), (64, 0), (73, 0), (76, 0);
load (69, 0) to (70, 0);
move (64, 0), (67, 0), (70, 0), (73, 0), (76, 0) to (88, 0), (91, 0), (94, 0), (97, 0), (100, 0);
load (84, 0), (75, 0), (72, 0) to (85, 0), (76, 0), (73, 0);
move (73, 0), (76, 0), (85, 0), (88, 0), (91, 0), (94, 0), (97, 0), (100, 0) to (79, 0), (85, 0), (88, 0), (91, 0), (94, 0), (97, 0), (100, 0), (103, 0);
load (81, 0) to (82, 0);
move (79, 0), (82, 0), (85, 0), (88, 0), (91, 0), (94, 0), (97, 0), (100, 0), (103, 0) to (82, 0), (85, 0), (88, 0), (91, 0), (94, 0), (97, 0), (100, 0), (103, 0), (106, 0);
load (78, 0) to (79, 0);
move (106, 0), (103, 0), (100, 0), (97, 0), (94, 0), (91, 0), (88, 0), (85, 0), (82, 0), (79, 0) to (126, 307), (116, 307), (106, 307), (96, 307), (86, 307), (76, 307), (66, 307), (56, 307), (46, 307), (36, 307);
store (126, 307), (116, 307), (106, 307), (96, 307), (86, 307), (76, 307), (66, 307), (56, 307), (46, 307), (36, 307) to (125, 307), (115, 307), (105, 307), (95, 307), (85, 307), (75, 307), (65, 307), (55, 307), (45, 307), (35, 307);
load (0, 0) to (1, 0);
move (1, 0) to (16, 0);
load (12, 0), (3, 0) to (13, 0), (4, 0);
move (4, 0), (13, 0), (16, 0) to (13, 0), (16, 0), (19, 0);
load (9, 0), (6, 0) to (10, 0), (7, 0);
move (7, 0), (10, 0), (13, 0), (16, 0), (19, 0) to (35, 308), (55, 308), (65, 308), (75, 308), (85, 308);
cz;
move (35, 308), (55, 308), (65, 308), (75, 308), (85, 308) to (45, 308), (95, 308), (105, 308), (115, 308), (125, 308);
cz;
move (45, 308), (95, 308), (105, 308), (115, 308), (125, 308) to (1, 0), (4, 0), (7, 0), (10, 0), (13, 0);
store (1, 0), (4, 0), (7, 0), (10, 0), (13, 0) to (0, 0), (3, 0), (6, 0), (9, 0), (12, 0);
load (35, 307), (45, 307), (55, 307), (65, 307), (75, 307), (85, 307), (95, 307), (105, 307), (115, 307), (125, 307) to (36, 307), (46, 307), (56, 307), (66, 307), (76, 307), (86, 307), (96, 307), (106, 307), (116, 307), (126, 307);
move (36, 307), (46, 307), (56, 307), (66, 307), (76, 307), (86, 307), (96, 307), (106, 307), (116, 307), (126, 307) to (19, 0), (22, 0), (64, 0), (67, 0), (70, 0), (73, 0), (76, 0), (79, 0), (82, 0), (85, 0);
store (19, 0), (22, 0), (64, 0), (67, 0), (70, 0), (73, 0), (76, 0), (79, 0), (82, 0), (85, 0) to (18, 0), (21, 0), (63, 0), (66, 0), (69, 0), (72, 0), (75, 0), (78, 0), (81, 0), (84, 0);
rz(1.5708) at (18, 0), (21, 0), (63, 0), (69, 0), (72, 0), (75, 0), (78, 0), (81, 0), (84, 0);
rz(1.5708) at (78, 0);
load (15, 0) to (16, 0);
move (16, 0) to (67, 0);
load (63, 0), (18, 0) to (64, 0), (19, 0);
move (19, 0), (64, 0), (67, 0) to (25, 0), (28, 0), (31, 0);
load (21, 0) to (22, 0);
move (22, 0), (25, 0), (28, 0), (31, 0) to (85, 0), (88, 0), (91, 0), (94, 0);
load (81, 0), (69, 0) to (82, 0), (70, 0);
move (70, 0), (82, 0), (85, 0), (88, 0), (91, 0), (94, 0) to (82, 0), (88, 0), (91, 0), (94, 0), (97, 0), (100, 0);
load (84, 0), (78, 0), (72, 0) to (85, 0), (79, 0), (73, 0);
move (73, 0), (79, 0), (82, 0), (85, 0), (88, 0), (91, 0), (94, 0), (97, 0), (100, 0) to (79, 0), (82, 0), (85, 0), (88, 0), (91, 0), (94, 0), (97, 0), (100, 0), (103, 0);
load (75, 0) to (76, 0);
move (103, 0), (100, 0), (97, 0), (94, 0), (91, 0), (88, 0), (85, 0), (82, 0), (79, 0), (76, 0) to (126, 307), (116, 307), (106, 307), (96, 307), (86, 307), (76, 307), (66, 307), (56, 307), (46, 307), (36, 307);
store (126, 307), (116, 307), (106, 307), (96, 307), (86, 307), (76, 307), (66, 307), (56, 307), (46, 307), (36, 307) to (125, 307), (115, 307), (105, 307), (95, 307), (85, 307), (75, 307), (65, 307), (55, 307), (45, 307), (35, 307);
load (0, 0) to (1, 0);
move (1, 0) to (13, 0);
load (9, 0), (6, 0), (3, 0) to (10, 0), (7, 0), (4, 0);
move (7, 0), (4, 0), (10, 0), (13, 0) to (10, 0), (7, 0), (16, 0), (19, 0);
load (12, 0) to (13, 0);
move (7, 0), (10, 0), (13, 0), (16, 0), (19, 0) to (35, 308), (55, 308), (75, 308), (85, 308), (95, 308);
cz;
move (35, 308), (55, 308), (75, 308), (85, 308), (95, 308) to (45, 308), (65, 308), (105, 308), (115, 308), (125, 308);
cz;
move (45, 308), (65, 308), (105, 308), (115, 308), (125, 308) to (1, 0), (4, 0), (7, 0), (10, 0), (13, 0);
store (1, 0), (4, 0), (7, 0), (10, 0), (13, 0) to (0, 0), (3, 0), (6, 0), (9, 0), (12, 0);
load (35, 307), (45, 307), (55, 307), (65, 307), (75, 307), (85, 307), (95, 307), (105, 307), (115, 307), (125, 307) to (36, 307), (46, 307), (56, 307), (66, 307), (76, 307), (86, 307), (96, 307), (106, 307), (116, 307), (126, 307);
move (36, 307), (46, 307), (56, 307), (66, 307), (76, 307), (86, 307), (96, 307), (106, 307), (116, 307), (126, 307) to (16, 0), (19, 0), (22, 0), (64, 0), (70, 0), (73, 0), (76, 0), (79, 0), (82, 0), (85, 0);
store (16, 0), (19, 0), (22, 0), (64, 0), (70, 0), (73, 0), (76, 0), (79, 0), (82, 0), (85, 0) to (15, 0), (18, 0), (21, 0), (63, 0), (69, 0), (72, 0), (75, 0), (78, 0), (81, 0), (84, 0);
rz(1.5708) at (12, 0), (15, 0), (18, 0), (63, 0), (69, 0), (72, 0), (75, 0), (78, 0), (81, 0), (84, 0);
rz(1.5708) at (63, 0);
load (72, 0), (63, 0), (12, 0) to (73, 0), (64, 0), (13, 0);
move (13, 0), (64, 0), (73, 0) to (19, 0), (22, 0), (25, 0);
load (15, 0) to (16, 0);
move (16, 0), (19, 0), (22, 0), (25, 0) to (85, 0), (88, 0), (91, 0), (94, 0);
load (81, 0), (75, 0), (69, 0), (18, 0) to (82, 0), (76, 0), (70, 0), (19, 0);
move (70, 0), (19, 0), (76, 0), (82, 0), (85, 0), (88, 0), (91, 0), (94, 0) to (76, 0), (73, 0), (82, 0), (85, 0), (88, 0), (91, 0), (94, 0), (97, 0);
load (78, 0) to (79, 0);
move (97, 0), (94, 0), (91, 0), (88, 0), (85, 0), (82, 0), (79, 0), (76, 0), (73, 0) to (126, 307), (116, 307), (106, 307), (86, 307), (76, 307), (66, 307), (56, 307), (46, 307), (36, 307);
store (126, 307), (116, 307), (106, 307), (86, 307), (76, 307), (66, 307), (56, 307), (46, 307), (36, 307) to (125, 307), (115, 307), (105, 307), (85, 307), (75, 307), (65, 307), (55, 307), (45, 307), (35, 307);
load (3, 0), (0, 0) to (4, 0), (1, 0);
move (1, 0), (4, 0) to (4, 0), (88, 0);
load (84, 0), (9, 0), (6, 0) to (85, 0), (10, 0), (7, 0);
move (4, 0), (7, 0), (10, 0), (85, 0), (88, 0) to (35, 308), (55, 308), (75, 308), (105, 308), (115, 308);
cz;
move (35, 308), (55, 308), (75, 308), (105, 308), (115, 308) to (45, 308), (65, 308), (85, 308), (95, 308), (125, 308);
cz;
move (45, 308), (65, 308), (85, 308), (95, 308), (125, 308) to (1, 0), (4, 0), (7, 0), (10, 0), (13, 0);
store (1, 0), (4, 0), (7, 0), (10, 0), (13, 0) to (0, 0), (3, 0), (6, 0), (9, 0), (12, 0);
load (35, 307), (45, 307), (55, 307), (65, 307), (75, 307), (85, 307), (105, 307), (115, 307), (125, 307) to (36, 307), (46, 307), (56, 307), (66, 307), (76, 307), (86, 307), (106, 307), (116, 307), (126, 307);
move (36, 307), (46, 307), (56, 307), (66, 307), (76, 307), (86, 307), (106, 307), (116, 307), (126, 307) to (16, 0), (19, 0), (64, 0), (70, 0), (73, 0), (76, 0), (79, 0), (82, 0), (85, 0);
store (16, 0), (19, 0), (64, 0), (70, 0), (73, 0), (76, 0), (79, 0), (82, 0), (85, 0) to (15, 0), (18, 0), (63, 0), (69, 0), (72, 0), (75, 0), (78, 0), (81, 0), (84, 0);
rz(1.5708) at (15, 0), (18, 0), (63, 0), (69, 0), (72, 0), (75, 0), (84, 0);
rz(1.5708) at (84, 0);
load (72, 0), (15, 0), (9, 0) to (73, 0), (16, 0), (10, 0);
move (16, 0), (10, 0), (73, 0) to (82, 0), (73, 0), (88, 0);
load (84, 0), (75, 0), (69, 0), (63, 0), (18, 0) to (85, 0), (76, 0), (70, 0), (64, 0), (19, 0);
move (88, 0), (85, 0), (82, 0), (76, 0), (73, 0), (70, 0), (64, 0), (19, 0) to (106, 307), (96, 307), (86, 307), (76, 307), (66, 307), (56, 307), (46, 307), (36, 307);
store (106, 307), (96, 307), (86, 307), (76, 307), (66, 307), (56, 307), (46, 307), (36, 307) to (105, 307), (95, 307), (85, 307), (75, 307), (65, 307), (55, 307), (45, 307), (35, 307);
load (12, 0), (6, 0), (3, 0), (0, 0) to (13, 0), (7, 0), (4, 0), (1, 0);
move (1, 0), (4, 0), (7, 0), (13, 0) to (35, 308), (55, 308), (75, 308), (95, 308);
cz;
move (35, 308), (55, 308), (75, 308), (95, 308) to (45, 308), (65, 308), (85, 308), (105, 308);
cz;
move (45, 308), (65, 308), (85, 308), (105, 308) to (1, 0), (4, 0), (7, 0), (10, 0);
store (1, 0), (4, 0), (7, 0), (10, 0) to (0, 0), (3, 0), (6, 0), (9, 0);
load (35, 307), (45, 307), (55, 307), (65, 307), (75, 307), (85, 307), (95, 307), (105, 307) to (36, 307), (46, 307), (56, 307), (66, 307), (76, 307), (86, 307), (96, 307), (106, 307);
move (36, 307), (46, 307), (56, 307), (66, 307), (76, 307), (86, 307), (96, 307), (106, 307) to (13, 0), (16, 0), (19, 0), (64, 0), (70, 0), (73, 0), (76, 0), (85, 0);
store (13, 0), (16, 0), (19, 0), (64, 0), (70, 0), (73, 0), (76, 0), (85, 0) to (12, 0), (15, 0), (18, 0), (63, 0), (69, 0), (72, 0), (75, 0), (84, 0);
rz(1.5708) at (12, 0), (15, 0), (18, 0), (63, 0), (69, 0), (72, 0), (84, 0);
rz(1.5708) at (84, 0);
load (69, 0), (12, 0) to (70, 0), (13, 0);
move (13, 0), (70, 0) to (82, 0), (88, 0);
load (84, 0), (72, 0), (63, 0), (18, 0), (15, 0) to (85, 0), (73, 0), (64, 0), (19, 0), (16, 0);
move (64, 0), (19, 0), (16, 0), (73, 0), (82, 0), (85, 0), (88, 0) to (76, 0), (73, 0), (70, 0), (82, 0), (85, 0), (88, 0), (91, 0);
load (78, 0) to (79, 0);
move (91, 0), (88, 0), (85, 0), (82, 0), (79, 0), (76, 0), (73, 0), (70, 0) to (106, 307), (96, 307), (86, 307), (76, 307), (66, 307), (56, 307), (46, 307), (36, 307);
store (106, 307), (96, 307), (86, 307), (76, 307), (66, 307), (56, 307), (46, 307), (36, 307) to (105, 307), (95, 307), (85, 307), (75, 307), (65, 307), (55, 307), (45, 307), (35, 307);
load (9, 0), (6, 0), (3, 0), (0, 0) to (10, 0), (7, 0), (4, 0), (1, 0);
move (1, 0), (4, 0), (7, 0), (10, 0) to (35, 308), (55, 308), (75, 308), (95, 308);
cz;
move (35, 308), (55, 308), (75, 308), (95, 308) to (45, 308), (65, 308), (85, 308), (105, 308);
cz;
move (45, 308), (65, 308), (85, 308), (105, 308) to (1, 0), (4, 0), (7, 0), (10, 0);
store (1, 0), (4, 0), (7, 0), (10, 0) to (0, 0), (3, 0), (6, 0), (9, 0);
load (35, 307), (45, 307), (55, 307), (65, 307), (75, 307), (85, 307), (95, 307), (105, 307) to (36, 307), (46, 307), (56, 307), (66, 307), (76, 307), (86, 307), (96, 307), (106, 307);
move (36, 307), (46, 307), (56, 307), (66, 307), (76, 307), (86, 307), (96, 307), (106, 307) to (13, 0), (16, 0), (19, 0), (64, 0), (70, 0), (73, 0), (79, 0), (85, 0);
store (13, 0), (16, 0), (19, 0), (64, 0), (70, 0), (73, 0), (79, 0), (85, 0) to (12, 0), (15, 0), (18, 0), (63, 0), (69, 0), (72, 0), (78, 0), (84, 0);
rz(1.5708) at (3, 0), (12, 0), (15, 0), (18, 0), (63, 0), (69, 0), (72, 0), (84, 0);
rz(1.5708) at (84, 0);
load (69, 0), (12, 0), (3, 0) to (70, 0), (13, 0), (4, 0);
move (13, 0), (4, 0), (70, 0) to (82, 0), (13, 0), (88, 0);
load (84, 0), (72, 0), (18, 0), (15, 0) to (85, 0), (73, 0), (19, 0), (16, 0);
move (88, 0), (85, 0), (82, 0), (73, 0), (19, 0), (16, 0), (13, 0) to (96, 307), (86, 307), (76, 307), (66, 307), (56, 307), (46, 307), (36, 307);
store (96, 307), (86, 307), (76, 307), (66, 307), (56, 307), (46, 307), (36, 307) to (95, 307), (85, 307), (75, 307), (65, 307), (55, 307), (45, 307), (35, 307);
load (9, 0), (6, 0), (0, 0) to (10, 0), (7, 0), (1, 0);
move (1, 0), (7, 0), (10, 0) to (67, 0), (70, 0), (73, 0);
load (63, 0) to (64, 0);
move (64, 0), (67, 0), (70, 0), (73, 0) to (35, 308), (45, 308), (65, 308), (85, 308);
cz;
move (35, 308), (45, 308), (65, 308), (85, 308) to (29, 308), (55, 308), (75, 308), (95, 308);
cz;
move (29, 308), (55, 308), (75, 308), (95, 308) to (1, 0), (4, 0), (7, 0), (10, 0);
store (1, 0), (4, 0), (7, 0), (10, 0) to (0, 0), (3, 0), (6, 0), (9, 0);
load (35, 307), (45, 307), (55, 307), (65, 307), (75, 307), (85, 307), (95, 307) to (36, 307), (46, 307), (56, 307), (66, 307), (76, 307), (86, 307), (96, 307);
move (36, 307), (46, 307), (56, 307), (66, 307), (76, 307), (86, 307), (96, 307) to (13, 0), (16, 0), (19, 0), (64, 0), (70, 0), (73, 0), (85, 0);
store (13, 0), (16, 0), (19, 0), (64, 0), (70, 0), (73, 0), (85, 0) to (12, 0), (15, 0), (18, 0), (63, 0), (69, 0), (72, 0), (84, 0);
rz(1.5708) at (15, 0), (18, 0), (63, 0), (69, 0), (84, 0);
rz(1.5708) at (84, 0);
load (63, 0), (15, 0), (0, 0) to (64, 0), (16, 0), (1, 0);
move (16, 0), (1, 0), (64, 0) to (82, 0), (67, 0), (88, 0);
load (84, 0), (69, 0), (18, 0) to (85, 0), (70, 0), (19, 0);
move (88, 0), (85, 0), (82, 0), (70, 0), (67, 0), (19, 0) to (86, 307), (76, 307), (66, 307), (56, 307), (46, 307), (36, 307);
store (86, 307), (76, 307), (66, 307), (56, 307), (46, 307), (36, 307) to (85, 307), (75, 307), (65, 307), (55, 307), (45, 307), (35, 307);
load (9, 0), (6, 0), (3, 0) to (10, 0), (7, 0), (4, 0);
move (4, 0), (7, 0), (10, 0) to (35, 308), (55, 308), (75, 308);
cz;
move (35, 308), (55, 308), (75, 308) to (45, 308), (65, 308), (85, 308);
cz;
move (45, 308), (65, 308), (85, 308) to (1, 0), (4, 0), (7, 0);
store (1, 0), (4, 0), (7, 0) to (0, 0), (3, 0), (6, 0);
load (35, 307), (45, 307), (55, 307), (65, 307), (75, 307), (85, 307) to (36, 307), (46, 307), (56, 307), (66, 307), (76, 307), (86, 307);
move (36, 307), (46, 307), (56, 307), (66, 307), (76, 307), (86, 307) to (10, 0), (16, 0), (19, 0), (64, 0), (70, 0), (85, 0);
store (10, 0), (16, 0), (19, 0), (64, 0), (70, 0), (85, 0) to (9, 0), (15, 0), (18, 0), (63, 0), (69, 0), (84, 0);
rz(1.5708) at (9, 0), (15, 0), (18, 0), (63, 0), (84, 0);
rz(1.5708) at (84, 0);
load (18, 0), (9, 0) to (19, 0), (10, 0);
move (10, 0), (19, 0) to (82, 0), (88, 0);
load (84, 0), (63, 0), (12, 0) to (85, 0), (64, 0), (13, 0);
move (13, 0), (64, 0), (82, 0), (85, 0), (88, 0) to (19, 0), (22, 0), (25, 0), (28, 0), (31, 0);
load (15, 0) to (16, 0);
move (31, 0), (28, 0), (25, 0), (22, 0), (19, 0), (16, 0) to (86, 307), (76, 307), (66, 307), (56, 307), (46, 307), (36, 307);
store (86, 307), (76, 307), (66, 307), (56, 307), (46, 307), (36, 307) to (85, 307), (75, 307), (65, 307), (55, 307), (45, 307), (35, 307);
load (6, 0), (3, 0), (0, 0) to (7, 0), (4, 0), (1, 0);
move (1, 0), (4, 0), (7, 0) to (35, 308), (55, 308), (75, 308);
cz;
move (35, 308), (55, 308), (75, 308) to (45, 308), (65, 308), (85, 308);
cz;
move (45, 308), (65, 308), (85, 308) to (1, 0), (4, 0), (7, 0);
store (1, 0), (4, 0), (7, 0) to (0, 0), (3, 0), (6, 0);
load (35, 307), (45, 307), (55, 307), (65, 307), (75, 307), (85, 307) to (36, 307), (46, 307), (56, 307), (66, 307), (76, 307), (86, 307);
move (36, 307), (46, 307), (56, 307), (66, 307), (76, 307), (86, 307) to (10, 0), (13, 0), (16, 0), (19, 0), (64, 0), (85, 0);
store (10, 0), (13, 0), (16, 0), (19, 0), (64, 0), (85, 0) to (9, 0), (12, 0), (15, 0), (18, 0), (63, 0), (84, 0);
rz(1.5708) at (0, 0), (9, 0), (12, 0), (15, 0), (18, 0), (84, 0);
rz(1.5708) at (84, 0);
load (15, 0), (9, 0), (0, 0) to (16, 0), (10, 0), (1, 0);
move (10, 0), (1, 0), (16, 0) to (82, 0), (16, 0), (88, 0);
load (84, 0), (18, 0) to (85, 0), (19, 0);
move (88, 0), (85, 0), (82, 0), (19, 0), (16, 0) to (76, 307), (66, 307), (56, 307), (46, 307), (36, 307);
store (76, 307), (66, 307), (56, 307), (46, 307), (36, 307) to (75, 307), (65, 307), (55, 307), (45, 307), (35, 307);
load (6, 0), (3, 0) to (7, 0), (4, 0);
move (4, 0), (7, 0) to (16, 0), (19, 0);
load (12, 0) to (13, 0);
move (13, 0), (16, 0), (19, 0) to (35, 308), (45, 308), (65, 308);
cz;
move (35, 308), (45, 308), (65, 308) to (29, 308), (55, 308), (75, 308);
cz;
move (29, 308), (55, 308), (75, 308) to (1, 0), (4, 0), (7, 0);
store (1, 0), (4, 0), (7, 0) to (0, 0), (3, 0), (6, 0);
load (35, 307), (45, 307), (55, 307), (65, 307), (75, 307) to (36, 307), (46, 307), (56, 307), (66, 307), (76, 307);
move (36, 307), (46, 307), (56, 307), (66, 307), (76, 307) to (10, 0), (13, 0), (16, 0), (19, 0), (85, 0);
store (10, 0), (13, 0), (16, 0), (19, 0), (85, 0) to (9, 0), (12, 0), (15, 0), (18, 0), (84, 0);
rz(1.5708) at (12, 0), (15, 0), (84, 0);
rz(1.5708) at (84, 0);
load (12, 0), (0, 0) to (13, 0), (1, 0);
move (1, 0), (13, 0) to (82, 0), (88, 0);
load (84, 0), (15, 0) to (85, 0), (16, 0);
move (88, 0), (85, 0), (82, 0), (16, 0) to (66, 307), (56, 307), (46, 307), (36, 307);
store (66, 307), (56, 307), (46, 307), (36, 307) to (65, 307), (55, 307), (45, 307), (35, 307);
load (6, 0), (3, 0) to (7, 0), (4, 0);
move (4, 0), (7, 0) to (35, 308), (55, 308);
cz;
move (35, 308), (55, 308) to (45, 308), (65, 308);
cz;
move (45, 308), (65, 308) to (1, 0), (4, 0);
store (1, 0), (4, 0) to (0, 0), (3, 0);
load (35, 307), (45, 307), (55, 307), (65, 307) to (36, 307), (46, 307), (56, 307), (66, 307);
move (36, 307), (46, 307), (56, 307), (66, 307) to (7, 0), (13, 0), (16, 0), (85, 0);
store (7, 0), (13, 0), (16, 0), (85, 0) to (6, 0), (12, 0), (15, 0), (84, 0);
rz(1.5708) at (6, 0), (12, 0), (84, 0);
rz(1.5708) at (84, 0);
load (6, 0) to (7, 0);
move (7, 0) to (88, 0);
load (84, 0), (9, 0) to (85, 0), (10, 0);
move (10, 0), (85, 0), (88, 0) to (16, 0), (19, 0), (22, 0);
load (12, 0) to (13, 0);
move (22, 0), (19, 0), (16, 0), (13, 0) to (66, 307), (56, 307), (46, 307), (36, 307);
store (66, 307), (56, 307), (46, 307), (36, 307) to (65, 307), (55, 307), (45, 307), (35, 307);
load (3, 0), (0, 0) to (4, 0), (1, 0);
move (1, 0), (4, 0) to (35, 308), (55, 308);
cz;
move (35, 308), (55, 308) to (45, 308), (65, 308);
cz;
move (45, 308), (65, 308) to (1, 0), (4, 0);
store (1, 0), (4, 0) to (0, 0), (3, 0);
load (35, 307), (45, 307), (55, 307), (65, 307) to (36, 307), (46, 307), (56, 307), (66, 307);
move (36, 307), (46, 307), (56, 307), (66, 307) to (7, 0), (10, 0), (13, 0), (85, 0);
store (7, 0), (10, 0), (13, 0), (85, 0) to (6, 0), (9, 0), (12, 0), (84, 0);
rz(1.5708) at (0, 0), (6, 0), (9, 0), (84, 0);
rz(1.5708) at (84, 0);
load (6, 0), (0, 0) to (7, 0), (1, 0);
move (1, 0), (7, 0) to (82, 0), (88, 0);
load (84, 0) to (85, 0);
move (88, 0), (85, 0), (82, 0) to (56, 307), (46, 307), (36, 307);
store (56, 307), (46, 307), (36, 307) to (55, 307), (45, 307), (35, 307);
load (3, 0) to (4, 0);
move (4, 0) to (13, 0);
load (9, 0) to (10, 0);
move (10, 0), (13, 0) to (35, 308), (45, 308);
cz;
move (35, 308), (45, 308) to (29, 308), (55, 308);
cz;
move (29, 308), (55, 308) to (1, 0), (4, 0);
store (1, 0), (4, 0) to (0, 0), (3, 0);
load (35, 307), (45, 307), (55, 307) to (36, 307), (46, 307), (56, 307);
move (36, 307), (46, 307), (56, 307) to (7, 0), (10, 0), (85, 0);
store (7, 0), (10, 0), (85, 0) to (6, 0), (9, 0), (84, 0);
rz(1.5708) at (84, 0);
rz(1.5708) at (84, 0);
load (0, 0) to (1, 0);
move (1, 0) to (88, 0);
load (84, 0) to (85, 0);
move (88, 0), (85, 0) to (46, 307), (36, 307);
store (46, 307), (36, 307) to (45, 307), (35, 307);
load (3, 0) to (4, 0);
move (4, 0) to (35, 308);
cz;
move (35, 308) to (45, 308);
cz;
move (45, 308) to (1, 0);
store (1, 0) to (0, 0);
load (35, 307), (45, 307) to (36, 307), (46, 307);
move (36, 307), (46, 307) to (4, 0), (85, 0);
store (4, 0), (85, 0) to (3, 0), (84, 0);
rz(1.5708) at (84, 0);
rz(1.5708) at (84, 0);
load (6, 0) to (7, 0);
move (7, 0) to (88, 0);
load (84, 0) to (85, 0);
move (88, 0), (85, 0) to (46, 307), (36, 307);
store (46, 307), (36, 307) to (45, 307), (35, 307);
load (0, 0) to (1, 0);
move (1, 0) to (35, 308);
cz;
move (35, 308) to (45, 308);
cz;
move (45, 308) to (1, 0);
store (1, 0) to (0, 0);
load (35, 307), (45, 307) to (36, 307), (46, 307);
move (36, 307), (46, 307) to (7, 0), (85, 0);
store (7, 0), (85, 0) to (6, 0), (84, 0);
rz(1.5708) at (0, 0), (84, 0);
load (0, 0) to (1, 0);
move (1, 0) to (36, 307);
store (36, 307) to (35, 307);
load (84, 0) to (85, 0);
move (85, 0) to (35, 308);
cz;
move (35, 308) to (1, 0);
store (1, 0) to (0, 0);
load (35, 307) to (36, 307);
move (36, 307) to (85, 0);
store (85, 0) to (84, 0);
