dataset,canonical_sha256,circuits,member_N,qubits,gates_2q,M1,M2,Default
qmap154,012b9e9f7ae5656aefa02b50a70cdc55461c1dc41c9fed19de9b1e8eb288a0ae,"[""4gt11_84""]",1,5,9,"{""fidelity"": 0.9068524593392224, ""idle_exposures"": 0.0, ""log_atom_transfer"": -0.040020013343341376, ""log_coherence_linear"": -0.007241811046984918, ""log_fidelity"": -0.09777551096426074, ""log_idle_excitation"": 0.0, ""move_batches"": 16.0, ""move_time_us"": 1592.9343498347191, ""transfers"": 40.0}","{""fidelity"": 0.9065763464882078, ""idle_exposures"": 0.0, ""log_atom_transfer"": -0.040020013343341376, ""log_coherence_linear"": -0.007546331249003319, ""log_fidelity"": -0.09808003116627913, ""log_idle_excitation"": 0.0, ""move_batches"": 16.0, ""move_time_us"": 1631.7954108998247, ""transfers"": 40.0}","{""fidelity"": 0.9119697532131606, ""idle_exposures"": 5.0, ""log_atom_transfer"": -0.024012008006004823, ""log_coherence_linear"": -0.005107109123702647, ""log_fidelity"": -0.0921484547942343, ""log_idle_excitation"": -0.012515651090592385, ""move_batches"": 10.0, ""move_time_us"": 1061.6776006168352, ""transfers"": 24.0}"
qmap154,02ff18ecd3cbf5d461bcd36200261de37bb114a1b24a49eed03d37f500b7c215,"[""4gt5_76""]",1,5,46,"{""fidelity"": 0.6264548113306613, ""idle_exposures"": 0.0, ""log_atom_transfer"": -0.1800900600450362, ""log_coherence_linear"": -0.0333080963701009, ""log_fidelity"": -0.4676786360093316, ""log_idle_excitation"": 0.0, ""move_batches"": 77.0, ""move_time_us"": 7308.292786733187, ""transfers"": 180.0}","{""fidelity"": 0.6259927877065123, ""idle_exposures"": 0.0, ""log_atom_transfer"": -0.1800900600450362, ""log_coherence_linear"": -0.034045889544781056, ""log_fidelity"": -0.46841642918401183, ""log_idle_excitation"": 0.0, ""move_batches"": 78.0, ""move_time_us"": 7424.144944735588, ""transfers"": 180.0}","{""fidelity"": 0.6211633857097176, ""idle_exposures"": 25.0, ""log_atom_transfer"": -0.13206604403302655, ""log_coherence_linear"": -0.027236351591637, ""log_fidelity"": -0.47616113067182003, ""log_idle_excitation"": -0.06257825545296192, ""move_batches"": 62.0, ""move_time_us"": 6381.486908337101, ""transfers"": 132.0}"
qmap154,040d1773bb1501d1f86ca2d9028bed22e4dbfe9728922474bce44a5531b21b5a,"[""majority_239""]",1,7,267,"{""fidelity"": 0.054270497023150614, ""idle_exposures"": 0.0, ""log_atom_transfer"": -1.108554369610556, ""log_coherence_linear"": -0.3174490816281732, ""log_fidelity"": -2.9137745326080458, ""log_idle_excitation"": 0.0, ""move_batches"": 479.0, ""move_time_us"": 46729.855626339995, ""transfers"": 1108.0}","{""fidelity"": 0.05482379734590389, ""idle_exposures"": 0.0, ""log_atom_transfer"": -1.108554369610556, ""log_coherence_linear"": -0.30730547017413845, ""log_fidelity"": -2.903630921154011, ""log_idle_excitation"": 0.0, ""move_batches"": 469.0, ""move_time_us"": 44547.09268165529, ""transfers"": 1108.0}","{""fidelity"": 0.05284081222986462, ""idle_exposures"": 175.0, ""log_atom_transfer"": -0.7723862575264885, ""log_coherence_linear"": -0.24226630088331172, ""log_fidelity"": -2.9404714279498503, ""log_idle_excitation"": -0.4380477881707335, ""move_batches"": 352.0, ""move_time_us"": 36757.921429603135, ""transfers"": 772.0}"
qmap154,081979fd7492baf5b800ab2ecf9a40368544e0b330c139e248e5342892ed469a,"[""qe_qft_4""]",1,5,25,"{""fidelity"": 0.8140289251436202, ""idle_exposures"": 0.0, ""log_atom_transfer"": -0.05602801868067792, ""log_coherence_linear"": -0.011815924389093936, ""log_fidelity"": -0.20575937903646271, ""log_idle_excitation"": 0.0, ""move_batches"": 20.0, ""move_time_us"": 2205.7549704796156, ""transfers"": 56.0}","{""fidelity"": 0.8148677907179451, ""idle_exposures"": 0.0, ""log_atom_transfer"": -0.05602801868067792, ""log_coherence_linear"": -0.010785944230970734, ""log_fidelity"": -0.2047293988783395, ""log_idle_excitation"": 0.0, ""move_batches"": 16.0, ""move_time_us"": 1650.5620692555674, ""transfers"": 56.0}","{""fidelity"": 0.8255934575011386, ""idle_exposures"": 0.0, ""log_atom_transfer"": -0.04402201467767551, ""log_coherence_linear"": -0.009715358180221395, ""log_fidelity"": -0.19165280882458774, ""log_idle_excitation"": 0.0, ""move_batches"": 16.0, ""move_time_us"": 1667.2560168485002, ""transfers"": 44.0}"
qmap154,0a0d73bbac4f2706db89eac74c34669b900537059d81b0bf2094c7f97d0304a3,"[""one-two-three-v0_98""]",1,5,65,"{""fidelity"": 0.5068630035265466, ""idle_exposures"": 0.0, ""log_atom_transfer"": -0.2641320880660531, ""log_coherence_linear"": -0.053261769225394134, ""log_fidelity"": -0.6795145219110669, ""log_idle_excitation"": 0.0, ""move_batches"": 119.0, ""move_time_us"": 11744.198106370073, ""transfers"": 264.0}","{""fidelity"": 0.5058266573360579, ""idle_exposures"": 0.0, ""log_atom_transfer"": -0.2681340894003872, ""log_coherence_linear"": -0.05130648880135913, ""log_fidelity"": -0.681561242821366, ""log_idle_excitation"": 0.0, ""move_batches"": 117.0, ""move_time_us"": 11071.714919558008, ""transfers"": 268.0}","{""fidelity"": 0.503225281494482, ""idle_exposures"": 43.0, ""log_atom_transfer"": -0.17808905937786912, ""log_coherence_linear"": -0.03956803522103875, ""log_fidelity"": -0.6867173334142412, ""log_idle_excitation"": -0.1076345993790945, ""move_batches"": 83.0, ""move_time_us"": 8663.45870928274, ""transfers"": 178.0}"
qmap154,0d21004070d0a6614961fe081dffc6b68f22d145e1bac2b93deac3a6cbd14dbf,"[""rd32_270""]",1,5,36,"{""fidelity"": 0.6848017524158954, ""idle_exposures"": 0.0, ""log_atom_transfer"": -0.1480740493703631, ""log_coherence_linear"": -0.029397234500245402, ""log_fidelity"": -0.37862589513934025, ""log_idle_excitation"": 0.0, ""move_batches"": 68.0, ""move_time_us"": 6411.441859268658, ""transfers"": 148.0}","{""fidelity"": 0.6846076576810036, ""idle_exposures"": 0.0, ""log_atom_transfer"": -0.1480740493703631, ""log_coherence_linear"": -0.02968070668140657, ""log_fidelity"": -0.37890936732050146, ""log_idle_excitation"": 0.0, ""move_batches"": 68.0, ""move_time_us"": 6443.982584073131, ""transfers"": 148.0}","{""fidelity"": 0.6830344244325508, ""idle_exposures"": 25.0, ""log_atom_transfer"": -0.09604803202401929, ""log_coherence_linear"": -0.021429120131149167, ""log_fidelity"": -0.3812100188768621, ""log_idle_excitation"": -0.06257825545296192, ""move_batches"": 47.0, ""move_time_us"": 4669.915258683363, ""transfers"": 96.0}"
qmap154,128f4fc145f17a5c3292150a1026e96555931cd0f863e3eed45c36c456983d23,"[""4mod7-v0_94""]",1,5,70,"{""fidelity"": 0.48025118120940175, ""idle_exposures"": 0.0, ""log_atom_transfer"": -0.2881440960720579, ""log_coherence_linear"": -0.05541814287418557, ""log_fidelity"": -0.7334460177646025, ""log_idle_excitation"": 0.0, ""move_batches"": 129.0, ""move_time_us"": 12184.608340405988, ""transfers"": 288.0}","{""fidelity"": 0.4800586396713611, ""idle_exposures"": 0.0, ""log_atom_transfer"": -0.2881440960720579, ""log_coherence_linear"": -0.05581914166943712, ""log_fidelity"": -0.7338470165598541, ""log_idle_excitation"": 0.0, ""move_batches"": 127.0, ""move_time_us"": 12095.57720743488, ""transfers"": 288.0}","{""fidelity"": 0.4726304653987163, ""idle_exposures"": 49.0, ""log_atom_transfer"": -0.19409706471520566, ""log_coherence_linear"": -0.04280722869436017, ""log_fidelity"": -0.7494414529157303, ""log_idle_excitation"": -0.12265338068780537, ""move_batches"": 91.0, ""move_time_us"": 9534.136427960746, ""transfers"": 194.0}"
qmap154,1339e2c7e5bc81127fa6ab1721b679c0a6f525f4446d354f7ed78b8331f01fac,"[""ground_state_estimation_10""]",1,13,3,"{""fidelity"": 0.9665585995497005, ""idle_exposures"": 0.0, ""log_atom_transfer"": -0.008004002668668275, ""log_coherence_linear"": -0.007071138237996509, ""log_fidelity"": -0.034013351494323545, ""log_idle_excitation"": 0.0, ""move_batches"": 2.0, ""move_time_us"": 199.99282681158866, ""transfers"": 8.0}","{""fidelity"": 0.9662332898517291, ""idle_exposures"": 0.0, ""log_atom_transfer"": -0.008004002668668275, ""log_coherence_linear"": -0.007407759788228736, ""log_fidelity"": -0.03434997304455577, ""log_idle_excitation"": 0.0, ""move_batches"": 2.0, ""move_time_us"": 238.81215109115067, ""transfers"": 8.0}","{""fidelity"": 0.9710227207614485, ""idle_exposures"": 0.0, ""log_atom_transfer"": -0.0040020013343341375, ""log_coherence_linear"": -0.006465199700202187, ""log_fidelity"": -0.029405411622195083, ""log_idle_excitation"": 0.0, ""move_batches"": 1.0, ""move_time_us"": 125.49844817010268, ""transfers"": 4.0}"
qmap154,13f4bceb146bbcba79157a59457fb4180968dfbf0e27e986fd3a79153e3c761d,"[""alu-bdd_288""]",1,7,38,"{""fidelity"": 0.6551496903431628, ""idle_exposures"": 0.0, ""log_atom_transfer"": -0.16408205470769963, ""log_coherence_linear"": -0.046429604922416046, ""log_fidelity"": -0.422891534581944, ""log_idle_excitation"": 0.0, ""move_batches"": 72.0, ""move_time_us"": 7005.243285476675, ""transfers"": 164.0}","{""fidelity"": 0.6549797512121575, ""idle_exposures"": 0.0, ""log_atom_transfer"": -0.16408205470769963, ""log_coherence_linear"": -0.04668902834512263, ""log_fidelity"": -0.4231509580046506, ""log_idle_excitation"": 0.0, ""move_batches"": 71.0, ""move_time_us"": 7060.4654913555805, ""transfers"": 164.0}","{""fidelity"": 0.6541105763226962, ""idle_exposures"": 26.0, ""log_atom_transfer"": -0.11205603736135585, ""log_coherence_linear"": -0.03496156688655107, ""log_fidelity"": -0.42447886487081565, ""log_idle_excitation"": -0.0650813856710804, ""move_batches"": 49.0, ""move_time_us"": 5021.059327671475, ""transfers"": 112.0}"
qmap154,157102116dddf0ba09f368852ccbf37928a0e99f99e9d7d4859f84655c619419,"[""4gt10-v1_81""]",1,5,66,"{""fidelity"": 0.5001153174664597, ""idle_exposures"": 0.0, ""log_atom_transfer"": -0.27213609073472134, ""log_coherence_linear"": -0.05274714001428218, ""log_fidelity"": -0.6929165722191735, ""log_idle_excitation"": 0.0, ""move_batches"": 122.0, ""move_time_us"": 11490.431948238245, ""transfers"": 272.0}","{""fidelity"": 0.5001419293993478, ""idle_exposures"": 0.0, ""log_atom_transfer"": -0.27213609073472134, ""log_coherence_linear"": -0.052693929836644754, ""log_fidelity"": -0.6928633620415361, ""log_idle_excitation"": 0.0, ""move_batches"": 120.0, ""move_time_us"": 11370.636327242406, ""transfers"": 272.0}","{""fidelity"": 0.49275139680967717, ""idle_exposures"": 43.0, ""log_atom_transfer"": -0.19009506338087154, ""log_coherence_linear"": -0.04198749400035384, ""log_fidelity"": -0.7077504982304899, ""log_idle_excitation"": -0.1076345993790945, ""move_batches"": 88.0, ""move_time_us"": 9336.315170568481, ""transfers"": 190.0}"
qmap154,17585b5581ef461ec1956dcfd5c0d021a2e1cd4acd8ebef58f665e2e9b95f2b1,"[""4gt4-v0_78""]",1,6,107,"{""fidelity"": 0.3246670911134975, ""idle_exposures"": 0.0, ""log_atom_transfer"": -0.4282141427737527, ""log_coherence_linear"": -0.10249015204708906, ""log_fidelity"": -1.124954956677465, ""log_idle_excitation"": 0.0, ""move_batches"": 193.0, ""move_time_us"": 18349.325719957764, ""transfers"": 428.0}","{""fidelity"": 0.3243886690998904, ""idle_exposures"": 0.0, ""log_atom_transfer"": -0.4282141427737527, ""log_coherence_linear"": -0.10334808151248104, ""log_fidelity"": -1.125812886142857, ""log_idle_excitation"": 0.0, ""move_batches"": 192.0, ""move_time_us"": 18300.16037583708, ""transfers"": 428.0}","{""fidelity"": 0.31870101304581244, ""idle_exposures"": 66.0, ""log_atom_transfer"": -0.3021511007422274, ""log_coherence_linear"": -0.08189352188767042, ""log_fidelity"": -1.1435018788823406, ""log_idle_excitation"": -0.16520659439581947, ""move_batches"": 143.0, ""move_time_us"": 15243.209592466515, ""transfers"": 302.0}"
qmap154,181b076ba081017381177d84383cc4f660e01506983ee907420658ef1adbd956,"[""rd73_252""]",1,10,2319,"{""fidelity"": 1.3349430768551419e-12, ""idle_exposures"": 0.0, ""log_atom_transfer"": -9.552777185055586, ""log_coherence_linear"": -4.8720768013918505, ""log_fidelity"": -27.342132464045225, ""log_idle_excitation"": 0.0, ""move_batches"": 4053.0, ""move_time_us"": 391160.087639514, ""transfers"": 9548.0}","{""fidelity"": 1.3271578342240792e-12, ""idle_exposures"": 0.0, ""log_atom_transfer"": -9.564783189058588, ""log_coherence_linear"": -4.865919760358899, ""log_fidelity"": -27.347981427015274, ""log_idle_excitation"": 0.0, ""move_batches"": 4045.0, ""move_time_us"": 389930.78080557066, ""transfers"": 9560.0}","{""fidelity"": 1.903678882044173e-12, ""idle_exposures"": 1520.0, ""log_atom_transfer"": -6.729365243682852, ""log_coherence_linear"": -3.543340586005321, ""log_fidelity"": -26.98723284817169, ""log_idle_excitation"": -3.804757931540085, ""move_batches"": 3017.0, ""move_time_us"": 305805.3564175897, ""transfers"": 6726.0}"
qmap154,18bd03509e493866a3863af424f8d69b46a78f338a1c47d89749a2fca6939020,"[""ex3_229""]",1,6,175,"{""fidelity"": 0.15565634939947603, ""idle_exposures"": 0.0, ""log_atom_transfer"": -0.7123562375114765, ""log_coherence_linear"": -0.17243881555014298, ""log_fidelity"": -1.860104590125521, ""log_idle_excitation"": 0.0, ""move_batches"": 320.0, ""move_time_us"": 30225.28043005983, ""transfers"": 712.0}","{""fidelity"": 0.1552782324615027, ""idle_exposures"": 0.0, ""log_atom_transfer"": -0.7163582388458106, ""log_coherence_linear"": -0.17086894718795298, ""log_fidelity"": -1.8625367230976653, ""log_idle_excitation"": 0.0, ""move_batches"": 315.0, ""move_time_us"": 29697.88509066341, ""transfers"": 716.0}","{""fidelity"": 0.1511111634080196, ""idle_exposures"": 121.0, ""log_atom_transfer"": -0.4802401601200965, ""log_coherence_linear"": -0.13131107792950192, ""log_fidelity"": -1.8897395315058358, ""log_idle_excitation"": -0.3028787563923357, ""move_batches"": 225.0, ""move_time_us"": 23433.299677175717, ""transfers"": 480.0}"
qmap154,1a2e65e77c47deda845cff04ac39142ee67177958161cb55e0eee9ab9f5a61a5,"[""rd53_311""]",1,13,124,"{""fidelity"": 0.23034321443572237, ""idle_exposures"": 0.0, ""log_atom_transfer"": -0.5202601734634379, ""log_coherence_linear"": -0.25885935905227575, ""log_fidelity"": -1.4681848456606534, ""log_idle_excitation"": 0.0, ""move_batches"": 203.0, ""move_time_us"": 19548.724299280057, ""transfers"": 520.0}","{""fidelity"": 0.23048589425001717, ""idle_exposures"": 0.0, ""log_atom_transfer"": -0.5202601734634379, ""log_coherence_linear"": -0.25824012812191677, ""log_fidelity"": -1.4675656147302945, ""log_idle_excitation"": 0.0, ""move_batches"": 198.0, ""move_time_us"": 19276.440694533714, ""transfers"": 520.0}","{""fidelity"": 0.23161656276312922, ""idle_exposures"": 92.0, ""log_atom_transfer"": -0.34617311541990287, ""log_coherence_linear"": -0.2021518731235493, ""log_fidelity"": -1.462672021319055, ""log_idle_excitation"": -0.23028798006689988, ""move_batches"": 147.0, ""move_time_us"": 15197.438305933201, ""transfers"": 346.0}"
qmap154,1cc205f827ac11a35917ee7ed71a78f0de65ae3e1b9a1ce15cc5f8ffc673f145,"[""graycode6_47""]",1,6,5,"{""fidelity"": 0.9435853622018051, ""idle_exposures"": 0.0, ""log_atom_transfer"": -0.024012008006004823, ""log_coherence_linear"": -0.005993277070534335, ""log_fidelity"": -0.05806844428428051, ""log_idle_excitation"": 0.0, ""move_batches"": 10.0, ""move_time_us"": 1123.037359146889, ""transfers"": 24.0}","{""fidelity"": 0.9435661028903417, ""idle_exposures"": 0.0, ""log_atom_transfer"": -0.024012008006004823, ""log_coherence_linear"": -0.006013688056955256, ""log_fidelity"": -0.058088855270701435, ""log_idle_excitation"": 0.0, ""move_batches"": 10.0, ""move_time_us"": 1128.1350025955126, ""transfers"": 24.0}","{""fidelity"": 0.9476099755777417, ""idle_exposures"": 0.0, ""log_atom_transfer"": -0.020010006671670688, ""log_coherence_linear"": -0.0057391136703163394, ""log_fidelity"": -0.053812279549728385, ""log_idle_excitation"": 0.0, ""move_batches"": 9.0, ""move_time_us"": 1049.5583041140071, ""transfers"": 20.0}"
qmap154,1fbbcea96463dd341d6d14223fe5adfb7ba4dd3fdfaca0da507cf2a2a52eced5,"[""miller_11""]",1,3,23,"{""fidelity"": 0.7914083263079896, ""idle_exposures"": 0.0, ""log_atom_transfer"": -0.09604803202401929, ""log_coherence_linear"": -0.01030288976595668, ""log_fidelity"": -0.23394122910057624, ""log_idle_excitation"": 0.0, ""move_batches"": 46.0, ""move_time_us"": 4250.515749854419, ""transfers"": 96.0}","{""fidelity"": 0.7912577699246767, ""idle_exposures"": 0.0, ""log_atom_transfer"": -0.09604803202401929, ""log_coherence_linear"": -0.01049314642732767, ""log_fidelity"": -0.23413148576194723, ""log_idle_excitation"": 0.0, ""move_batches"": 46.0, ""move_time_us"": 4293.314935918172, ""transfers"": 96.0}","{""fidelity"": 0.7875739681812184, ""idle_exposures"": 21.0, ""log_atom_transfer"": -0.05202601734634379, ""log_coherence_linear"": -0.006615925606694881, ""log_fidelity"": -0.23879798484412695, ""log_idle_excitation"": -0.052565734580488015, ""move_batches"": 25.0, ""move_time_us"": 2400.5819938323393, ""transfers"": 52.0}"
qmap154,205466da7c64551e7ef8d0ebcec9a29c26c1c6c9b66f614d19a34ff916800dc6,"[""squar5_261""]",1,13,869,"{""fidelity"": 3.085258319188213e-05, ""idle_exposures"": 0.0, ""log_atom_transfer"": -3.5017511675423703, ""log_coherence_linear"": -2.0434672854252, ""log_fidelity"": -10.386290077183777, ""log_idle_excitation"": 0.0, ""move_batches"": 1492.0, ""move_time_us"": 144954.25928466464, ""transfers"": 3500.0}","{""fidelity"": 3.0638918228213876e-05, ""idle_exposures"": 0.0, ""log_atom_transfer"": -3.5057531688767045, ""log_coherence_linear"": -2.046414726489932, ""log_fidelity"": -10.393239519582844, ""log_idle_excitation"": 0.0, ""move_batches"": 1483.0, ""move_time_us"": 144677.08012841453, ""transfers"": 3504.0}","{""fidelity"": 3.416047290044534e-05, ""idle_exposures"": 578.0, ""log_atom_transfer"": -2.451225817279659, ""log_coherence_linear"": -1.5393553128199087, ""log_fidelity"": -10.284441345449876, ""log_idle_excitation"": -1.4468092660724796, ""move_batches"": 1109.0, ""move_time_us"": 112430.64178840905, ""transfers"": 2450.0}"
qmap154,25d68584c24511a5e0c74e934a911155b0d792d0f76ad82dd8241b4aac2f6ae0,"[""4mod5-v1_23""]",1,5,32,"{""fidelity"": 0.7096222952855918, ""idle_exposures"": 0.0, ""log_atom_transfer"": -0.14007004670169482, ""log_coherence_linear"": -0.0254484784002982, ""log_fidelity"": -0.34302242896852375, ""log_idle_excitation"": 0.0, ""move_batches"": 61.0, ""move_time_us"": 5761.7152260574685, ""transfers"": 140.0}","{""fidelity"": 0.7092644047559475, ""idle_exposures"": 0.0, ""log_atom_transfer"": -0.14007004670169482, ""log_coherence_linear"": -0.025952945088475083, ""log_fidelity"": -0.34352689565670064, ""log_idle_excitation"": 0.0, ""move_batches"": 61.0, ""move_time_us"": 5808.279315177253, ""transfers"": 140.0}","{""fidelity"": 0.7147105844170059, ""idle_exposures"": 24.0, ""log_atom_transfer"": -0.08004002668668275, ""log_coherence_linear"": -0.018258539483564432, ""log_fidelity"": -0.33587759527162137, ""log_idle_excitation"": -0.06007512523484344, ""move_batches"": 38.0, ""move_time_us"": 4133.8588799059125, ""transfers"": 80.0}"
qmap154,29d2d2ba2eb18eb5ab2c49bd53f46992b37b48715ddad032382024339a0ed6c0,"[""mod8-10_177""]",1,6,193,"{""fidelity"": 0.12733845096995705, ""idle_exposures"": 0.0, ""log_atom_transfer"": -0.7923962641981592, ""log_coherence_linear"": -0.19367381962284588, ""log_fidelity"": -2.0609067689877656, ""log_idle_excitation"": 0.0, ""move_batches"": 354.0, ""move_time_us"": 34228.00686164818, ""transfers"": 792.0}","{""fidelity"": 0.1279412869850028, ""idle_exposures"": 0.0, ""log_atom_transfer"": -0.7923962641981592, ""log_coherence_linear"": -0.18895086636019537, ""log_fidelity"": -2.0561838157251153, ""log_idle_excitation"": 0.0, ""move_batches"": 348.0, ""move_time_us"": 32928.32334643097, ""transfers"": 792.0}","{""fidelity"": 0.1241887083302456, ""idle_exposures"": 131.0, ""log_atom_transfer"": -0.5342671781336074, ""log_coherence_linear"": -0.1489391069573226, ""log_fidelity"": -2.085953028831211, ""log_idle_excitation"": -0.32791005857352046, ""move_batches"": 253.0, ""move_time_us"": 27113.245498384833, ""transfers"": 534.0}"
qmap154,2b0c30df2cb02052a00194a2064cbb204e581278c89c93f9dff8bf4741e22dc2,"[""mod5d2_64""]",1,5,25,"{""fidelity"": 0.7686580117553311, ""idle_exposures"": 0.0, ""log_atom_transfer"": -0.10405203469268758, ""log_coherence_linear"": -0.02054156584905705, ""log_fidelity"": -0.2631091265264395, ""log_idle_excitation"": 0.0, ""move_batches"": 50.0, ""move_time_us"": 4729.997693227506, ""transfers"": 104.0}","{""fidelity"": 0.7682997476672501, ""idle_exposures"": 0.0, ""log_atom_transfer"": -0.10405203469268758, ""log_coherence_linear"": -0.021007764861194506, ""log_fidelity"": -0.26357532553857693, ""log_idle_excitation"": 0.0, ""move_batches"": 50.0, ""move_time_us"": 4765.277491910339, ""transfers"": 104.0}","{""fidelity"": 0.7631331484078728, ""idle_exposures"": 16.0, ""log_atom_transfer"": -0.07603802535234862, ""log_coherence_linear"": -0.01571912166288063, ""log_fidelity"": -0.2703227564898197, ""log_idle_excitation"": -0.04005008348989563, ""move_batches"": 37.0, ""move_time_us"": 3725.951021479617, ""transfers"": 76.0}"
qmap154,2fabbd1041f29f041e6f33a894239db90c289c40d9e93f6e6e5a91771055029c,"[""sym6_316""]",1,14,123,"{""fidelity"": 0.22278378730361423, ""idle_exposures"": 0.0, ""log_atom_transfer"": -0.524262174797772, ""log_coherence_linear"": -0.2926385053766508, ""log_fidelity"": -1.5015535415138224, ""log_idle_excitation"": 0.0, ""move_batches"": 215.0, ""move_time_us"": 21000.83693991078, ""transfers"": 524.0}","{""fidelity"": 0.22386711849617555, ""idle_exposures"": 0.0, ""log_atom_transfer"": -0.524262174797772, ""log_coherence_linear"": -0.28778758801433696, ""log_fidelity"": -1.4967026241515085, ""log_idle_excitation"": 0.0, ""move_batches"": 207.0, ""move_time_us"": 20091.13829063229, ""transfers"": 524.0}","{""fidelity"": 0.2259374657834024, ""idle_exposures"": 90.0, ""log_atom_transfer"": -0.34817411608706994, ""log_coherence_linear"": -0.2293883210146879, ""log_fidelity"": -1.4874970180718203, ""log_idle_excitation"": -0.22528171963066293, ""move_batches"": 162.0, ""move_time_us"": 16277.20808652459, ""transfers"": 348.0}"
qmap154,2fdaaefcdde70b3b3597736046e754abdfc97b9e98f6656ea789929fdf6f0ecb,"[""rd32-v0_66""]",1,4,12,"{""fidelity"": 0.8811369526136851, ""idle_exposures"": 0.0, ""log_atom_transfer"": -0.05202601734634379, ""log_coherence_linear"": -0.007764704379474568, ""log_fidelity"": -0.12654221380639363, ""log_idle_excitation"": 0.0, ""move_batches"": 24.0, ""move_time_us"": 2295.7742021789913, ""transfers"": 52.0}","{""fidelity"": 0.8809200503580361, ""idle_exposures"": 0.0, ""log_atom_transfer"": -0.05202601734634379, ""log_coherence_linear"": -0.008010896479251977, ""log_fidelity"": -0.12678840590617102, ""log_idle_excitation"": 0.0, ""move_batches"": 24.0, ""move_time_us"": 2335.914364194275, ""transfers"": 52.0}","{""fidelity"": 0.8790408713183355, ""idle_exposures"": 9.0, ""log_atom_transfer"": -0.03401701134184017, ""log_coherence_linear"": -0.005627209474438979, ""log_fidelity"": -0.1289238848599207, ""log_idle_excitation"": -0.022528171963066293, ""move_batches"": 16.0, ""move_time_us"": 1636.775749067719, ""transfers"": 34.0}"
qmap154,336240af3b70f2a7d564efaceb5dd66d45d448242fbce0e46d2e9bcb6c0dd8ea,"[""ising_model_10""]",1,10,90,"{""fidelity"": 0.4533160385506787, ""idle_exposures"": 0.0, ""log_atom_transfer"": -0.21610807205404342, ""log_coherence_linear"": -0.08042237742542627, ""log_fidelity"": -0.7911657399037444, ""log_idle_excitation"": 0.0, ""move_batches"": 46.0, ""move_time_us"": 5552.227820623095, ""transfers"": 216.0}","{""fidelity"": 0.4557950619916643, ""idle_exposures"": 0.0, ""log_atom_transfer"": -0.21610807205404342, ""log_coherence_linear"": -0.0749686334681991, ""log_fidelity"": -0.7857119959465172, ""log_idle_excitation"": 0.0, ""move_batches"": 36.0, ""move_time_us"": 4740.512083456241, ""transfers"": 216.0}","{""fidelity"": 0.49437785286119773, ""idle_exposures"": 2.0, ""log_atom_transfer"": -0.12406204136435826, ""log_coherence_linear"": -0.07932282761044347, ""log_fidelity"": -0.7044551698347495, ""log_idle_excitation"": -0.005006260436236954, ""move_batches"": 44.0, ""move_time_us"": 5745.442824882495, ""transfers"": 124.0}"
qmap154,337ec9b8fa347392e1e7680c23a11964ecce6b8d6a60f119881338597bff4df8,"[""4gt12-v0_88""]",1,6,86,"{""fidelity"": 0.4034815803891876, ""idle_exposures"": 0.0, ""log_atom_transfer"": -0.34417211475273585, ""log_coherence_linear"": -0.08406648388033419, ""log_fidelity"": -0.9076244419071995, ""log_idle_excitation"": 0.0, ""move_batches"": 157.0, ""move_time_us"": 14891.799528759133, ""transfers"": 344.0}","{""fidelity"": 0.40314899976423346, ""idle_exposures"": 0.0, ""log_atom_transfer"": -0.34417211475273585, ""log_coherence_linear"": -0.08489110087845715, ""log_fidelity"": -0.9084490589053225, ""log_idle_excitation"": 0.0, ""move_batches"": 156.0, ""move_time_us"": 14939.071478156868, ""transfers"": 344.0}","{""fidelity"": 0.3962963495032571, ""idle_exposures"": 59.0, ""log_atom_transfer"": -0.23411707805854703, ""log_coherence_linear"": -0.06440538607425574, ""log_fidelity"": -0.9255929902759223, ""log_idle_excitation"": -0.14768468286899014, ""move_batches"": 112.0, ""move_time_us"": 11785.760472744903, ""transfers"": 234.0}"
qmap154,3851a8b648aa151f77e4ada800ff214766541778f2026981a67f714d6816d18a,"[""alu-v4_36""]",1,5,49,"{""fidelity"": 0.5914248072164432, ""idle_exposures"": 0.0, ""log_atom_transfer"": -0.21210607071970927, ""log_coherence_linear"": -0.03959591993765849, ""log_fidelity"": -0.5252207258482231, ""log_idle_excitation"": 0.0, ""move_batches"": 92.0, ""move_time_us"": 8642.229948709355, ""transfers"": 212.0}","{""fidelity"": 0.591527142487021, ""idle_exposures"": 0.0, ""log_atom_transfer"": -0.21210607071970927, ""log_coherence_linear"": -0.03942290315391056, ""log_fidelity"": -0.5250477090644752, ""log_idle_excitation"": 0.0, ""move_batches"": 91.0, ""move_time_us"": 8538.733446611712, ""transfers"": 212.0}","{""fidelity"": 0.5861250201128112, ""idle_exposures"": 35.0, ""log_atom_transfer"": -0.1420710473688619, ""log_coherence_linear"": -0.031022827063639537, ""log_fidelity"": -0.5342221672575035, ""log_idle_excitation"": -0.0876095576341467, ""move_batches"": 65.0, ""move_time_us"": 6845.912833019994, ""transfers"": 142.0}"
qmap154,398986b61fc4e5e4d9d1098273673bfde3ca29c4c34a234df6b6c3bc60de3fac,"[""cnt3-5_179""]",1,16,75,"{""fidelity"": 0.38697465517767526, ""idle_exposures"": 0.0, ""log_atom_transfer"": -0.34417211475273585, ""log_coherence_linear"": -0.19027747590509833, ""log_fidelity"": -0.9493960785939146, ""log_idle_excitation"": 0.0, ""move_batches"": 117.0, ""move_time_us"": 11810.456285125418, ""transfers"": 344.0}","{""fidelity"": 0.390117345862929, ""idle_exposures"": 0.0, ""log_atom_transfer"": -0.36418212142440654, ""log_coherence_linear"": -0.16217908892729843, ""log_fidelity"": -0.9413076982877855, ""log_idle_excitation"": 0.0, ""move_batches"": 90.0, ""move_time_us"": 9119.833119122562, ""transfers"": 364.0}","{""fidelity"": 0.4003712473219745, ""idle_exposures"": 51.0, ""log_atom_transfer"": -0.22811407605704584, ""log_coherence_linear"": -0.1446428388875347, ""log_fidelity"": -0.9153630440047034, ""log_idle_excitation"": -0.12765964112404232, ""move_batches"": 78.0, ""move_time_us"": 9500.928801355714, ""transfers"": 228.0}"
qmap154,3a59691f2cef465889098b3e1fe8dfc1073bdb63f046979516e9ca7612614be8,"[""adr4_197""]",1,13,1498,"{""fidelity"": 1.0601717374804554e-08, ""idle_exposures"": 0.0, ""log_atom_transfer"": -6.179090060211908, ""log_coherence_linear"": -3.838446725499849, ""log_fidelity"": -18.36224983246065, ""log_idle_excitation"": 0.0, ""move_batches"": 2620.0, ""move_time_us"": 256718.7949149563, ""transfers"": 6176.0}","{""fidelity"": 1.0694494803608008e-08, ""idle_exposures"": 0.0, ""log_atom_transfer"": -6.187094062880576, ""log_coherence_linear"": -3.8217296225875534, ""log_fidelity"": -18.353536732217023, ""log_idle_excitation"": 0.0, ""move_batches"": 2603.0, ""move_time_us"": 255031.3795996679, ""transfers"": 6184.0}","{""fidelity"": 1.5210674538475995e-08, ""idle_exposures"": 983.0, ""log_atom_transfer"": -4.356178452422709, ""log_coherence_linear"": -2.833796877720238, ""log_fidelity"": -18.001268383303803, ""log_idle_excitation"": -2.460577004410463, ""move_batches"": 1949.0, ""move_time_us"": 197894.36784373116, ""transfers"": 4354.0}"
qmap154,3b0bd2035db7cf2547b925a5bb182e565f350a0756310fc40ac23ff85782a6ad,"[""rd53_138""]",1,8,60,"{""fidelity"": 0.5203861619163942, ""idle_exposures"": 0.0, ""log_atom_transfer"": -0.24012008006004826, ""log_coherence_linear"": -0.07840644845184826, ""log_fidelity"": -0.6531841239417788, ""log_idle_excitation"": 0.0, ""move_batches"": 99.0, ""move_time_us"": 10032.087655617022, ""transfers"": 240.0}","{""fidelity"": 0.5195917751122073, ""idle_exposures"": 0.0, ""log_atom_transfer"": -0.24012008006004826, ""log_coherence_linear"": -0.07993414808931532, ""log_fidelity"": -0.654711823579246, ""log_idle_excitation"": 0.0, ""move_batches"": 88.0, ""move_time_us"": 10211.710571575803, ""transfers"": 240.0}","{""fidelity"": 0.517323722167563, ""idle_exposures"": 43.0, ""log_atom_transfer"": -0.15807905270619843, ""log_coherence_linear"": -0.05871519784883583, ""log_fidelity"": -0.6590864453640111, ""log_idle_excitation"": -0.1076345993790945, ""move_batches"": 69.0, ""move_time_us"": 7609.911337883449, ""transfers"": 158.0}"
qmap154,42887548d9adb27f8d8ed46b6b9c73698f1b1907034eac1e0d38c3d3351b8a3f,"[""4mod5-v1_22""]",1,5,11,"{""fidelity"": 0.8887055572739078, ""idle_exposures"": 0.0, ""log_atom_transfer"": -0.048024016012009646, ""log_coherence_linear"": -0.008826428744258104, ""log_fidelity"": -0.11798930499529475, ""log_idle_excitation"": 0.0, ""move_batches"": 20.0, ""move_time_us"": 2007.5564735723406, ""transfers"": 48.0}","{""fidelity"": 0.8887255660431952, ""idle_exposures"": 0.0, ""log_atom_transfer"": -0.048024016012009646, ""log_coherence_linear"": -0.008803914488683437, ""log_fidelity"": -0.11796679073972008, ""log_idle_excitation"": 0.0, ""move_batches"": 19.0, ""move_time_us"": 1948.8140945222096, ""transfers"": 48.0}","{""fidelity"": 0.8919869206595011, ""idle_exposures"": 5.0, ""log_atom_transfer"": -0.03401701134184017, ""log_coherence_linear"": -0.006632286775949003, ""log_fidelity"": -0.11430380944740855, ""log_idle_excitation"": -0.012515651090592385, ""move_batches"": 15.0, ""move_time_us"": 1568.6965681019278, ""transfers"": 34.0}"
qmap154,46faae924ea2fb39bd42153545d56bde36cb7d2fb617493a033ea462bb80dfac,"[""one-two-three-v3_101""]",1,5,32,"{""fidelity"": 0.7031702666588894, ""idle_exposures"": 0.0, ""log_atom_transfer"": -0.14407204803602894, ""log_coherence_linear"": -0.03058026451084904, ""log_fidelity"": -0.3521562164134087, ""log_idle_excitation"": 0.0, ""move_batches"": 64.0, ""move_time_us"": 7357.0265444221, ""transfers"": 144.0}","{""fidelity"": 0.7067290234910306, ""idle_exposures"": 0.0, ""log_atom_transfer"": -0.14407204803602894, ""log_coherence_linear"": -0.025532011185424006, ""log_fidelity"": -0.3471079630879837, ""log_idle_excitation"": 0.0, ""move_batches"": 59.0, ""move_time_us"": 5695.024833728676, ""transfers"": 144.0}","{""fidelity"": 0.7063184542243208, ""idle_exposures"": 23.0, ""log_atom_transfer"": -0.09404703135685223, ""log_coherence_linear"": -0.018566144643110672, ""log_fidelity"": -0.3476890748832186, ""log_idle_excitation"": -0.05757199501672497, ""move_batches"": 42.0, ""move_time_us"": 4182.131025264696, ""transfers"": 94.0}"
qmap154,4a6d53e313003be35a7d3c56a5702b8a2f0ce138861f1ff1de53929c6660d26a,"[""ex1_226"", ""xor5_254""]",2,6,5,"{""fidelity"": 0.946238458591237, ""idle_exposures"": 0.0, ""log_atom_transfer"": -0.024012008006004823, ""log_coherence_linear"": -0.004985774142499989, ""log_fidelity"": -0.055260671302234214, ""log_idle_excitation"": 0.0, ""move_batches"": 10.0, ""move_time_us"": 1131.3919595273794, ""transfers"": 24.0}","{""fidelity"": 0.9461829996830045, ""idle_exposures"": 0.0, ""log_atom_transfer"": -0.024012008006004823, ""log_coherence_linear"": -0.00504438572503725, ""log_fidelity"": -0.055319282884771476, ""log_idle_excitation"": 0.0, ""move_batches"": 10.0, ""move_time_us"": 1146.0326127000578, ""transfers"": 24.0}","{""fidelity"": 0.9503440422909283, ""idle_exposures"": 0.0, ""log_atom_transfer"": -0.020010006671670688, ""log_coherence_linear"": -0.004658314342629451, ""log_fidelity"": -0.05093121016802954, ""log_idle_excitation"": 0.0, ""move_batches"": 9.0, ""move_time_us"": 1039.59300147586, ""transfers"": 20.0}"
qmap154,4b3a5ff4ee6e996fec8dbee995040ab4694fa02a4220ee8b1890926ec0ef8be2,"[""sf_276""]",1,6,336,"{""fidelity"": 0.028182186016494883, ""idle_exposures"": 0.0, ""log_atom_transfer"": -1.3606804536736068, ""log_coherence_linear"": -0.3360424751595531, ""log_fidelity"": -3.5690652021882894, ""log_idle_excitation"": 0.0, ""move_batches"": 609.0, ""move_time_us"": 57962.167823935604, ""transfers"": 1360.0}","{""fidelity"": 0.028332793025848086, ""idle_exposures"": 0.0, ""log_atom_transfer"": -1.3606804536736068, ""log_coherence_linear"": -0.33071265398897237, ""log_fidelity"": -3.563735381017709, ""log_idle_excitation"": 0.0, ""move_batches"": 604.0, ""move_time_us"": 56597.73292120202, ""transfers"": 1360.0}","{""fidelity"": 0.026554877963496353, ""idle_exposures"": 228.0, ""log_atom_transfer"": -0.9264633088983528, ""log_coherence_linear"": -0.2589767101235251, ""log_fidelity"": -3.6285418207313507, ""log_idle_excitation"": -0.5707136897310128, ""move_batches"": 440.0, ""move_time_us"": 46474.44971225484, ""transfers"": 926.0}"
qmap154,4ce6bfb1bf9aca450b753d6849ee005106931698bb33d26016c766f8a3c6cd05,"[""4gt12-v0_86""]",1,6,114,"{""fidelity"": 0.30387720135344487, ""idle_exposures"": 0.0, ""log_atom_transfer"": -0.45222615077975753, ""log_coherence_linear"": -0.1050663215629114, ""log_fidelity"": -1.191131602099132, ""log_idle_excitation"": 0.0, ""move_batches"": 192.0, ""move_time_us"": 18237.367623343936, ""transfers"": 452.0}","{""fidelity"": 0.3036772767242913, ""idle_exposures"": 0.0, ""log_atom_transfer"": -0.45222615077975753, ""log_coherence_linear"": -0.10572445064790231, ""log_fidelity"": -1.191789731184123, ""log_idle_excitation"": 0.0, ""move_batches"": 192.0, ""move_time_us"": 18295.034934455874, ""transfers"": 452.0}","{""fidelity"": 0.29713390769519127, ""idle_exposures"": 73.0, ""log_atom_transfer"": -0.3141571047452298, ""log_coherence_linear"": -0.08285536997408723, ""log_fidelity"": -1.2135723741291438, ""log_idle_excitation"": -0.1827285059226488, ""move_batches"": 142.0, ""move_time_us"": 15220.988230811021, ""transfers"": 314.0}"
qmap154,4e61ebc66c256a3be3411259d4f7e555e5e410065ebfac0dfa43079072b7b0d3,"[""cm152a_212""]",1,12,532,"{""fidelity"": 0.0018196212240130219, ""idle_exposures"": 0.0, ""log_atom_transfer"": -2.201100733883776, ""log_coherence_linear"": -1.1425091052519725, ""log_fidelity"": -6.309126918227293, ""log_idle_excitation"": 0.0, ""move_batches"": 952.0, ""move_time_us"": 91454.07285848694, ""transfers"": 2200.0}","{""fidelity"": 0.0017955598591295491, ""idle_exposures"": 0.0, ""log_atom_transfer"": -2.2051027352181096, ""log_coherence_linear"": -1.1518185921261783, ""log_fidelity"": -6.3224384064358325, ""log_idle_excitation"": 0.0, ""move_batches"": 956.0, ""move_time_us"": 92412.60748574004, ""transfers"": 2204.0}","{""fidelity"": 0.001913683349036791, ""idle_exposures"": 345.0, ""log_atom_transfer"": -1.546773515720144, ""log_coherence_linear"": -0.884466373409367, ""log_fidelity"": -6.258725439012695, ""log_idle_excitation"": -0.8635799252508746, ""move_batches"": 707.0, ""move_time_us"": 73686.81835671321, ""transfers"": 1546.0}"
qmap154,4ea7a43cd39b6fc7c5ba77d77c7ebf00dd92b539d2c56d977ff9bee8952fdd66,"[""one-two-three-v1_99""]",1,5,59,"{""fidelity"": 0.5374615300614861, ""idle_exposures"": 0.0, ""log_atom_transfer"": -0.24412208139438238, ""log_coherence_linear"": -0.04833113855563334, ""log_fidelity"": -0.6208980935203459, ""log_idle_excitation"": 0.0, ""move_batches"": 115.0, ""move_time_us"": 10771.398072509075, ""transfers"": 244.0}","{""fidelity"": 0.5375363962233751, ""idle_exposures"": 0.0, ""log_atom_transfer"": -0.24412208139438238, ""log_coherence_linear"": -0.04819185240413589, ""log_fidelity"": -0.6207588073688484, ""log_idle_excitation"": 0.0, ""move_batches"": 113.0, ""move_time_us"": 10574.013617029783, ""transfers"": 244.0}","{""fidelity"": 0.5281779589585213, ""idle_exposures"": 42.0, ""log_atom_transfer"": -0.16808405604203377, ""log_coherence_linear"": -0.03641678134808199, ""log_fidelity"": -0.6383220085802228, ""log_idle_excitation"": -0.10513146916097603, ""move_batches"": 80.0, ""move_time_us"": 8146.705731411085, ""transfers"": 168.0}"
qmap154,4f2d6f098c8b76352c45f0551f747e1f012bca552b5eb3dc8ae60ff0418b3c43,"[""alu-v2_30""]",1,6,221,"{""fidelity"": 0.0938848195612532, ""idle_exposures"": 0.0, ""log_atom_transfer"": -0.9204603068968517, ""log_coherence_linear"": -0.2147361132696674, ""log_fidelity"": -2.3656865718516213, ""log_idle_excitation"": 0.0, ""move_batches"": 397.0, ""move_time_us"": 37475.14111206235, ""transfers"": 920.0}","{""fidelity"": 0.09390777422713913, ""idle_exposures"": 0.0, ""log_atom_transfer"": -0.9204603068968517, ""log_coherence_linear"": -0.214491644991796, ""log_fidelity"": -2.36544210357375, ""log_idle_excitation"": 0.0, ""move_batches"": 394.0, ""move_time_us"": 37207.81152602434, ""transfers"": 920.0}","{""fidelity"": 0.09055415348488241, ""idle_exposures"": 146.0, ""log_atom_transfer"": -0.6383192128262949, ""log_coherence_linear"": -0.1675408498296903, ""log_fidelity"": -2.401807226186385, ""log_idle_excitation"": -0.3654570118452976, ""move_batches"": 295.0, ""move_time_us"": 30249.895916017333, ""transfers"": 638.0}"
qmap154,4f73524b715eb1770efc2d80fc94314f980ad04bd5d39f4bda32e9373bb5114a,"[""4gt12-v1_89""]",1,6,100,"{""fidelity"": 0.3397545794216961, ""idle_exposures"": 0.0, ""log_atom_transfer"": -0.4162081387707503, ""log_coherence_linear"": -0.10596100943494804, ""log_fidelity"": -1.0795317472434995, ""log_idle_excitation"": 0.0, ""move_batches"": 189.0, ""move_time_us"": 19278.26946012675, ""transfers"": 416.0}","{""fidelity"": 0.3397504066314697, ""idle_exposures"": 0.0, ""log_atom_transfer"": -0.42021014010508445, ""log_coherence_linear"": -0.10197128995376334, ""log_fidelity"": -1.079544029096649, ""log_idle_excitation"": 0.0, ""move_batches"": 181.0, ""move_time_us"": 18203.967050685605, ""transfers"": 420.0}","{""fidelity"": 0.34034095567373995, ""idle_exposures"": 66.0, ""log_atom_transfer"": -0.28014009340338963, ""log_coherence_linear"": -0.07496062143551976, ""log_fidelity"": -1.0778073530456684, ""log_idle_excitation"": -0.16520659439581947, ""move_batches"": 129.0, ""move_time_us"": 13618.172751272676, ""transfers"": 280.0}"
qmap154,519ea74d71d3bb4c0342bd16f13d8643d86a0d7adcc9401edc6280a5f0b3209c,"[""4gt13_90""]",1,5,49,"{""fidelity"": 0.6021418486770534, ""idle_exposures"": 0.0, ""log_atom_transfer"": -0.19609806538237273, ""log_coherence_linear"": -0.03944570187860983, ""log_fidelity"": -0.507262232397826, ""log_idle_excitation"": 0.0, ""move_batches"": 88.0, ""move_time_us"": 8850.802035473474, ""transfers"": 196.0}","{""fidelity"": 0.6007140092707604, ""idle_exposures"": 0.0, ""log_atom_transfer"": -0.20010006671670688, ""log_coherence_linear"": -0.03781778396831961, ""log_fidelity"": -0.5096363158218699, ""log_idle_excitation"": 0.0, ""move_batches"": 86.0, ""move_time_us"": 8274.183678504196, ""transfers"": 200.0}","{""fidelity"": 0.5996902731986924, ""idle_exposures"": 28.0, ""log_atom_transfer"": -0.14007004670169482, ""log_coherence_linear"": -0.02946581043858937, ""log_fidelity"": -0.5113419683844449, ""log_idle_excitation"": -0.07008764610731735, ""move_batches"": 65.0, ""move_time_us"": 6816.451834922071, ""transfers"": 140.0}"
qmap154,5260efec73d65ae2747a06787c59b701521473db0f533363151441c3756e6fd2,"[""4gt4-v1_74""]",1,6,119,"{""fidelity"": 0.27879799069030436, ""idle_exposures"": 0.0, ""log_atom_transfer"": -0.4922461641230989, ""log_coherence_linear"": -0.12161912898259479, ""log_fidelity"": -1.2772678071149082, ""log_idle_excitation"": 0.0, ""move_batches"": 222.0, ""move_time_us"": 21796.554657619366, ""transfers"": 492.0}","{""fidelity"": 0.27857524448738136, ""idle_exposures"": 0.0, ""log_atom_transfer"": -0.49624816545743305, ""log_coherence_linear"": -0.11841639894699882, ""log_fidelity"": -1.2780670784136463, ""log_idle_excitation"": 0.0, ""move_batches"": 221.0, ""move_time_us"": 20865.736329385032, ""transfers"": 496.0}","{""fidelity"": 0.27342196817358366, ""idle_exposures"": 82.0, ""log_atom_transfer"": -0.33616811208406755, ""log_coherence_linear"": -0.09191170217254395, ""log_fidelity"": -1.2967390061515411, ""log_idle_excitation"": -0.2052566778857151, ""move_batches"": 158.0, ""move_time_us"": 16859.4588610651, ""transfers"": 336.0}"
qmap154,5330ce57f4a8a8c2c2ac01c0f03ebfa187a9b427e0b3ff488641834ea78563f6,"[""sqrt8_260""]",1,12,1314,"{""fidelity"": 1.3840980291703435e-07, ""idle_exposures"": 0.0, ""log_atom_transfer"": -5.434717812025759, ""log_coherence_linear"": -3.0388392407909803, ""log_fidelity"": -15.793046965945798, ""log_idle_excitation"": 0.0, ""move_batches"": 2337.0, ""move_time_us"": 225864.0148708775, ""transfers"": 5432.0}","{""fidelity"": 1.3473067863463204e-07, ""idle_exposures"": 0.0, ""log_atom_transfer"": -5.438719813360093, ""log_coherence_linear"": -3.061778297704993, ""log_fidelity"": -15.819988024194146, ""log_idle_excitation"": 0.0, ""move_batches"": 2330.0, ""move_time_us"": 227790.8716963111, ""transfers"": 5436.0}","{""fidelity"": 1.7394932553321455e-07, ""idle_exposures"": 853.0, ""log_atom_transfer"": -3.8559282856309416, ""log_coherence_linear"": -2.256416668119111, ""log_fidelity"": -15.564501812716054, ""log_idle_excitation"": -2.135170076055061, ""move_batches"": 1740.0, ""move_time_us"": 174818.43820834882, ""transfers"": 3854.0}"
qmap154,53778d274180d94de3f21dd545732c304f808e584fba613310d33d09a51d427d,"[""4gt12-v0_87""]",1,6,112,"{""fidelity"": 0.3086439897431713, ""idle_exposures"": 0.0, ""log_atom_transfer"": -0.4482241494454234, ""log_coherence_linear"": -0.1041286975208683, ""log_fidelity"": -1.1755668030576623, ""log_idle_excitation"": 0.0, ""move_batches"": 190.0, ""move_time_us"": 18032.177605980643, ""transfers"": 448.0}","{""fidelity"": 0.30851034937475985, ""idle_exposures"": 0.0, ""log_atom_transfer"": -0.4482241494454234, ""log_coherence_linear"": -0.10456178325657366, ""log_fidelity"": -1.1759998887933676, ""log_idle_excitation"": 0.0, ""move_batches"": 190.0, ""move_time_us"": 18086.582359037253, ""transfers"": 448.0}","{""fidelity"": 0.3010755049365865, ""idle_exposures"": 74.0, ""log_atom_transfer"": -0.31015510341089564, ""log_coherence_linear"": -0.08180123799181578, ""log_fidelity"": -1.200394198724697, ""log_idle_excitation"": -0.1852316361407673, ""move_batches"": 142.0, ""move_time_us"": 15296.141486953306, ""transfers"": 310.0}"
qmap154,539b7b793a955583b075fc9fc5777a4c471092863a539f628fece84ebf0880c4,"[""con1_216""]",1,9,415,"{""fidelity"": 0.009552121763997648, ""idle_exposures"": 0.0, ""log_atom_transfer"": -1.7048525684263425, ""log_coherence_linear"": -0.6342998027791886, ""log_fidelity"": -4.650991974925948, ""log_idle_excitation"": 0.0, ""move_batches"": 716.0, ""move_time_us"": 69296.44487612281, ""transfers"": 1704.0}","{""fidelity"": 0.009477696036050937, ""idle_exposures"": 0.0, ""log_atom_transfer"": -1.7088545697606767, ""log_coherence_linear"": -0.6381198529435451, ""log_fidelity"": -4.658814026424639, ""log_idle_excitation"": 0.0, ""move_batches"": 715.0, ""move_time_us"": 69740.32762508177, ""transfers"": 1708.0}","{""fidelity"": 0.00930280103693725, ""idle_exposures"": 272.0, ""log_atom_transfer"": -1.1945973982987401, ""log_coherence_linear"": -0.49141713714497054, ""log_fidelity"": -4.67743973740311, ""log_idle_excitation"": -0.6808514193282257, ""move_batches"": 540.0, ""move_time_us"": 55596.1593728198, ""transfers"": 1194.0}"
qmap154,53aa97a2f504590ddcf752e24f189501d8300245aff42164ec7a7191a327b3bc,"[""alu-v2_32""]",1,5,72,"{""fidelity"": 0.4657670014178625, ""idle_exposures"": 0.0, ""log_atom_transfer"": -0.30415210140939447, ""log_coherence_linear"": -0.05850857793417602, ""log_fidelity"": -0.764069766854028, ""log_idle_excitation"": 0.0, ""move_batches"": 136.0, ""move_time_us"": 12889.574640797502, ""transfers"": 304.0}","{""fidelity"": 0.464581680390117, ""idle_exposures"": 0.0, ""log_atom_transfer"": -0.30815410274372856, ""log_coherence_linear"": -0.057054700098642025, ""log_fidelity"": -0.7666178903528281, ""log_idle_excitation"": 0.0, ""move_batches"": 130.0, ""move_time_us"": 12314.4239072686, ""transfers"": 308.0}","{""fidelity"": 0.46207970344498783, ""idle_exposures"": 47.0, ""log_atom_transfer"": -0.20810406938537515, ""log_coherence_linear"": -0.04488452033007777, ""log_fidelity"": -0.7720178845007708, ""log_idle_excitation"": -0.11764712025156841, ""move_batches"": 97.0, ""move_time_us"": 10296.395983535074, ""transfers"": 208.0}"
qmap154,547887c699e18e58deacddbf6fc41fe56a076cdfbc42dbf128fa464548b0253e,"[""hwb4_49""]",1,5,104,"{""fidelity"": 0.33793784952754075, ""idle_exposures"": 0.0, ""log_atom_transfer"": -0.42421214143941854, ""log_coherence_linear"": -0.0826682797546443, ""log_fidelity"": -1.0848932775440452, ""log_idle_excitation"": 0.0, ""move_batches"": 192.0, ""move_time_us"": 18090.89336208967, ""transfers"": 424.0}","{""fidelity"": 0.33727940079533897, ""idle_exposures"": 0.0, ""log_atom_transfer"": -0.42421214143941854, ""log_coherence_linear"": -0.0846186118606558, ""log_fidelity"": -1.0868436096500567, ""log_idle_excitation"": 0.0, ""move_batches"": 191.0, ""move_time_us"": 18561.92643533266, ""transfers"": 424.0}","{""fidelity"": 0.3313395790615959, ""idle_exposures"": 72.0, ""log_atom_transfer"": -0.2841420947377238, ""log_coherence_linear"": -0.06223118409259395, ""log_fidelity"": -1.1046115108848304, ""log_idle_excitation"": -0.18022537570453034, ""move_batches"": 135.0, ""move_time_us"": 13611.54205842225, ""transfers"": 284.0}"
qmap154,556cc6c9d99e6f8ab21856ebd4604002b6ff842e3cf3a9ebdd6c1e725fb31246,"[""sys6-v0_111""]",1,10,98,"{""fidelity"": 0.33223661045268227, ""idle_exposures"": 0.0, ""log_atom_transfer"": -0.3961981320990796, ""log_coherence_linear"": -0.1598724593717558, ""log_fidelity"": -1.101907881816538, ""log_idle_excitation"": 0.0, ""move_batches"": 158.0, ""move_time_us"": 16278.30467165502, ""transfers"": 396.0}","{""fidelity"": 0.33586637215833154, ""idle_exposures"": 0.0, ""log_atom_transfer"": -0.3961981320990796, ""log_coherence_linear"": -0.14900647758825655, ""log_fidelity"": -1.091041900033039, ""log_idle_excitation"": 0.0, ""move_batches"": 121.0, ""move_time_us"": 14248.74960595893, ""transfers"": 396.0}","{""fidelity"": 0.33462507450635826, ""idle_exposures"": 73.0, ""log_atom_transfer"": -0.24612308206154945, ""log_coherence_linear"": -0.11574661397025675, ""log_fidelity"": -1.0947445544853636, ""log_idle_excitation"": -0.1827285059226488, ""move_batches"": 90.0, ""move_time_us"": 11243.826737802481, ""transfers"": 246.0}"
qmap154,569391ab4b0c2412a57e1200e808a8f428979e08eaad630e86b9747cd27e1c16,"[""ham15_107""]",1,15,3856,"{""fidelity"": 4.2087761696794895e-24, ""idle_exposures"": 0.0, ""log_atom_transfer"": -15.947975317321538, ""log_coherence_linear"": -16.40231178416166, ""log_fidelity"": -53.824870322461216, ""log_idle_excitation"": 0.0, ""move_batches"": 6804.0, ""move_time_us"": 664500.152028049, ""transfers"": 15940.0}","{""fidelity"": 4.417142731734287e-24, ""idle_exposures"": 0.0, ""log_atom_transfer"": -15.975989326661876, ""log_coherence_linear"": -16.325976637944624, ""log_fidelity"": -53.77654918558452, ""log_idle_excitation"": 0.0, ""move_batches"": 6795.0, ""move_time_us"": 661513.8680989906, ""transfers"": 15968.0}","{""fidelity"": 1.0427371470940382e-22, ""idle_exposures"": 2531.0, ""log_atom_transfer"": -11.309655770828272, ""log_coherence_linear"": -11.48585095263509, ""log_fidelity"": -50.61502291782077, ""log_idle_excitation"": -6.335422582057865, ""move_batches"": 5096.0, ""move_time_us"": 522633.57998175215, ""transfers"": 11304.0}"
qmap154,58301ee4a0a5e02f220e6d4a288841abc82b921ffdda76a4f40848b79ddebfd9,"[""ham3_102""]",1,3,9,"{""fidelity"": 0.9110926672902858, ""idle_exposures"": 0.0, ""log_atom_transfer"": -0.040020013343341376, ""log_coherence_linear"": -0.003777146607619789, ""log_fidelity"": -0.09311066648888763, ""log_idle_excitation"": 0.0, ""move_batches"": 18.0, ""move_time_us"": 1704.9708630940681, ""transfers"": 40.0}","{""fidelity"": 0.9108366416416142, ""idle_exposures"": 0.0, ""log_atom_transfer"": -0.040020013343341376, ""log_coherence_linear"": -0.004058195547446185, ""log_fidelity"": -0.09339171542871402, ""log_idle_excitation"": 0.0, ""move_batches"": 18.0, ""move_time_us"": 1741.3119432117587, ""transfers"": 40.0}","{""fidelity"": 0.9108985505801359, ""idle_exposures"": 7.0, ""log_atom_transfer"": -0.024012008006004823, ""log_coherence_linear"": -0.00247632235724989, ""log_fidelity"": -0.09332374842801051, ""log_idle_excitation"": -0.017521911526829338, ""move_batches"": 11.0, ""move_time_us"": 1131.5967668430003, ""transfers"": 24.0}"
qmap154,58d3414c21ba4637af265a4f3068c543e65f5215444e5deb86f582d6bf36ae9a,"[""inc_237""]",1,16,4636,"{""fidelity"": 2.5893217059754297e-31, ""idle_exposures"": 0.0, ""log_atom_transfer"": -18.789396264698777, ""log_coherence_linear"": -25.816914109803566, ""log_fidelity"": -70.42874193098781, ""log_idle_excitation"": 0.0, ""move_batches"": 8202.0, ""move_time_us"": 796259.4238413484, ""transfers"": 18780.0}","{""fidelity"": 1.2198344103846941e-31, ""idle_exposures"": 0.0, ""log_atom_transfer"": -18.80140226870178, ""log_coherence_linear"": -26.55758893728792, ""log_fidelity"": -71.18142276247517, ""log_idle_excitation"": 0.0, ""move_batches"": 8196.0, ""move_time_us"": 809028.3355635618, ""transfers"": 18792.0}","{""fidelity"": 4.623311751436732e-28, ""idle_exposures"": 3009.0, ""log_atom_transfer"": -13.38669446334769, ""log_coherence_linear"": -16.1857248633876, ""log_fidelity"": -62.94127132622374, ""log_idle_excitation"": -7.531918826318497, ""move_batches"": 6092.0, ""move_time_us"": 623876.8461501937, ""transfers"": 13380.0}"
qmap154,5b244278f3e4846bba65a3a6be51e000292bc1c8260030ea3df81daab0b8542c,"[""ising_model_16""]",1,16,150,"{""fidelity"": 0.2518984446390086, ""idle_exposures"": 0.0, ""log_atom_transfer"": -0.34817411608706994, ""log_coherence_linear"": -0.20636303337207335, ""log_fidelity"": -1.3787292701602665, ""log_idle_excitation"": 0.0, ""move_batches"": 66.0, ""move_time_us"": 7799.3337428564755, ""transfers"": 348.0}","{""fidelity"": 0.24693277749897075, ""idle_exposures"": 0.0, ""log_atom_transfer"": -0.3601801200900724, ""log_coherence_linear"": -0.21426689447870764, ""log_fidelity"": -1.398639135269903, ""log_idle_excitation"": 0.0, ""move_batches"": 61.0, ""move_time_us"": 8541.90575764063, ""transfers"": 360.0}","{""fidelity"": 0.28263041425118757, ""idle_exposures"": 2.0, ""log_atom_transfer"": -0.20010006671670688, ""log_coherence_linear"": -0.2259816693231004, ""log_fidelity"": -1.263615191553122, ""log_idle_excitation"": -0.005006260436236954, ""move_batches"": 81.0, ""move_time_us"": 9626.965503101144, ""transfers"": 200.0}"
qmap154,5c1c11e8fdb3c2c2275eee5df9f9f6294b3040059e1f7361e9a7e1e855ff38cc,"[""3_17_13""]",1,3,17,"{""fidelity"": 0.8433764659529815, ""idle_exposures"": 0.0, ""log_atom_transfer"": -0.06803402268368033, ""log_coherence_linear"": -0.007493167865772778, ""log_fidelity"": -0.17034184183776974, ""log_idle_excitation"": 0.0, ""move_batches"": 32.0, ""move_time_us"": 2970.5321772823017, ""transfers"": 68.0}","{""fidelity"": 0.8432999040450452, ""idle_exposures"": 0.0, ""log_atom_transfer"": -0.06803402268368033, ""log_coherence_linear"": -0.007583952214626889, ""log_fidelity"": -0.17043262618662386, ""log_idle_excitation"": 0.0, ""move_batches"": 32.0, ""move_time_us"": 3015.810430925166, ""transfers"": 68.0}","{""fidelity"": 0.8415557772656526, ""idle_exposures"": 13.0, ""log_atom_transfer"": -0.040020013343341376, ""log_coherence_linear"": -0.0051276269367364746, ""log_fidelity"": -0.1725029844039347, ""log_idle_excitation"": -0.0325406928355402, ""move_batches"": 19.0, ""move_time_us"": 1869.582989180038, ""transfers"": 40.0}"
qmap154,5d572a80ef970ebda2c1a03568d33233b6101732d05e49d2e74bc63a1c1f2812,"[""cnt3-5_180""]",1,16,205,"{""fidelity"": 0.07998999269046161, ""idle_exposures"": 0.0, ""log_atom_transfer"": -0.8604302868818395, ""log_coherence_linear"": -0.5229351443458821, ""log_fidelity"": -2.525853743502063, ""log_idle_excitation"": 0.0, ""move_batches"": 315.0, ""move_time_us"": 30626.16446155534, ""transfers"": 860.0}","{""fidelity"": 0.07748627652789922, ""idle_exposures"": 0.0, ""log_atom_transfer"": -0.8684342895505078, ""log_coherence_linear"": -0.5467318335373444, ""log_fidelity"": -2.557654435362194, ""log_idle_excitation"": 0.0, ""move_batches"": 319.0, ""move_time_us"": 32489.523861964215, ""transfers"": 868.0}","{""fidelity"": 0.08032532274893284, ""idle_exposures"": 149.0, ""log_atom_transfer"": -0.5742871914769487, ""log_coherence_linear"": -0.42592544769746293, ""log_fidelity"": -2.5216703559499076, ""log_idle_excitation"": -0.37296640249965307, ""move_batches"": 242.0, ""move_time_us"": 26245.475921317677, ""transfers"": 574.0}"
qmap154,61bf78e6eb8fe2cb88b844a4608037f20080a920d6382321fb11614e9e3bb9ff,"[""hwb6_56""]",1,7,2952,"{""fidelity"": 4.0403827386176245e-15, ""idle_exposures"": 0.0, ""log_atom_transfer"": -12.20610406971912, ""log_coherence_linear"": -4.4992634181165885, ""log_fidelity"": -33.14243697014333, ""log_idle_excitation"": 0.0, ""move_batches"": 5225.0, ""move_time_us"": 493872.17301636335, ""transfers"": 12200.0}","{""fidelity"": 3.98571120791936e-15, ""idle_exposures"": 0.0, ""log_atom_transfer"": -12.242122081728127, ""log_coherence_linear"": -4.476869063309841, ""log_fidelity"": -33.15606062734559, ""log_idle_excitation"": 0.0, ""move_batches"": 5183.0, ""move_time_us"": 490547.6740270252, ""transfers"": 12236.0}","{""fidelity"": 3.3525886356541556e-15, ""idle_exposures"": 1969.0, ""log_atom_transfer"": -8.568284856809388, ""log_coherence_linear"": -3.392232783337981, ""log_fidelity"": -33.32904362041261, ""log_idle_excitation"": -4.9286633994752815, ""move_batches"": 3896.0, ""move_time_us"": 392281.3552896791, ""transfers"": 8564.0}"
qmap154,620e145abef0b7fc3948370f538a464abbc77025fb86dcf2cd3ef23b08519a4a,"[""4gt4-v0_73""]",1,6,179,"{""fidelity"": 0.15113676681281427, ""idle_exposures"": 0.0, ""log_atom_transfer"": -0.7243622415144789, ""log_coherence_linear"": -0.1701482107568424, ""log_fidelity"": -1.8895701116203982, ""log_idle_excitation"": 0.0, ""move_batches"": 315.0, ""move_time_us"": 29689.896361436968, ""transfers"": 724.0}","{""fidelity"": 0.15102237822173115, ""idle_exposures"": 0.0, ""log_atom_transfer"": -0.7243622415144789, ""log_coherence_linear"": -0.17090535214029856, ""log_fidelity"": -1.8903272530038544, ""log_idle_excitation"": 0.0, ""move_batches"": 316.0, ""move_time_us"": 29769.877620260722, ""transfers"": 724.0}","{""fidelity"": 0.14668068762746603, ""idle_exposures"": 114.0, ""log_atom_transfer"": -0.5042521681261013, ""log_coherence_linear"": -0.13482857550640567, ""log_fidelity"": -1.9194972478470902, ""log_idle_excitation"": -0.2853568448655064, ""move_batches"": 234.0, ""move_time_us"": 24114.74540412693, ""transfers"": 504.0}"
qmap154,679c25ee91f79d2be3c2d27eabe3178ef82d031ac02f532a255f82d5b2e14470,"[""4gt13_91""]",1,5,47,"{""fidelity"": 0.6137037818783082, ""idle_exposures"": 0.0, ""log_atom_transfer"": -0.18809406271370446, ""log_coherence_linear"": -0.03905555299873727, ""log_fidelity"": -0.48824290718419255, ""log_idle_excitation"": 0.0, ""move_batches"": 88.0, ""move_time_us"": 8845.94925906602, ""transfers"": 188.0}","{""fidelity"": 0.6121462000794132, ""idle_exposures"": 0.0, ""log_atom_transfer"": -0.19209606404803858, ""log_coherence_linear"": -0.03759478046081056, ""log_fidelity"": -0.49078413598059994, ""log_idle_excitation"": 0.0, ""move_batches"": 86.0, ""move_time_us"": 8267.062875626812, ""transfers"": 192.0}","{""fidelity"": 0.6100131568842252, ""idle_exposures"": 29.0, ""log_atom_transfer"": -0.13206604403302655, ""log_coherence_linear"": -0.02852464155450304, ""log_fidelity"": -0.4942747533847162, ""log_idle_excitation"": -0.07259077632543583, ""move_batches"": 62.0, ""move_time_us"": 6452.707049415122, ""transfers"": 132.0}"
qmap154,68e9a8451b3ea56f9d1e2f1c4ca665dc2432ed849ff554148d57480c48d3774f,"[""alu-v0_27""]",1,5,17,"{""fidelity"": 0.8285210101807691, ""idle_exposures"": 0.0, ""log_atom_transfer"": -0.08004002668668275, ""log_coherence_linear"": -0.013558450170195772, ""log_fidelity"": -0.18811308313619315, ""log_idle_excitation"": 0.0, ""move_batches"": 32.0, ""move_time_us"": 3061.4708085342622, ""transfers"": 80.0}","{""fidelity"": 0.8289120279825818, ""idle_exposures"": 0.0, ""log_atom_transfer"": -0.08004002668668275, ""log_coherence_linear"": -0.013086614747510755, ""log_fidelity"": -0.18764124771350812, ""log_idle_excitation"": 0.0, ""move_batches"": 30.0, ""move_time_us"": 2868.2968424252003, ""transfers"": 80.0}","{""fidelity"": 0.8309253665853521, ""idle_exposures"": 12.0, ""log_atom_transfer"": -0.05002501667917672, ""log_coherence_linear"": -0.010638114154049782, ""log_fidelity"": -0.18521529972996287, ""log_idle_excitation"": -0.03003756261742172, ""move_batches"": 22.0, ""move_time_us"": 2253.8468199013196, ""transfers"": 50.0}"
qmap154,6bc06c9ebf9b722cea0f989fdc71fc87334708b05c6828266ddb11ced211db99,"[""one-two-three-v0_97""]",1,5,128,"{""fidelity"": 0.2587778447905249, ""idle_exposures"": 0.0, ""log_atom_transfer"": -0.5362681788007744, ""log_coherence_linear"": -0.10250108311846956, ""log_fidelity"": -1.3517853274753868, ""log_idle_excitation"": 0.0, ""move_batches"": 237.0, ""move_time_us"": 22329.19400301642, ""transfers"": 536.0}","{""fidelity"": 0.2587096879499431, ""idle_exposures"": 0.0, ""log_atom_transfer"": -0.5362681788007744, ""log_coherence_linear"": -0.10276449754553789, ""log_fidelity"": -1.3520487419024552, ""log_idle_excitation"": 0.0, ""move_batches"": 236.0, ""move_time_us"": 22198.261669218064, ""transfers"": 536.0}","{""fidelity"": 0.2526923351075057, ""idle_exposures"": 87.0, ""log_atom_transfer"": -0.36618312209157355, ""log_coherence_linear"": -0.07861108040853276, ""log_fidelity"": -1.3755825970325566, ""log_idle_excitation"": -0.2177723289763075, ""move_batches"": 172.0, ""move_time_us"": 17410.11672188666, ""transfers"": 366.0}"
qmap154,6ecd393a830744f5c1bbf3964bc813e7b8d940c7a39755f70e86d425b203bd44,"[""sym9_146""]",1,12,148,"{""fidelity"": 0.18014044504276833, ""idle_exposures"": 0.0, ""log_atom_transfer"": -0.6003002001501206, ""log_coherence_linear"": -0.2884495795540688, ""log_fidelity"": -1.7140184820912978, ""log_idle_excitation"": 0.0, ""move_batches"": 227.0, ""move_time_us"": 23100.31698383188, ""transfers"": 600.0}","{""fidelity"": 0.1765607239232403, ""idle_exposures"": 0.0, ""log_atom_transfer"": -0.6003002001501206, ""log_coherence_linear"": -0.3085215143505493, ""log_fidelity"": -1.7340904168877782, ""log_idle_excitation"": 0.0, ""move_batches"": 208.0, ""move_time_us"": 25547.66945086616, ""transfers"": 600.0}","{""fidelity"": 0.18304243735771117, ""idle_exposures"": 112.0, ""log_atom_transfer"": -0.37418712476024185, ""log_coherence_linear"": -0.21823084331874232, ""log_fidelity"": -1.698037254895362, ""log_idle_excitation"": -0.2803505844292694, ""move_batches"": 152.0, ""move_time_us"": 17140.907107844196, ""transfers"": 374.0}"
qmap154,7568bb9bf97b4ad2d03827ff66ea80cbed58e1fa811c3c6924e3154f8ac015f0,"[""rd53_133""]",1,7,252,"{""fidelity"": 0.06471419732667412, ""idle_exposures"": 0.0, ""log_atom_transfer"": -1.0445223482612098, ""log_coherence_linear"": -0.2896707163610294, ""log_fidelity"": -2.7377746683683317, ""log_idle_excitation"": 0.0, ""move_batches"": 447.0, ""move_time_us"": 42336.77260045512, ""transfers"": 1044.0}","{""fidelity"": 0.06434566414058442, ""idle_exposures"": 0.0, ""log_atom_transfer"": -1.0445223482612098, ""log_coherence_linear"": -0.2953817745254851, ""log_fidelity"": -2.7434857265327874, ""log_idle_excitation"": 0.0, ""move_batches"": 447.0, ""move_time_us"": 43302.48155893195, ""transfers"": 1044.0}","{""fidelity"": 0.06252071898939594, ""idle_exposures"": 162.0, ""log_atom_transfer"": -0.7343672448503142, ""log_coherence_linear"": -0.22880132941310014, ""log_fidelity"": -2.7722572733447004, ""log_idle_excitation"": -0.40550709533519325, ""move_batches"": 337.0, ""move_time_us"": 35059.93828109463, ""transfers"": 734.0}"
qmap154,7a422c31684da3e6854600d1c69901b391b2a7ddcf39fc3caada4e1000f7d33e,"[""alu-v1_28""]",1,5,18,"{""fidelity"": 0.8231297774714176, ""idle_exposures"": 0.0, ""log_atom_transfer"": -0.08004002668668275, ""log_coherence_linear"": -0.014174092619383905, ""log_fidelity"": -0.19464140243593156, ""log_idle_excitation"": 0.0, ""move_batches"": 32.0, ""move_time_us"": 3068.635271594532, ""transfers"": 80.0}","{""fidelity"": 0.8236783345442589, ""idle_exposures"": 0.0, ""log_atom_transfer"": -0.08004002668668275, ""log_coherence_linear"": -0.01350788616930917, ""log_fidelity"": -0.1939751959858568, ""log_idle_excitation"": 0.0, ""move_batches"": 30.0, ""move_time_us"": 2869.325829159886, ""transfers"": 80.0}","{""fidelity"": 0.8240117893245604, ""idle_exposures"": 11.0, ""log_atom_transfer"": -0.054027018013510855, ""log_coherence_linear"": -0.011581708199617794, ""log_fidelity"": -0.1935704417422968, ""log_idle_excitation"": -0.027534432399303248, ""move_batches"": 25.0, ""move_time_us"": 2602.138509286896, ""transfers"": 54.0}"
qmap154,7d1896dcc5d2410f21980ed3439eddb034338ed3bc420cbd08732a56ab8a5acb,"[""4mod5-v0_19""]",1,5,16,"{""fidelity"": 0.843203146236282, ""idle_exposures"": 0.0, ""log_atom_transfer"": -0.06803402268368033, ""log_coherence_linear"": -0.01331132776666331, ""log_fidelity"": -0.170547369897112, ""log_idle_excitation"": 0.0, ""move_batches"": 32.0, ""move_time_us"": 3096.603654854586, ""transfers"": 68.0}","{""fidelity"": 0.8426505631703021, ""idle_exposures"": 0.0, ""log_atom_transfer"": -0.06803402268368033, ""log_coherence_linear"": -0.01396688059747659, ""log_fidelity"": -0.17120292272792528, ""log_idle_excitation"": 0.0, ""move_batches"": 32.0, ""move_time_us"": 3136.7337624436987, ""transfers"": 68.0}","{""fidelity"": 0.8416466527377409, ""idle_exposures"": 11.0, ""log_atom_transfer"": -0.04602301534484258, ""log_coherence_linear"": -0.009635537958051959, ""log_fidelity"": -0.17239500514896614, ""log_idle_excitation"": -0.027534432399303248, ""move_batches"": 22.0, ""move_time_us"": 2243.1227087147827, ""transfers"": 46.0}"
qmap154,8005c69009fdf9618f28c60c160a00e576cac183c5a275d2382af5d76f812b14,"[""alu-v3_35""]",1,5,18,"{""fidelity"": 0.8206205846656462, ""idle_exposures"": 0.0, ""log_atom_transfer"": -0.08404202802101689, ""log_coherence_linear"": -0.014125238268810111, ""log_fidelity"": -0.19769441439268592, ""log_idle_excitation"": 0.0, ""move_batches"": 34.0, ""move_time_us"": 3242.819722750612, ""transfers"": 84.0}","{""fidelity"": 0.8209995016839294, ""idle_exposures"": 0.0, ""log_atom_transfer"": -0.08404202802101689, ""log_coherence_linear"": -0.013663600368344402, ""log_fidelity"": -0.1972327764922202, ""log_idle_excitation"": 0.0, ""move_batches"": 32.0, ""move_time_us"": 3052.7126701052516, ""transfers"": 84.0}","{""fidelity"": 0.8227325728230709, ""idle_exposures"": 13.0, ""log_atom_transfer"": -0.05202601734634379, ""log_coherence_linear"": -0.011030214717153135, ""log_fidelity"": -0.19512407300189605, ""log_idle_excitation"": -0.0325406928355402, ""move_batches"": 23.0, ""move_time_us"": 2325.0070312068524, ""transfers"": 52.0}"
qmap154,8314441e90c48c8308a3339a2101e26dc418327808ac370bf91fb6603ef666dd,"[""cm82a_208""]",1,8,283,"{""fidelity"": 0.04395406325046809, ""idle_exposures"": 0.0, ""log_atom_transfer"": -1.164582388291234, ""log_coherence_linear"": -0.383054718356771, ""log_fidelity"": -3.12461020746409, ""log_idle_excitation"": 0.0, ""move_batches"": 496.0, ""move_time_us"": 48436.27428226652, ""transfers"": 1164.0}","{""fidelity"": 0.04387574263756171, ""idle_exposures"": 0.0, ""log_atom_transfer"": -1.164582388291234, ""log_coherence_linear"": -0.38483818201980197, ""log_fidelity"": -3.126393671127121, ""log_idle_excitation"": 0.0, ""move_batches"": 490.0, ""move_time_us"": 48546.64332938721, ""transfers"": 1164.0}","{""fidelity"": 0.042563391568949165, ""idle_exposures"": 192.0, ""log_atom_transfer"": -0.8124062708698299, ""log_coherence_linear"": -0.28678037443904875, ""log_fidelity"": -3.156760748003711, ""log_idle_excitation"": -0.48060100187874755, ""move_batches"": 357.0, ""move_time_us"": 36872.040144055965, ""transfers"": 812.0}"
qmap154,86f25b05a4edb7fc286f425c98d2846447278adb82c6989aeb115afe8cfdb2e0,"[""4gt5_77""]",1,5,58,"{""fidelity"": 0.5436857762266762, ""idle_exposures"": 0.0, ""log_atom_transfer"": -0.24012008006004826, ""log_coherence_linear"": -0.04583140443483429, ""log_fidelity"": -0.6093838162416683, ""log_idle_excitation"": 0.0, ""move_batches"": 105.0, ""move_time_us"": 9966.118224837242, ""transfers"": 240.0}","{""fidelity"": 0.5432817575873582, ""idle_exposures"": 0.0, ""log_atom_transfer"": -0.24012008006004826, ""log_coherence_linear"": -0.04657479123408157, ""log_fidelity"": -0.6101272030409156, ""log_idle_excitation"": 0.0, ""move_batches"": 105.0, ""move_time_us"": 10083.082940082904, ""transfers"": 240.0}","{""fidelity"": 0.5410040423204047, ""idle_exposures"": 36.0, ""log_atom_transfer"": -0.16408205470769963, ""log_coherence_linear"": -0.036683768085606805, ""log_fidelity"": -0.6143285282219721, ""log_idle_excitation"": -0.09011268785226517, ""move_batches"": 74.0, ""move_time_us"": 8300.356572582721, ""transfers"": 164.0}"
qmap154,8dd641baf48f55eb172b86f9b05a182576f0a52226d20cb90648426e4be1ced7,"[""mod10_176""]",1,5,78,"{""fidelity"": 0.43972592431932533, ""idle_exposures"": 0.0, ""log_atom_transfer"": -0.32416210808106516, ""log_coherence_linear"": -0.06205661377662937, ""log_fidelity"": -0.8216036454264437, ""log_idle_excitation"": 0.0, ""move_batches"": 141.0, ""move_time_us"": 13407.122465267012, ""transfers"": 324.0}","{""fidelity"": 0.4401542200415281, ""idle_exposures"": 0.0, ""log_atom_transfer"": -0.32416210808106516, ""log_coherence_linear"": -0.06108308173644261, ""log_fidelity"": -0.820630113386257, ""log_idle_excitation"": 0.0, ""move_batches"": 137.0, ""move_time_us"": 13014.637221155388, ""transfers"": 324.0}","{""fidelity"": 0.43341296776244687, ""idle_exposures"": 52.0, ""log_atom_transfer"": -0.22211107405554462, ""log_coherence_linear"": -0.04840550035863252, ""log_fidelity"": -0.8360642693250872, ""log_idle_excitation"": -0.1301627713421608, ""move_batches"": 101.0, ""move_time_us"": 10490.755274024792, ""transfers"": 222.0}"
qmap154,8e33e885ddd96f3b57ede11f90be05bae3c461df4b9fb1670d222413068d2d44,"[""4gt11_83""]",1,5,14,"{""fidelity"": 0.8739675915268008, ""idle_exposures"": 0.0, ""log_atom_transfer"": -0.048024016012009646, ""log_coherence_linear"": -0.009611347898380794, ""log_fidelity"": -0.13471198464705628, ""log_idle_excitation"": 0.0, ""move_batches"": 22.0, ""move_time_us"": 2168.7980294939016, ""transfers"": 48.0}","{""fidelity"": 0.8735559737657692, ""idle_exposures"": 0.0, ""log_atom_transfer"": -0.048024016012009646, ""log_coherence_linear"": -0.010082434843151127, ""log_fidelity"": -0.1351830715918266, ""log_idle_excitation"": 0.0, ""move_batches"": 22.0, ""move_time_us"": 2205.8460611385435, ""transfers"": 48.0}","{""fidelity"": 0.8747681167700555, ""idle_exposures"": 6.0, ""log_atom_transfer"": -0.03401701134184017, ""log_coherence_linear"": -0.007684023764154207, ""log_fidelity"": -0.13379643715137107, ""log_idle_excitation"": -0.01501878130871086, ""move_batches"": 16.0, ""move_time_us"": 1653.96388511023, ""transfers"": 34.0}"
qmap154,8f646fba050365ee2bd40785201080ab4d94bb85dfd7caae056eb74513b04579,"[""mod5d1_63""]",1,5,13,"{""fidelity"": 0.8630452527005426, ""idle_exposures"": 0.0, ""log_atom_transfer"": -0.0640320213493462, ""log_coherence_linear"": -0.01179214252778263, ""log_fidelity"": -0.14728815277224638, ""log_idle_excitation"": 0.0, ""move_batches"": 26.0, ""move_time_us"": 3005.76385279476, ""transfers"": 64.0}","{""fidelity"": 0.8642805741751188, ""idle_exposures"": 0.0, ""log_atom_transfer"": -0.0640320213493462, ""log_coherence_linear"": -0.010361814021184034, ""log_fidelity"": -0.14585782426564778, ""log_idle_excitation"": 0.0, ""move_batches"": 24.0, ""move_time_us"": 2421.6148766451643, ""transfers"": 64.0}","{""fidelity"": 0.8721334492757347, ""idle_exposures"": 8.0, ""log_atom_transfer"": -0.03801901267617431, ""log_coherence_linear"": -0.007304785305816205, ""log_fidelity"": -0.13681282862205588, ""log_idle_excitation"": -0.020025041744947816, ""move_batches"": 16.0, ""move_time_us"": 1740.4919838317242, ""transfers"": 38.0}"
qmap154,905244f2543b366d276cc748f223b549e8c6712f4b686c6295e2e70e4df2d908,"[""rd84_142""]",1,15,154,"{""fidelity"": 0.14901955292519958, ""idle_exposures"": 0.0, ""log_atom_transfer"": -0.6283142094904596, ""log_coherence_linear"": -0.41701914105152066, ""log_fidelity"": -1.9036777539603742, ""log_idle_excitation"": 0.0, ""move_batches"": 259.0, ""move_time_us"": 27978.249373221213, ""transfers"": 628.0}","{""fidelity"": 0.15749000176228498, ""idle_exposures"": 0.0, ""log_atom_transfer"": -0.6283142094904596, ""log_coherence_linear"": -0.361734690696973, ""log_fidelity"": -1.8483933036058264, ""log_idle_excitation"": 0.0, ""move_batches"": 183.0, ""move_time_us"": 22368.962191309052, ""transfers"": 628.0}","{""fidelity"": 0.1581132424279928, ""idle_exposures"": 122.0, ""log_atom_transfer"": -0.3981991327662467, ""log_coherence_linear"": -0.27717964277292123, ""log_fidelity"": -1.8444437784515175, ""log_idle_excitation"": -0.3053818866104542, ""move_batches"": 156.0, ""move_time_us"": 18251.48459853233, ""transfers"": 398.0}"
qmap154,923c1c3fb38d5e8209a2560552ac8abb6166dacce97b433ca1b7f99201f12f48,"[""ham7_104""]",1,7,149,"{""fidelity"": 0.20129974317739016, ""idle_exposures"": 0.0, ""log_atom_transfer"": -0.6003002001501206, ""log_coherence_linear"": -0.17297886781465371, ""log_fidelity"": -1.6029602221574228, ""log_idle_excitation"": 0.0, ""move_batches"": 266.0, ""move_time_us"": 25771.006018564854, ""transfers"": 600.0}","{""fidelity"": 0.20189162869620608, ""idle_exposures"": 0.0, ""log_atom_transfer"": -0.6003002001501206, ""log_coherence_linear"": -0.17004286280421563, ""log_fidelity"": -1.6000242171469847, ""log_idle_excitation"": 0.0, ""move_batches"": 263.0, ""move_time_us"": 24948.730236487023, ""transfers"": 600.0}","{""fidelity"": 0.19786664120939426, ""idle_exposures"": 93.0, ""log_atom_transfer"": -0.4222111407722515, ""log_coherence_linear"": -0.13547859920588767, ""log_fidelity"": -1.620162004455806, ""log_idle_excitation"": -0.23279111028501837, ""move_batches"": 196.0, ""move_time_us"": 20590.25858773174, ""transfers"": 422.0}"
qmap154,9296c4d9d70d4b782022666728fc1ed6948b105b09cf991b52689a4556553f5f,"[""qe_qft_5""]",1,5,26,"{""fidelity"": 0.8128161363286656, ""idle_exposures"": 0.0, ""log_atom_transfer"": -0.048024016012009646, ""log_coherence_linear"": -0.013597950705153591, ""log_fidelity"": -0.2072503495884163, ""log_idle_excitation"": 0.0, ""move_batches"": 20.0, ""move_time_us"": 2184.382605259369, ""transfers"": 48.0}","{""fidelity"": 0.8098192741652681, ""idle_exposures"": 0.0, ""log_atom_transfer"": -0.05202601734634379, ""log_coherence_linear"": -0.013289774307133729, ""log_fidelity"": -0.21094417452473058, ""log_idle_excitation"": 0.0, ""move_batches"": 18.0, ""move_time_us"": 2013.282054854563, ""transfers"": 52.0}","{""fidelity"": 0.8216253101388898, ""idle_exposures"": 1.0, ""log_atom_transfer"": -0.036018012009007234, ""log_coherence_linear"": -0.012321289829966213, ""log_fidelity"": -0.19647081492834498, ""log_idle_excitation"": -0.002503130218118477, ""move_batches"": 15.0, ""move_time_us"": 1944.4891763762755, ""transfers"": 36.0}"
qmap154,94334a0880d4a94503440956c484a2bfa59894baae72b5892bd249f94da01983,"[""square_root_7""]",1,15,3089,"{""fidelity"": 1.7533804378965887e-18, ""idle_exposures"": 0.0, ""log_atom_transfer"": -13.130566377950306, ""log_coherence_linear"": -10.736247823536907, ""log_fidelity"": -40.8849860704517, ""log_idle_excitation"": 0.0, ""move_batches"": 5427.0, ""move_time_us"": 533457.3371884242, ""transfers"": 13124.0}","{""fidelity"": 2.0573431714460183e-18, ""idle_exposures"": 0.0, ""log_atom_transfer"": -13.218610407305656, ""log_coherence_linear"": -10.488333969828195, ""log_fidelity"": -40.72511624609834, ""log_idle_excitation"": 0.0, ""move_batches"": 5311.0, ""move_time_us"": 518681.9066011588, ""transfers"": 13212.0}","{""fidelity"": 9.770555455269219e-18, ""idle_exposures"": 1922.0, ""log_atom_transfer"": -9.414708139021059, ""log_coherence_linear"": -7.918255808659354, ""log_fidelity"": -39.16715835630485, ""log_idle_excitation"": -4.811016279223713, ""move_batches"": 4180.0, ""move_time_us"": 439454.64352066134, ""transfers"": 9410.0}"
qmap154,96c783c9bca0ef85595484b3ce3d699b0387661d205d223d6e547c44bdd87c0a,"[""4mod5-v0_20""]",1,5,10,"{""fidelity"": 0.8972913783913241, ""idle_exposures"": 0.0, ""log_atom_transfer"": -0.04402201467767551, ""log_coherence_linear"": -0.008826390039498158, ""log_fidelity"": -0.1083746331146524, ""log_idle_excitation"": 0.0, ""move_batches"": 18.0, ""move_time_us"": 2130.966744343222, ""transfers"": 44.0}","{""fidelity"": 0.8980827304883225, ""idle_exposures"": 0.0, ""log_atom_transfer"": -0.04402201467767551, ""log_coherence_linear"": -0.007944844355695979, ""log_fidelity"": -0.10749308743085022, ""log_idle_excitation"": 0.0, ""move_batches"": 17.0, ""move_time_us"": 1762.9457914334102, ""transfers"": 44.0}","{""fidelity"": 0.9013561761724829, ""idle_exposures"": 5.0, ""log_atom_transfer"": -0.030015010007506032, ""log_coherence_linear"": -0.005797897926322719, ""log_fidelity"": -0.10385478742189987, ""log_idle_excitation"": -0.012515651090592385, ""move_batches"": 13.0, ""move_time_us"": 1384.4822193010095, ""transfers"": 30.0}"
qmap154,983207e15135fbfdbac900dec7d7cc3f72d7bfe6a3ba36b5b188fdb8ecf12de1,"[""ex2_227""]",1,7,275,"{""fidelity"": 0.04950301252382014, ""idle_exposures"": 0.0, ""log_atom_transfer"": -1.1525763842882315, ""log_coherence_linear"": -0.3204732318023226, ""log_fidelity"": -3.005721752192257, ""log_idle_excitation"": 0.0, ""move_batches"": 489.0, ""move_time_us"": 46819.18591127466, ""transfers"": 1152.0}","{""fidelity"": 0.049408440922159, ""idle_exposures"": 0.0, ""log_atom_transfer"": -1.1565783856225658, ""log_coherence_linear"": -0.31838347879079903, ""log_fidelity"": -3.0076340005150675, ""log_idle_excitation"": 0.0, ""move_batches"": 488.0, ""move_time_us"": 46205.02663712899, ""transfers"": 1156.0}","{""fidelity"": 0.048081328145500854, ""idle_exposures"": 180.0, ""log_atom_transfer"": -0.8044022682011617, ""log_coherence_linear"": -0.24722352191401742, ""log_fidelity"": -3.0348613654782075, ""log_idle_excitation"": -0.45056343926132586, ""move_batches"": 367.0, ""move_time_us"": 36997.632178102554, ""transfers"": 804.0}"
qmap154,9884edf0a652dbcd3b12d359e9a7b9eee9032e6cd906954e05d636a7a12c59a4,"[""mini_alu_305""]",1,10,77,"{""fidelity"": 0.41960621939538234, ""idle_exposures"": 0.0, ""log_atom_transfer"": -0.31615810541239686, ""log_coherence_linear"": -0.12400840827462954, ""log_fidelity"": -0.8684385803692174, ""log_idle_excitation"": 0.0, ""move_batches"": 125.0, ""move_time_us"": 12568.600889738587, ""transfers"": 316.0}","{""fidelity"": 0.41870647510823267, ""idle_exposures"": 0.0, ""log_atom_transfer"": -0.320160106746731, ""log_coherence_linear"": -0.12215296785612047, ""log_fidelity"": -0.8705851412850425, ""log_idle_excitation"": 0.0, ""move_batches"": 117.0, ""move_time_us"": 12079.109521342372, ""transfers"": 320.0}","{""fidelity"": 0.41706253960491213, ""idle_exposures"": 60.0, ""log_atom_transfer"": -0.20810406938537515, ""log_coherence_linear"": -0.08795514420206586, ""log_fidelity"": -0.8745190933567406, ""log_idle_excitation"": -0.15018781308710863, ""move_batches"": 80.0, ""move_time_us"": 8204.720317807383, ""transfers"": 208.0}"
qmap154,9986622748f143462cb57b994c62dface6274571ab108abe0d5da591993d56d7,"[""rd53_130""]",1,7,448,"{""fidelity"": 0.007453287095605055, ""idle_exposures"": 0.0, ""log_atom_transfer"": -1.8809406271370446, ""log_coherence_linear"": -0.5214030863938448, ""log_fidelity"": -4.8991001230133975, ""log_idle_excitation"": 0.0, ""move_batches"": 785.0, ""move_time_us"": 74298.55452539532, ""transfers"": 1880.0}","{""fidelity"": 0.007417580610701621, ""idle_exposures"": 0.0, ""log_atom_transfer"": -1.8809406271370446, ""log_coherence_linear"": -0.5262053016012347, ""log_fidelity"": -4.903902338220787, ""log_idle_excitation"": 0.0, ""move_batches"": 783.0, ""move_time_us"": 75253.40748911489, ""transfers"": 1880.0}","{""fidelity"": 0.007032564903778292, ""idle_exposures"": 294.0, ""log_atom_transfer"": -1.31065543699443, ""log_coherence_linear"": -0.41192984917686143, ""log_fidelity"": -4.957203788524003, ""log_idle_excitation"": -0.7359202841268322, ""move_batches"": 594.0, ""move_time_us"": 60531.47633836575, ""transfers"": 1310.0}"
qmap154,9e3f053dbede7457444bf109616af357b3ab6d81a6a1537fd8fe7bc8559feb88,"[""hwb5_53""]",1,6,598,"{""fidelity"": 0.0016835772247393347, ""idle_exposures"": 0.0, ""log_atom_transfer"": -2.4612308206154947, ""log_coherence_linear"": -0.6019546929940323, ""log_fidelity"": -6.3868344488741755, ""log_idle_excitation"": 0.0, ""move_batches"": 1091.0, ""move_time_us"": 103084.3265533379, ""transfers"": 2460.0}","{""fidelity"": 0.0016625120710309534, ""idle_exposures"": 0.0, ""log_atom_transfer"": -2.473236824618497, ""log_coherence_linear"": -0.6025397648069799, ""log_fidelity"": -6.399425524690126, ""log_idle_excitation"": 0.0, ""move_batches"": 1083.0, ""move_time_us"": 102271.30926832509, ""transfers"": 2472.0}","{""fidelity"": 0.0015146632208157568, ""idle_exposures"": 397.0, ""log_atom_transfer"": -1.720860573763679, ""log_coherence_linear"": -0.4543099556022179, ""log_fidelity"": -6.4925621612235815, ""log_idle_excitation"": -0.9937426965930354, ""move_batches"": 793.0, ""move_time_us"": 79323.56699714356, ""transfers"": 1720.0}"
qmap154,9e525b1d35ed9e69aaedcf8bd3fdf71ef4f7393c6838de0a4837f6c92a652f0d,"[""sqn_258""]",1,10,4459,"{""fidelity"": 2.8213941255446305e-25, ""idle_exposures"": 0.0, ""log_atom_transfer"": -18.49324816595805, ""log_coherence_linear"": -13.197051089569044, ""log_fidelity"": -56.52739619130158, ""log_idle_excitation"": 0.0, ""move_batches"": 7662.0, ""move_time_us"": 737083.6264317728, ""transfers"": 18484.0}","{""fidelity"": 2.736347558585412e-25, ""idle_exposures"": 0.0, ""log_atom_transfer"": -18.52126217529839, ""log_coherence_linear"": -13.199644190439088, ""log_fidelity"": -56.55800330151196, ""log_idle_excitation"": 0.0, ""move_batches"": 7658.0, ""move_time_us"": 736825.8370708319, ""transfers"": 18512.0}","{""fidelity"": 2.2426586113014068e-24, ""idle_exposures"": 2945.0, ""log_atom_transfer"": -13.022512341923283, ""log_coherence_linear"": -9.233057423009335, ""log_fidelity"": -54.45438018973018, ""log_idle_excitation"": -7.371718492358915, ""move_batches"": 5827.0, ""move_time_us"": 595721.2970906273, ""transfers"": 13016.0}"
qmap154,a15dd882bbe53aea063fc08cb96e33fd774fc6763d90813aa5ed1415ffb775a2,"[""rd53_251""]",1,8,564,"{""fidelity"": 0.0019798639913699637, ""idle_exposures"": 0.0, ""log_atom_transfer"": -2.3131567712451315, ""log_coherence_linear"": -0.7700495987041375, ""log_fidelity"": -6.224727127862335, ""log_idle_excitation"": 0.0, ""move_batches"": 996.0, ""move_time_us"": 94542.43551484776, ""transfers"": 2312.0}","{""fidelity"": 0.0019712468983094584, ""idle_exposures"": 0.0, ""log_atom_transfer"": -2.3131567712451315, ""log_coherence_linear"": -0.7744114639938801, ""log_fidelity"": -6.229088993152077, ""log_idle_excitation"": 0.0, ""move_batches"": 996.0, ""move_time_us"": 94905.46692019027, ""transfers"": 2312.0}","{""fidelity"": 0.0018881710863831774, ""idle_exposures"": 377.0, ""log_atom_transfer"": -1.5887945297306525, ""log_coherence_linear"": -0.5981512177022883, ""log_fidelity"": -6.272146597576672, ""log_idle_excitation"": -0.9436800922306658, ""move_batches"": 733.0, ""move_time_us"": 76287.4803200827, ""transfers"": 1588.0}"
qmap154,a18c9f80ee68afee3443e316232d2f6de495ee5d68f0f3ff3c3605e2760916ed,"[""4gt13-v1_93""]",1,5,30,"{""fidelity"": 0.7295315263223074, ""idle_exposures"": 0.0, ""log_atom_transfer"": -0.12406204136435826, ""log_coherence_linear"": -0.02351178901717161, ""log_fidelity"": -0.31535269560997403, ""log_idle_excitation"": 0.0, ""move_batches"": 54.0, ""move_time_us"": 5147.117969819125, ""transfers"": 124.0}","{""fidelity"": 0.7288049852066851, ""idle_exposures"": 0.0, ""log_atom_transfer"": -0.12406204136435826, ""log_coherence_linear"": -0.02450818617240729, ""log_fidelity"": -0.3163490927652097, ""log_idle_excitation"": 0.0, ""move_batches"": 55.0, ""move_time_us"": 5288.245144687616, ""transfers"": 124.0}","{""fidelity"": 0.7257732770830404, ""idle_exposures"": 19.0, ""log_atom_transfer"": -0.08604302868818396, ""log_coherence_linear"": -0.019136235388528468, ""log_fidelity"": -0.32051760344940766, ""log_idle_excitation"": -0.04755947414425106, ""move_batches"": 39.0, ""move_time_us"": 4291.924762964825, ""transfers"": 86.0}"
qmap154,a349d8041680093f4e0e734c78665ba74fb201322af6505319a01c6838b887c3,"[""4gt4-v0_79""]",1,6,103,"{""fidelity"": 0.33604112119973767, ""idle_exposures"": 0.0, ""log_atom_transfer"": -0.42021014010508445, ""log_coherence_linear"": -0.09851146738876426, ""log_fidelity"": -1.0905217419842788, ""log_idle_excitation"": 0.0, ""move_batches"": 186.0, ""move_time_us"": 17647.157645366948, ""transfers"": 420.0}","{""fidelity"": 0.335969422397284, ""idle_exposures"": 0.0, ""log_atom_transfer"": -0.42021014010508445, ""log_coherence_linear"": -0.0987248533345918, ""log_fidelity"": -1.0907351279301063, ""log_idle_excitation"": 0.0, ""move_batches"": 184.0, ""move_time_us"": 17491.634468962147, ""transfers"": 420.0}","{""fidelity"": 0.33023644833283633, ""idle_exposures"": 67.0, ""log_atom_transfer"": -0.29014509673922495, ""log_coherence_linear"": -0.07829141514932582, ""log_fidelity"": -1.1079463709929187, ""log_idle_excitation"": -0.16770972461393796, ""move_batches"": 137.0, ""move_time_us"": 14609.18757921469, ""transfers"": 290.0}"
qmap154,a35a0cb5a5e80b130e60fa4e26dfdd940ac110073cf1e447d5f32ea63e0902b2,"[""aj-e11_165""]",1,5,69,"{""fidelity"": 0.485842074840411, ""idle_exposures"": 0.0, ""log_atom_transfer"": -0.28014009340338963, ""log_coherence_linear"": -0.05746041639681619, ""log_fidelity"": -0.7218716567770166, ""log_idle_excitation"": 0.0, ""move_batches"": 131.0, ""move_time_us"": 12797.837054258944, ""transfers"": 280.0}","{""fidelity"": 0.48487178543538173, ""idle_exposures"": 0.0, ""log_atom_transfer"": -0.2841420947377238, ""log_coherence_linear"": -0.05545754120641239, ""log_fidelity"": -0.723870782920947, ""log_idle_excitation"": 0.0, ""move_batches"": 127.0, ""move_time_us"": 12059.73098745516, ""transfers"": 284.0}","{""fidelity"": 0.4825585784192956, ""idle_exposures"": 49.0, ""log_atom_transfer"": -0.18209106071220327, ""log_coherence_linear"": -0.03963737114504153, ""log_fidelity"": -0.7286529595218609, ""log_idle_excitation"": -0.12265338068780537, ""move_batches"": 88.0, ""move_time_us"": 8629.307226387526, ""transfers"": 182.0}"
qmap154,a6601aa8a2f26cecf967808159491730a5ec445ea7982d3bada3e769531cf1b0,"[""sf_274""]",1,6,336,"{""fidelity"": 0.02833773041414477, ""idle_exposures"": 0.0, ""log_atom_transfer"": -1.3566784523392725, ""log_coherence_linear"": -0.3345404064189571, ""log_fidelity"": -3.563561132113359, ""log_idle_excitation"": 0.0, ""move_batches"": 613.0, ""move_time_us"": 57597.41405951561, ""transfers"": 1356.0}","{""fidelity"": 0.02849742015120758, ""idle_exposures"": 0.0, ""log_atom_transfer"": -1.3566784523392725, ""log_coherence_linear"": -0.32892099112066425, ""log_fidelity"": -3.5579417168150664, ""log_idle_excitation"": 0.0, ""move_batches"": 600.0, ""move_time_us"": 56164.12901965393, ""transfers"": 1356.0}","{""fidelity"": 0.02650446699504295, ""idle_exposures"": 228.0, ""log_atom_transfer"": -0.932466310899854, ""log_coherence_linear"": -0.2549197203589135, ""log_fidelity"": -3.6304419943449098, ""log_idle_excitation"": -0.5707136897310128, ""move_batches"": 438.0, ""move_time_us"": 45689.67078845509, ""transfers"": 932.0}"
qmap154,a8f4097d0168378803725415aada0c52d1bc452c2a07d485204863fef857bf84,"[""4mod5-bdd_287""]",1,7,31,"{""fidelity"": 0.7160364109986639, ""idle_exposures"": 0.0, ""log_atom_transfer"": -0.12406204136435826, ""log_coherence_linear"": -0.03777090156604738, ""log_fidelity"": -0.33402425996439006, ""log_idle_excitation"": 0.0, ""move_batches"": 61.0, ""move_time_us"": 6041.651753965435, ""transfers"": 124.0}","{""fidelity"": 0.7156722915736339, ""idle_exposures"": 0.0, ""log_atom_transfer"": -0.12406204136435826, ""log_coherence_linear"": -0.03827955172962643, ""log_fidelity"": -0.33453291012796915, ""log_idle_excitation"": 0.0, ""move_batches"": 60.0, ""move_time_us"": 5942.057730718415, ""transfers"": 124.0}","{""fidelity"": 0.7150729034182072, ""idle_exposures"": 23.0, ""log_atom_transfer"": -0.08004002668668275, ""log_coherence_linear"": -0.02556743992592517, ""log_fidelity"": -0.3353707786633173, ""log_idle_excitation"": -0.05757199501672497, ""move_batches"": 39.0, ""move_time_us"": 3858.6447323743073, ""transfers"": 80.0}"
qmap154,aacab69f698e7b9ecb3ad3698004174062167964aebd93c4efcbe624131bff1d,"[""4gt11_82""]",1,5,16,"{""fidelity"": 0.8561290257016672, ""idle_exposures"": 0.0, ""log_atom_transfer"": -0.05602801868067792, ""log_coherence_linear"": -0.011004280138832808, ""log_fidelity"": -0.15533418323927312, ""log_idle_excitation"": 0.0, ""move_batches"": 24.0, ""move_time_us"": 2391.354506511963, ""transfers"": 56.0}","{""fidelity"": 0.8564968399606243, ""idle_exposures"": 0.0, ""log_atom_transfer"": -0.05602801868067792, ""log_coherence_linear"": -0.010574747604043038, ""log_fidelity"": -0.15490465070448334, ""log_idle_excitation"": 0.0, ""move_batches"": 22.0, ""move_time_us"": 2210.77251335491, ""transfers"": 56.0}","{""fidelity"": 0.85905448566101, ""idle_exposures"": 5.0, ""log_atom_transfer"": -0.042021014010508444, ""log_coherence_linear"": -0.009084380313930282, ""log_fidelity"": -0.1519229298347935, ""log_idle_excitation"": -0.012515651090592385, ""move_batches"": 19.0, ""move_time_us"": 2021.2044533353703, ""transfers"": 42.0}"
qmap154,aacd9d461d97474d739216de7842190ad2c493eec99d4613f395da4a2c442559,"[""4gt4-v0_80""]",1,6,79,"{""fidelity"": 0.43031645634766247, ""idle_exposures"": 0.0, ""log_atom_transfer"": -0.32416210808106516, ""log_coherence_linear"": -0.07867482250133104, ""log_fidelity"": -0.8432343959746896, ""log_idle_excitation"": 0.0, ""move_batches"": 147.0, ""move_time_us"": 14024.7234767548, ""transfers"": 324.0}","{""fidelity"": 0.43035645180808557, ""idle_exposures"": 0.0, ""log_atom_transfer"": -0.32416210808106516, ""log_coherence_linear"": -0.07858188252361607, ""log_fidelity"": -0.8431414559969747, ""log_idle_excitation"": 0.0, ""move_batches"": 145.0, ""move_time_us"": 13897.790986872884, ""transfers"": 324.0}","{""fidelity"": 0.4260731821907115, ""idle_exposures"": 53.0, ""log_atom_transfer"": -0.22011007338837757, ""log_coherence_linear"": -0.0599707179458138, ""log_fidelity"": -0.8531441582867642, ""log_idle_excitation"": -0.13266590156027927, ""move_batches"": 105.0, ""move_time_us"": 10815.309780330326, ""transfers"": 220.0}"
qmap154,be58b162bd8a9700b69db3a25381397ae6cdfc255448c9843b1455ef0304c168,"[""0410184_169""]",1,14,102,"{""fidelity"": 0.2927648793259374, ""idle_exposures"": 0.0, ""log_atom_transfer"": -0.43221614410808684, ""log_coherence_linear"": -0.23028184999862716, ""log_fidelity"": -1.2283854517465937, ""log_idle_excitation"": 0.0, ""move_batches"": 163.0, ""move_time_us"": 16381.224431274426, ""transfers"": 432.0}","{""fidelity"": 0.29442010782334455, ""idle_exposures"": 0.0, ""log_atom_transfer"": -0.436218145442421, ""log_coherence_linear"": -0.22064199034714202, ""log_fidelity"": -1.2227475934294427, ""log_idle_excitation"": 0.0, ""move_batches"": 153.0, ""move_time_us"": 15114.007849593469, ""transfers"": 436.0}","{""fidelity"": 0.29900229449721566, ""idle_exposures"": 50.0, ""log_atom_transfer"": -0.31615810541239686, ""log_coherence_linear"": -0.2018881723861237, ""log_fidelity"": -1.2073040317171635, ""log_idle_excitation"": -0.12515651090592383, ""move_batches"": 133.0, ""move_time_us"": 14944.989385929697, ""transfers"": 316.0}"
qmap154,be9e69cdeacc1bca8baee7df907061733b8c0c8ee5f5400f69c299d861a6c725,"[""rd53_131""]",1,7,198,"{""fidelity"": 0.11373447188566607, ""idle_exposures"": 0.0, ""log_atom_transfer"": -0.8364182788758348, ""log_coherence_linear"": -0.2345706181144443, ""log_fidelity"": -2.173888741364781, ""log_idle_excitation"": 0.0, ""move_batches"": 357.0, ""move_time_us"": 34934.42435753634, ""transfers"": 836.0}","{""fidelity"": 0.11371039080122965, ""idle_exposures"": 0.0, ""log_atom_transfer"": -0.8364182788758348, ""log_coherence_linear"": -0.23478237127731585, ""log_fidelity"": -2.1741004945276523, ""log_idle_excitation"": 0.0, ""move_batches"": 353.0, ""move_time_us"": 34822.303990789864, ""transfers"": 836.0}","{""fidelity"": 0.10988564777494254, ""idle_exposures"": 132.0, ""log_atom_transfer"": -0.5942971981486194, ""log_coherence_linear"": -0.1807047882804823, ""log_fidelity"": -2.2083150195952426, ""log_idle_excitation"": -0.33041318879163895, ""move_batches"": 268.0, ""move_time_us"": 27694.723403710337, ""transfers"": 594.0}"
qmap154,bfa75e9edbb6ab94cd64844561c0745f471f23c85dfd068594d38324267ec989,"[""4gt4-v0_72""]",1,6,113,"{""fidelity"": 0.30242666757416814, ""idle_exposures"": 0.0, ""log_atom_transfer"": -0.4562281521140917, ""log_coherence_linear"": -0.10996157706842308, ""log_fidelity"": -1.1959164521424395, ""log_idle_excitation"": 0.0, ""move_batches"": 199.0, ""move_time_us"": 19371.815137787762, ""transfers"": 456.0}","{""fidelity"": 0.30227877037917567, ""idle_exposures"": 0.0, ""log_atom_transfer"": -0.4602301534484258, ""log_coherence_linear"": -0.1064487302501851, ""log_fidelity"": -1.1964056066585358, ""log_idle_excitation"": 0.0, ""move_batches"": 193.0, ""move_time_us"": 18363.29404045166, ""transfers"": 460.0}","{""fidelity"": 0.29675227625877915, ""idle_exposures"": 76.0, ""log_atom_transfer"": -0.31015510341089564, ""log_coherence_linear"": -0.0841683456652091, ""log_fidelity"": -1.2148575748940478, ""log_idle_excitation"": -0.19023789657700424, ""move_batches"": 145.0, ""move_time_us"": 15348.863209479516, ""transfers"": 310.0}"
qmap154,c6a370a3fd82cb35caac5770d763a98a341d78297bfc3c07d9c74ed215b9b620,"[""C17_204""]",1,7,205,"{""fidelity"": 0.10779345062340649, ""idle_exposures"": 0.0, ""log_atom_transfer"": -0.8484242828788371, ""log_coherence_linear"": -0.23692582709362797, ""log_fidelity"": -2.227538377237805, ""log_idle_excitation"": 0.0, ""move_batches"": 364.0, ""move_time_us"": 34773.6042322768, ""transfers"": 848.0}","{""fidelity"": 0.10610307199399976, ""idle_exposures"": 0.0, ""log_atom_transfer"": -0.8604302868818395, ""log_coherence_linear"": -0.24072572587357133, ""log_fidelity"": -2.2433442800207506, ""log_idle_excitation"": 0.0, ""move_batches"": 364.0, ""move_time_us"": 35482.26083376361, ""transfers"": 860.0}","{""fidelity"": 0.10465298022506539, ""idle_exposures"": 133.0, ""log_atom_transfer"": -0.5962981988157865, ""log_coherence_linear"": -0.18570256738213298, ""log_fidelity"": -2.2571053524730167, ""log_idle_excitation"": -0.33291631900975743, ""move_batches"": 273.0, ""move_time_us"": 28212.769627843292, ""transfers"": 596.0}"
qmap154,c8416c44c0070c3fb15d442644a2d57645ab8eacb8876b7384d5baca60842315,"[""mod8-10_178""]",1,6,152,"{""fidelity"": 0.19659089040346633, ""idle_exposures"": 0.0, ""log_atom_transfer"": -0.6283142094904596, ""log_coherence_linear"": -0.15119705880623308, ""log_fidelity"": -1.62663040803199, ""log_idle_excitation"": 0.0, ""move_batches"": 280.0, ""move_time_us"": 26558.98264681625, ""transfers"": 628.0}","{""fidelity"": 0.19622410596530407, ""idle_exposures"": 0.0, ""log_atom_transfer"": -0.6323162108247937, ""log_coherence_linear"": -0.14906252459075917, ""log_fidelity"": -1.6284978751508503, ""log_idle_excitation"": 0.0, ""move_batches"": 274.0, ""move_time_us"": 26048.54445409233, ""transfers"": 632.0}","{""fidelity"": 0.19414726593563056, ""idle_exposures"": 103.0, ""log_atom_transfer"": -0.4182091394379174, ""log_coherence_linear"": -0.11598761349118483, ""log_fidelity"": -1.6391383051306028, ""log_idle_excitation"": -0.25782241246620313, ""move_batches"": 195.0, ""move_time_us"": 20704.044212224646, ""transfers"": 418.0}"
qmap154,c8d56b244118432388e76545f2d8c01bfa8f43508c1f8ae17157e79bf41289da,"[""mod10_171""]",1,5,108,"{""fidelity"": 0.32337594814333637, ""idle_exposures"": 0.0, ""log_atom_transfer"": -0.44022014677675514, ""log_coherence_linear"": -0.08705599592707057, ""log_fidelity"": -1.1289397064560092, ""log_idle_excitation"": 0.0, ""move_batches"": 196.0, ""move_time_us"": 18985.681781630148, ""transfers"": 440.0}","{""fidelity"": 0.3217681453138016, ""idle_exposures"": 0.0, ""log_atom_transfer"": -0.44422214811108923, ""log_coherence_linear"": -0.08803832654111446, ""log_fidelity"": -1.1339240384043872, ""log_idle_excitation"": 0.0, ""move_batches"": 196.0, ""move_time_us"": 19131.258798687017, ""transfers"": 444.0}","{""fidelity"": 0.3175704771614072, ""idle_exposures"": 73.0, ""log_atom_transfer"": -0.2961480987407262, ""log_coherence_linear"": -0.06651534155518787, ""log_fidelity"": -1.1470555099707462, ""log_idle_excitation"": -0.1827285059226488, ""move_batches"": 140.0, ""move_time_us"": 14884.871011371228, ""transfers"": 296.0}"
qmap154,c99d557b492a18a7a3de36a4531d517c18f9e2dac5eba9a2a992076e0c8093b0,"[""4mod5-v0_18""]",1,5,31,"{""fidelity"": 0.7300942226597257, ""idle_exposures"": 0.0, ""log_atom_transfer"": -0.11605803869568998, ""log_coherence_linear"": -0.02483210025749684, ""log_fidelity"": -0.3145816810321812, ""log_idle_excitation"": 0.0, ""move_batches"": 56.0, ""move_time_us"": 5286.856033523669, ""transfers"": 116.0}","{""fidelity"": 0.7298691888794698, ""idle_exposures"": 0.0, ""log_atom_transfer"": -0.11605803869568998, ""log_coherence_linear"": -0.02514037343785105, ""log_fidelity"": -0.3148899542125354, ""log_idle_excitation"": 0.0, ""move_batches"": 56.0, ""move_time_us"": 5326.876984679473, ""transfers"": 116.0}","{""fidelity"": 0.7242355113674598, ""idle_exposures"": 20.0, ""log_atom_transfer"": -0.08004002668668275, ""log_coherence_linear"": -0.0188444744203224, ""log_fidelity"": -0.3226386475483691, ""log_idle_excitation"": -0.05006260436236954, ""move_batches"": 39.0, ""move_time_us"": 4015.828934784508, ""transfers"": 80.0}"
qmap154,ce47031e36a06fb4b5256a25a448d4bcf007a6037c20645310dce86c4bd08620,"[""alu-v0_26""]",1,5,38,"{""fidelity"": 0.6686202371022227, ""idle_exposures"": 0.0, ""log_atom_transfer"": -0.1600800533733655, ""log_coherence_linear"": -0.030979244279521555, ""log_fidelity"": -0.4025390375777094, ""log_idle_excitation"": 0.0, ""move_batches"": 73.0, ""move_time_us"": 6929.874907013938, ""transfers"": 160.0}","{""fidelity"": 0.668417329393995, ""idle_exposures"": 0.0, ""log_atom_transfer"": -0.1600800533733655, ""log_coherence_linear"": -0.031282762617180895, ""log_fidelity"": -0.40284255591536877, ""log_idle_excitation"": 0.0, ""move_batches"": 72.0, ""move_time_us"": 6916.365237425854, ""transfers"": 160.0}","{""fidelity"": 0.6652401764810946, ""idle_exposures"": 24.0, ""log_atom_transfer"": -0.11205603736135585, ""log_coherence_linear"": -0.023996233369850305, ""log_fidelity"": -0.40760713589087194, ""log_idle_excitation"": -0.06007512523484344, ""move_batches"": 52.0, ""move_time_us"": 5462.463399474102, ""transfers"": 112.0}"
qmap154,cf4a8e6ee6f9677f920d283d31ac6cc79f4dc8ed011444457d1fd4be4aa0fb9d,"[""radd_250""]",1,13,1405,"{""fidelity"": 3.1824027399224965e-08, ""idle_exposures"": 0.0, ""log_atom_transfer"": -5.830915944124838, ""log_coherence_linear"": -3.605789484156337, ""log_fidelity"": -17.2630442538741, ""log_idle_excitation"": 0.0, ""move_batches"": 2511.0, ""move_time_us"": 244530.03076282045, ""transfers"": 5828.0}","{""fidelity"": 3.183671861512226e-08, ""idle_exposures"": 0.0, ""log_atom_transfer"": -5.8389199467935065, ""log_coherence_linear"": -3.597386767464978, ""log_fidelity"": -17.26264553985141, ""log_idle_excitation"": 0.0, ""move_batches"": 2513.0, ""move_time_us"": 243544.2846596557, ""transfers"": 5836.0}","{""fidelity"": 4.551325554645305e-08, ""idle_exposures"": 914.0, ""log_atom_transfer"": -4.132066377699997, ""log_coherence_linear"": -2.65418553354206, ""log_fidelity"": -16.905262222726776, ""log_idle_excitation"": -2.287861019360288, ""move_batches"": 1859.0, ""move_time_us"": 187369.15598317585, ""transfers"": 4130.0}"
qmap154,cfc7a9ef5d3d73772fa0a79c64272948d4d312053c89a7c95c3799d068f28b2a,"[""sym6_145""]",1,7,1701,"{""fidelity"": 6.717309144022302e-09, ""idle_exposures"": 0.0, ""log_atom_transfer"": -7.075538359102755, ""log_coherence_linear"": -2.2685639582016472, ""log_fidelity"": -18.81857818759953, ""log_idle_excitation"": 0.0, ""move_batches"": 3056.0, ""move_time_us"": 289332.0055769858, ""transfers"": 7072.0}","{""fidelity"": 6.666753105926102e-09, ""idle_exposures"": 0.0, ""log_atom_transfer"": -7.075538359102755, ""log_coherence_linear"": -2.276118656857789, ""log_fidelity"": -18.82613288625567, ""log_idle_excitation"": 0.0, ""move_batches"": 3058.0, ""move_time_us"": 290294.08893248934, ""transfers"": 7072.0}","{""fidelity"": 6.137660605729184e-09, ""idle_exposures"": 1129.0, ""log_atom_transfer"": -4.940470647235493, ""log_coherence_linear"": -1.6678416424421842, ""log_fidelity"": -18.908822176228565, ""log_idle_excitation"": -2.8260340162557607, ""move_batches"": 2260.0, ""move_time_us"": 224653.3857006911, ""transfers"": 4938.0}"
qmap154,d0e9f326652454eb85d198aecf5ad7c0c22d1cd6f56afa8c33cecacfaf6bf9cd,"[""cycle10_2_110""]",1,12,2644,"{""fidelity"": 5.254905620910619e-15, ""idle_exposures"": 0.0, ""log_atom_transfer"": -10.909455637394858, ""log_coherence_linear"": -7.244077182571089, ""log_fidelity"": -32.879614350607824, ""log_idle_excitation"": 0.0, ""move_batches"": 4737.0, ""move_time_us"": 459184.83902388206, ""transfers"": 10904.0}","{""fidelity"": 5.429051463555087e-15, ""idle_exposures"": 0.0, ""log_atom_transfer"": -10.929465644066529, ""log_coherence_linear"": -7.191464785943698, ""log_fidelity"": -32.847011960652104, ""log_idle_excitation"": 0.0, ""move_batches"": 4704.0, ""move_time_us"": 455054.30775117216, ""transfers"": 10924.0}","{""fidelity"": 1.566423587956226e-14, ""idle_exposures"": 1713.0, ""log_atom_transfer"": -7.711856571261883, ""log_coherence_linear"": -5.06724149636845, ""log_fidelity"": -31.787396250530456, ""log_idle_excitation"": -4.287862063636951, ""move_batches"": 3483.0, ""move_time_us"": 352562.19015974924, ""transfers"": 7708.0}"
qmap154,d25f1e6ffaf065bfaada147783bc65850a972bf0e1d238430518d6f2f854fcc2,"[""alu-v3_34""]",1,5,24,"{""fidelity"": 0.7727234519237015, ""idle_exposures"": 0.0, ""log_atom_transfer"": -0.10405203469268758, ""log_coherence_linear"": -0.01967894501180952, ""log_fidelity"": -0.2578340538836516, ""log_idle_excitation"": 0.0, ""move_batches"": 46.0, ""move_time_us"": 4337.640471687405, ""transfers"": 104.0}","{""fidelity"": 0.7724647877620324, ""idle_exposures"": 0.0, ""log_atom_transfer"": -0.10405203469268758, ""log_coherence_linear"": -0.02001374456236514, ""log_fidelity"": -0.25816885343420726, ""log_idle_excitation"": 0.0, ""move_batches"": 46.0, ""move_time_us"": 4385.682453107629, ""transfers"": 104.0}","{""fidelity"": 0.7691521591910445, ""idle_exposures"": 17.0, ""log_atom_transfer"": -0.07003502335084741, ""log_coherence_linear"": -0.015775151503182813, ""log_fidelity"": -0.26246646274119884, ""log_idle_excitation"": -0.042553213708014105, ""move_batches"": 33.0, ""move_time_us"": 3329.3737933082, ""transfers"": 70.0}"
qmap154,d6706fe265e77c9974b4e2ee29fd782d6b5f06dab44521e835b1d2c32e7da411,"[""mini-alu_167""]",1,5,126,"{""fidelity"": 0.26310424833993823, ""idle_exposures"": 0.0, ""log_atom_transfer"": -0.524262174797772, ""log_coherence_linear"": -0.10855187713327402, ""log_fidelity"": -1.3352049438220963, ""log_idle_excitation"": 0.0, ""move_batches"": 239.0, ""move_time_us"": 24050.932088510843, ""transfers"": 524.0}","{""fidelity"": 0.26192022133625675, ""idle_exposures"": 0.0, ""log_atom_transfer"": -0.5362681788007744, ""log_coherence_linear"": -0.10105624961494021, ""log_fidelity"": -1.3397153203067649, ""log_idle_excitation"": 0.0, ""move_batches"": 225.0, ""move_time_us"": 21780.845764295365, ""transfers"": 536.0}","{""fidelity"": 0.26101602739551677, ""idle_exposures"": 83.0, ""log_atom_transfer"": -0.3521761174214041, ""log_coherence_linear"": -0.08083449959858224, ""log_fidelity"": -1.3431734658991579, ""log_idle_excitation"": -0.2077598081038336, ""move_batches"": 165.0, ""move_time_us"": 17898.17336667343, ""transfers"": 352.0}"
qmap154,d800bdc1387d38e9d43ce4de7c660bcce7f9dfc81455c7ac955f18408479de3d,"[""cm42a_207"", ""pm1_249""]",2,14,771,"{""fidelity"": 8.740155504028818e-05, ""idle_exposures"": 0.0, ""log_atom_transfer"": -3.1295650434492956, ""log_coherence_linear"": -1.9207981959362914, ""log_fidelity"": -9.344997483238087, ""log_idle_excitation"": 0.0, ""move_batches"": 1311.0, ""move_time_us"": 126664.64265861743, ""transfers"": 3128.0}","{""fidelity"": 8.483590595870664e-05, ""idle_exposures"": 0.0, ""log_atom_transfer"": -3.1375690461179637, ""log_coherence_linear"": -1.9425883954882481, ""log_fidelity"": -9.374791685458712, ""log_idle_excitation"": 0.0, ""move_batches"": 1314.0, ""move_time_us"": 128290.95303427006, ""transfers"": 3136.0}","{""fidelity"": 9.87055026365387e-05, ""idle_exposures"": 507.0, ""log_atom_transfer"": -2.1710857238762697, ""log_coherence_linear"": -1.4855576138648896, ""log_fidelity"": -9.223369861948797, ""log_idle_excitation"": -1.2690870205860678, ""move_batches"": 967.0, ""move_time_us"": 100807.69624119907, ""transfers"": 2170.0}"
qmap154,dfcfb0f66a9df92dbce2a4f1948cc61f5cb144f7acf0e867f59c81b20574a24e,"[""4mod5-v1_24""]",1,5,16,"{""fidelity"": 0.8399214307312504, ""idle_exposures"": 0.0, ""log_atom_transfer"": -0.07203602401801447, ""log_coherence_linear"": -0.013508927907402758, ""log_fidelity"": -0.1744469263631836, ""log_idle_excitation"": 0.0, ""move_batches"": 32.0, ""move_time_us"": 3105.6906486753155, ""transfers"": 72.0}","{""fidelity"": 0.8398658532358505, ""idle_exposures"": 0.0, ""log_atom_transfer"": -0.07203602401801447, ""log_coherence_linear"": -0.013575099970914134, ""log_fidelity"": -0.17451309842669496, ""log_idle_excitation"": 0.0, ""move_batches"": 31.0, ""move_time_us"": 3073.4885740029476, ""transfers"": 72.0}","{""fidelity"": 0.83785930550984, ""idle_exposures"": 11.0, ""log_atom_transfer"": -0.05002501667917672, ""log_coherence_linear"": -0.01044366226579485, ""log_fidelity"": -0.17690508578204117, ""log_idle_excitation"": -0.027534432399303248, ""move_batches"": 22.0, ""move_time_us"": 2330.676054965848, ""transfers"": 50.0}"
qmap154,e039b9c3db8f1e80604503cd9a889b8734bb4401c1182c75a38b1832e598b5aa,"[""4gt5_75""]",1,5,38,"{""fidelity"": 0.6669330924653196, ""idle_exposures"": 0.0, ""log_atom_transfer"": -0.16408205470769963, ""log_coherence_linear"": -0.029203709602936303, ""log_fidelity"": -0.40506554924446025, ""log_idle_excitation"": 0.0, ""move_batches"": 68.0, ""move_time_us"": 6475.91737400078, ""transfers"": 164.0}","{""fidelity"": 0.6654120132031999, ""idle_exposures"": 0.0, ""log_atom_transfer"": -0.16408205470769963, ""log_coherence_linear"": -0.03148702181160595, ""log_fidelity"": -0.40734886145312993, ""log_idle_excitation"": 0.0, ""move_batches"": 68.0, ""move_time_us"": 6948.406350528713, ""transfers"": 164.0}","{""fidelity"": 0.6630895791690458, ""idle_exposures"": 24.0, ""log_atom_transfer"": -0.11605803869568998, ""log_coherence_linear"": -0.02293223718985598, ""log_fidelity"": -0.4108451860542138, ""log_idle_excitation"": -0.06007512523484344, ""move_batches"": 53.0, ""move_time_us"": 5250.709146275504, ""transfers"": 116.0}"
qmap154,e0b103d516baa0b7f6568f867dab262f2f66620405eb887fb0a4bc2b3b83db45,"[""rd32-v1_68""]",1,4,12,"{""fidelity"": 0.8807808223680241, ""idle_exposures"": 0.0, ""log_atom_transfer"": -0.05202601734634379, ""log_coherence_linear"": -0.007868912344780167, ""log_fidelity"": -0.1269464667807012, ""log_idle_excitation"": 0.0, ""move_batches"": 24.0, ""move_time_us"": 2295.7742021789913, ""transfers"": 52.0}","{""fidelity"": 0.8805640021297869, ""idle_exposures"": 0.0, ""log_atom_transfer"": -0.05202601734634379, ""log_coherence_linear"": -0.008115110858911789, ""log_fidelity"": -0.12719266529483284, ""log_idle_excitation"": 0.0, ""move_batches"": 24.0, ""move_time_us"": 2335.914364194275, ""transfers"": 52.0}","{""fidelity"": 0.8786856388486878, ""idle_exposures"": 9.0, ""log_atom_transfer"": -0.03401701134184017, ""log_coherence_linear"": -0.005731359853547011, ""log_fidelity"": -0.12932808024803072, ""log_idle_excitation"": -0.022528171963066293, ""move_batches"": 16.0, ""move_time_us"": 1636.775749067719, ""transfers"": 34.0}"
qmap154,e0dd04c87b06b77340c2ea5884b0d7aa8c08bc173a7ad4a394604075fca77d6e,"[""alu-v4_37""]",1,5,18,"{""fidelity"": 0.8206205846656462, ""idle_exposures"": 0.0, ""log_atom_transfer"": -0.08404202802101689, ""log_coherence_linear"": -0.014125238268810111, ""log_fidelity"": -0.19769441439268592, ""log_idle_excitation"": 0.0, ""move_batches"": 34.0, ""move_time_us"": 3242.819722750612, ""transfers"": 84.0}","{""fidelity"": 0.8210079178006117, ""idle_exposures"": 0.0, ""log_atom_transfer"": -0.08404202802101689, ""log_coherence_linear"": -0.01365334935902187, ""log_fidelity"": -0.19722252548289768, ""log_idle_excitation"": 0.0, ""move_batches"": 32.0, ""move_time_us"": 3049.64575664155, ""transfers"": 84.0}","{""fidelity"": 0.8227325728230709, ""idle_exposures"": 13.0, ""log_atom_transfer"": -0.05202601734634379, ""log_coherence_linear"": -0.011030214717153135, ""log_fidelity"": -0.19512407300189605, ""log_idle_excitation"": -0.0325406928355402, ""move_batches"": 23.0, ""move_time_us"": 2325.0070312068524, ""transfers"": 52.0}"
qmap154,e20660c789713938e6f9c85c8aab18f2cf88dd5e6ecb77cb136fab96c9497ff9,"[""mod5mils_65""]",1,5,16,"{""fidelity"": 0.84318947112727, ""idle_exposures"": 0.0, ""log_atom_transfer"": -0.06803402268368033, ""log_coherence_linear"": -0.01332754594607344, ""log_fidelity"": -0.17056358807652214, ""log_idle_excitation"": 0.0, ""move_batches"": 32.0, ""move_time_us"": 3101.456533667922, ""transfers"": 68.0}","{""fidelity"": 0.842637516919016, ""idle_exposures"": 0.0, ""log_atom_transfer"": -0.06803402268368033, ""log_coherence_linear"": -0.013982363115202168, ""log_fidelity"": -0.17121840524565085, ""log_idle_excitation"": 0.0, ""move_batches"": 32.0, ""move_time_us"": 3141.365922961744, ""transfers"": 68.0}","{""fidelity"": 0.8413441146496914, ""idle_exposures"": 11.0, ""log_atom_transfer"": -0.04602301534484258, ""log_coherence_linear"": -0.00999506232047949, ""log_fidelity"": -0.17275452951139367, ""log_idle_excitation"": -0.027534432399303248, ""move_batches"": 22.0, ""move_time_us"": 2350.767212642707, ""transfers"": 46.0}"
qmap154,e681b288918d9cc524f0c1d7c1a8a165a6636b4125d31d13e102129be7eb25b0,"[""4mod7-v1_96""]",1,5,70,"{""fidelity"": 0.4752294106930539, ""idle_exposures"": 0.0, ""log_atom_transfer"": -0.2881440960720579, ""log_coherence_linear"": -0.06562970176037701, ""log_fidelity"": -0.743957621659796, ""log_idle_excitation"": 0.0, ""move_batches"": 134.0, ""move_time_us"": 15118.36035056448, ""transfers"": 288.0}","{""fidelity"": 0.4776744972610995, ""idle_exposures"": 0.0, ""log_atom_transfer"": -0.292146097406392, ""log_coherence_linear"": -0.056495825294012536, ""log_fidelity"": -0.7388257465277657, ""log_idle_excitation"": 0.0, ""move_batches"": 128.0, ""move_time_us"": 12267.454711528178, ""transfers"": 292.0}","{""fidelity"": 0.47607940712406766, ""idle_exposures"": 46.0, ""log_atom_transfer"": -0.19209606404803858, ""log_coherence_linear"": -0.044746739065840424, ""log_fidelity"": -0.74217061697469, ""log_idle_excitation"": -0.11514399003344994, ""move_batches"": 89.0, ""move_time_us"": 10061.262334474937, ""transfers"": 192.0}"
qmap154,e73d2832157ee147f3cbb3f3ebebd285b8fda1cbf0b6e8f4627f21cf488be333,"[""one-two-three-v2_100""]",1,5,32,"{""fidelity"": 0.7082193090609793, ""idle_exposures"": 0.0, ""log_atom_transfer"": -0.14007004670169482, ""log_coherence_linear"": -0.027427524124764565, ""log_fidelity"": -0.34500147469299014, ""log_idle_excitation"": 0.0, ""move_batches"": 62.0, ""move_time_us"": 6547.55138544528, ""transfers"": 140.0}","{""fidelity"": 0.7094507855828208, ""idle_exposures"": 0.0, ""log_atom_transfer"": -0.14007004670169482, ""log_coherence_linear"": -0.02569019914874776, ""log_fidelity"": -0.34326414971697333, ""log_idle_excitation"": 0.0, ""move_batches"": 59.0, ""move_time_us"": 5730.218596084863, ""transfers"": 140.0}","{""fidelity"": 0.7096307462071042, ""idle_exposures"": 22.0, ""log_atom_transfer"": -0.09204603068968516, ""log_coherence_linear"": -0.018520947964656486, ""log_fidelity"": -0.3430105199977266, ""log_idle_excitation"": -0.055068864798606496, ""move_batches"": 42.0, ""move_time_us"": 4227.981359615324, ""transfers"": 92.0}"
qmap154,e88e32620ce6fb291b6b742761a195ada2487c3a63177d4cb5041b1265b848a3,"[""alu-v2_31""]",1,5,198,"{""fidelity"": 0.12425955446226541, ""idle_exposures"": 0.0, ""log_atom_transfer"": -0.8284142762071665, ""log_coherence_linear"": -0.15406859929955255, ""log_fidelity"": -2.085382719881221, ""log_idle_excitation"": 0.0, ""move_batches"": 351.0, ""move_time_us"": 32904.01203717397, ""transfers"": 828.0}","{""fidelity"": 0.12441320771749874, ""idle_exposures"": 0.0, ""log_atom_transfer"": -0.8284142762071665, ""log_coherence_linear"": -0.15283281236863994, ""log_fidelity"": -2.084146932950308, ""log_idle_excitation"": 0.0, ""move_batches"": 345.0, ""move_time_us"": 32297.584724046716, ""transfers"": 828.0}","{""fidelity"": 0.12130433241615546, ""idle_exposures"": 132.0, ""log_atom_transfer"": -0.552276184138111, ""log_coherence_linear"": -0.12386352982690944, ""log_fidelity"": -2.109452747131161, ""log_idle_excitation"": -0.33041318879163895, ""move_batches"": 255.0, ""move_time_us"": 26895.729046274246, ""transfers"": 552.0}"
qmap154,e89bcbd9bbde57b6c42fa552af0bbed91f62d8fcc42c2861bc6203eec7d7c811,"[""ex-1_166""]",1,3,9,"{""fidelity"": 0.9103311683773916, ""idle_exposures"": 0.0, ""log_atom_transfer"": -0.040020013343341376, ""log_coherence_linear"": -0.0040132144814252636, ""log_fidelity"": -0.0939468243806971, ""log_idle_excitation"": 0.0, ""move_batches"": 18.0, ""move_time_us"": 1701.5187744276054, ""transfers"": 40.0}","{""fidelity"": 0.9101725766443511, ""idle_exposures"": 0.0, ""log_atom_transfer"": -0.040020013343341376, ""log_coherence_linear"": -0.004187442888123508, ""log_fidelity"": -0.09412105278739534, ""log_idle_excitation"": 0.0, ""move_batches"": 18.0, ""move_time_us"": 1736.5139934836852, ""transfers"": 40.0}","{""fidelity"": 0.9100362806244251, ""idle_exposures"": 7.0, ""log_atom_transfer"": -0.024012008006004823, ""log_coherence_linear"": -0.002823295359167356, ""log_fidelity"": -0.09427081144793197, ""log_idle_excitation"": -0.017521911526829338, ""move_batches"": 11.0, ""move_time_us"": 1131.5967668430003, ""transfers"": 24.0}"
qmap154,eb832c5f8f923061439d844842c8a7876f763051b9241b753ac772e69888a63c,"[""rd53_135""]",1,7,134,"{""fidelity"": 0.23621831620082703, ""idle_exposures"": 0.0, ""log_atom_transfer"": -0.5482741828037768, ""log_coherence_linear"": -0.14893292853905923, ""log_fidelity"": -1.4429988329212626, ""log_idle_excitation"": 0.0, ""move_batches"": 229.0, ""move_time_us"": 21870.64425635051, ""transfers"": 548.0}","{""fidelity"": 0.23610547153044442, ""idle_exposures"": 0.0, ""log_atom_transfer"": -0.5482741828037768, ""log_coherence_linear"": -0.14941075614571742, ""log_fidelity"": -1.4434766605279208, ""log_idle_excitation"": 0.0, ""move_batches"": 228.0, ""move_time_us"": 21814.876956399232, ""transfers"": 548.0}","{""fidelity"": 0.229860015042898, ""idle_exposures"": 88.0, ""log_atom_transfer"": -0.3881941294304113, ""log_coherence_linear"": -0.11749335862910841, ""log_fidelity"": -1.470284785597787, ""log_idle_excitation"": -0.22027545919442598, ""move_batches"": 179.0, ""move_time_us"": 18435.770905464822, ""transfers"": 388.0}"
qmap154,f0db956c320d40de51858d908aa0fe247112cd2c9c82085581052b79ba123d2c,"[""rd73_140""]",1,10,104,"{""fidelity"": 0.31415608379315346, ""idle_exposures"": 0.0, ""log_atom_transfer"": -0.4162081387707503, ""log_coherence_linear"": -0.16184406925974093, ""log_fidelity"": -1.1578653344344856, ""log_idle_excitation"": 0.0, ""move_batches"": 157.0, ""move_time_us"": 15665.91121357558, ""transfers"": 416.0}","{""fidelity"": 0.30959999612158684, ""idle_exposures"": 0.0, ""log_atom_transfer"": -0.4162081387707503, ""log_coherence_linear"": -0.1764528846189949, ""log_fidelity"": -1.1724741497937394, ""log_idle_excitation"": 0.0, ""move_batches"": 148.0, ""move_time_us"": 17716.47909276825, ""transfers"": 416.0}","{""fidelity"": 0.309149084725414, ""idle_exposures"": 82.0, ""log_atom_transfer"": -0.2661330887332201, ""log_coherence_linear"": -0.12367718329857265, ""log_fidelity"": -1.1739316435984257, ""log_idle_excitation"": -0.2052566778857151, ""move_batches"": 122.0, ""move_time_us"": 12973.894019585747, ""transfers"": 266.0}"
qmap154,f2f31e619d116aed7be5fcda1e0a22222bbb82cc6791249a4dd8f7fb7ceeefe3,"[""wim_266""]",1,11,427,"{""fidelity"": 0.007329974799113619, ""idle_exposures"": 0.0, ""log_atom_transfer"": -1.748874583104018, ""log_coherence_linear"": -0.7880174772227305, ""log_fidelity"": -4.915783201136742, ""log_idle_excitation"": 0.0, ""move_batches"": 719.0, ""move_time_us"": 68749.0546970183, ""transfers"": 1748.0}","{""fidelity"": 0.007292273717090722, ""idle_exposures"": 0.0, ""log_atom_transfer"": -1.7528765844383523, ""log_coherence_linear"": -0.7891721609939454, ""log_fidelity"": -4.920939886242292, ""log_idle_excitation"": 0.0, ""move_batches"": 720.0, ""move_time_us"": 68547.30784745706, ""transfers"": 1752.0}","{""fidelity"": 0.007160705533078859, ""idle_exposures"": 283.0, ""log_atom_transfer"": -1.2126064043032436, ""log_coherence_linear"": -0.6352613665495402, ""log_fidelity"": -4.939146764724641, ""log_idle_excitation"": -0.708385851727529, ""move_batches"": 543.0, ""move_time_us"": 58299.271168950385, ""transfers"": 1212.0}"
qmap154,f3c46f00d6661f719aed8ae0269c2cf50e895946566ba9a84f25a54ea134911d,"[""f2_232""]",1,8,525,"{""fidelity"": 0.003050765041420654, ""idle_exposures"": 0.0, ""log_atom_transfer"": -2.1450727152030975, ""log_coherence_linear"": -0.7222616951957477, ""log_fidelity"": -5.792362886563544, ""log_idle_excitation"": 0.0, ""move_batches"": 924.0, ""move_time_us"": 89046.4370613079, ""transfers"": 2144.0}","{""fidelity"": 0.00303634637419843, ""idle_exposures"": 0.0, ""log_atom_transfer"": -2.1490747165374318, ""log_coherence_linear"": -0.7229971442561127, ""log_fidelity"": -5.797100336958243, ""log_idle_excitation"": 0.0, ""move_batches"": 919.0, ""move_time_us"": 89023.87618978412, ""transfers"": 2148.0}","{""fidelity"": 0.0029504318268102157, ""idle_exposures"": 340.0, ""log_atom_transfer"": -1.4987494997081345, ""log_coherence_linear"": -0.5503909763354985, ""log_fidelity"": -5.825803737373639, ""log_idle_excitation"": -0.8510642741602822, ""move_batches"": 681.0, ""move_time_us"": 70802.10028577446, ""transfers"": 1498.0}"
qmap154,f42ebeaf660df39d4e1ffb31f0acaa52f76b35b6cae60b9e161b163b3a0ef143,"[""mod5adder_127""]",1,6,239,"{""fidelity"": 0.07811341889972387, ""idle_exposures"": 0.0, ""log_atom_transfer"": -0.9804903269118637, ""log_coherence_linear"": -0.23698547823461796, ""log_fidelity"": -2.5495934199974566, ""log_idle_excitation"": 0.0, ""move_batches"": 431.0, ""move_time_us"": 41227.38632175701, ""transfers"": 980.0}","{""fidelity"": 0.07836849389836191, ""idle_exposures"": 0.0, ""log_atom_transfer"": -0.9844923282461978, ""log_coherence_linear"": -0.22972335283869627, ""log_fidelity"": -2.5463332959358693, ""log_idle_excitation"": 0.0, ""move_batches"": 418.0, ""move_time_us"": 39387.107376110376, ""transfers"": 984.0}","{""fidelity"": 0.07541454964168005, ""idle_exposures"": 163.0, ""log_atom_transfer"": -0.6623312208322998, ""log_coherence_linear"": -0.18229599527717014, ""log_fidelity"": -2.5847550565137567, ""log_idle_excitation"": -0.40801022555331173, ""move_batches"": 306.0, ""move_time_us"": 32456.09960843352, ""transfers"": 662.0}"
qmap154,f4b1830ec59011bb4fe7f2f552e3806d7023f74c8b0fd7e7126a5399b35ceca3,"[""alu-v1_29""]",1,5,17,"{""fidelity"": 0.8285159177368961, ""idle_exposures"": 0.0, ""log_atom_transfer"": -0.08004002668668275, ""log_coherence_linear"": -0.013564596616043941, ""log_fidelity"": -0.18811922958204133, ""log_idle_excitation"": 0.0, ""move_batches"": 32.0, ""move_time_us"": 3063.3097477521756, ""transfers"": 80.0}","{""fidelity"": 0.8289224271679358, ""idle_exposures"": 0.0, ""log_atom_transfer"": -0.08004002668668275, ""log_coherence_linear"": -0.013074069242352517, ""log_fidelity"": -0.1876287022083499, ""log_idle_excitation"": 0.0, ""move_batches"": 30.0, ""move_time_us"": 2864.5430239856755, ""transfers"": 80.0}","{""fidelity"": 0.8307863961524142, ""idle_exposures"": 12.0, ""log_atom_transfer"": -0.05002501667917672, ""log_coherence_linear"": -0.010805375933593096, ""log_fidelity"": -0.18538256150950616, ""log_idle_excitation"": -0.03003756261742172, ""move_batches"": 22.0, ""move_time_us"": 2303.918317669435, ""transfers"": 50.0}"
qmap154,f571e6b12d8e59cb4772af85d23a3ab1679b8b21df2bf9532f95989fedda1371,"[""misex1_241""]",1,15,2100,"{""fidelity"": 2.026768188969607e-12, ""idle_exposures"": 0.0, ""log_atom_transfer"": -8.480240827454038, ""log_coherence_linear"": -6.746324199581803, ""log_fidelity"": -26.924578616631624, ""log_idle_excitation"": 0.0, ""move_batches"": 3723.0, ""move_time_us"": 361883.5411073375, ""transfers"": 8476.0}","{""fidelity"": 2.018190588139657e-12, ""idle_exposures"": 0.0, ""log_atom_transfer"": -8.49224683145704, ""log_coherence_linear"": -6.738559333330701, ""log_fidelity"": -26.92881975438352, ""log_idle_excitation"": 0.0, ""move_batches"": 3708.0, ""move_time_us"": 361087.9517975192, ""transfers"": 8488.0}","{""fidelity"": 5.690268486505247e-12, ""idle_exposures"": 1363.0, ""log_atom_transfer"": -5.958979986823531, ""log_coherence_linear"": -4.8235036195111745, ""log_fidelity"": -25.89226368322597, ""log_idle_excitation"": -3.411766487295484, ""move_batches"": 2708.0, ""move_time_us"": 276524.6901098872, ""transfers"": 5956.0}"
qmap154,f84dd3828bcf2684305f19cf03ec4cb40c22d74e2b41f5714593f6bd3f483ae9,"[""4_49_16""]",1,5,97,"{""fidelity"": 0.3607040729572892, ""idle_exposures"": 0.0, ""log_atom_transfer"": -0.40420213476774786, ""log_coherence_linear"": -0.07677083109556071, ""log_fidelity"": -1.019697399322453, ""log_idle_excitation"": 0.0, ""move_batches"": 181.0, ""move_time_us"": 17029.227268008213, ""transfers"": 404.0}","{""fidelity"": 0.35922801207528, ""idle_exposures"": 0.0, ""log_atom_transfer"": -0.408204136102082, ""log_coherence_linear"": -0.07686939141413202, ""log_fidelity"": -1.0237979609753585, ""log_idle_excitation"": 0.0, ""move_batches"": 179.0, ""move_time_us"": 16810.345987514997, ""transfers"": 408.0}","{""fidelity"": 0.35537835929342504, ""idle_exposures"": 66.0, ""log_atom_transfer"": -0.27213609073472134, ""log_coherence_linear"": -0.0585051376529511, ""log_fidelity"": -1.0345722562426363, ""log_idle_excitation"": -0.16520659439581947, ""move_batches"": 128.0, ""move_time_us"": 13140.28361809729, ""transfers"": 272.0}"
qmap154,f871046094dbfeb7bd70bf21bddd523ced39b7be53e1154e0c738126b6cc84ff,"[""cm85a_209""]",1,14,4986,"{""fidelity"": 3.1990584466244775e-34, ""idle_exposures"": 0.0, ""log_atom_transfer"": -20.402202802435433, ""log_coherence_linear"": -28.950683332695764, ""log_fidelity"": -77.12503663071746, ""log_idle_excitation"": 0.0, ""move_batches"": 8980.0, ""move_time_us"": 881709.0171431705, ""transfers"": 20392.0}","{""fidelity"": 7.679990688283448e-34, ""idle_exposures"": 0.0, ""log_atom_transfer"": -20.422212809107105, ""log_coherence_linear"": -28.05491152240842, ""log_fidelity"": -76.2492748271018, ""log_idle_excitation"": 0.0, ""move_batches"": 8878.0, ""move_time_us"": 869166.549343304, ""transfers"": 20412.0}","{""fidelity"": 1.5615346520695246e-29, ""idle_exposures"": 3225.0, ""log_atom_transfer"": -14.637319880327107, ""log_coherence_linear"": -15.857245799332489, ""log_fidelity"": -66.32929860780548, ""log_idle_excitation"": -8.072594953432088, ""move_batches"": 6628.0, ""move_time_us"": 671349.940835784, ""transfers"": 14630.0}"
qmap154,f8c690ddce42ddef13013b6f7beb6a0d0cf6b59b925ef995cfb07da443154ebd,"[""4gt13_92""]",1,5,30,"{""fidelity"": 0.7232977258519813, ""idle_exposures"": 0.0, ""log_atom_transfer"": -0.13206604403302655, ""log_coherence_linear"": -0.024389485007702744, ""log_fidelity"": -0.32393434926017145, ""log_idle_excitation"": 0.0, ""move_batches"": 56.0, ""move_time_us"": 5370.758488330233, ""transfers"": 132.0}","{""fidelity"": 0.7203268538610678, ""idle_exposures"": 0.0, ""log_atom_transfer"": -0.13606804536736067, ""log_coherence_linear"": -0.024503340699650315, ""log_fidelity"": -0.32805020628645315, ""log_idle_excitation"": 0.0, ""move_batches"": 55.0, ""move_time_us"": 5364.743633614141, ""transfers"": 136.0}","{""fidelity"": 0.7257352722395963, ""idle_exposures"": 19.0, ""log_atom_transfer"": -0.08604302868818396, ""log_coherence_linear"": -0.01948864639078696, ""log_fidelity"": -0.32056996944266414, ""log_idle_excitation"": -0.04755947414425106, ""move_batches"": 39.0, ""move_time_us"": 4331.986668967042, ""transfers"": 86.0}"
qmap154,fe1d0e3dd99cc2fa7f2e2fcac9431aed035eea231c658fd07b119549b2c9925f,"[""alu-v2_33""]",1,5,17,"{""fidelity"": 0.8269509838234843, ""idle_exposures"": 0.0, ""log_atom_transfer"": -0.08004002668668275, ""log_coherence_linear"": -0.015455222611751931, ""log_fidelity"": -0.19000985557774933, ""log_idle_excitation"": 0.0, ""move_batches"": 34.0, ""move_time_us"": 3628.8467812787994, ""transfers"": 80.0}","{""fidelity"": 0.8275560719967991, ""idle_exposures"": 0.0, ""log_atom_transfer"": -0.08004002668668275, ""log_coherence_linear"": -0.01472378033936818, ""log_fidelity"": -0.18927841330536557, ""log_idle_excitation"": 0.0, ""move_batches"": 31.0, ""move_time_us"": 3358.0753284460984, ""transfers"": 80.0}","{""fidelity"": 0.8311893686001833, ""idle_exposures"": 12.0, ""log_atom_transfer"": -0.05002501667917672, ""log_coherence_linear"": -0.010320444126268048, ""log_fidelity"": -0.18489762970218113, ""log_idle_excitation"": -0.03003756261742172, ""move_batches"": 22.0, ""move_time_us"": 2210.741608773783, ""transfers"": 50.0}"
qmap154,fe47d3bb3c105b7015909980311f733d2136e6caa20a9257201fd62f09832947,"[""dc1_220""]",1,11,833,"{""fidelity"": 6.726652330118368e-05, ""idle_exposures"": 0.0, ""log_atom_transfer"": -3.345673115503339, ""log_coherence_linear"": -1.6209576965558707, ""log_fidelity"": -9.606847870015686, ""log_idle_excitation"": 0.0, ""move_batches"": 1431.0, ""move_time_us"": 137135.65975333267, ""transfers"": 3344.0}","{""fidelity"": 6.497161387978134e-05, ""idle_exposures"": 0.0, ""log_atom_transfer"": -3.353677118172007, ""log_coherence_linear"": -1.6476659168673622, ""log_fidelity"": -9.641560092995846, ""log_idle_excitation"": 0.0, ""move_batches"": 1447.0, ""move_time_us"": 139778.72486819947, ""transfers"": 3352.0}","{""fidelity"": 6.791552907907474e-05, ""idle_exposures"": 545.0, ""log_atom_transfer"": -2.359179786589974, ""log_coherence_linear"": -1.2391514209738126, ""log_fidelity"": -9.597245844407645, ""log_idle_excitation"": -1.36420596887457, ""move_batches"": 1062.0, ""move_time_us"": 108197.4307402084, ""transfers"": 2358.0}"
zac18,0c57c9a79d2a187a90c2266ec22ad092f7f0ef573557f51b42f136c4db7f5afd,"[""ghz_n23""]",1,23,22,"{""fidelity"": 0.7368331239440451, ""idle_exposures"": 0.0, ""log_atom_transfer"": -0.09204603068968516, ""log_coherence_linear"": -0.08956986234580003, ""log_fidelity"": -0.3053938385585491, ""log_idle_excitation"": 0.0, ""move_batches"": 44.0, ""move_time_us"": 4736.660876789556, ""transfers"": 92.0}","{""fidelity"": 0.7245465138151905, ""idle_exposures"": 0.0, ""log_atom_transfer"": -0.09204603068968516, ""log_coherence_linear"": -0.10638534180626084, ""log_fidelity"": -0.32220931801901, ""log_idle_excitation"": 0.0, ""move_batches"": 44.0, ""move_time_us"": 4736.660876789558, ""transfers"": 92.0}","{""fidelity"": 0.7407702959971929, ""idle_exposures"": 0.0, ""log_atom_transfer"": -0.08804402935535102, ""log_coherence_linear"": -0.08824271877168033, ""log_fidelity"": -0.3000646936500953, ""log_idle_excitation"": 0.0, ""move_batches"": 43.0, ""move_time_us"": 4647.833242531537, ""transfers"": 88.0}"
zac18,173203497ff0bf9e285e83d9eaba591c4bedfc0b78370ddde335d2dfe90c4943,"[""ghz_n78_transpiled""]",1,78,77,"{""fidelity"": 0.1459971492441792, ""idle_exposures"": 0.0, ""log_atom_transfer"": -0.3321661107497334, ""log_coherence_linear"": -1.159529375631278, ""log_fidelity"": -1.92416818318923, ""log_idle_excitation"": 0.0, ""move_batches"": 154.0, ""move_time_us"": 17905.88712235583, ""transfers"": 332.0}","{""fidelity"": 0.1232831997275635, ""idle_exposures"": 0.0, ""log_atom_transfer"": -0.3321661107497334, ""log_coherence_linear"": -1.3286323257883803, ""log_fidelity"": -2.0932711333463327, ""log_idle_excitation"": 0.0, ""move_batches"": 157.0, ""move_time_us"": 17414.410732800065, ""transfers"": 332.0}","{""fidelity"": 0.11096977752370007, ""idle_exposures"": 3.0, ""log_atom_transfer"": -0.31615810541239686, ""log_coherence_linear"": -1.435621387431543, ""log_fidelity"": -2.1984973893045114, ""log_idle_excitation"": -0.00750939065435543, ""move_batches"": 155.0, ""move_time_us"": 23073.808599382548, ""transfers"": 316.0}"
zac18,1c0c891f63a8f0f185b77b9ef66ee242bf6387b1e252edb4f19a63461206d9d3,"[""seca_n11_transpiled""]",1,11,80,"{""fidelity"": 0.43057704813787323, ""idle_exposures"": 0.0, ""log_atom_transfer"": -0.3001501000750603, ""log_coherence_linear"": -0.10997082561726582, ""log_fidelity"": -0.8426289975210782, ""log_idle_excitation"": 0.0, ""move_batches"": 109.0, ""move_time_us"": 11279.92184091798, ""transfers"": 300.0}","{""fidelity"": 0.429551707583817, ""idle_exposures"": 0.0, ""log_atom_transfer"": -0.30415210140939447, ""log_coherence_linear"": -0.10835298138248813, ""log_fidelity"": -0.8450131546206348, ""log_idle_excitation"": 0.0, ""move_batches"": 80.0, ""move_time_us"": 10145.655889909369, ""transfers"": 304.0}","{""fidelity"": 0.42051272272800305, ""idle_exposures"": 55.0, ""log_atom_transfer"": -0.21010507005254223, ""log_coherence_linear"": -0.08799624062594322, ""log_fidelity"": -0.8662805438365867, ""log_idle_excitation"": -0.13767216199651625, ""move_batches"": 81.0, ""move_time_us"": 9512.394536203712, ""transfers"": 210.0}"
zac18,1cded85e597f91b012b3e0ba0ccaf6041a86ed2304877b02eb30beef19006f8d,"[""ghz_n40_transpiled""]",1,40,39,"{""fidelity"": 0.501681585741194, ""idle_exposures"": 0.0, ""log_atom_transfer"": -0.1600800533733655, ""log_coherence_linear"": -0.310516911687725, ""log_fidelity"": -0.689789651890475, ""log_idle_excitation"": 0.0, ""move_batches"": 78.0, ""move_time_us"": 9616.665665710747, ""transfers"": 160.0}","{""fidelity"": 0.48425416335648536, ""idle_exposures"": 0.0, ""log_atom_transfer"": -0.16808405604203377, ""log_coherence_linear"": -0.3378686363252383, ""log_fidelity"": -0.7251453791966567, ""log_idle_excitation"": 0.0, ""move_batches"": 79.0, ""move_time_us"": 8661.075866740908, ""transfers"": 168.0}","{""fidelity"": 0.5001516389611568, ""idle_exposures"": 0.0, ""log_atom_transfer"": -0.15607805203903136, ""log_coherence_linear"": -0.3105659486452648, ""log_fidelity"": -0.6928439486170848, ""log_idle_excitation"": 0.0, ""move_batches"": 77.0, ""move_time_us"": 9583.962215455642, ""transfers"": 156.0}"
zac18,2e218cbc6320c2d4600d37ddf2c65f8befcb1d6f62550cd0367b82b62e99979d,"[""qft_n18_transpiled""]",1,18,306,"{""fidelity"": 0.06832578106574735, ""idle_exposures"": 0.0, ""log_atom_transfer"": -0.6483242161621303, ""log_coherence_linear"": -0.4040915185254687, ""log_fidelity"": -2.6834681156087963, ""log_idle_excitation"": 0.0, ""move_batches"": 177.0, ""move_time_us"": 20318.17476446989, ""transfers"": 648.0}","{""fidelity"": 0.06403900461197844, ""idle_exposures"": 0.0, ""log_atom_transfer"": -0.6843422281711375, ""log_coherence_linear"": -0.43286832510540785, ""log_fidelity"": -2.7482629341977427, ""log_idle_excitation"": 0.0, ""move_batches"": 148.0, ""move_time_us"": 20288.537609290932, ""transfers"": 684.0}","{""fidelity"": 0.09688105883462918, ""idle_exposures"": 7.0, ""log_atom_transfer"": -0.3881941294304113, ""log_coherence_linear"": -0.29750282857683275, ""log_fidelity"": -2.3342712504552705, ""log_idle_excitation"": -0.017521911526829338, ""move_batches"": 94.0, ""move_time_us"": 16360.436063236084, ""transfers"": 388.0}"
zac18,3f76b58905dfef056646e279e9cb9d21db7c5fa9d04170dcbecd457f91d19faa,"[""knn_n31_transpiled""]",1,31,105,"{""fidelity"": 0.2162922576669984, ""idle_exposures"": 0.0, ""log_atom_transfer"": -0.47623815878576237, ""log_coherence_linear"": -0.48296284945733886, ""log_fidelity"": -1.5311247410835542, ""log_idle_excitation"": 0.0, ""move_batches"": 157.0, ""move_time_us"": 16400.736721031986, ""transfers"": 476.0}","{""fidelity"": 0.21664450482767328, ""idle_exposures"": 0.0, ""log_atom_transfer"": -0.4802401601200965, ""log_coherence_linear"": -0.4773336024422624, ""log_fidelity"": -1.529497495402812, ""log_idle_excitation"": 0.0, ""move_batches"": 149.0, ""move_time_us"": 15477.797136000247, ""transfers"": 480.0}","{""fidelity"": 0.22410233750691852, ""idle_exposures"": 68.0, ""log_atom_transfer"": -0.36218112075723946, ""log_coherence_linear"": -0.38980917972746576, ""log_fidelity"": -1.4956524675874479, ""log_idle_excitation"": -0.17021285483205642, ""move_batches"": 123.0, ""move_time_us"": 13264.367978297849, ""transfers"": 362.0}"
zac18,48d487f623d47c5260515f2e6365544ad923bb136bcca45db7434ff32b49c46e,"[""qft_n29_transpiled""]",1,29,680,"{""fidelity"": 0.00129813657994704, ""idle_exposures"": 0.0, ""log_atom_transfer"": -1.4727364910349625, ""log_coherence_linear"": -1.5528286004284946, ""log_fidelity"": -6.6468254428559845, ""log_idle_excitation"": 0.0, ""move_batches"": 381.0, ""move_time_us"": 46359.83813261894, ""transfers"": 1472.0}","{""fidelity"": 0.0013590169790240652, ""idle_exposures"": 0.0, ""log_atom_transfer"": -1.484742495037965, ""log_coherence_linear"": -1.4949908036975759, ""log_fidelity"": -6.600993650128068, ""log_idle_excitation"": 0.0, ""move_batches"": 284.0, ""move_time_us"": 40515.88185677209, ""transfers"": 1484.0}","{""fidelity"": 0.002756508529731163, ""idle_exposures"": 26.0, ""log_atom_transfer"": -0.8824412942206773, ""log_coherence_linear"": -1.3250073942486673, ""log_fidelity"": -5.893790425532952, ""log_idle_excitation"": -0.0650813856710804, ""move_batches"": 331.0, ""move_time_us"": 46577.890709904044, ""transfers"": 882.0}"
zac18,58a8fb4a501fe149a264a128891f77ec760f078cd053bfd81168637de4c8f191,"[""bv_n30_transpiled""]",1,30,18,"{""fidelity"": 0.7422332160838934, ""idle_exposures"": 0.0, ""log_atom_transfer"": -0.07603802535234862, ""log_coherence_linear"": -0.12012624428106154, ""log_fidelity"": -0.298091777808285, ""log_idle_excitation"": 0.0, ""move_batches"": 37.0, ""move_time_us"": 4065.852772306838, ""transfers"": 76.0}","{""fidelity"": 0.7413474845235002, ""idle_exposures"": 0.0, ""log_atom_transfer"": -0.07603802535234862, ""log_coherence_linear"": -0.12132029009908311, ""log_fidelity"": -0.29928582362630657, ""log_idle_excitation"": 0.0, ""move_batches"": 36.0, ""move_time_us"": 4125.315297348518, ""transfers"": 76.0}","{""fidelity"": 0.7456932436484078, ""idle_exposures"": 0.0, ""log_atom_transfer"": -0.07203602401801447, ""log_coherence_linear"": -0.1194774326957143, ""log_fidelity"": -0.2934409648886036, ""log_idle_excitation"": 0.0, ""move_batches"": 35.0, ""move_time_us"": 4031.5415810383806, ""transfers"": 72.0}"
zac18,7a6c0868d5e5299bb9152d872b95e55e6b2103d870f99ac53dcbcd1ab6718f7b,"[""cat_n35_transpiled""]",1,35,34,"{""fidelity"": 0.5695901026084134, ""idle_exposures"": 0.0, ""log_atom_transfer"": -0.14007004670169482, ""log_coherence_linear"": -0.23163872075059816, ""log_fidelity"": -0.5628382950739362, ""log_idle_excitation"": 0.0, ""move_batches"": 69.0, ""move_time_us"": 8173.5688708148555, ""transfers"": 140.0}","{""fidelity"": 0.5536180242396278, ""idle_exposures"": 0.0, ""log_atom_transfer"": -0.14407204803602894, ""log_coherence_linear"": -0.256078741314691, ""log_fidelity"": -0.5912803169723632, ""log_idle_excitation"": 0.0, ""move_batches"": 69.0, ""move_time_us"": 7499.4401077433085, ""transfers"": 144.0}","{""fidelity"": 0.5741987097198705, ""idle_exposures"": 0.0, ""log_atom_transfer"": -0.13606804536736067, ""log_coherence_linear"": -0.22758218540052552, ""log_fidelity"": -0.5547797583895294, ""log_idle_excitation"": 0.0, ""move_batches"": 67.0, ""move_time_us"": 7999.139840219911, ""transfers"": 136.0}"
zac18,8a6d2f76bca6bb915cf3ac1f9aac19a83963cb57ca850c44065a081f61c03370,"[""multiply_n13_transpiled""]",1,13,40,"{""fidelity"": 0.6368179773441586, ""idle_exposures"": 0.0, ""log_atom_transfer"": -0.15607805203903136, ""log_coherence_linear"": -0.07878930363851769, ""log_fidelity"": -0.4512714140964261, ""log_idle_excitation"": 0.0, ""move_batches"": 67.0, ""move_time_us"": 7328.826981694516, ""transfers"": 156.0}","{""fidelity"": 0.6303930207395078, ""idle_exposures"": 0.0, ""log_atom_transfer"": -0.16808405604203377, ""log_coherence_linear"": -0.0769236972007909, ""log_fidelity"": -0.46141181166170175, ""log_idle_excitation"": 0.0, ""move_batches"": 54.0, ""move_time_us"": 6493.361689891683, ""transfers"": 168.0}","{""fidelity"": 0.6492431189081955, ""idle_exposures"": 17.0, ""log_atom_transfer"": -0.11405703802852292, ""log_coherence_linear"": -0.05502293452981001, ""log_fidelity"": -0.4319480270195941, ""log_idle_excitation"": -0.042553213708014105, ""move_batches"": 45.0, ""move_time_us"": 4974.943643499314, ""transfers"": 114.0}"
zac18,a9f1ef0f566a3cc1a347e8cb7bf74983b239326618f114a908e46c6e37c67752,"[""bv_n14_transpiled""]",1,14,13,"{""fidelity"": 0.8450728175261345, ""idle_exposures"": 0.0, ""log_atom_transfer"": -0.05602801868067792, ""log_coherence_linear"": -0.03844011310282679, ""log_fidelity"": -0.1683324807506382, ""log_idle_excitation"": 0.0, ""move_batches"": 26.0, ""move_time_us"": 2768.637261521812, ""transfers"": 56.0}","{""fidelity"": 0.8449694367086806, ""idle_exposures"": 0.0, ""log_atom_transfer"": -0.05602801868067792, ""log_coherence_linear"": -0.03856245420681251, ""log_fidelity"": -0.16845482185462393, ""log_idle_excitation"": 0.0, ""move_batches"": 26.0, ""move_time_us"": 2781.709238336421, ""transfers"": 56.0}","{""fidelity"": 0.8491382866280057, ""idle_exposures"": 0.0, ""log_atom_transfer"": -0.05202601734634379, ""log_coherence_linear"": -0.03764285784489461, ""log_fidelity"": -0.1635332241583719, ""log_idle_excitation"": 0.0, ""move_batches"": 25.0, ""move_time_us"": 2679.1631662398745, ""transfers"": 52.0}"
zac18,b0b7114a0df2cf06b93931990669c2490dfc66245eaaed7ea956f3a4fb02967a,"[""bv_n70_transpiled""]",1,70,36,"{""fidelity"": 0.38134576195499925, ""idle_exposures"": 0.0, ""log_atom_transfer"": -0.1600800533733655, ""log_coherence_linear"": -0.6010138690061858, ""log_fidelity"": -0.9640488037022951, ""log_idle_excitation"": 0.0, ""move_batches"": 73.0, ""move_time_us"": 9053.145654620213, ""transfers"": 160.0}","{""fidelity"": 0.38822880670334686, ""idle_exposures"": 0.0, ""log_atom_transfer"": -0.16808405604203377, ""log_coherence_linear"": -0.5751214678052031, ""log_fidelity"": -0.9461604051699807, ""log_idle_excitation"": 0.0, ""move_batches"": 76.0, ""move_time_us"": 8452.663978587909, ""transfers"": 168.0}","{""fidelity"": 0.36989129655201547, ""idle_exposures"": 4.0, ""log_atom_transfer"": -0.15007505003753016, ""log_coherence_linear"": -0.617787606603818, ""log_fidelity"": -0.9945461096121762, ""log_idle_excitation"": -0.010012520872473908, ""move_batches"": 73.0, ""move_time_us"": 9669.330121037336, ""transfers"": 150.0}"
zac18,b1c5bd70a94288185fa82fe0b7255b6824cc2bbcf26a896a1d770cd7041d56c3,"[""swap_test_n25_transpiled""]",1,25,84,"{""fidelity"": 0.3109694926742771, ""idle_exposures"": 0.0, ""log_atom_transfer"": -0.38419212809607717, ""log_coherence_linear"": -0.3262093335373515, ""log_fidelity"": -1.1680604659093918, ""log_idle_excitation"": 0.0, ""move_batches"": 133.0, ""move_time_us"": 14114.859496635707, ""transfers"": 384.0}","{""fidelity"": 0.31916434193060306, ""idle_exposures"": 0.0, ""log_atom_transfer"": -0.3801901267617431, ""log_coherence_linear"": -0.30419999935261177, ""log_fidelity"": -1.142049130390318, ""log_idle_excitation"": 0.0, ""move_batches"": 121.0, ""move_time_us"": 12259.246676641184, ""transfers"": 380.0}","{""fidelity"": 0.32019146556304584, ""idle_exposures"": 54.0, ""log_atom_transfer"": -0.29014509673922495, ""log_coherence_linear"": -0.25586299943821755, ""log_fidelity"": -1.1388361322318035, ""log_idle_excitation"": -0.13516903177839776, ""move_batches"": 102.0, ""move_time_us"": 10939.820937273942, ""transfers"": 290.0}"
zac18,d2cb39ae9b321e8f9cffdc461f673280c0304eb8cfe4803fa00b765f7c2e324d,"[""wstate_n27_transpiled""]",1,27,52,"{""fidelity"": 0.475441363307556, ""idle_exposures"": 0.0, ""log_atom_transfer"": -0.21610807205404342, ""log_coherence_linear"": -0.23524674763929512, ""log_fidelity"": -0.7435117204628506, ""log_idle_excitation"": 0.0, ""move_batches"": 72.0, ""move_time_us"": 7918.0221751245645, ""transfers"": 216.0}","{""fidelity"": 0.42156847197278763, ""idle_exposures"": 0.0, ""log_atom_transfer"": -0.30815410274372856, ""log_coherence_linear"": -0.26346206288627233, ""log_fidelity"": -0.863773066399513, ""log_idle_excitation"": 0.0, ""move_batches"": 85.0, ""move_time_us"": 9470.240679040502, ""transfers"": 308.0}","{""fidelity"": 0.49201002020584367, ""idle_exposures"": 4.0, ""log_atom_transfer"": -0.15807905270619843, ""log_coherence_linear"": -0.2461941286892872, ""log_fidelity"": -0.7092561964251787, ""log_idle_excitation"": -0.010012520872473908, ""move_batches"": 70.0, ""move_time_us"": 8727.661418445125, ""transfers"": 158.0}"
zac18,db18092cb4f75992883d38c951468535ffe87a4953127995ec4c404b63a4671a,"[""cat_n22_transpiled""]",1,22,21,"{""fidelity"": 0.748958679252337, ""idle_exposures"": 0.0, ""log_atom_transfer"": -0.08804402935535102, ""log_coherence_linear"": -0.08286212183725532, ""log_fidelity"": -0.28907146487412205, ""log_idle_excitation"": 0.0, ""move_batches"": 43.0, ""move_time_us"": 4597.827401074167, ""transfers"": 88.0}","{""fidelity"": 0.7387287737394874, ""idle_exposures"": 0.0, ""log_atom_transfer"": -0.08804402935535102, ""log_coherence_linear"": -0.09661510030849814, ""log_fidelity"": -0.30282444334536485, ""log_idle_excitation"": 0.0, ""move_batches"": 42.0, ""move_time_us"": 4491.71336731659, ""transfers"": 88.0}","{""fidelity"": 0.7537011041094589, ""idle_exposures"": 0.0, ""log_atom_transfer"": -0.08404202802101689, ""log_coherence_linear"": -0.08055206151224184, ""log_fidelity"": -0.28275940321477444, ""log_idle_excitation"": 0.0, ""move_batches"": 41.0, ""move_time_us"": 4438.179873220883, ""transfers"": 84.0}"
zac18,ff087c43a47c1c89a5515728dba98c1a8254212cb63163c9c21d361c76c1a6ad,"[""bv_n19_transpiled""]",1,19,18,"{""fidelity"": 0.7774546085489721, ""idle_exposures"": 0.0, ""log_atom_transfer"": -0.07603802535234862, ""log_coherence_linear"": -0.0737644843932738, ""log_fidelity"": -0.25173001792049726, ""log_idle_excitation"": 0.0, ""move_batches"": 37.0, ""move_time_us"": 3945.1610014409425, ""transfers"": 76.0}","{""fidelity"": 0.7787687016761891, ""idle_exposures"": 0.0, ""log_atom_transfer"": -0.07603802535234862, ""log_coherence_linear"": -0.07207566064810482, ""log_fidelity"": -0.2500411941753283, ""log_idle_excitation"": 0.0, ""move_batches"": 36.0, ""move_time_us"": 3812.3435303917854, ""transfers"": 76.0}","{""fidelity"": 0.7827695722893943, ""idle_exposures"": 0.0, ""log_atom_transfer"": -0.07203602401801447, ""log_coherence_linear"": -0.07095338237359763, ""log_fidelity"": -0.24491691456648695, ""log_idle_excitation"": 0.0, ""move_batches"": 35.0, ""move_time_us"": 3720.917605951006, ""transfers"": 72.0}"
