dataset,circuit,seed,canonical_sha256,canonical_job_id,status,fidelity_ood,metrics,fidelity_valid,fidelity_underflow,main_origin,source_origin,source_status,input_sha256,source_protocol,source_receipt,source_result_protocol_sha256,source_snapshot_sha256,quality_classification,source_failure,diagnostic_note,failure_source_path,failure_source_sha256,failure_source_kind,failure_exception_type,failure_message
qmap154,4gt11_84,0,012b9e9f7ae5656aefa02b50a70cdc55461c1dc41c9fed19de9b1e8eb288a0ae,012b9e9f7ae5656a-s0-ga_h2,success,False,"{""fidelity"": 0.9119697532131606, ""idle_exposures"": 5.0, ""log_atom_transfer"": -0.024012008006004823, ""log_coherence_linear"": -0.005107109123702647, ""log_fidelity"": -0.0921484547942343, ""log_idle_excitation"": -0.012515651090592385, ""move_batches"": 10.0, ""move_time_us"": 1061.6776006168352, ""transfers"": 24.0}",True,False,fresh,fresh,success,012b9e9f7ae5656aefa02b50a70cdc55461c1dc41c9fed19de9b1e8eb288a0ae,"{""bytes"": 623467, ""path"": ""/Users/zhouzixiang/Desktop/zac/ZAC_zzx/results/physical_ga_main_v1/protocol.json"", ""sha256"": ""9bb0ae97d2f3f1536a5c496a65fe2e21e2192ce20830979dd75b30b0a3148fc7""}","{""bytes"": 1280, ""path"": ""/Users/zhouzixiang/Desktop/zac/ZAC_zzx/results/physical_ga_main_v1/receipts/012b9e9f7ae5656a-s0-ga_h2.json"", ""sha256"": ""e227563e749e198808beba7755c66510565d7cf7d1456455d0a152333f51b317""}",9bb0ae97d2f3f1536a5c496a65fe2e21e2192ce20830979dd75b30b0a3148fc7,d1fab3aaa092939e281636e5182865245c839b6f137f7762fc773e601882716a,valid_fidelity,,,,,,,
qmap154,4gt11_84,1,012b9e9f7ae5656aefa02b50a70cdc55461c1dc41c9fed19de9b1e8eb288a0ae,012b9e9f7ae5656a-s1-ga_h2,success,False,"{""fidelity"": 0.9119577003503833, ""idle_exposures"": 5.0, ""log_atom_transfer"": -0.024012008006004823, ""log_coherence_linear"": -0.005120325507670124, ""log_fidelity"": -0.09216167117820177, ""log_idle_excitation"": -0.012515651090592385, ""move_batches"": 10.0, ""move_time_us"": 1065.638462765344, ""transfers"": 24.0}",True,False,fresh,fresh,success,012b9e9f7ae5656aefa02b50a70cdc55461c1dc41c9fed19de9b1e8eb288a0ae,"{""bytes"": 623467, ""path"": ""/Users/zhouzixiang/Desktop/zac/ZAC_zzx/results/physical_ga_main_v1/protocol.json"", ""sha256"": ""9bb0ae97d2f3f1536a5c496a65fe2e21e2192ce20830979dd75b30b0a3148fc7""}","{""bytes"": 1279, ""path"": ""/Users/zhouzixiang/Desktop/zac/ZAC_zzx/results/physical_ga_main_v1/receipts/012b9e9f7ae5656a-s1-ga_h2.json"", ""sha256"": ""5473b097d9ccaf4c4009155f7dd1bd1c7b1aa6b3e809caeeba90d4a036bc1000""}",9bb0ae97d2f3f1536a5c496a65fe2e21e2192ce20830979dd75b30b0a3148fc7,d1fab3aaa092939e281636e5182865245c839b6f137f7762fc773e601882716a,valid_fidelity,,,,,,,
qmap154,4gt11_84,2,012b9e9f7ae5656aefa02b50a70cdc55461c1dc41c9fed19de9b1e8eb288a0ae,012b9e9f7ae5656a-s2-ga_h2,success,False,"{""fidelity"": 0.9119726373829918, ""idle_exposures"": 5.0, ""log_atom_transfer"": -0.024012008006004823, ""log_coherence_linear"": -0.005103946556895626, ""log_fidelity"": -0.09214529222742728, ""log_idle_excitation"": -0.012515651090592385, ""move_batches"": 10.0, ""move_time_us"": 1060.7297988802952, ""transfers"": 24.0}",True,False,fresh,fresh,success,012b9e9f7ae5656aefa02b50a70cdc55461c1dc41c9fed19de9b1e8eb288a0ae,"{""bytes"": 623467, ""path"": ""/Users/zhouzixiang/Desktop/zac/ZAC_zzx/results/physical_ga_main_v1/protocol.json"", ""sha256"": ""9bb0ae97d2f3f1536a5c496a65fe2e21e2192ce20830979dd75b30b0a3148fc7""}","{""bytes"": 1279, ""path"": ""/Users/zhouzixiang/Desktop/zac/ZAC_zzx/results/physical_ga_main_v1/receipts/012b9e9f7ae5656a-s2-ga_h2.json"", ""sha256"": ""8e352c9ad67dd02b36ad5c3fb7468fd88d758ec6131fd4858c7fe21c269c5f2c""}",9bb0ae97d2f3f1536a5c496a65fe2e21e2192ce20830979dd75b30b0a3148fc7,d1fab3aaa092939e281636e5182865245c839b6f137f7762fc773e601882716a,valid_fidelity,,,,,,,
qmap154,4gt5_76,0,02ff18ecd3cbf5d461bcd36200261de37bb114a1b24a49eed03d37f500b7c215,02ff18ecd3cbf5d4-s0-ga_h2,success,False,"{""fidelity"": 0.6211635980073898, ""idle_exposures"": 25.0, ""log_atom_transfer"": -0.13206604403302655, ""log_coherence_linear"": -0.027236009817410187, ""log_fidelity"": -0.4761607888975932, ""log_idle_excitation"": -0.06257825545296192, ""move_batches"": 62.0, ""move_time_us"": 6381.384933068967, ""transfers"": 132.0}",True,False,fresh,fresh,success,02ff18ecd3cbf5d461bcd36200261de37bb114a1b24a49eed03d37f500b7c215,"{""bytes"": 623467, ""path"": ""/Users/zhouzixiang/Desktop/zac/ZAC_zzx/results/physical_ga_main_v1/protocol.json"", ""sha256"": ""9bb0ae97d2f3f1536a5c496a65fe2e21e2192ce20830979dd75b30b0a3148fc7""}","{""bytes"": 1278, ""path"": ""/Users/zhouzixiang/Desktop/zac/ZAC_zzx/results/physical_ga_main_v1/receipts/02ff18ecd3cbf5d4-s0-ga_h2.json"", ""sha256"": ""ab2e66e4ad2279ae9b04a39e5abad6857eb9eb4cb6d999214d6921847294e1b8""}",9bb0ae97d2f3f1536a5c496a65fe2e21e2192ce20830979dd75b30b0a3148fc7,d1fab3aaa092939e281636e5182865245c839b6f137f7762fc773e601882716a,valid_fidelity,,,,,,,
qmap154,4gt5_76,1,02ff18ecd3cbf5d461bcd36200261de37bb114a1b24a49eed03d37f500b7c215,02ff18ecd3cbf5d4-s1-ga_h2,success,False,"{""fidelity"": 0.6211528803888, ""idle_exposures"": 25.0, ""log_atom_transfer"": -0.13206604403302655, ""log_coherence_linear"": -0.02725326406586686, ""log_fidelity"": -0.4761780431460499, ""log_idle_excitation"": -0.06257825545296192, ""move_batches"": 62.0, ""move_time_us"": 6386.533079122721, ""transfers"": 132.0}",True,False,fresh,fresh,success,02ff18ecd3cbf5d461bcd36200261de37bb114a1b24a49eed03d37f500b7c215,"{""bytes"": 623467, ""path"": ""/Users/zhouzixiang/Desktop/zac/ZAC_zzx/results/physical_ga_main_v1/protocol.json"", ""sha256"": ""9bb0ae97d2f3f1536a5c496a65fe2e21e2192ce20830979dd75b30b0a3148fc7""}","{""bytes"": 1278, ""path"": ""/Users/zhouzixiang/Desktop/zac/ZAC_zzx/results/physical_ga_main_v1/receipts/02ff18ecd3cbf5d4-s1-ga_h2.json"", ""sha256"": ""f0c0159f4857b48f58a947657c93eecf827b5187e264850a9d143a94f89d45e8""}",9bb0ae97d2f3f1536a5c496a65fe2e21e2192ce20830979dd75b30b0a3148fc7,d1fab3aaa092939e281636e5182865245c839b6f137f7762fc773e601882716a,valid_fidelity,,,,,,,
qmap154,4gt5_76,2,02ff18ecd3cbf5d461bcd36200261de37bb114a1b24a49eed03d37f500b7c215,02ff18ecd3cbf5d4-s2-ga_h2,success,False,"{""fidelity"": 0.6211633857097176, ""idle_exposures"": 25.0, ""log_atom_transfer"": -0.13206604403302655, ""log_coherence_linear"": -0.027236351591637, ""log_fidelity"": -0.47616113067182003, ""log_idle_excitation"": -0.06257825545296192, ""move_batches"": 62.0, ""move_time_us"": 6381.486908337101, ""transfers"": 132.0}",True,False,fresh,fresh,success,02ff18ecd3cbf5d461bcd36200261de37bb114a1b24a49eed03d37f500b7c215,"{""bytes"": 623467, ""path"": ""/Users/zhouzixiang/Desktop/zac/ZAC_zzx/results/physical_ga_main_v1/protocol.json"", ""sha256"": ""9bb0ae97d2f3f1536a5c496a65fe2e21e2192ce20830979dd75b30b0a3148fc7""}","{""bytes"": 1278, ""path"": ""/Users/zhouzixiang/Desktop/zac/ZAC_zzx/results/physical_ga_main_v1/receipts/02ff18ecd3cbf5d4-s2-ga_h2.json"", ""sha256"": ""8d85fd61aaa0c8919a97970432dc7a052bd5ba6e1520ecfff2750733892a276a""}",9bb0ae97d2f3f1536a5c496a65fe2e21e2192ce20830979dd75b30b0a3148fc7,d1fab3aaa092939e281636e5182865245c839b6f137f7762fc773e601882716a,valid_fidelity,,,,,,,
qmap154,majority_239,0,040d1773bb1501d1f86ca2d9028bed22e4dbfe9728922474bce44a5531b21b5a,040d1773bb1501d1-s0-ga_h2,success,False,"{""fidelity"": 0.052759419273333136, ""idle_exposures"": 175.0, ""log_atom_transfer"": -0.7743872581936556, ""log_coherence_linear"": -0.2418068304096073, ""log_fidelity"": -2.942012958143313, ""log_idle_excitation"": -0.4380477881707335, ""move_batches"": 352.0, ""move_time_us"": 36935.03117034356, ""transfers"": 774.0}",True,False,fresh,fresh,success,040d1773bb1501d1f86ca2d9028bed22e4dbfe9728922474bce44a5531b21b5a,"{""bytes"": 623467, ""path"": ""/Users/zhouzixiang/Desktop/zac/ZAC_zzx/results/physical_ga_main_v1/protocol.json"", ""sha256"": ""9bb0ae97d2f3f1536a5c496a65fe2e21e2192ce20830979dd75b30b0a3148fc7""}","{""bytes"": 1283, ""path"": ""/Users/zhouzixiang/Desktop/zac/ZAC_zzx/results/physical_ga_main_v1/receipts/040d1773bb1501d1-s0-ga_h2.json"", ""sha256"": ""6ee917ebdc07794576ce1b86b07f390c90368a5fe0f740be25c3a6e86e6efe34""}",9bb0ae97d2f3f1536a5c496a65fe2e21e2192ce20830979dd75b30b0a3148fc7,d1fab3aaa092939e281636e5182865245c839b6f137f7762fc773e601882716a,valid_fidelity,,,,,,,
qmap154,majority_239,1,040d1773bb1501d1f86ca2d9028bed22e4dbfe9728922474bce44a5531b21b5a,040d1773bb1501d1-s1-ga_h2,success,False,"{""fidelity"": 0.05293598569184257, ""idle_exposures"": 175.0, ""log_atom_transfer"": -0.7703852568593215, ""log_coherence_linear"": -0.2424677861646682, ""log_fidelity"": -2.9386719125640397, ""log_idle_excitation"": -0.4380477881707335, ""move_batches"": 352.0, ""move_time_us"": 36757.921429603135, ""transfers"": 770.0}",True,False,fresh,fresh,success,040d1773bb1501d1f86ca2d9028bed22e4dbfe9728922474bce44a5531b21b5a,"{""bytes"": 623467, ""path"": ""/Users/zhouzixiang/Desktop/zac/ZAC_zzx/results/physical_ga_main_v1/protocol.json"", ""sha256"": ""9bb0ae97d2f3f1536a5c496a65fe2e21e2192ce20830979dd75b30b0a3148fc7""}","{""bytes"": 1283, ""path"": ""/Users/zhouzixiang/Desktop/zac/ZAC_zzx/results/physical_ga_main_v1/receipts/040d1773bb1501d1-s1-ga_h2.json"", ""sha256"": ""650c65fe6881df92ba5cae94cbac0e1f40da8fbd7a1ba859d544842fa1509e40""}",9bb0ae97d2f3f1536a5c496a65fe2e21e2192ce20830979dd75b30b0a3148fc7,d1fab3aaa092939e281636e5182865245c839b6f137f7762fc773e601882716a,valid_fidelity,,,,,,,
qmap154,majority_239,2,040d1773bb1501d1f86ca2d9028bed22e4dbfe9728922474bce44a5531b21b5a,040d1773bb1501d1-s2-ga_h2,success,False,"{""fidelity"": 0.05284081222986462, ""idle_exposures"": 175.0, ""log_atom_transfer"": -0.7723862575264885, ""log_coherence_linear"": -0.24226630088331172, ""log_fidelity"": -2.9404714279498503, ""log_idle_excitation"": -0.4380477881707335, ""move_batches"": 351.0, ""move_time_us"": 36413.49675553621, ""transfers"": 772.0}",True,False,fresh,fresh,success,040d1773bb1501d1f86ca2d9028bed22e4dbfe9728922474bce44a5531b21b5a,"{""bytes"": 623467, ""path"": ""/Users/zhouzixiang/Desktop/zac/ZAC_zzx/results/physical_ga_main_v1/protocol.json"", ""sha256"": ""9bb0ae97d2f3f1536a5c496a65fe2e21e2192ce20830979dd75b30b0a3148fc7""}","{""bytes"": 1283, ""path"": ""/Users/zhouzixiang/Desktop/zac/ZAC_zzx/results/physical_ga_main_v1/receipts/040d1773bb1501d1-s2-ga_h2.json"", ""sha256"": ""ce2fcf677f1b0990784b1c3bdb38a63496273390ea8ca587bb69c29161747e77""}",9bb0ae97d2f3f1536a5c496a65fe2e21e2192ce20830979dd75b30b0a3148fc7,d1fab3aaa092939e281636e5182865245c839b6f137f7762fc773e601882716a,valid_fidelity,,,,,,,
qmap154,clip_206,0,061b2a34f02d68d66f40b60624ac224b6594505d785938da624cb18f9863a304,061b2a34f02d68d6-s0-ga_h2,success,True,"{""fidelity"": null, ""idle_exposures"": 12550.0, ""log_atom_transfer"": -44.55828285647629, ""log_coherence_linear"": null, ""log_fidelity"": null, ""log_idle_excitation"": -31.414284237386887, ""move_batches"": 19705.0, ""move_time_us"": 2028352.3142597282, ""transfers"": 44536.0}",False,False,fresh,fresh,success,061b2a34f02d68d66f40b60624ac224b6594505d785938da624cb18f9863a304,"{""bytes"": 623467, ""path"": ""/Users/zhouzixiang/Desktop/zac/ZAC_zzx/results/physical_ga_main_v1/protocol.json"", ""sha256"": ""9bb0ae97d2f3f1536a5c496a65fe2e21e2192ce20830979dd75b30b0a3148fc7""}","{""bytes"": 1284, ""path"": ""/Users/zhouzixiang/Desktop/zac/ZAC_zzx/results/physical_ga_main_v1/receipts/061b2a34f02d68d6-s0-ga_h2.json"", ""sha256"": ""d30fd97f404c3d9b9aa9f5be70cfe6592865a941dff8b0ba5c47d13e31b779b2""}",9bb0ae97d2f3f1536a5c496a65fe2e21e2192ce20830979dd75b30b0a3148fc7,d1fab3aaa092939e281636e5182865245c839b6f137f7762fc773e601882716a,model_out_of_domain,,,,,,,
qmap154,clip_206,1,061b2a34f02d68d66f40b60624ac224b6594505d785938da624cb18f9863a304,061b2a34f02d68d6-s1-ga_h2,success,True,"{""fidelity"": null, ""idle_exposures"": 12198.0, ""log_atom_transfer"": -44.68634689917498, ""log_coherence_linear"": null, ""log_fidelity"": null, ""log_idle_excitation"": -30.53318240060918, ""move_batches"": 19775.0, ""move_time_us"": 2034796.1068370526, ""transfers"": 44664.0}",False,False,fresh,fresh,success,061b2a34f02d68d66f40b60624ac224b6594505d785938da624cb18f9863a304,"{""bytes"": 623467, ""path"": ""/Users/zhouzixiang/Desktop/zac/ZAC_zzx/results/physical_ga_main_v1/protocol.json"", ""sha256"": ""9bb0ae97d2f3f1536a5c496a65fe2e21e2192ce20830979dd75b30b0a3148fc7""}","{""bytes"": 1285, ""path"": ""/Users/zhouzixiang/Desktop/zac/ZAC_zzx/results/physical_ga_main_v1/receipts/061b2a34f02d68d6-s1-ga_h2.json"", ""sha256"": ""d25769ad1e88f70a6c2a826d261863761bfc8f34cbf0e340182b8006e54bc150""}",9bb0ae97d2f3f1536a5c496a65fe2e21e2192ce20830979dd75b30b0a3148fc7,d1fab3aaa092939e281636e5182865245c839b6f137f7762fc773e601882716a,model_out_of_domain,,,,,,,
qmap154,clip_206,2,061b2a34f02d68d66f40b60624ac224b6594505d785938da624cb18f9863a304,061b2a34f02d68d6-s2-ga_h2,success,True,"{""fidelity"": null, ""idle_exposures"": 12706.0, ""log_atom_transfer"": -44.43622181577909, ""log_coherence_linear"": null, ""log_fidelity"": null, ""log_idle_excitation"": -31.804772551413368, ""move_batches"": 19641.0, ""move_time_us"": 2026540.3587218695, ""transfers"": 44414.0}",False,False,fresh,fresh,success,061b2a34f02d68d66f40b60624ac224b6594505d785938da624cb18f9863a304,"{""bytes"": 623467, ""path"": ""/Users/zhouzixiang/Desktop/zac/ZAC_zzx/results/physical_ga_main_v1/protocol.json"", ""sha256"": ""9bb0ae97d2f3f1536a5c496a65fe2e21e2192ce20830979dd75b30b0a3148fc7""}","{""bytes"": 1285, ""path"": ""/Users/zhouzixiang/Desktop/zac/ZAC_zzx/results/physical_ga_main_v1/receipts/061b2a34f02d68d6-s2-ga_h2.json"", ""sha256"": ""f9e3a1987a45ccffd1758906859c0c11bdacd4aa17acf1582c291b7e15c964d4""}",9bb0ae97d2f3f1536a5c496a65fe2e21e2192ce20830979dd75b30b0a3148fc7,d1fab3aaa092939e281636e5182865245c839b6f137f7762fc773e601882716a,model_out_of_domain,,,,,,,
qmap154,qe_qft_4,0,081979fd7492baf5b800ab2ecf9a40368544e0b330c139e248e5342892ed469a,081979fd7492baf5-s0-ga_h2,success,False,"{""fidelity"": 0.8250626960687514, ""idle_exposures"": 0.0, ""log_atom_transfer"": -0.04402201467767551, ""log_coherence_linear"": -0.010358449655731166, ""log_fidelity"": -0.19229590030009752, ""log_idle_excitation"": -0.0, ""move_batches"": 18.0, ""move_time_us"": 1977.817729024706, ""transfers"": 44.0}",True,False,fresh,fresh,success,081979fd7492baf5b800ab2ecf9a40368544e0b330c139e248e5342892ed469a,"{""bytes"": 623467, ""path"": ""/Users/zhouzixiang/Desktop/zac/ZAC_zzx/results/physical_ga_main_v1/protocol.json"", ""sha256"": ""9bb0ae97d2f3f1536a5c496a65fe2e21e2192ce20830979dd75b30b0a3148fc7""}","{""bytes"": 1279, ""path"": ""/Users/zhouzixiang/Desktop/zac/ZAC_zzx/results/physical_ga_main_v1/receipts/081979fd7492baf5-s0-ga_h2.json"", ""sha256"": ""dfa47d0078cf70398e3d0b12243040bfb417666e841f6f54b3eaead8377b7e58""}",9bb0ae97d2f3f1536a5c496a65fe2e21e2192ce20830979dd75b30b0a3148fc7,d1fab3aaa092939e281636e5182865245c839b6f137f7762fc773e601882716a,valid_fidelity,,,,,,,
qmap154,qe_qft_4,1,081979fd7492baf5b800ab2ecf9a40368544e0b330c139e248e5342892ed469a,081979fd7492baf5-s1-ga_h2,success,False,"{""fidelity"": 0.8255934575011386, ""idle_exposures"": 0.0, ""log_atom_transfer"": -0.04402201467767551, ""log_coherence_linear"": -0.009715358180221395, ""log_fidelity"": -0.19165280882458774, ""log_idle_excitation"": -0.0, ""move_batches"": 16.0, ""move_time_us"": 1667.2560168485002, ""transfers"": 44.0}",True,False,fresh,fresh,success,081979fd7492baf5b800ab2ecf9a40368544e0b330c139e248e5342892ed469a,"{""bytes"": 623467, ""path"": ""/Users/zhouzixiang/Desktop/zac/ZAC_zzx/results/physical_ga_main_v1/protocol.json"", ""sha256"": ""9bb0ae97d2f3f1536a5c496a65fe2e21e2192ce20830979dd75b30b0a3148fc7""}","{""bytes"": 1279, ""path"": ""/Users/zhouzixiang/Desktop/zac/ZAC_zzx/results/physical_ga_main_v1/receipts/081979fd7492baf5-s1-ga_h2.json"", ""sha256"": ""e0a569b87fdeee084a78930a5be5a9a908c61e208af9d7625c5ed8c55f7b4f28""}",9bb0ae97d2f3f1536a5c496a65fe2e21e2192ce20830979dd75b30b0a3148fc7,d1fab3aaa092939e281636e5182865245c839b6f137f7762fc773e601882716a,valid_fidelity,,,,,,,
qmap154,qe_qft_4,2,081979fd7492baf5b800ab2ecf9a40368544e0b330c139e248e5342892ed469a,081979fd7492baf5-s2-ga_h2,success,False,"{""fidelity"": 0.8255934575011386, ""idle_exposures"": 0.0, ""log_atom_transfer"": -0.04402201467767551, ""log_coherence_linear"": -0.009715358180221395, ""log_fidelity"": -0.19165280882458774, ""log_idle_excitation"": -0.0, ""move_batches"": 16.0, ""move_time_us"": 1667.2560168485002, ""transfers"": 44.0}",True,False,fresh,fresh,success,081979fd7492baf5b800ab2ecf9a40368544e0b330c139e248e5342892ed469a,"{""bytes"": 623467, ""path"": ""/Users/zhouzixiang/Desktop/zac/ZAC_zzx/results/physical_ga_main_v1/protocol.json"", ""sha256"": ""9bb0ae97d2f3f1536a5c496a65fe2e21e2192ce20830979dd75b30b0a3148fc7""}","{""bytes"": 1279, ""path"": ""/Users/zhouzixiang/Desktop/zac/ZAC_zzx/results/physical_ga_main_v1/receipts/081979fd7492baf5-s2-ga_h2.json"", ""sha256"": ""6c1f367f4e282f5059ffc0254548dd82a7bcf74f42d27534ee80b8b95e93ff1c""}",9bb0ae97d2f3f1536a5c496a65fe2e21e2192ce20830979dd75b30b0a3148fc7,d1fab3aaa092939e281636e5182865245c839b6f137f7762fc773e601882716a,valid_fidelity,,,,,,,
qmap154,hwb8_113,0,098a7e756517835d61b73098b65dcade06705dc6384a960ba0c8f6079b350618,098a7e756517835d-s0-ga_h2,success,True,"{""fidelity"": null, ""idle_exposures"": 21650.0, ""log_atom_transfer"": -91.27564543282584, ""log_coherence_linear"": null, ""log_fidelity"": null, ""log_idle_excitation"": -54.19276922226503, ""move_batches"": 40774.0, ""move_time_us"": 4160916.9290629216, ""transfers"": 91230.0}",False,False,fresh,fresh,success,098a7e756517835d61b73098b65dcade06705dc6384a960ba0c8f6079b350618,"{""bytes"": 623467, ""path"": ""/Users/zhouzixiang/Desktop/zac/ZAC_zzx/results/physical_ga_main_v1/protocol.json"", ""sha256"": ""9bb0ae97d2f3f1536a5c496a65fe2e21e2192ce20830979dd75b30b0a3148fc7""}","{""bytes"": 1286, ""path"": ""/Users/zhouzixiang/Desktop/zac/ZAC_zzx/results/physical_ga_main_v1/receipts/098a7e756517835d-s0-ga_h2.json"", ""sha256"": ""7b4758f1769e3a824b4cfcde2c5a05f2fd0fc2a5c3c4b904b1ba0a1453febf47""}",9bb0ae97d2f3f1536a5c496a65fe2e21e2192ce20830979dd75b30b0a3148fc7,d1fab3aaa092939e281636e5182865245c839b6f137f7762fc773e601882716a,model_out_of_domain,,,,,,,
qmap154,hwb8_113,1,098a7e756517835d61b73098b65dcade06705dc6384a960ba0c8f6079b350618,098a7e756517835d-s1-ga_h2,success,True,"{""fidelity"": null, ""idle_exposures"": 21790.0, ""log_atom_transfer"": -91.00350934209112, ""log_coherence_linear"": null, ""log_fidelity"": null, ""log_idle_excitation"": -54.54320745280161, ""move_batches"": 40746.0, ""move_time_us"": 4156341.3281895528, ""transfers"": 90958.0}",False,False,fresh,fresh,success,098a7e756517835d61b73098b65dcade06705dc6384a960ba0c8f6079b350618,"{""bytes"": 623467, ""path"": ""/Users/zhouzixiang/Desktop/zac/ZAC_zzx/results/physical_ga_main_v1/protocol.json"", ""sha256"": ""9bb0ae97d2f3f1536a5c496a65fe2e21e2192ce20830979dd75b30b0a3148fc7""}","{""bytes"": 1286, ""path"": ""/Users/zhouzixiang/Desktop/zac/ZAC_zzx/results/physical_ga_main_v1/receipts/098a7e756517835d-s1-ga_h2.json"", ""sha256"": ""b0dd27c21689a0e5a9a2a066f8f3cb2bd05fb4bf3f37e4f0d3ca2f3186507ecd""}",9bb0ae97d2f3f1536a5c496a65fe2e21e2192ce20830979dd75b30b0a3148fc7,d1fab3aaa092939e281636e5182865245c839b6f137f7762fc773e601882716a,model_out_of_domain,,,,,,,
qmap154,hwb8_113,2,098a7e756517835d61b73098b65dcade06705dc6384a960ba0c8f6079b350618,098a7e756517835d-s2-ga_h2,success,True,"{""fidelity"": null, ""idle_exposures"": 21856.0, ""log_atom_transfer"": -91.1015583747823, ""log_coherence_linear"": null, ""log_fidelity"": null, ""log_idle_excitation"": -54.70841404719743, ""move_batches"": 40766.0, ""move_time_us"": 4161116.0750164883, ""transfers"": 91056.0}",False,False,fresh,fresh,success,098a7e756517835d61b73098b65dcade06705dc6384a960ba0c8f6079b350618,"{""bytes"": 623467, ""path"": ""/Users/zhouzixiang/Desktop/zac/ZAC_zzx/results/physical_ga_main_v1/protocol.json"", ""sha256"": ""9bb0ae97d2f3f1536a5c496a65fe2e21e2192ce20830979dd75b30b0a3148fc7""}","{""bytes"": 1286, ""path"": ""/Users/zhouzixiang/Desktop/zac/ZAC_zzx/results/physical_ga_main_v1/receipts/098a7e756517835d-s2-ga_h2.json"", ""sha256"": ""fb60e2f73ee54d489aa11e93a9bf5d7d8e2ad2744658f3756a834e3fb0ac7225""}",9bb0ae97d2f3f1536a5c496a65fe2e21e2192ce20830979dd75b30b0a3148fc7,d1fab3aaa092939e281636e5182865245c839b6f137f7762fc773e601882716a,model_out_of_domain,,,,,,,
qmap154,one-two-three-v0_98,0,0a0d73bbac4f2706db89eac74c34669b900537059d81b0bf2094c7f97d0304a3,0a0d73bbac4f2706-s0-ga_h2,success,False,"{""fidelity"": 0.5028756487667793, ""idle_exposures"": 43.0, ""log_atom_transfer"": -0.17808905937786912, ""log_coherence_linear"": -0.03956803522103875, ""log_fidelity"": -0.6874123585976221, ""log_idle_excitation"": -0.1076345993790945, ""move_batches"": 84.0, ""move_time_us"": 8663.45870928274, ""transfers"": 178.0}",True,False,fresh,fresh,success,0a0d73bbac4f2706db89eac74c34669b900537059d81b0bf2094c7f97d0304a3,"{""bytes"": 623467, ""path"": ""/Users/zhouzixiang/Desktop/zac/ZAC_zzx/results/physical_ga_main_v1/protocol.json"", ""sha256"": ""9bb0ae97d2f3f1536a5c496a65fe2e21e2192ce20830979dd75b30b0a3148fc7""}","{""bytes"": 1291, ""path"": ""/Users/zhouzixiang/Desktop/zac/ZAC_zzx/results/physical_ga_main_v1/receipts/0a0d73bbac4f2706-s0-ga_h2.json"", ""sha256"": ""20fbc8508dc00626fb5af8fb31fbb7da9f0ed3a5a00699ae3d0a608f6fdf3be0""}",9bb0ae97d2f3f1536a5c496a65fe2e21e2192ce20830979dd75b30b0a3148fc7,d1fab3aaa092939e281636e5182865245c839b6f137f7762fc773e601882716a,valid_fidelity,,,,,,,
qmap154,one-two-three-v0_98,1,0a0d73bbac4f2706db89eac74c34669b900537059d81b0bf2094c7f97d0304a3,0a0d73bbac4f2706-s1-ga_h2,success,False,"{""fidelity"": 0.5034679996729426, ""idle_exposures"": 43.0, ""log_atom_transfer"": -0.17608805871070204, ""log_coherence_linear"": -0.04039180189762531, ""log_fidelity"": -0.6862351246070415, ""log_idle_excitation"": -0.1076345993790945, ""move_batches"": 83.0, ""move_time_us"": 8705.734046121583, ""transfers"": 176.0}",True,False,fresh,fresh,success,0a0d73bbac4f2706db89eac74c34669b900537059d81b0bf2094c7f97d0304a3,"{""bytes"": 623467, ""path"": ""/Users/zhouzixiang/Desktop/zac/ZAC_zzx/results/physical_ga_main_v1/protocol.json"", ""sha256"": ""9bb0ae97d2f3f1536a5c496a65fe2e21e2192ce20830979dd75b30b0a3148fc7""}","{""bytes"": 1291, ""path"": ""/Users/zhouzixiang/Desktop/zac/ZAC_zzx/results/physical_ga_main_v1/receipts/0a0d73bbac4f2706-s1-ga_h2.json"", ""sha256"": ""f1cb1c062cfeedd62f0a1d398414aa197565ff275d8ef32166821ceb7b9a0d67""}",9bb0ae97d2f3f1536a5c496a65fe2e21e2192ce20830979dd75b30b0a3148fc7,d1fab3aaa092939e281636e5182865245c839b6f137f7762fc773e601882716a,valid_fidelity,,,,,,,
qmap154,one-two-three-v0_98,2,0a0d73bbac4f2706db89eac74c34669b900537059d81b0bf2094c7f97d0304a3,0a0d73bbac4f2706-s2-ga_h2,success,False,"{""fidelity"": 0.503225281494482, ""idle_exposures"": 43.0, ""log_atom_transfer"": -0.17808905937786912, ""log_coherence_linear"": -0.03887301003765796, ""log_fidelity"": -0.6867173334142412, ""log_idle_excitation"": -0.1076345993790945, ""move_batches"": 83.0, ""move_time_us"": 8431.048025319718, ""transfers"": 178.0}",True,False,fresh,fresh,success,0a0d73bbac4f2706db89eac74c34669b900537059d81b0bf2094c7f97d0304a3,"{""bytes"": 623467, ""path"": ""/Users/zhouzixiang/Desktop/zac/ZAC_zzx/results/physical_ga_main_v1/protocol.json"", ""sha256"": ""9bb0ae97d2f3f1536a5c496a65fe2e21e2192ce20830979dd75b30b0a3148fc7""}","{""bytes"": 1291, ""path"": ""/Users/zhouzixiang/Desktop/zac/ZAC_zzx/results/physical_ga_main_v1/receipts/0a0d73bbac4f2706-s2-ga_h2.json"", ""sha256"": ""039910a4c0538f44c780beb1341494a71a8b02bdd327aacbbe29aaa3f800d023""}",9bb0ae97d2f3f1536a5c496a65fe2e21e2192ce20830979dd75b30b0a3148fc7,d1fab3aaa092939e281636e5182865245c839b6f137f7762fc773e601882716a,valid_fidelity,,,,,,,
qmap154,urf3_155,0,0c55a40c9f7259ed883713b1089a34fb52d3bbc047f58e264486f7f2e9ca7447,0c55a40c9f7259ed-s0-ga_h2,timeout,,{},False,False,fresh,fresh,timeout,0c55a40c9f7259ed883713b1089a34fb52d3bbc047f58e264486f7f2e9ca7447,"{""bytes"": 623467, ""path"": ""/Users/zhouzixiang/Desktop/zac/ZAC_zzx/results/physical_ga_main_v1/protocol.json"", ""sha256"": ""9bb0ae97d2f3f1536a5c496a65fe2e21e2192ce20830979dd75b30b0a3148fc7""}","{""bytes"": 1010, ""path"": ""/Users/zhouzixiang/Desktop/zac/ZAC_zzx/results/physical_ga_main_v1/receipts/0c55a40c9f7259ed-s0-ga_h2.json"", ""sha256"": ""3adb5509fe102a3a62ce89f7154d9b71b9d9deb62759a2ddd085d99b78e31081""}",,,timeout,,,/Users/zhouzixiang/Desktop/zac/ZAC_zzx/results/physical_ga_main_v1/receipts/0c55a40c9f7259ed-s0-ga_h2.json,3adb5509fe102a3a62ce89f7154d9b71b9d9deb62759a2ddd085d99b78e31081,terminal_receipt,,
qmap154,urf3_155,1,0c55a40c9f7259ed883713b1089a34fb52d3bbc047f58e264486f7f2e9ca7447,0c55a40c9f7259ed-s1-ga_h2,timeout,,{},False,False,fresh,fresh,timeout,0c55a40c9f7259ed883713b1089a34fb52d3bbc047f58e264486f7f2e9ca7447,"{""bytes"": 623467, ""path"": ""/Users/zhouzixiang/Desktop/zac/ZAC_zzx/results/physical_ga_main_v1/protocol.json"", ""sha256"": ""9bb0ae97d2f3f1536a5c496a65fe2e21e2192ce20830979dd75b30b0a3148fc7""}","{""bytes"": 1010, ""path"": ""/Users/zhouzixiang/Desktop/zac/ZAC_zzx/results/physical_ga_main_v1/receipts/0c55a40c9f7259ed-s1-ga_h2.json"", ""sha256"": ""e1ce3ddbecf4dde55b90e24c8b4c9b96c11240fcc7efe228e5c7f40c32f9d432""}",,,timeout,,,/Users/zhouzixiang/Desktop/zac/ZAC_zzx/results/physical_ga_main_v1/receipts/0c55a40c9f7259ed-s1-ga_h2.json,e1ce3ddbecf4dde55b90e24c8b4c9b96c11240fcc7efe228e5c7f40c32f9d432,terminal_receipt,,
qmap154,urf3_155,2,0c55a40c9f7259ed883713b1089a34fb52d3bbc047f58e264486f7f2e9ca7447,0c55a40c9f7259ed-s2-ga_h2,timeout,,{},False,False,fresh,fresh,timeout,0c55a40c9f7259ed883713b1089a34fb52d3bbc047f58e264486f7f2e9ca7447,"{""bytes"": 623467, ""path"": ""/Users/zhouzixiang/Desktop/zac/ZAC_zzx/results/physical_ga_main_v1/protocol.json"", ""sha256"": ""9bb0ae97d2f3f1536a5c496a65fe2e21e2192ce20830979dd75b30b0a3148fc7""}","{""bytes"": 1010, ""path"": ""/Users/zhouzixiang/Desktop/zac/ZAC_zzx/results/physical_ga_main_v1/receipts/0c55a40c9f7259ed-s2-ga_h2.json"", ""sha256"": ""b8697ee0f4fcf171656e016926d55dd51e094c8f135039df489c5c5dc7f4d198""}",,,timeout,,,/Users/zhouzixiang/Desktop/zac/ZAC_zzx/results/physical_ga_main_v1/receipts/0c55a40c9f7259ed-s2-ga_h2.json,b8697ee0f4fcf171656e016926d55dd51e094c8f135039df489c5c5dc7f4d198,terminal_receipt,,
zac18,ghz_n23,0,0c57c9a79d2a187a90c2266ec22ad092f7f0ef573557f51b42f136c4db7f5afd,0c57c9a79d2a187a-s0-ga_h2,success,False,"{""fidelity"": 0.74037064773527, ""idle_exposures"": 0.0, ""log_atom_transfer"": -0.08804402935535102, ""log_coherence_linear"": -0.08878236798374617, ""log_fidelity"": -0.30060434286216114, ""log_idle_excitation"": -0.0, ""move_batches"": 43.0, ""move_time_us"": 4682.892575079818, ""transfers"": 88.0}",True,False,reused,fresh,success,0c57c9a79d2a187a90c2266ec22ad092f7f0ef573557f51b42f136c4db7f5afd,"{""bytes"": 120460, ""path"": ""/Users/zhouzixiang/Desktop/zac/ZAC_zzx/results/physical_ga_initial_v1/corrected_driver_v1/protocol.json"", ""sha256"": ""634fb00b81921a7f81494cbeaaf4749cf9fe3bcfffdbd34f6488c496ea0244d7""}","{""bytes"": 1354, ""path"": ""/Users/zhouzixiang/Desktop/zac/ZAC_zzx/results/physical_ga_initial_v1/corrected_driver_v1/receipts/0c57c9a79d2a187a-s0-ga_h2.json"", ""sha256"": ""86f41e5eab50222f741a361440b408a93318bea54715df6f223c3dcd398f18c7""}",634fb00b81921a7f81494cbeaaf4749cf9fe3bcfffdbd34f6488c496ea0244d7,715e166529a9198763afc2134df560a1133fc23906da0285528991c343baaa46,valid_fidelity,,,,,,,
zac18,ghz_n23,1,0c57c9a79d2a187a90c2266ec22ad092f7f0ef573557f51b42f136c4db7f5afd,0c57c9a79d2a187a-s1-ga_h2,success,False,"{""fidelity"": 0.740868860585956, ""idle_exposures"": 0.0, ""log_atom_transfer"": -0.08804402935535102, ""log_coherence_linear"": -0.08810967073704845, ""log_fidelity"": -0.2999316456154634, ""log_idle_excitation"": -0.0, ""move_batches"": 43.0, ""move_time_us"": 4639.189398713698, ""transfers"": 88.0}",True,False,reused,fresh,success,0c57c9a79d2a187a90c2266ec22ad092f7f0ef573557f51b42f136c4db7f5afd,"{""bytes"": 120460, ""path"": ""/Users/zhouzixiang/Desktop/zac/ZAC_zzx/results/physical_ga_initial_v1/corrected_driver_v1/protocol.json"", ""sha256"": ""634fb00b81921a7f81494cbeaaf4749cf9fe3bcfffdbd34f6488c496ea0244d7""}","{""bytes"": 1354, ""path"": ""/Users/zhouzixiang/Desktop/zac/ZAC_zzx/results/physical_ga_initial_v1/corrected_driver_v1/receipts/0c57c9a79d2a187a-s1-ga_h2.json"", ""sha256"": ""611d605492cd711e9a949a10b54edcc28f2c8eadc8b525753f72d770825bfa24""}",634fb00b81921a7f81494cbeaaf4749cf9fe3bcfffdbd34f6488c496ea0244d7,715e166529a9198763afc2134df560a1133fc23906da0285528991c343baaa46,valid_fidelity,,,,,,,
zac18,ghz_n23,2,0c57c9a79d2a187a90c2266ec22ad092f7f0ef573557f51b42f136c4db7f5afd,0c57c9a79d2a187a-s2-ga_h2,success,False,"{""fidelity"": 0.7407702959971929, ""idle_exposures"": 0.0, ""log_atom_transfer"": -0.08804402935535102, ""log_coherence_linear"": -0.08824271877168033, ""log_fidelity"": -0.3000646936500953, ""log_idle_excitation"": -0.0, ""move_batches"": 43.0, ""move_time_us"": 4647.833242531537, ""transfers"": 88.0}",True,False,reused,fresh,success,0c57c9a79d2a187a90c2266ec22ad092f7f0ef573557f51b42f136c4db7f5afd,"{""bytes"": 120460, ""path"": ""/Users/zhouzixiang/Desktop/zac/ZAC_zzx/results/physical_ga_initial_v1/corrected_driver_v1/protocol.json"", ""sha256"": ""634fb00b81921a7f81494cbeaaf4749cf9fe3bcfffdbd34f6488c496ea0244d7""}","{""bytes"": 1354, ""path"": ""/Users/zhouzixiang/Desktop/zac/ZAC_zzx/results/physical_ga_initial_v1/corrected_driver_v1/receipts/0c57c9a79d2a187a-s2-ga_h2.json"", ""sha256"": ""57a43dbbc10f2009bc2e2eece3e1ed0a1fd6921e681a8ce3c8f6354db39c9325""}",634fb00b81921a7f81494cbeaaf4749cf9fe3bcfffdbd34f6488c496ea0244d7,715e166529a9198763afc2134df560a1133fc23906da0285528991c343baaa46,valid_fidelity,,,,,,,
qmap154,rd32_270,0,0d21004070d0a6614961fe081dffc6b68f22d145e1bac2b93deac3a6cbd14dbf,0d21004070d0a661-s0-ga_h2,success,False,"{""fidelity"": 0.6830344244325508, ""idle_exposures"": 25.0, ""log_atom_transfer"": -0.09604803202401929, ""log_coherence_linear"": -0.021429120131149167, ""log_fidelity"": -0.3812100188768621, ""log_idle_excitation"": -0.06257825545296192, ""move_batches"": 47.0, ""move_time_us"": 4669.915258683363, ""transfers"": 96.0}",True,False,fresh,fresh,success,0d21004070d0a6614961fe081dffc6b68f22d145e1bac2b93deac3a6cbd14dbf,"{""bytes"": 623467, ""path"": ""/Users/zhouzixiang/Desktop/zac/ZAC_zzx/results/physical_ga_main_v1/protocol.json"", ""sha256"": ""9bb0ae97d2f3f1536a5c496a65fe2e21e2192ce20830979dd75b30b0a3148fc7""}","{""bytes"": 1278, ""path"": ""/Users/zhouzixiang/Desktop/zac/ZAC_zzx/results/physical_ga_main_v1/receipts/0d21004070d0a661-s0-ga_h2.json"", ""sha256"": ""42f0c106f89775bed14a979fd1d5c1c602cd0fa45218e77259fd09f43c67e5ab""}",9bb0ae97d2f3f1536a5c496a65fe2e21e2192ce20830979dd75b30b0a3148fc7,d1fab3aaa092939e281636e5182865245c839b6f137f7762fc773e601882716a,valid_fidelity,,,,,,,
qmap154,rd32_270,1,0d21004070d0a6614961fe081dffc6b68f22d145e1bac2b93deac3a6cbd14dbf,0d21004070d0a661-s1-ga_h2,success,False,"{""fidelity"": 0.6830344244325508, ""idle_exposures"": 25.0, ""log_atom_transfer"": -0.09604803202401929, ""log_coherence_linear"": -0.021429120131149167, ""log_fidelity"": -0.3812100188768621, ""log_idle_excitation"": -0.06257825545296192, ""move_batches"": 47.0, ""move_time_us"": 4669.915258683363, ""transfers"": 96.0}",True,False,fresh,fresh,success,0d21004070d0a6614961fe081dffc6b68f22d145e1bac2b93deac3a6cbd14dbf,"{""bytes"": 623467, ""path"": ""/Users/zhouzixiang/Desktop/zac/ZAC_zzx/results/physical_ga_main_v1/protocol.json"", ""sha256"": ""9bb0ae97d2f3f1536a5c496a65fe2e21e2192ce20830979dd75b30b0a3148fc7""}","{""bytes"": 1280, ""path"": ""/Users/zhouzixiang/Desktop/zac/ZAC_zzx/results/physical_ga_main_v1/receipts/0d21004070d0a661-s1-ga_h2.json"", ""sha256"": ""c8e4b996782624a7b4f3ae51593cbbd86857aa2973c121c3143b2e7348cd9eb0""}",9bb0ae97d2f3f1536a5c496a65fe2e21e2192ce20830979dd75b30b0a3148fc7,d1fab3aaa092939e281636e5182865245c839b6f137f7762fc773e601882716a,valid_fidelity,,,,,,,
qmap154,rd32_270,2,0d21004070d0a6614961fe081dffc6b68f22d145e1bac2b93deac3a6cbd14dbf,0d21004070d0a661-s2-ga_h2,success,False,"{""fidelity"": 0.6827806883628065, ""idle_exposures"": 25.0, ""log_atom_transfer"": -0.09604803202401929, ""log_coherence_linear"": -0.02180067272313073, ""log_fidelity"": -0.3815815714688437, ""log_idle_excitation"": -0.06257825545296192, ""move_batches"": 47.0, ""move_time_us"": 4780.900210484001, ""transfers"": 96.0}",True,False,fresh,fresh,success,0d21004070d0a6614961fe081dffc6b68f22d145e1bac2b93deac3a6cbd14dbf,"{""bytes"": 623467, ""path"": ""/Users/zhouzixiang/Desktop/zac/ZAC_zzx/results/physical_ga_main_v1/protocol.json"", ""sha256"": ""9bb0ae97d2f3f1536a5c496a65fe2e21e2192ce20830979dd75b30b0a3148fc7""}","{""bytes"": 1279, ""path"": ""/Users/zhouzixiang/Desktop/zac/ZAC_zzx/results/physical_ga_main_v1/receipts/0d21004070d0a661-s2-ga_h2.json"", ""sha256"": ""578c09cfc6bda0c01ecc22a63112e9ac64e8e92f6d06f49306e130f5d5182efe""}",9bb0ae97d2f3f1536a5c496a65fe2e21e2192ce20830979dd75b30b0a3148fc7,d1fab3aaa092939e281636e5182865245c839b6f137f7762fc773e601882716a,valid_fidelity,,,,,,,
qmap154,urf4_187,0,11e30776f79843ad4e7b6d4e62727fc4bd683f9cef5c0ec80fefab01e6d907f8,11e30776f79843ad-s0-ga_h2,timeout,,{},False,False,fresh,fresh,timeout,11e30776f79843ad4e7b6d4e62727fc4bd683f9cef5c0ec80fefab01e6d907f8,"{""bytes"": 623467, ""path"": ""/Users/zhouzixiang/Desktop/zac/ZAC_zzx/results/physical_ga_main_v1/protocol.json"", ""sha256"": ""9bb0ae97d2f3f1536a5c496a65fe2e21e2192ce20830979dd75b30b0a3148fc7""}","{""bytes"": 1010, ""path"": ""/Users/zhouzixiang/Desktop/zac/ZAC_zzx/results/physical_ga_main_v1/receipts/11e30776f79843ad-s0-ga_h2.json"", ""sha256"": ""42eac60d1da7a629d94c93755f44d36d7c2d9afa98511dde10919b6d3d3b7d9a""}",,,timeout,,,/Users/zhouzixiang/Desktop/zac/ZAC_zzx/results/physical_ga_main_v1/receipts/11e30776f79843ad-s0-ga_h2.json,42eac60d1da7a629d94c93755f44d36d7c2d9afa98511dde10919b6d3d3b7d9a,terminal_receipt,,
qmap154,urf4_187,1,11e30776f79843ad4e7b6d4e62727fc4bd683f9cef5c0ec80fefab01e6d907f8,11e30776f79843ad-s1-ga_h2,timeout,,{},False,False,fresh,fresh,timeout,11e30776f79843ad4e7b6d4e62727fc4bd683f9cef5c0ec80fefab01e6d907f8,"{""bytes"": 623467, ""path"": ""/Users/zhouzixiang/Desktop/zac/ZAC_zzx/results/physical_ga_main_v1/protocol.json"", ""sha256"": ""9bb0ae97d2f3f1536a5c496a65fe2e21e2192ce20830979dd75b30b0a3148fc7""}","{""bytes"": 1010, ""path"": ""/Users/zhouzixiang/Desktop/zac/ZAC_zzx/results/physical_ga_main_v1/receipts/11e30776f79843ad-s1-ga_h2.json"", ""sha256"": ""474a3c5ed38cb9200effe6b9cc020e6d7f9d3d2f4435369f8c760e2a284fce13""}",,,timeout,,,/Users/zhouzixiang/Desktop/zac/ZAC_zzx/results/physical_ga_main_v1/receipts/11e30776f79843ad-s1-ga_h2.json,474a3c5ed38cb9200effe6b9cc020e6d7f9d3d2f4435369f8c760e2a284fce13,terminal_receipt,,
qmap154,urf4_187,2,11e30776f79843ad4e7b6d4e62727fc4bd683f9cef5c0ec80fefab01e6d907f8,11e30776f79843ad-s2-ga_h2,timeout,,{},False,False,fresh,fresh,timeout,11e30776f79843ad4e7b6d4e62727fc4bd683f9cef5c0ec80fefab01e6d907f8,"{""bytes"": 623467, ""path"": ""/Users/zhouzixiang/Desktop/zac/ZAC_zzx/results/physical_ga_main_v1/protocol.json"", ""sha256"": ""9bb0ae97d2f3f1536a5c496a65fe2e21e2192ce20830979dd75b30b0a3148fc7""}","{""bytes"": 1009, ""path"": ""/Users/zhouzixiang/Desktop/zac/ZAC_zzx/results/physical_ga_main_v1/receipts/11e30776f79843ad-s2-ga_h2.json"", ""sha256"": ""7dca37a2f56d68ed626f2b121988dfba48824afe5476c0ab4d9fe17c26860763""}",,,timeout,,,/Users/zhouzixiang/Desktop/zac/ZAC_zzx/results/physical_ga_main_v1/receipts/11e30776f79843ad-s2-ga_h2.json,7dca37a2f56d68ed626f2b121988dfba48824afe5476c0ab4d9fe17c26860763,terminal_receipt,,
qmap154,4mod7-v0_94,0,128f4fc145f17a5c3292150a1026e96555931cd0f863e3eed45c36c456983d23,128f4fc145f17a5c-s0-ga_h2,success,False,"{""fidelity"": 0.4726304653987163, ""idle_exposures"": 49.0, ""log_atom_transfer"": -0.19409706471520566, ""log_coherence_linear"": -0.04280722869436017, ""log_fidelity"": -0.7494414529157303, ""log_idle_excitation"": -0.12265338068780537, ""move_batches"": 91.0, ""move_time_us"": 9534.136427960746, ""transfers"": 194.0}",True,False,fresh,fresh,success,128f4fc145f17a5c3292150a1026e96555931cd0f863e3eed45c36c456983d23,"{""bytes"": 623467, ""path"": ""/Users/zhouzixiang/Desktop/zac/ZAC_zzx/results/physical_ga_main_v1/protocol.json"", ""sha256"": ""9bb0ae97d2f3f1536a5c496a65fe2e21e2192ce20830979dd75b30b0a3148fc7""}","{""bytes"": 1283, ""path"": ""/Users/zhouzixiang/Desktop/zac/ZAC_zzx/results/physical_ga_main_v1/receipts/128f4fc145f17a5c-s0-ga_h2.json"", ""sha256"": ""bfdb5f7cdb00ee55d3fa67818bd60500108b23cf564d14f198c78acdb5bfa7e1""}",9bb0ae97d2f3f1536a5c496a65fe2e21e2192ce20830979dd75b30b0a3148fc7,d1fab3aaa092939e281636e5182865245c839b6f137f7762fc773e601882716a,valid_fidelity,,,,,,,
qmap154,4mod7-v0_94,1,128f4fc145f17a5c3292150a1026e96555931cd0f863e3eed45c36c456983d23,128f4fc145f17a5c-s1-ga_h2,success,False,"{""fidelity"": 0.4726222851498653, ""idle_exposures"": 49.0, ""log_atom_transfer"": -0.19409706471520566, ""log_coherence_linear"": -0.042824536761110386, ""log_fidelity"": -0.7494587609824805, ""log_idle_excitation"": -0.12265338068780537, ""move_batches"": 91.0, ""move_time_us"": 9539.284574014497, ""transfers"": 194.0}",True,False,fresh,fresh,success,128f4fc145f17a5c3292150a1026e96555931cd0f863e3eed45c36c456983d23,"{""bytes"": 623467, ""path"": ""/Users/zhouzixiang/Desktop/zac/ZAC_zzx/results/physical_ga_main_v1/protocol.json"", ""sha256"": ""9bb0ae97d2f3f1536a5c496a65fe2e21e2192ce20830979dd75b30b0a3148fc7""}","{""bytes"": 1283, ""path"": ""/Users/zhouzixiang/Desktop/zac/ZAC_zzx/results/physical_ga_main_v1/receipts/128f4fc145f17a5c-s1-ga_h2.json"", ""sha256"": ""4959ed3f59d3317e0df98f88dd0cff3655c9df65dc0985e3d0fe13c86c4cb00f""}",9bb0ae97d2f3f1536a5c496a65fe2e21e2192ce20830979dd75b30b0a3148fc7,d1fab3aaa092939e281636e5182865245c839b6f137f7762fc773e601882716a,valid_fidelity,,,,,,,
qmap154,4mod7-v0_94,2,128f4fc145f17a5c3292150a1026e96555931cd0f863e3eed45c36c456983d23,128f4fc145f17a5c-s2-ga_h2,success,False,"{""fidelity"": 0.47285957319065497, ""idle_exposures"": 49.0, ""log_atom_transfer"": -0.19409706471520566, ""log_coherence_linear"": -0.042322595780057495, ""log_fidelity"": -0.7489568200014276, ""log_idle_excitation"": -0.12265338068780537, ""move_batches"": 91.0, ""move_time_us"": 9270.928943975958, ""transfers"": 194.0}",True,False,fresh,fresh,success,128f4fc145f17a5c3292150a1026e96555931cd0f863e3eed45c36c456983d23,"{""bytes"": 623467, ""path"": ""/Users/zhouzixiang/Desktop/zac/ZAC_zzx/results/physical_ga_main_v1/protocol.json"", ""sha256"": ""9bb0ae97d2f3f1536a5c496a65fe2e21e2192ce20830979dd75b30b0a3148fc7""}","{""bytes"": 1282, ""path"": ""/Users/zhouzixiang/Desktop/zac/ZAC_zzx/results/physical_ga_main_v1/receipts/128f4fc145f17a5c-s2-ga_h2.json"", ""sha256"": ""a0f45966f5dba2fb94868d50f033817d0ab3deea47e1f6454f4c3d1e5bd0fda9""}",9bb0ae97d2f3f1536a5c496a65fe2e21e2192ce20830979dd75b30b0a3148fc7,d1fab3aaa092939e281636e5182865245c839b6f137f7762fc773e601882716a,valid_fidelity,,,,,,,
qmap154,ground_state_estimation_10,0,1339e2c7e5bc81127fa6ab1721b679c0a6f525f4446d354f7ed78b8331f01fac,1339e2c7e5bc8112-s0-ga_h2,success,False,"{""fidelity"": 0.9712899675576728, ""idle_exposures"": 0.0, ""log_atom_transfer"": -0.0040020013343341375, ""log_coherence_linear"": -0.006190015586420715, ""log_fidelity"": -0.02913022750841361, ""log_idle_excitation"": -0.0, ""move_batches"": 1.0, ""move_time_us"": 93.76188627157063, ""transfers"": 4.0}",True,False,fresh,fresh,success,1339e2c7e5bc81127fa6ab1721b679c0a6f525f4446d354f7ed78b8331f01fac,"{""bytes"": 623467, ""path"": ""/Users/zhouzixiang/Desktop/zac/ZAC_zzx/results/physical_ga_main_v1/protocol.json"", ""sha256"": ""9bb0ae97d2f3f1536a5c496a65fe2e21e2192ce20830979dd75b30b0a3148fc7""}","{""bytes"": 1297, ""path"": ""/Users/zhouzixiang/Desktop/zac/ZAC_zzx/results/physical_ga_main_v1/receipts/1339e2c7e5bc8112-s0-ga_h2.json"", ""sha256"": ""74f7fa208f4075d4b7af528d0f759b216996725b25df44bcfdb432b589747761""}",9bb0ae97d2f3f1536a5c496a65fe2e21e2192ce20830979dd75b30b0a3148fc7,d1fab3aaa092939e281636e5182865245c839b6f137f7762fc773e601882716a,valid_fidelity,,,,,,,
qmap154,ground_state_estimation_10,1,1339e2c7e5bc81127fa6ab1721b679c0a6f525f4446d354f7ed78b8331f01fac,1339e2c7e5bc8112-s1-ga_h2,success,False,"{""fidelity"": 0.970979375724022, ""idle_exposures"": 0.0, ""log_atom_transfer"": -0.0040020013343341375, ""log_coherence_linear"": -0.0065098392374221565, ""log_fidelity"": -0.029450051159415055, ""log_idle_excitation"": -0.0, ""move_batches"": 1.0, ""move_time_us"": 130.64659422385427, ""transfers"": 4.0}",True,False,fresh,fresh,success,1339e2c7e5bc81127fa6ab1721b679c0a6f525f4446d354f7ed78b8331f01fac,"{""bytes"": 623467, ""path"": ""/Users/zhouzixiang/Desktop/zac/ZAC_zzx/results/physical_ga_main_v1/protocol.json"", ""sha256"": ""9bb0ae97d2f3f1536a5c496a65fe2e21e2192ce20830979dd75b30b0a3148fc7""}","{""bytes"": 1297, ""path"": ""/Users/zhouzixiang/Desktop/zac/ZAC_zzx/results/physical_ga_main_v1/receipts/1339e2c7e5bc8112-s1-ga_h2.json"", ""sha256"": ""7d5fd5471e4a7ebe5d380cb7292024b51395ee17d4d155ea9c6266b6d58ed255""}",9bb0ae97d2f3f1536a5c496a65fe2e21e2192ce20830979dd75b30b0a3148fc7,d1fab3aaa092939e281636e5182865245c839b6f137f7762fc773e601882716a,valid_fidelity,,,,,,,
qmap154,ground_state_estimation_10,2,1339e2c7e5bc81127fa6ab1721b679c0a6f525f4446d354f7ed78b8331f01fac,1339e2c7e5bc8112-s2-ga_h2,success,False,"{""fidelity"": 0.9710227207614485, ""idle_exposures"": 0.0, ""log_atom_transfer"": -0.0040020013343341375, ""log_coherence_linear"": -0.006465199700202187, ""log_fidelity"": -0.029405411622195083, ""log_idle_excitation"": -0.0, ""move_batches"": 1.0, ""move_time_us"": 125.49844817010268, ""transfers"": 4.0}",True,False,fresh,fresh,success,1339e2c7e5bc81127fa6ab1721b679c0a6f525f4446d354f7ed78b8331f01fac,"{""bytes"": 623467, ""path"": ""/Users/zhouzixiang/Desktop/zac/ZAC_zzx/results/physical_ga_main_v1/protocol.json"", ""sha256"": ""9bb0ae97d2f3f1536a5c496a65fe2e21e2192ce20830979dd75b30b0a3148fc7""}","{""bytes"": 1298, ""path"": ""/Users/zhouzixiang/Desktop/zac/ZAC_zzx/results/physical_ga_main_v1/receipts/1339e2c7e5bc8112-s2-ga_h2.json"", ""sha256"": ""d8ce265ae95db0cb92ea0acea0e62832b2b3bc3852cea06c4fbf239a9c6464e2""}",9bb0ae97d2f3f1536a5c496a65fe2e21e2192ce20830979dd75b30b0a3148fc7,d1fab3aaa092939e281636e5182865245c839b6f137f7762fc773e601882716a,valid_fidelity,,,,,,,
qmap154,alu-bdd_288,0,13f4bceb146bbcba79157a59457fb4180968dfbf0e27e986fd3a79153e3c761d,13f4bceb146bbcba-s0-ga_h2,success,False,"{""fidelity"": 0.6542134335598595, ""idle_exposures"": 27.0, ""log_atom_transfer"": -0.11005503669418878, ""log_coherence_linear"": -0.03430220222167021, ""log_fidelity"": -0.4243216297568862, ""log_idle_excitation"": -0.06758451588919888, ""move_batches"": 49.0, ""move_time_us"": 4889.963985794542, ""transfers"": 110.0}",True,False,fresh,fresh,success,13f4bceb146bbcba79157a59457fb4180968dfbf0e27e986fd3a79153e3c761d,"{""bytes"": 623467, ""path"": ""/Users/zhouzixiang/Desktop/zac/ZAC_zzx/results/physical_ga_main_v1/protocol.json"", ""sha256"": ""9bb0ae97d2f3f1536a5c496a65fe2e21e2192ce20830979dd75b30b0a3148fc7""}","{""bytes"": 1282, ""path"": ""/Users/zhouzixiang/Desktop/zac/ZAC_zzx/results/physical_ga_main_v1/receipts/13f4bceb146bbcba-s0-ga_h2.json"", ""sha256"": ""dea7c29849c8a76a89fb703a72aea0b1896311791d7684c844443d2a94faf57d""}",9bb0ae97d2f3f1536a5c496a65fe2e21e2192ce20830979dd75b30b0a3148fc7,d1fab3aaa092939e281636e5182865245c839b6f137f7762fc773e601882716a,valid_fidelity,,,,,,,
qmap154,alu-bdd_288,1,13f4bceb146bbcba79157a59457fb4180968dfbf0e27e986fd3a79153e3c761d,13f4bceb146bbcba-s1-ga_h2,success,False,"{""fidelity"": 0.6541001438823818, ""idle_exposures"": 26.0, ""log_atom_transfer"": -0.11205603736135585, ""log_coherence_linear"": -0.03497751606072229, ""log_fidelity"": -0.4244948140449869, ""log_idle_excitation"": -0.0650813856710804, ""move_batches"": 49.0, ""move_time_us"": 5024.459976775189, ""transfers"": 112.0}",True,False,fresh,fresh,success,13f4bceb146bbcba79157a59457fb4180968dfbf0e27e986fd3a79153e3c761d,"{""bytes"": 623467, ""path"": ""/Users/zhouzixiang/Desktop/zac/ZAC_zzx/results/physical_ga_main_v1/protocol.json"", ""sha256"": ""9bb0ae97d2f3f1536a5c496a65fe2e21e2192ce20830979dd75b30b0a3148fc7""}","{""bytes"": 1282, ""path"": ""/Users/zhouzixiang/Desktop/zac/ZAC_zzx/results/physical_ga_main_v1/receipts/13f4bceb146bbcba-s1-ga_h2.json"", ""sha256"": ""eb4c6a83ed45330a79c953da11a209ec7c8fee2b0fc181b51524291209530b42""}",9bb0ae97d2f3f1536a5c496a65fe2e21e2192ce20830979dd75b30b0a3148fc7,d1fab3aaa092939e281636e5182865245c839b6f137f7762fc773e601882716a,valid_fidelity,,,,,,,
qmap154,alu-bdd_288,2,13f4bceb146bbcba79157a59457fb4180968dfbf0e27e986fd3a79153e3c761d,13f4bceb146bbcba-s2-ga_h2,success,False,"{""fidelity"": 0.6541105763226962, ""idle_exposures"": 26.0, ""log_atom_transfer"": -0.11205603736135585, ""log_coherence_linear"": -0.03496156688655107, ""log_fidelity"": -0.42447886487081565, ""log_idle_excitation"": -0.0650813856710804, ""move_batches"": 49.0, ""move_time_us"": 5021.059327671475, ""transfers"": 112.0}",True,False,fresh,fresh,success,13f4bceb146bbcba79157a59457fb4180968dfbf0e27e986fd3a79153e3c761d,"{""bytes"": 623467, ""path"": ""/Users/zhouzixiang/Desktop/zac/ZAC_zzx/results/physical_ga_main_v1/protocol.json"", ""sha256"": ""9bb0ae97d2f3f1536a5c496a65fe2e21e2192ce20830979dd75b30b0a3148fc7""}","{""bytes"": 1283, ""path"": ""/Users/zhouzixiang/Desktop/zac/ZAC_zzx/results/physical_ga_main_v1/receipts/13f4bceb146bbcba-s2-ga_h2.json"", ""sha256"": ""837e910453462db2ed085fa37f79414db8fdad194966cfe021c0ede1e73b44cf""}",9bb0ae97d2f3f1536a5c496a65fe2e21e2192ce20830979dd75b30b0a3148fc7,d1fab3aaa092939e281636e5182865245c839b6f137f7762fc773e601882716a,valid_fidelity,,,,,,,
qmap154,4gt10-v1_81,0,157102116dddf0ba09f368852ccbf37928a0e99f99e9d7d4859f84655c619419,157102116dddf0ba-s0-ga_h2,success,False,"{""fidelity"": 0.49289412326550613, ""idle_exposures"": 43.0, ""log_atom_transfer"": -0.19009506338087154, ""log_coherence_linear"": -0.041697883884100936, ""log_fidelity"": -0.7074608881142369, ""log_idle_excitation"": -0.1076345993790945, ""move_batches"": 88.0, ""move_time_us"": 9231.411152789919, ""transfers"": 190.0}",True,False,fresh,fresh,success,157102116dddf0ba09f368852ccbf37928a0e99f99e9d7d4859f84655c619419,"{""bytes"": 623467, ""path"": ""/Users/zhouzixiang/Desktop/zac/ZAC_zzx/results/physical_ga_main_v1/protocol.json"", ""sha256"": ""9bb0ae97d2f3f1536a5c496a65fe2e21e2192ce20830979dd75b30b0a3148fc7""}","{""bytes"": 1283, ""path"": ""/Users/zhouzixiang/Desktop/zac/ZAC_zzx/results/physical_ga_main_v1/receipts/157102116dddf0ba-s0-ga_h2.json"", ""sha256"": ""e1da9976a80a29bebb54e8c1c23823ef5a841b6a76f902a91daeed5efa5e7df5""}",9bb0ae97d2f3f1536a5c496a65fe2e21e2192ce20830979dd75b30b0a3148fc7,d1fab3aaa092939e281636e5182865245c839b6f137f7762fc773e601882716a,valid_fidelity,,,,,,,
qmap154,4gt10-v1_81,1,157102116dddf0ba09f368852ccbf37928a0e99f99e9d7d4859f84655c619419,157102116dddf0ba-s1-ga_h2,success,False,"{""fidelity"": 0.49275139680967717, ""idle_exposures"": 43.0, ""log_atom_transfer"": -0.19009506338087154, ""log_coherence_linear"": -0.04198749400035384, ""log_fidelity"": -0.7077504982304899, ""log_idle_excitation"": -0.1076345993790945, ""move_batches"": 88.0, ""move_time_us"": 9336.315170568481, ""transfers"": 190.0}",True,False,fresh,fresh,success,157102116dddf0ba09f368852ccbf37928a0e99f99e9d7d4859f84655c619419,"{""bytes"": 623467, ""path"": ""/Users/zhouzixiang/Desktop/zac/ZAC_zzx/results/physical_ga_main_v1/protocol.json"", ""sha256"": ""9bb0ae97d2f3f1536a5c496a65fe2e21e2192ce20830979dd75b30b0a3148fc7""}","{""bytes"": 1283, ""path"": ""/Users/zhouzixiang/Desktop/zac/ZAC_zzx/results/physical_ga_main_v1/receipts/157102116dddf0ba-s1-ga_h2.json"", ""sha256"": ""fc5b25cf0c0b3aeba62fe8202280d17889e447a215e3f6cad69361e732795935""}",9bb0ae97d2f3f1536a5c496a65fe2e21e2192ce20830979dd75b30b0a3148fc7,d1fab3aaa092939e281636e5182865245c839b6f137f7762fc773e601882716a,valid_fidelity,,,,,,,
qmap154,4gt10-v1_81,2,157102116dddf0ba09f368852ccbf37928a0e99f99e9d7d4859f84655c619419,157102116dddf0ba-s2-ga_h2,success,False,"{""fidelity"": 0.49275139680967717, ""idle_exposures"": 43.0, ""log_atom_transfer"": -0.19009506338087154, ""log_coherence_linear"": -0.04198749400035384, ""log_fidelity"": -0.7077504982304899, ""log_idle_excitation"": -0.1076345993790945, ""move_batches"": 88.0, ""move_time_us"": 9336.315170568481, ""transfers"": 190.0}",True,False,fresh,fresh,success,157102116dddf0ba09f368852ccbf37928a0e99f99e9d7d4859f84655c619419,"{""bytes"": 623467, ""path"": ""/Users/zhouzixiang/Desktop/zac/ZAC_zzx/results/physical_ga_main_v1/protocol.json"", ""sha256"": ""9bb0ae97d2f3f1536a5c496a65fe2e21e2192ce20830979dd75b30b0a3148fc7""}","{""bytes"": 1283, ""path"": ""/Users/zhouzixiang/Desktop/zac/ZAC_zzx/results/physical_ga_main_v1/receipts/157102116dddf0ba-s2-ga_h2.json"", ""sha256"": ""cd374ec6b746fe86835491615d33c3143a9c90698f209993a04918ca53ffd1da""}",9bb0ae97d2f3f1536a5c496a65fe2e21e2192ce20830979dd75b30b0a3148fc7,d1fab3aaa092939e281636e5182865245c839b6f137f7762fc773e601882716a,valid_fidelity,,,,,,,
qmap154,plus63mod8192_164,0,15ed11d4a3dd7ea9656c37ea5e18376eb48e265c74545e1213c96380cf1ba852,15ed11d4a3dd7ea9-s0-ga_h2,timeout,,{},False,False,fresh,fresh,timeout,15ed11d4a3dd7ea9656c37ea5e18376eb48e265c74545e1213c96380cf1ba852,"{""bytes"": 623467, ""path"": ""/Users/zhouzixiang/Desktop/zac/ZAC_zzx/results/physical_ga_main_v1/protocol.json"", ""sha256"": ""9bb0ae97d2f3f1536a5c496a65fe2e21e2192ce20830979dd75b30b0a3148fc7""}","{""bytes"": 1019, ""path"": ""/Users/zhouzixiang/Desktop/zac/ZAC_zzx/results/physical_ga_main_v1/receipts/15ed11d4a3dd7ea9-s0-ga_h2.json"", ""sha256"": ""eb7b0d978f6948e62661f812ebca8509a311a9623595782cc166aca31e35258c""}",,,timeout,,,/Users/zhouzixiang/Desktop/zac/ZAC_zzx/results/physical_ga_main_v1/receipts/15ed11d4a3dd7ea9-s0-ga_h2.json,eb7b0d978f6948e62661f812ebca8509a311a9623595782cc166aca31e35258c,terminal_receipt,,
qmap154,plus63mod8192_164,1,15ed11d4a3dd7ea9656c37ea5e18376eb48e265c74545e1213c96380cf1ba852,15ed11d4a3dd7ea9-s1-ga_h2,success,True,"{""fidelity"": null, ""idle_exposures"": 55426.0, ""log_atom_transfer"": -262.69937158836143, ""log_coherence_linear"": null, ""log_fidelity"": null, ""log_idle_excitation"": -138.7384954694347, ""move_batches"": 120159.0, ""move_time_us"": 12198844.239249798, ""transfers"": 262568.0}",False,False,fresh,fresh,success,15ed11d4a3dd7ea9656c37ea5e18376eb48e265c74545e1213c96380cf1ba852,"{""bytes"": 623467, ""path"": ""/Users/zhouzixiang/Desktop/zac/ZAC_zzx/results/physical_ga_main_v1/protocol.json"", ""sha256"": ""9bb0ae97d2f3f1536a5c496a65fe2e21e2192ce20830979dd75b30b0a3148fc7""}","{""bytes"": 1294, ""path"": ""/Users/zhouzixiang/Desktop/zac/ZAC_zzx/results/physical_ga_main_v1/receipts/15ed11d4a3dd7ea9-s1-ga_h2.json"", ""sha256"": ""5fc352f25f3d6b8bb09d322f16c0af2edefab9dc33e985ede239f86d499b4424""}",9bb0ae97d2f3f1536a5c496a65fe2e21e2192ce20830979dd75b30b0a3148fc7,d1fab3aaa092939e281636e5182865245c839b6f137f7762fc773e601882716a,model_out_of_domain,,,,,,,
qmap154,plus63mod8192_164,2,15ed11d4a3dd7ea9656c37ea5e18376eb48e265c74545e1213c96380cf1ba852,15ed11d4a3dd7ea9-s2-ga_h2,timeout,,{},False,False,fresh,fresh,timeout,15ed11d4a3dd7ea9656c37ea5e18376eb48e265c74545e1213c96380cf1ba852,"{""bytes"": 623467, ""path"": ""/Users/zhouzixiang/Desktop/zac/ZAC_zzx/results/physical_ga_main_v1/protocol.json"", ""sha256"": ""9bb0ae97d2f3f1536a5c496a65fe2e21e2192ce20830979dd75b30b0a3148fc7""}","{""bytes"": 1019, ""path"": ""/Users/zhouzixiang/Desktop/zac/ZAC_zzx/results/physical_ga_main_v1/receipts/15ed11d4a3dd7ea9-s2-ga_h2.json"", ""sha256"": ""0c8476a9ff7bfb2f5e9cc7e702e0685788e152ce5f4cdf98a3b0395b898eda2d""}",,,timeout,,,/Users/zhouzixiang/Desktop/zac/ZAC_zzx/results/physical_ga_main_v1/receipts/15ed11d4a3dd7ea9-s2-ga_h2.json,0c8476a9ff7bfb2f5e9cc7e702e0685788e152ce5f4cdf98a3b0395b898eda2d,terminal_receipt,,
zac18,ghz_n78_transpiled,0,173203497ff0bf9e285e83d9eaba591c4bedfc0b78370ddde335d2dfe90c4943,173203497ff0bf9e-s0-ga_h2,success,False,"{""fidelity"": 0.12702910327508754, ""idle_exposures"": 3.0, ""log_atom_transfer"": -0.3141571047452298, ""log_coherence_linear"": -1.3091998669224443, ""log_fidelity"": -2.0633390591302483, ""log_idle_excitation"": -0.00750939065435543, ""move_batches"": 154.0, ""move_time_us"": 20839.873964188475, ""transfers"": 314.0}",True,False,fresh,fresh,success,173203497ff0bf9e285e83d9eaba591c4bedfc0b78370ddde335d2dfe90c4943,"{""bytes"": 623467, ""path"": ""/Users/zhouzixiang/Desktop/zac/ZAC_zzx/results/physical_ga_main_v1/protocol.json"", ""sha256"": ""9bb0ae97d2f3f1536a5c496a65fe2e21e2192ce20830979dd75b30b0a3148fc7""}","{""bytes"": 1287, ""path"": ""/Users/zhouzixiang/Desktop/zac/ZAC_zzx/results/physical_ga_main_v1/receipts/173203497ff0bf9e-s0-ga_h2.json"", ""sha256"": ""e86fe3b1368ef9cdd9cc8b18a9882fac961467725c8a3820e10d066d034871e3""}",9bb0ae97d2f3f1536a5c496a65fe2e21e2192ce20830979dd75b30b0a3148fc7,d1fab3aaa092939e281636e5182865245c839b6f137f7762fc773e601882716a,valid_fidelity,,,,,,,
zac18,ghz_n78_transpiled,1,173203497ff0bf9e285e83d9eaba591c4bedfc0b78370ddde335d2dfe90c4943,173203497ff0bf9e-s1-ga_h2,success,False,"{""fidelity"": 0.11096977752370007, ""idle_exposures"": 2.0, ""log_atom_transfer"": -0.31615810541239686, ""log_coherence_linear"": -1.444860326647659, ""log_fidelity"": -2.1984973893045114, ""log_idle_excitation"": -0.005006260436236954, ""move_batches"": 155.0, ""move_time_us"": 23403.820733449465, ""transfers"": 316.0}",True,False,fresh,fresh,success,173203497ff0bf9e285e83d9eaba591c4bedfc0b78370ddde335d2dfe90c4943,"{""bytes"": 623467, ""path"": ""/Users/zhouzixiang/Desktop/zac/ZAC_zzx/results/physical_ga_main_v1/protocol.json"", ""sha256"": ""9bb0ae97d2f3f1536a5c496a65fe2e21e2192ce20830979dd75b30b0a3148fc7""}","{""bytes"": 1288, ""path"": ""/Users/zhouzixiang/Desktop/zac/ZAC_zzx/results/physical_ga_main_v1/receipts/173203497ff0bf9e-s1-ga_h2.json"", ""sha256"": ""bda2a061d07726930875a43b6b68ec363d76c61e2fd51e23ead05184584d1e79""}",9bb0ae97d2f3f1536a5c496a65fe2e21e2192ce20830979dd75b30b0a3148fc7,d1fab3aaa092939e281636e5182865245c839b6f137f7762fc773e601882716a,valid_fidelity,,,,,,,
zac18,ghz_n78_transpiled,2,173203497ff0bf9e285e83d9eaba591c4bedfc0b78370ddde335d2dfe90c4943,173203497ff0bf9e-s2-ga_h2,success,False,"{""fidelity"": 0.11044109552881633, ""idle_exposures"": 6.0, ""log_atom_transfer"": -0.320160106746731, ""log_coherence_linear"": -1.435621387431543, ""log_fidelity"": -2.203272972295204, ""log_idle_excitation"": -0.01501878130871086, ""move_batches"": 158.0, ""move_time_us"": 23073.808599382548, ""transfers"": 320.0}",True,False,fresh,fresh,success,173203497ff0bf9e285e83d9eaba591c4bedfc0b78370ddde335d2dfe90c4943,"{""bytes"": 623467, ""path"": ""/Users/zhouzixiang/Desktop/zac/ZAC_zzx/results/physical_ga_main_v1/protocol.json"", ""sha256"": ""9bb0ae97d2f3f1536a5c496a65fe2e21e2192ce20830979dd75b30b0a3148fc7""}","{""bytes"": 1287, ""path"": ""/Users/zhouzixiang/Desktop/zac/ZAC_zzx/results/physical_ga_main_v1/receipts/173203497ff0bf9e-s2-ga_h2.json"", ""sha256"": ""249f8e775618dfb6a21e5652fa0f1f19d7673ee9120ba93630194d4ebb067672""}",9bb0ae97d2f3f1536a5c496a65fe2e21e2192ce20830979dd75b30b0a3148fc7,d1fab3aaa092939e281636e5182865245c839b6f137f7762fc773e601882716a,valid_fidelity,,,,,,,
qmap154,4gt4-v0_78,0,17585b5581ef461ec1956dcfd5c0d021a2e1cd4acd8ebef58f665e2e9b95f2b1,17585b5581ef461e-s0-ga_h2,success,False,"{""fidelity"": 0.3187049551999462, ""idle_exposures"": 66.0, ""log_atom_transfer"": -0.3021511007422274, ""log_coherence_linear"": -0.08188115252079874, ""log_fidelity"": -1.1434895095154687, ""log_idle_excitation"": -0.16520659439581947, ""move_batches"": 143.0, ""move_time_us"": 15241.390258786058, ""transfers"": 302.0}",True,False,fresh,fresh,success,17585b5581ef461ec1956dcfd5c0d021a2e1cd4acd8ebef58f665e2e9b95f2b1,"{""bytes"": 623467, ""path"": ""/Users/zhouzixiang/Desktop/zac/ZAC_zzx/results/physical_ga_main_v1/protocol.json"", ""sha256"": ""9bb0ae97d2f3f1536a5c496a65fe2e21e2192ce20830979dd75b30b0a3148fc7""}","{""bytes"": 1282, ""path"": ""/Users/zhouzixiang/Desktop/zac/ZAC_zzx/results/physical_ga_main_v1/receipts/17585b5581ef461e-s0-ga_h2.json"", ""sha256"": ""7ae7494ab51dde9c0d5e469fdf4bffa26a49366d111556d9b2adf4e1e3244b08""}",9bb0ae97d2f3f1536a5c496a65fe2e21e2192ce20830979dd75b30b0a3148fc7,d1fab3aaa092939e281636e5182865245c839b6f137f7762fc773e601882716a,valid_fidelity,,,,,,,
qmap154,4gt4-v0_78,1,17585b5581ef461ec1956dcfd5c0d021a2e1cd4acd8ebef58f665e2e9b95f2b1,17585b5581ef461e-s1-ga_h2,success,False,"{""fidelity"": 0.3186960720513854, ""idle_exposures"": 66.0, ""log_atom_transfer"": -0.3021511007422274, ""log_coherence_linear"": -0.08190902554949361, ""log_fidelity"": -1.1435173825441636, ""log_idle_excitation"": -0.16520659439581947, ""move_batches"": 143.0, ""move_time_us"": 15243.297802608527, ""transfers"": 302.0}",True,False,fresh,fresh,success,17585b5581ef461ec1956dcfd5c0d021a2e1cd4acd8ebef58f665e2e9b95f2b1,"{""bytes"": 623467, ""path"": ""/Users/zhouzixiang/Desktop/zac/ZAC_zzx/results/physical_ga_main_v1/protocol.json"", ""sha256"": ""9bb0ae97d2f3f1536a5c496a65fe2e21e2192ce20830979dd75b30b0a3148fc7""}","{""bytes"": 1282, ""path"": ""/Users/zhouzixiang/Desktop/zac/ZAC_zzx/results/physical_ga_main_v1/receipts/17585b5581ef461e-s1-ga_h2.json"", ""sha256"": ""668e73d622021478fdd58cd9e6acd7bc5bf95f1415728dcfbd46ebd2991d2eee""}",9bb0ae97d2f3f1536a5c496a65fe2e21e2192ce20830979dd75b30b0a3148fc7,d1fab3aaa092939e281636e5182865245c839b6f137f7762fc773e601882716a,valid_fidelity,,,,,,,
qmap154,4gt4-v0_78,2,17585b5581ef461ec1956dcfd5c0d021a2e1cd4acd8ebef58f665e2e9b95f2b1,17585b5581ef461e-s2-ga_h2,success,False,"{""fidelity"": 0.31870101304581244, ""idle_exposures"": 66.0, ""log_atom_transfer"": -0.3021511007422274, ""log_coherence_linear"": -0.08189352188767042, ""log_fidelity"": -1.1435018788823406, ""log_idle_excitation"": -0.16520659439581947, ""move_batches"": 143.0, ""move_time_us"": 15243.209592466515, ""transfers"": 302.0}",True,False,fresh,fresh,success,17585b5581ef461ec1956dcfd5c0d021a2e1cd4acd8ebef58f665e2e9b95f2b1,"{""bytes"": 623467, ""path"": ""/Users/zhouzixiang/Desktop/zac/ZAC_zzx/results/physical_ga_main_v1/protocol.json"", ""sha256"": ""9bb0ae97d2f3f1536a5c496a65fe2e21e2192ce20830979dd75b30b0a3148fc7""}","{""bytes"": 1282, ""path"": ""/Users/zhouzixiang/Desktop/zac/ZAC_zzx/results/physical_ga_main_v1/receipts/17585b5581ef461e-s2-ga_h2.json"", ""sha256"": ""6eacf3dc22424536e29f2fcd5ecd68562aaa6b663fd4e0340331ed6c8b855988""}",9bb0ae97d2f3f1536a5c496a65fe2e21e2192ce20830979dd75b30b0a3148fc7,d1fab3aaa092939e281636e5182865245c839b6f137f7762fc773e601882716a,valid_fidelity,,,,,,,
qmap154,rd73_252,0,181b076ba081017381177d84383cc4f660e01506983ee907420658ef1adbd956,181b076ba0810173-s0-ga_h2,success,False,"{""fidelity"": 1.926430998438052e-12, ""idle_exposures"": 1520.0, ""log_atom_transfer"": -6.729365243682852, ""log_coherence_linear"": -3.523950395723045, ""log_fidelity"": -26.97535204854377, ""log_idle_excitation"": -3.804757931540085, ""move_batches"": 3016.0, ""move_time_us"": 303895.7333402241, ""transfers"": 6726.0}",True,False,fresh,fresh,success,181b076ba081017381177d84383cc4f660e01506983ee907420658ef1adbd956,"{""bytes"": 623467, ""path"": ""/Users/zhouzixiang/Desktop/zac/ZAC_zzx/results/physical_ga_main_v1/protocol.json"", ""sha256"": ""9bb0ae97d2f3f1536a5c496a65fe2e21e2192ce20830979dd75b30b0a3148fc7""}","{""bytes"": 1279, ""path"": ""/Users/zhouzixiang/Desktop/zac/ZAC_zzx/results/physical_ga_main_v1/receipts/181b076ba0810173-s0-ga_h2.json"", ""sha256"": ""9f04ef378a6f629bcb5dddcafef4238aa09252d4f79f00a288e921ae0024cec1""}",9bb0ae97d2f3f1536a5c496a65fe2e21e2192ce20830979dd75b30b0a3148fc7,d1fab3aaa092939e281636e5182865245c839b6f137f7762fc773e601882716a,valid_fidelity,,,,,,,
qmap154,rd73_252,1,181b076ba081017381177d84383cc4f660e01506983ee907420658ef1adbd956,181b076ba0810173-s1-ga_h2,success,False,"{""fidelity"": 1.8372667407864076e-12, ""idle_exposures"": 1521.0, ""log_atom_transfer"": -6.75137625102169, ""log_coherence_linear"": -3.5468263252937664, ""log_fidelity"": -27.02274211567145, ""log_idle_excitation"": -3.8072610617582034, ""move_batches"": 3036.0, ""move_time_us"": 306228.40065909794, ""transfers"": 6748.0}",True,False,fresh,fresh,success,181b076ba081017381177d84383cc4f660e01506983ee907420658ef1adbd956,"{""bytes"": 623467, ""path"": ""/Users/zhouzixiang/Desktop/zac/ZAC_zzx/results/physical_ga_main_v1/protocol.json"", ""sha256"": ""9bb0ae97d2f3f1536a5c496a65fe2e21e2192ce20830979dd75b30b0a3148fc7""}","{""bytes"": 1279, ""path"": ""/Users/zhouzixiang/Desktop/zac/ZAC_zzx/results/physical_ga_main_v1/receipts/181b076ba0810173-s1-ga_h2.json"", ""sha256"": ""17da4cc6c6eaa033cc9e761b56596b65dec4fe8f0a6bd4345dcd3eb263e74196""}",9bb0ae97d2f3f1536a5c496a65fe2e21e2192ce20830979dd75b30b0a3148fc7,d1fab3aaa092939e281636e5182865245c839b6f137f7762fc773e601882716a,valid_fidelity,,,,,,,
qmap154,rd73_252,2,181b076ba081017381177d84383cc4f660e01506983ee907420658ef1adbd956,181b076ba0810173-s2-ga_h2,success,False,"{""fidelity"": 1.903678882044173e-12, ""idle_exposures"": 1517.0, ""log_atom_transfer"": -6.729365243682852, ""log_coherence_linear"": -3.543340586005321, ""log_fidelity"": -26.98723284817169, ""log_idle_excitation"": -3.7972485408857297, ""move_batches"": 3017.0, ""move_time_us"": 305805.3564175897, ""transfers"": 6726.0}",True,False,fresh,fresh,success,181b076ba081017381177d84383cc4f660e01506983ee907420658ef1adbd956,"{""bytes"": 623467, ""path"": ""/Users/zhouzixiang/Desktop/zac/ZAC_zzx/results/physical_ga_main_v1/protocol.json"", ""sha256"": ""9bb0ae97d2f3f1536a5c496a65fe2e21e2192ce20830979dd75b30b0a3148fc7""}","{""bytes"": 1279, ""path"": ""/Users/zhouzixiang/Desktop/zac/ZAC_zzx/results/physical_ga_main_v1/receipts/181b076ba0810173-s2-ga_h2.json"", ""sha256"": ""e0714f8d9a40cc0e377aff3dd4e150a92d1e02663c3e50f1ec53a29f9b8c9a67""}",9bb0ae97d2f3f1536a5c496a65fe2e21e2192ce20830979dd75b30b0a3148fc7,d1fab3aaa092939e281636e5182865245c839b6f137f7762fc773e601882716a,valid_fidelity,,,,,,,
qmap154,ex3_229,0,18bd03509e493866a3863af424f8d69b46a78f338a1c47d89749a2fca6939020,18bd03509e493866-s0-ga_h2,success,False,"{""fidelity"": 0.15112024502295957, ""idle_exposures"": 121.0, ""log_atom_transfer"": -0.4802401601200965, ""log_coherence_linear"": -0.13125098083377096, ""log_fidelity"": -1.8896794344101049, ""log_idle_excitation"": -0.3028787563923357, ""move_batches"": 225.0, ""move_time_us"": 23418.60057491189, ""transfers"": 480.0}",True,False,fresh,fresh,success,18bd03509e493866a3863af424f8d69b46a78f338a1c47d89749a2fca6939020,"{""bytes"": 623467, ""path"": ""/Users/zhouzixiang/Desktop/zac/ZAC_zzx/results/physical_ga_main_v1/protocol.json"", ""sha256"": ""9bb0ae97d2f3f1536a5c496a65fe2e21e2192ce20830979dd75b30b0a3148fc7""}","{""bytes"": 1279, ""path"": ""/Users/zhouzixiang/Desktop/zac/ZAC_zzx/results/physical_ga_main_v1/receipts/18bd03509e493866-s0-ga_h2.json"", ""sha256"": ""29f3cced44c7231d4e929fa0e674d8d8d35fae4de5c2343a107d85ef8fc07743""}",9bb0ae97d2f3f1536a5c496a65fe2e21e2192ce20830979dd75b30b0a3148fc7,d1fab3aaa092939e281636e5182865245c839b6f137f7762fc773e601882716a,valid_fidelity,,,,,,,
qmap154,ex3_229,1,18bd03509e493866a3863af424f8d69b46a78f338a1c47d89749a2fca6939020,18bd03509e493866-s1-ga_h2,success,False,"{""fidelity"": 0.15056159824818552, ""idle_exposures"": 121.0, ""log_atom_transfer"": -0.4822411607872636, ""log_coherence_linear"": -0.1329535336006727, ""log_fidelity"": -1.8933829878441737, ""log_idle_excitation"": -0.3028787563923357, ""move_batches"": 225.0, ""move_time_us"": 23880.40261683508, ""transfers"": 482.0}",True,False,fresh,fresh,success,18bd03509e493866a3863af424f8d69b46a78f338a1c47d89749a2fca6939020,"{""bytes"": 623467, ""path"": ""/Users/zhouzixiang/Desktop/zac/ZAC_zzx/results/physical_ga_main_v1/protocol.json"", ""sha256"": ""9bb0ae97d2f3f1536a5c496a65fe2e21e2192ce20830979dd75b30b0a3148fc7""}","{""bytes"": 1278, ""path"": ""/Users/zhouzixiang/Desktop/zac/ZAC_zzx/results/physical_ga_main_v1/receipts/18bd03509e493866-s1-ga_h2.json"", ""sha256"": ""c17831d4eba93be4304d710496fd5ff8da5d7cc5f795c34c3da5188d6738a2e9""}",9bb0ae97d2f3f1536a5c496a65fe2e21e2192ce20830979dd75b30b0a3148fc7,d1fab3aaa092939e281636e5182865245c839b6f137f7762fc773e601882716a,valid_fidelity,,,,,,,
qmap154,ex3_229,2,18bd03509e493866a3863af424f8d69b46a78f338a1c47d89749a2fca6939020,18bd03509e493866-s2-ga_h2,success,False,"{""fidelity"": 0.1511111634080196, ""idle_exposures"": 121.0, ""log_atom_transfer"": -0.4802401601200965, ""log_coherence_linear"": -0.13131107792950192, ""log_fidelity"": -1.8897395315058358, ""log_idle_excitation"": -0.3028787563923357, ""move_batches"": 225.0, ""move_time_us"": 23433.299677175717, ""transfers"": 480.0}",True,False,fresh,fresh,success,18bd03509e493866a3863af424f8d69b46a78f338a1c47d89749a2fca6939020,"{""bytes"": 623467, ""path"": ""/Users/zhouzixiang/Desktop/zac/ZAC_zzx/results/physical_ga_main_v1/protocol.json"", ""sha256"": ""9bb0ae97d2f3f1536a5c496a65fe2e21e2192ce20830979dd75b30b0a3148fc7""}","{""bytes"": 1279, ""path"": ""/Users/zhouzixiang/Desktop/zac/ZAC_zzx/results/physical_ga_main_v1/receipts/18bd03509e493866-s2-ga_h2.json"", ""sha256"": ""b623d205d29dcb5d38aad04bc08922e7775009e3a006595c18a5abad9ac9de28""}",9bb0ae97d2f3f1536a5c496a65fe2e21e2192ce20830979dd75b30b0a3148fc7,d1fab3aaa092939e281636e5182865245c839b6f137f7762fc773e601882716a,valid_fidelity,,,,,,,
qmap154,rd53_311,0,1a2e65e77c47deda845cff04ac39142ee67177958161cb55e0eee9ab9f5a61a5,1a2e65e77c47deda-s0-ga_h2,success,False,"{""fidelity"": 0.23203454625829956, ""idle_exposures"": 92.0, ""log_atom_transfer"": -0.3401701134184017, ""log_coherence_linear"": -0.2013456054852523, ""log_fidelity"": -1.4608690121154937, ""log_idle_excitation"": -0.23028798006689988, ""move_batches"": 146.0, ""move_time_us"": 14815.117362037849, ""transfers"": 340.0}",True,False,fresh,fresh,success,1a2e65e77c47deda845cff04ac39142ee67177958161cb55e0eee9ab9f5a61a5,"{""bytes"": 623467, ""path"": ""/Users/zhouzixiang/Desktop/zac/ZAC_zzx/results/physical_ga_main_v1/protocol.json"", ""sha256"": ""9bb0ae97d2f3f1536a5c496a65fe2e21e2192ce20830979dd75b30b0a3148fc7""}","{""bytes"": 1279, ""path"": ""/Users/zhouzixiang/Desktop/zac/ZAC_zzx/results/physical_ga_main_v1/receipts/1a2e65e77c47deda-s0-ga_h2.json"", ""sha256"": ""c7a5ecd263fb88fe24546a2d8ddd372e0b7c9822de51d61ef4e0179ea4f1073e""}",9bb0ae97d2f3f1536a5c496a65fe2e21e2192ce20830979dd75b30b0a3148fc7,d1fab3aaa092939e281636e5182865245c839b6f137f7762fc773e601882716a,valid_fidelity,,,,,,,
qmap154,rd53_311,1,1a2e65e77c47deda845cff04ac39142ee67177958161cb55e0eee9ab9f5a61a5,1a2e65e77c47deda-s1-ga_h2,success,False,"{""fidelity"": 0.22991183354705885, ""idle_exposures"": 92.0, ""log_atom_transfer"": -0.34817411608706994, ""log_coherence_linear"": -0.20253196665477155, ""log_fidelity"": -1.470059375953681, ""log_idle_excitation"": -0.23028798006689988, ""move_batches"": 147.0, ""move_time_us"": 15197.438305933201, ""transfers"": 348.0}",True,False,fresh,fresh,success,1a2e65e77c47deda845cff04ac39142ee67177958161cb55e0eee9ab9f5a61a5,"{""bytes"": 623467, ""path"": ""/Users/zhouzixiang/Desktop/zac/ZAC_zzx/results/physical_ga_main_v1/protocol.json"", ""sha256"": ""9bb0ae97d2f3f1536a5c496a65fe2e21e2192ce20830979dd75b30b0a3148fc7""}","{""bytes"": 1279, ""path"": ""/Users/zhouzixiang/Desktop/zac/ZAC_zzx/results/physical_ga_main_v1/receipts/1a2e65e77c47deda-s1-ga_h2.json"", ""sha256"": ""57c69933c00498f009f830c9eb589764076a6d08e724c2d28b6eff67dad1655a""}",9bb0ae97d2f3f1536a5c496a65fe2e21e2192ce20830979dd75b30b0a3148fc7,d1fab3aaa092939e281636e5182865245c839b6f137f7762fc773e601882716a,valid_fidelity,,,,,,,
qmap154,rd53_311,2,1a2e65e77c47deda845cff04ac39142ee67177958161cb55e0eee9ab9f5a61a5,1a2e65e77c47deda-s2-ga_h2,success,False,"{""fidelity"": 0.23161656276312922, ""idle_exposures"": 90.0, ""log_atom_transfer"": -0.34617311541990287, ""log_coherence_linear"": -0.2021518731235493, ""log_fidelity"": -1.462672021319055, ""log_idle_excitation"": -0.22528171963066293, ""move_batches"": 148.0, ""move_time_us"": 15241.588654472867, ""transfers"": 346.0}",True,False,fresh,fresh,success,1a2e65e77c47deda845cff04ac39142ee67177958161cb55e0eee9ab9f5a61a5,"{""bytes"": 623467, ""path"": ""/Users/zhouzixiang/Desktop/zac/ZAC_zzx/results/physical_ga_main_v1/protocol.json"", ""sha256"": ""9bb0ae97d2f3f1536a5c496a65fe2e21e2192ce20830979dd75b30b0a3148fc7""}","{""bytes"": 1280, ""path"": ""/Users/zhouzixiang/Desktop/zac/ZAC_zzx/results/physical_ga_main_v1/receipts/1a2e65e77c47deda-s2-ga_h2.json"", ""sha256"": ""f50627f1ac8adf7c5380f8440f9f0398ad953eda2ebd14c73af0ee81dbd17392""}",9bb0ae97d2f3f1536a5c496a65fe2e21e2192ce20830979dd75b30b0a3148fc7,d1fab3aaa092939e281636e5182865245c839b6f137f7762fc773e601882716a,valid_fidelity,,,,,,,
zac18,seca_n11_transpiled,0,1c0c891f63a8f0f185b77b9ef66ee242bf6387b1e252edb4f19a63461206d9d3,1c0c891f63a8f0f1-s0-ga_h2,success,False,"{""fidelity"": 0.42051272272800305, ""idle_exposures"": 55.0, ""log_atom_transfer"": -0.20810406938537515, ""log_coherence_linear"": -0.08799624062594322, ""log_fidelity"": -0.8662805438365867, ""log_idle_excitation"": -0.13767216199651625, ""move_batches"": 81.0, ""move_time_us"": 9512.394536203712, ""transfers"": 208.0}",True,False,fresh,fresh,success,1c0c891f63a8f0f185b77b9ef66ee242bf6387b1e252edb4f19a63461206d9d3,"{""bytes"": 623467, ""path"": ""/Users/zhouzixiang/Desktop/zac/ZAC_zzx/results/physical_ga_main_v1/protocol.json"", ""sha256"": ""9bb0ae97d2f3f1536a5c496a65fe2e21e2192ce20830979dd75b30b0a3148fc7""}","{""bytes"": 1288, ""path"": ""/Users/zhouzixiang/Desktop/zac/ZAC_zzx/results/physical_ga_main_v1/receipts/1c0c891f63a8f0f1-s0-ga_h2.json"", ""sha256"": ""da7c8ba42e3320254884c84f9d8d070d46ceccdd0733f7dcd0cec37c0c185968""}",9bb0ae97d2f3f1536a5c496a65fe2e21e2192ce20830979dd75b30b0a3148fc7,d1fab3aaa092939e281636e5182865245c839b6f137f7762fc773e601882716a,valid_fidelity,,,,,,,
zac18,seca_n11_transpiled,1,1c0c891f63a8f0f185b77b9ef66ee242bf6387b1e252edb4f19a63461206d9d3,1c0c891f63a8f0f1-s1-ga_h2,success,False,"{""fidelity"": 0.42152341175265634, ""idle_exposures"": 55.0, ""log_atom_transfer"": -0.21010507005254223, ""log_coherence_linear"": -0.08359465530775348, ""log_fidelity"": -0.863879959185564, ""log_idle_excitation"": -0.13767216199651625, ""move_batches"": 78.0, ""move_time_us"": 8647.474807791552, ""transfers"": 210.0}",True,False,fresh,fresh,success,1c0c891f63a8f0f185b77b9ef66ee242bf6387b1e252edb4f19a63461206d9d3,"{""bytes"": 623467, ""path"": ""/Users/zhouzixiang/Desktop/zac/ZAC_zzx/results/physical_ga_main_v1/protocol.json"", ""sha256"": ""9bb0ae97d2f3f1536a5c496a65fe2e21e2192ce20830979dd75b30b0a3148fc7""}","{""bytes"": 1288, ""path"": ""/Users/zhouzixiang/Desktop/zac/ZAC_zzx/results/physical_ga_main_v1/receipts/1c0c891f63a8f0f1-s1-ga_h2.json"", ""sha256"": ""291e59a78ca10f58dffabbecf2cd910f28607e985059c98fa83ba430a23fde7c""}",9bb0ae97d2f3f1536a5c496a65fe2e21e2192ce20830979dd75b30b0a3148fc7,d1fab3aaa092939e281636e5182865245c839b6f137f7762fc773e601882716a,valid_fidelity,,,,,,,
zac18,seca_n11_transpiled,2,1c0c891f63a8f0f185b77b9ef66ee242bf6387b1e252edb4f19a63461206d9d3,1c0c891f63a8f0f1-s2-ga_h2,success,False,"{""fidelity"": 0.4196016885610531, ""idle_exposures"": 49.0, ""log_atom_transfer"": -0.21410707138687635, ""log_coherence_linear"": -0.09918085434861164, ""log_fidelity"": -0.8684493782520455, ""log_idle_excitation"": -0.12265338068780537, ""move_batches"": 90.0, ""move_time_us"": 10860.407912911589, ""transfers"": 214.0}",True,False,fresh,fresh,success,1c0c891f63a8f0f185b77b9ef66ee242bf6387b1e252edb4f19a63461206d9d3,"{""bytes"": 623467, ""path"": ""/Users/zhouzixiang/Desktop/zac/ZAC_zzx/results/physical_ga_main_v1/protocol.json"", ""sha256"": ""9bb0ae97d2f3f1536a5c496a65fe2e21e2192ce20830979dd75b30b0a3148fc7""}","{""bytes"": 1288, ""path"": ""/Users/zhouzixiang/Desktop/zac/ZAC_zzx/results/physical_ga_main_v1/receipts/1c0c891f63a8f0f1-s2-ga_h2.json"", ""sha256"": ""15f05f0cf338dc0dea196b861ce6e3ef3c2543193cfa1069368927e8f4abce9e""}",9bb0ae97d2f3f1536a5c496a65fe2e21e2192ce20830979dd75b30b0a3148fc7,d1fab3aaa092939e281636e5182865245c839b6f137f7762fc773e601882716a,valid_fidelity,,,,,,,
qmap154,graycode6_47,0,1cc205f827ac11a35917ee7ed71a78f0de65ae3e1b9a1ce15cc5f8ffc673f145,1cc205f827ac11a3-s0-ga_h2,success,False,"{""fidelity"": 0.9476099242029873, ""idle_exposures"": 0.0, ""log_atom_transfer"": -0.020010006671670688, ""log_coherence_linear"": -0.005739167885401862, ""log_fidelity"": -0.053812333764813904, ""log_idle_excitation"": -0.0, ""move_batches"": 9.0, ""move_time_us"": 1049.5718449270785, ""transfers"": 20.0}",True,False,fresh,fresh,success,1cc205f827ac11a35917ee7ed71a78f0de65ae3e1b9a1ce15cc5f8ffc673f145,"{""bytes"": 623467, ""path"": ""/Users/zhouzixiang/Desktop/zac/ZAC_zzx/results/physical_ga_main_v1/protocol.json"", ""sha256"": ""9bb0ae97d2f3f1536a5c496a65fe2e21e2192ce20830979dd75b30b0a3148fc7""}","{""bytes"": 1283, ""path"": ""/Users/zhouzixiang/Desktop/zac/ZAC_zzx/results/physical_ga_main_v1/receipts/1cc205f827ac11a3-s0-ga_h2.json"", ""sha256"": ""4f39301b405ba9b395e7203da146baa7fb60aa8770f2c8bc1955d3ba8b62c23c""}",9bb0ae97d2f3f1536a5c496a65fe2e21e2192ce20830979dd75b30b0a3148fc7,d1fab3aaa092939e281636e5182865245c839b6f137f7762fc773e601882716a,valid_fidelity,,,,,,,
qmap154,graycode6_47,1,1cc205f827ac11a35917ee7ed71a78f0de65ae3e1b9a1ce15cc5f8ffc673f145,1cc205f827ac11a3-s1-ga_h2,success,False,"{""fidelity"": 0.9476668265067719, ""idle_exposures"": 0.0, ""log_atom_transfer"": -0.020010006671670688, ""log_coherence_linear"": -0.005679121452836974, ""log_fidelity"": -0.053752287332249016, ""log_idle_excitation"": -0.0, ""move_batches"": 9.0, ""move_time_us"": 1034.5745139073383, ""transfers"": 20.0}",True,False,fresh,fresh,success,1cc205f827ac11a35917ee7ed71a78f0de65ae3e1b9a1ce15cc5f8ffc673f145,"{""bytes"": 623467, ""path"": ""/Users/zhouzixiang/Desktop/zac/ZAC_zzx/results/physical_ga_main_v1/protocol.json"", ""sha256"": ""9bb0ae97d2f3f1536a5c496a65fe2e21e2192ce20830979dd75b30b0a3148fc7""}","{""bytes"": 1284, ""path"": ""/Users/zhouzixiang/Desktop/zac/ZAC_zzx/results/physical_ga_main_v1/receipts/1cc205f827ac11a3-s1-ga_h2.json"", ""sha256"": ""ea53ed0a3f6cd3065f6940ac32bb00252c87a093d994a97b9efa959d72b6067c""}",9bb0ae97d2f3f1536a5c496a65fe2e21e2192ce20830979dd75b30b0a3148fc7,d1fab3aaa092939e281636e5182865245c839b6f137f7762fc773e601882716a,valid_fidelity,,,,,,,
qmap154,graycode6_47,2,1cc205f827ac11a35917ee7ed71a78f0de65ae3e1b9a1ce15cc5f8ffc673f145,1cc205f827ac11a3-s2-ga_h2,success,False,"{""fidelity"": 0.9476099755777417, ""idle_exposures"": 0.0, ""log_atom_transfer"": -0.020010006671670688, ""log_coherence_linear"": -0.0057391136703163394, ""log_fidelity"": -0.053812279549728385, ""log_idle_excitation"": -0.0, ""move_batches"": 9.0, ""move_time_us"": 1049.5583041140071, ""transfers"": 20.0}",True,False,fresh,fresh,success,1cc205f827ac11a35917ee7ed71a78f0de65ae3e1b9a1ce15cc5f8ffc673f145,"{""bytes"": 623467, ""path"": ""/Users/zhouzixiang/Desktop/zac/ZAC_zzx/results/physical_ga_main_v1/protocol.json"", ""sha256"": ""9bb0ae97d2f3f1536a5c496a65fe2e21e2192ce20830979dd75b30b0a3148fc7""}","{""bytes"": 1283, ""path"": ""/Users/zhouzixiang/Desktop/zac/ZAC_zzx/results/physical_ga_main_v1/receipts/1cc205f827ac11a3-s2-ga_h2.json"", ""sha256"": ""6b5d759d4541bdb0bf509d556c0017fd5bf29871867e986457068a9f224de4f9""}",9bb0ae97d2f3f1536a5c496a65fe2e21e2192ce20830979dd75b30b0a3148fc7,d1fab3aaa092939e281636e5182865245c839b6f137f7762fc773e601882716a,valid_fidelity,,,,,,,
zac18,ghz_n40_transpiled,0,1cded85e597f91b012b3e0ba0ccaf6041a86ed2304877b02eb30beef19006f8d,1cded85e597f91b0-s0-ga_h2,success,False,"{""fidelity"": 0.5001516389611568, ""idle_exposures"": 2.0, ""log_atom_transfer"": -0.15807905270619843, ""log_coherence_linear"": -0.3105659486452648, ""log_fidelity"": -0.6928439486170848, ""log_idle_excitation"": -0.005006260436236954, ""move_batches"": 77.0, ""move_time_us"": 9565.74030863225, ""transfers"": 158.0}",True,False,fresh,fresh,success,1cded85e597f91b012b3e0ba0ccaf6041a86ed2304877b02eb30beef19006f8d,"{""bytes"": 623467, ""path"": ""/Users/zhouzixiang/Desktop/zac/ZAC_zzx/results/physical_ga_main_v1/protocol.json"", ""sha256"": ""9bb0ae97d2f3f1536a5c496a65fe2e21e2192ce20830979dd75b30b0a3148fc7""}","{""bytes"": 1288, ""path"": ""/Users/zhouzixiang/Desktop/zac/ZAC_zzx/results/physical_ga_main_v1/receipts/1cded85e597f91b0-s0-ga_h2.json"", ""sha256"": ""595b6a77f67f7071d40398418ee5f259173946b325695efc5682d0ed9c822669""}",9bb0ae97d2f3f1536a5c496a65fe2e21e2192ce20830979dd75b30b0a3148fc7,d1fab3aaa092939e281636e5182865245c839b6f137f7762fc773e601882716a,valid_fidelity,,,,,,,
zac18,ghz_n40_transpiled,1,1cded85e597f91b012b3e0ba0ccaf6041a86ed2304877b02eb30beef19006f8d,1cded85e597f91b0-s1-ga_h2,success,False,"{""fidelity"": 0.49850709154699974, ""idle_exposures"": 0.0, ""log_atom_transfer"": -0.15607805203903136, ""log_coherence_linear"": -0.3208667250417001, ""log_fidelity"": -0.696137463910116, ""log_idle_excitation"": -0.0, ""move_batches"": 77.0, ""move_time_us"": 10000.23256827392, ""transfers"": 156.0}",True,False,fresh,fresh,success,1cded85e597f91b012b3e0ba0ccaf6041a86ed2304877b02eb30beef19006f8d,"{""bytes"": 623467, ""path"": ""/Users/zhouzixiang/Desktop/zac/ZAC_zzx/results/physical_ga_main_v1/protocol.json"", ""sha256"": ""9bb0ae97d2f3f1536a5c496a65fe2e21e2192ce20830979dd75b30b0a3148fc7""}","{""bytes"": 1288, ""path"": ""/Users/zhouzixiang/Desktop/zac/ZAC_zzx/results/physical_ga_main_v1/receipts/1cded85e597f91b0-s1-ga_h2.json"", ""sha256"": ""765f03b58fc2e7f75bc64a6aeefe062448ef82c9d14835e2cf70125d800ba829""}",9bb0ae97d2f3f1536a5c496a65fe2e21e2192ce20830979dd75b30b0a3148fc7,d1fab3aaa092939e281636e5182865245c839b6f137f7762fc773e601882716a,valid_fidelity,,,,,,,
zac18,ghz_n40_transpiled,2,1cded85e597f91b012b3e0ba0ccaf6041a86ed2304877b02eb30beef19006f8d,1cded85e597f91b0-s2-ga_h2,success,False,"{""fidelity"": 0.5041158969444812, ""idle_exposures"": 0.0, ""log_atom_transfer"": -0.15607805203903136, ""log_coherence_linear"": -0.3096783442228566, ""log_fidelity"": -0.6849490830912726, ""log_idle_excitation"": -0.0, ""move_batches"": 77.0, ""move_time_us"": 9583.962215455642, ""transfers"": 156.0}",True,False,fresh,fresh,success,1cded85e597f91b012b3e0ba0ccaf6041a86ed2304877b02eb30beef19006f8d,"{""bytes"": 623467, ""path"": ""/Users/zhouzixiang/Desktop/zac/ZAC_zzx/results/physical_ga_main_v1/protocol.json"", ""sha256"": ""9bb0ae97d2f3f1536a5c496a65fe2e21e2192ce20830979dd75b30b0a3148fc7""}","{""bytes"": 1288, ""path"": ""/Users/zhouzixiang/Desktop/zac/ZAC_zzx/results/physical_ga_main_v1/receipts/1cded85e597f91b0-s2-ga_h2.json"", ""sha256"": ""7bdfc59072e6b2778d2a8f669081c188c96ef67e1924a5e4504d7464c1c2adce""}",9bb0ae97d2f3f1536a5c496a65fe2e21e2192ce20830979dd75b30b0a3148fc7,d1fab3aaa092939e281636e5182865245c839b6f137f7762fc773e601882716a,valid_fidelity,,,,,,,
qmap154,miller_11,0,1fbbcea96463dd341d6d14223fe5adfb7ba4dd3fdfaca0da507cf2a2a52eced5,1fbbcea96463dd34-s0-ga_h2,success,False,"{""fidelity"": 0.7875739681812184, ""idle_exposures"": 21.0, ""log_atom_transfer"": -0.05202601734634379, ""log_coherence_linear"": -0.006615925606694881, ""log_fidelity"": -0.23879798484412695, ""log_idle_excitation"": -0.052565734580488015, ""move_batches"": 25.0, ""move_time_us"": 2400.5819938323393, ""transfers"": 52.0}",True,False,fresh,fresh,success,1fbbcea96463dd341d6d14223fe5adfb7ba4dd3fdfaca0da507cf2a2a52eced5,"{""bytes"": 623467, ""path"": ""/Users/zhouzixiang/Desktop/zac/ZAC_zzx/results/physical_ga_main_v1/protocol.json"", ""sha256"": ""9bb0ae97d2f3f1536a5c496a65fe2e21e2192ce20830979dd75b30b0a3148fc7""}","{""bytes"": 1280, ""path"": ""/Users/zhouzixiang/Desktop/zac/ZAC_zzx/results/physical_ga_main_v1/receipts/1fbbcea96463dd34-s0-ga_h2.json"", ""sha256"": ""469fde896b905413e8553f06438c4ef491a502e4c1eac0ef3930c757c2393381""}",9bb0ae97d2f3f1536a5c496a65fe2e21e2192ce20830979dd75b30b0a3148fc7,d1fab3aaa092939e281636e5182865245c839b6f137f7762fc773e601882716a,valid_fidelity,,,,,,,
qmap154,miller_11,1,1fbbcea96463dd341d6d14223fe5adfb7ba4dd3fdfaca0da507cf2a2a52eced5,1fbbcea96463dd34-s1-ga_h2,success,False,"{""fidelity"": 0.7875739681812184, ""idle_exposures"": 21.0, ""log_atom_transfer"": -0.05202601734634379, ""log_coherence_linear"": -0.006615925606694881, ""log_fidelity"": -0.23879798484412695, ""log_idle_excitation"": -0.052565734580488015, ""move_batches"": 25.0, ""move_time_us"": 2400.5819938323393, ""transfers"": 52.0}",True,False,fresh,fresh,success,1fbbcea96463dd341d6d14223fe5adfb7ba4dd3fdfaca0da507cf2a2a52eced5,"{""bytes"": 623467, ""path"": ""/Users/zhouzixiang/Desktop/zac/ZAC_zzx/results/physical_ga_main_v1/protocol.json"", ""sha256"": ""9bb0ae97d2f3f1536a5c496a65fe2e21e2192ce20830979dd75b30b0a3148fc7""}","{""bytes"": 1280, ""path"": ""/Users/zhouzixiang/Desktop/zac/ZAC_zzx/results/physical_ga_main_v1/receipts/1fbbcea96463dd34-s1-ga_h2.json"", ""sha256"": ""3d9f09601d540666b3ce4e237d4524321923aed0607d6c17efb4c4665fd2687c""}",9bb0ae97d2f3f1536a5c496a65fe2e21e2192ce20830979dd75b30b0a3148fc7,d1fab3aaa092939e281636e5182865245c839b6f137f7762fc773e601882716a,valid_fidelity,,,,,,,
qmap154,miller_11,2,1fbbcea96463dd341d6d14223fe5adfb7ba4dd3fdfaca0da507cf2a2a52eced5,1fbbcea96463dd34-s2-ga_h2,success,False,"{""fidelity"": 0.7875739681812184, ""idle_exposures"": 21.0, ""log_atom_transfer"": -0.05202601734634379, ""log_coherence_linear"": -0.006615925606694881, ""log_fidelity"": -0.23879798484412695, ""log_idle_excitation"": -0.052565734580488015, ""move_batches"": 25.0, ""move_time_us"": 2400.5819938323393, ""transfers"": 52.0}",True,False,fresh,fresh,success,1fbbcea96463dd341d6d14223fe5adfb7ba4dd3fdfaca0da507cf2a2a52eced5,"{""bytes"": 623467, ""path"": ""/Users/zhouzixiang/Desktop/zac/ZAC_zzx/results/physical_ga_main_v1/protocol.json"", ""sha256"": ""9bb0ae97d2f3f1536a5c496a65fe2e21e2192ce20830979dd75b30b0a3148fc7""}","{""bytes"": 1280, ""path"": ""/Users/zhouzixiang/Desktop/zac/ZAC_zzx/results/physical_ga_main_v1/receipts/1fbbcea96463dd34-s2-ga_h2.json"", ""sha256"": ""b30b31a3b95d3115c1d12ce0dff9fa89534cfe2d8bb3583c703de1dd17c5760e""}",9bb0ae97d2f3f1536a5c496a65fe2e21e2192ce20830979dd75b30b0a3148fc7,d1fab3aaa092939e281636e5182865245c839b6f137f7762fc773e601882716a,valid_fidelity,,,,,,,
qmap154,squar5_261,0,205466da7c64551e7ef8d0ebcec9a29c26c1c6c9b66f614d19a34ff916800dc6,205466da7c64551e-s0-ga_h2,success,False,"{""fidelity"": 3.415966409455731e-05, ""idle_exposures"": 578.0, ""log_atom_transfer"": -2.4572288192811604, ""log_coherence_linear"": -1.5393553128199087, ""log_fidelity"": -10.284465022389755, ""log_idle_excitation"": -1.4468092660724796, ""move_batches"": 1109.0, ""move_time_us"": 112430.64178840905, ""transfers"": 2456.0}",True,False,fresh,fresh,success,205466da7c64551e7ef8d0ebcec9a29c26c1c6c9b66f614d19a34ff916800dc6,"{""bytes"": 623467, ""path"": ""/Users/zhouzixiang/Desktop/zac/ZAC_zzx/results/physical_ga_main_v1/protocol.json"", ""sha256"": ""9bb0ae97d2f3f1536a5c496a65fe2e21e2192ce20830979dd75b30b0a3148fc7""}","{""bytes"": 1282, ""path"": ""/Users/zhouzixiang/Desktop/zac/ZAC_zzx/results/physical_ga_main_v1/receipts/205466da7c64551e-s0-ga_h2.json"", ""sha256"": ""5c8dbe4c1c1d5a5d0f7de9f888c0eaaedb38a3474a47d7d766aa955cd1d8ecfe""}",9bb0ae97d2f3f1536a5c496a65fe2e21e2192ce20830979dd75b30b0a3148fc7,d1fab3aaa092939e281636e5182865245c839b6f137f7762fc773e601882716a,valid_fidelity,,,,,,,
qmap154,squar5_261,1,205466da7c64551e7ef8d0ebcec9a29c26c1c6c9b66f614d19a34ff916800dc6,205466da7c64551e-s1-ga_h2,success,False,"{""fidelity"": 3.441077792442949e-05, ""idle_exposures"": 578.0, ""log_atom_transfer"": -2.451225817279659, ""log_coherence_linear"": -1.5380340233317842, ""log_fidelity"": -10.277140730900129, ""log_idle_excitation"": -1.4468092660724796, ""move_batches"": 1108.0, ""move_time_us"": 112227.47686752408, ""transfers"": 2450.0}",True,False,fresh,fresh,success,205466da7c64551e7ef8d0ebcec9a29c26c1c6c9b66f614d19a34ff916800dc6,"{""bytes"": 623467, ""path"": ""/Users/zhouzixiang/Desktop/zac/ZAC_zzx/results/physical_ga_main_v1/protocol.json"", ""sha256"": ""9bb0ae97d2f3f1536a5c496a65fe2e21e2192ce20830979dd75b30b0a3148fc7""}","{""bytes"": 1281, ""path"": ""/Users/zhouzixiang/Desktop/zac/ZAC_zzx/results/physical_ga_main_v1/receipts/205466da7c64551e-s1-ga_h2.json"", ""sha256"": ""cc9f120c8e94d0fd571d937eb4ca560faaf6d5c612e823cda8be5af69642ca84""}",9bb0ae97d2f3f1536a5c496a65fe2e21e2192ce20830979dd75b30b0a3148fc7,d1fab3aaa092939e281636e5182865245c839b6f137f7762fc773e601882716a,valid_fidelity,,,,,,,
qmap154,squar5_261,2,205466da7c64551e7ef8d0ebcec9a29c26c1c6c9b66f614d19a34ff916800dc6,205466da7c64551e-s2-ga_h2,success,False,"{""fidelity"": 3.416047290044534e-05, ""idle_exposures"": 577.0, ""log_atom_transfer"": -2.449224816612492, ""log_coherence_linear"": -1.5498387687668167, ""log_fidelity"": -10.284441345449876, ""log_idle_excitation"": -1.4443061358543612, ""move_batches"": 1122.0, ""move_time_us"": 114006.84649047226, ""transfers"": 2448.0}",True,False,fresh,fresh,success,205466da7c64551e7ef8d0ebcec9a29c26c1c6c9b66f614d19a34ff916800dc6,"{""bytes"": 623467, ""path"": ""/Users/zhouzixiang/Desktop/zac/ZAC_zzx/results/physical_ga_main_v1/protocol.json"", ""sha256"": ""9bb0ae97d2f3f1536a5c496a65fe2e21e2192ce20830979dd75b30b0a3148fc7""}","{""bytes"": 1282, ""path"": ""/Users/zhouzixiang/Desktop/zac/ZAC_zzx/results/physical_ga_main_v1/receipts/205466da7c64551e-s2-ga_h2.json"", ""sha256"": ""22eeb5a9117faa14282e528527d6d391fe1c5ce8671a213ef1735dde859555a5""}",9bb0ae97d2f3f1536a5c496a65fe2e21e2192ce20830979dd75b30b0a3148fc7,d1fab3aaa092939e281636e5182865245c839b6f137f7762fc773e601882716a,valid_fidelity,,,,,,,
zac18,ising_n42,0,24ea0070b6bfe3a37d44ff0cff0d0f5527dd49518a58af57b394bd775bcaab65,24ea0070b6bfe3a3-s0-ga_h2,timeout,,{},False,False,reused,fresh,timeout,24ea0070b6bfe3a37d44ff0cff0d0f5527dd49518a58af57b394bd775bcaab65,"{""bytes"": 120460, ""path"": ""/Users/zhouzixiang/Desktop/zac/ZAC_zzx/results/physical_ga_initial_v1/corrected_driver_v1/protocol.json"", ""sha256"": ""634fb00b81921a7f81494cbeaaf4749cf9fe3bcfffdbd34f6488c496ea0244d7""}","{""bytes"": 1063, ""path"": ""/Users/zhouzixiang/Desktop/zac/ZAC_zzx/results/physical_ga_initial_v1/corrected_driver_v1/receipts/24ea0070b6bfe3a3-s0-ga_h2.json"", ""sha256"": ""276bf00def5eb2e3d583736d748bd6992bc6349c559de6101d036ade89ebce0b""}",,,timeout,,,/Users/zhouzixiang/Desktop/zac/ZAC_zzx/results/physical_ga_initial_v1/corrected_driver_v1/receipts/24ea0070b6bfe3a3-s0-ga_h2.json,276bf00def5eb2e3d583736d748bd6992bc6349c559de6101d036ade89ebce0b,terminal_receipt,,
zac18,ising_n42,1,24ea0070b6bfe3a37d44ff0cff0d0f5527dd49518a58af57b394bd775bcaab65,24ea0070b6bfe3a3-s1-ga_h2,timeout,,{},False,False,reused,fresh,timeout,24ea0070b6bfe3a37d44ff0cff0d0f5527dd49518a58af57b394bd775bcaab65,"{""bytes"": 120460, ""path"": ""/Users/zhouzixiang/Desktop/zac/ZAC_zzx/results/physical_ga_initial_v1/corrected_driver_v1/protocol.json"", ""sha256"": ""634fb00b81921a7f81494cbeaaf4749cf9fe3bcfffdbd34f6488c496ea0244d7""}","{""bytes"": 1063, ""path"": ""/Users/zhouzixiang/Desktop/zac/ZAC_zzx/results/physical_ga_initial_v1/corrected_driver_v1/receipts/24ea0070b6bfe3a3-s1-ga_h2.json"", ""sha256"": ""22d37a682cc6349f660769f127ca8d8b1c923d496112036f33dac1c56db3913d""}",,,timeout,,,/Users/zhouzixiang/Desktop/zac/ZAC_zzx/results/physical_ga_initial_v1/corrected_driver_v1/receipts/24ea0070b6bfe3a3-s1-ga_h2.json,22d37a682cc6349f660769f127ca8d8b1c923d496112036f33dac1c56db3913d,terminal_receipt,,
zac18,ising_n42,2,24ea0070b6bfe3a37d44ff0cff0d0f5527dd49518a58af57b394bd775bcaab65,24ea0070b6bfe3a3-s2-ga_h2,timeout,,{},False,False,reused,fresh,timeout,24ea0070b6bfe3a37d44ff0cff0d0f5527dd49518a58af57b394bd775bcaab65,"{""bytes"": 120460, ""path"": ""/Users/zhouzixiang/Desktop/zac/ZAC_zzx/results/physical_ga_initial_v1/corrected_driver_v1/protocol.json"", ""sha256"": ""634fb00b81921a7f81494cbeaaf4749cf9fe3bcfffdbd34f6488c496ea0244d7""}","{""bytes"": 1063, ""path"": ""/Users/zhouzixiang/Desktop/zac/ZAC_zzx/results/physical_ga_initial_v1/corrected_driver_v1/receipts/24ea0070b6bfe3a3-s2-ga_h2.json"", ""sha256"": ""80194086aad73e02787e2d73d8c284556909a2059cc9f74974b98082a03e4188""}",,,timeout,,,/Users/zhouzixiang/Desktop/zac/ZAC_zzx/results/physical_ga_initial_v1/corrected_driver_v1/receipts/24ea0070b6bfe3a3-s2-ga_h2.json,80194086aad73e02787e2d73d8c284556909a2059cc9f74974b98082a03e4188,terminal_receipt,,
qmap154,4mod5-v1_23,0,25d68584c24511a5e0c74e934a911155b0d792d0f76ad82dd8241b4aac2f6ae0,25d68584c24511a5-s0-ga_h2,success,False,"{""fidelity"": 0.7147083018462671, ""idle_exposures"": 24.0, ""log_atom_transfer"": -0.08004002668668275, ""log_coherence_linear"": -0.01826173318802805, ""log_fidelity"": -0.335880788976085, ""log_idle_excitation"": -0.06007512523484344, ""move_batches"": 38.0, ""move_time_us"": 4134.813498560378, ""transfers"": 80.0}",True,False,fresh,fresh,success,25d68584c24511a5e0c74e934a911155b0d792d0f76ad82dd8241b4aac2f6ae0,"{""bytes"": 623467, ""path"": ""/Users/zhouzixiang/Desktop/zac/ZAC_zzx/results/physical_ga_main_v1/protocol.json"", ""sha256"": ""9bb0ae97d2f3f1536a5c496a65fe2e21e2192ce20830979dd75b30b0a3148fc7""}","{""bytes"": 1281, ""path"": ""/Users/zhouzixiang/Desktop/zac/ZAC_zzx/results/physical_ga_main_v1/receipts/25d68584c24511a5-s0-ga_h2.json"", ""sha256"": ""a21fc7c6d11f74a4df0d91fc28ad51f386299cf405b2d1604dcfb3adce473c5f""}",9bb0ae97d2f3f1536a5c496a65fe2e21e2192ce20830979dd75b30b0a3148fc7,d1fab3aaa092939e281636e5182865245c839b6f137f7762fc773e601882716a,valid_fidelity,,,,,,,
qmap154,4mod5-v1_23,1,25d68584c24511a5e0c74e934a911155b0d792d0f76ad82dd8241b4aac2f6ae0,25d68584c24511a5-s1-ga_h2,success,False,"{""fidelity"": 0.7147177726274735, ""idle_exposures"": 24.0, ""log_atom_transfer"": -0.08004002668668275, ""log_coherence_linear"": -0.018248482021877267, ""log_fidelity"": -0.33586753780993417, ""log_idle_excitation"": -0.06007512523484344, ""move_batches"": 38.0, ""move_time_us"": 4130.85263641187, ""transfers"": 80.0}",True,False,fresh,fresh,success,25d68584c24511a5e0c74e934a911155b0d792d0f76ad82dd8241b4aac2f6ae0,"{""bytes"": 623467, ""path"": ""/Users/zhouzixiang/Desktop/zac/ZAC_zzx/results/physical_ga_main_v1/protocol.json"", ""sha256"": ""9bb0ae97d2f3f1536a5c496a65fe2e21e2192ce20830979dd75b30b0a3148fc7""}","{""bytes"": 1281, ""path"": ""/Users/zhouzixiang/Desktop/zac/ZAC_zzx/results/physical_ga_main_v1/receipts/25d68584c24511a5-s1-ga_h2.json"", ""sha256"": ""bfbdb46dc59c5bf2110ecbfe420b365b759cbf2602666767326dbb950bdaa700""}",9bb0ae97d2f3f1536a5c496a65fe2e21e2192ce20830979dd75b30b0a3148fc7,d1fab3aaa092939e281636e5182865245c839b6f137f7762fc773e601882716a,valid_fidelity,,,,,,,
qmap154,4mod5-v1_23,2,25d68584c24511a5e0c74e934a911155b0d792d0f76ad82dd8241b4aac2f6ae0,25d68584c24511a5-s2-ga_h2,success,False,"{""fidelity"": 0.7147105844170059, ""idle_exposures"": 24.0, ""log_atom_transfer"": -0.08004002668668275, ""log_coherence_linear"": -0.018258539483564432, ""log_fidelity"": -0.33587759527162137, ""log_idle_excitation"": -0.06007512523484344, ""move_batches"": 38.0, ""move_time_us"": 4133.8588799059125, ""transfers"": 80.0}",True,False,fresh,fresh,success,25d68584c24511a5e0c74e934a911155b0d792d0f76ad82dd8241b4aac2f6ae0,"{""bytes"": 623467, ""path"": ""/Users/zhouzixiang/Desktop/zac/ZAC_zzx/results/physical_ga_main_v1/protocol.json"", ""sha256"": ""9bb0ae97d2f3f1536a5c496a65fe2e21e2192ce20830979dd75b30b0a3148fc7""}","{""bytes"": 1282, ""path"": ""/Users/zhouzixiang/Desktop/zac/ZAC_zzx/results/physical_ga_main_v1/receipts/25d68584c24511a5-s2-ga_h2.json"", ""sha256"": ""ab75bcfbb02e14db47140753eb4add5882e7b276e80258c062804f3488dbd57e""}",9bb0ae97d2f3f1536a5c496a65fe2e21e2192ce20830979dd75b30b0a3148fc7,d1fab3aaa092939e281636e5182865245c839b6f137f7762fc773e601882716a,valid_fidelity,,,,,,,
qmap154,9symml_195,0,26bde4287c6cb5d5b60c40f5aef845bacf25cce07cfdc5871e9fb2dea2c9746c,26bde4287c6cb5d5-s0-ga_h2,success,True,"{""fidelity"": null, ""idle_exposures"": 12293.0, ""log_atom_transfer"": -46.6173125429912, ""log_coherence_linear"": null, ""log_fidelity"": null, ""log_idle_excitation"": -30.77097977133044, ""move_batches"": 20665.0, ""move_time_us"": 2109814.7809814797, ""transfers"": 46594.0}",False,False,fresh,fresh,success,26bde4287c6cb5d5b60c40f5aef845bacf25cce07cfdc5871e9fb2dea2c9746c,"{""bytes"": 623467, ""path"": ""/Users/zhouzixiang/Desktop/zac/ZAC_zzx/results/physical_ga_main_v1/protocol.json"", ""sha256"": ""9bb0ae97d2f3f1536a5c496a65fe2e21e2192ce20830979dd75b30b0a3148fc7""}","{""bytes"": 1287, ""path"": ""/Users/zhouzixiang/Desktop/zac/ZAC_zzx/results/physical_ga_main_v1/receipts/26bde4287c6cb5d5-s0-ga_h2.json"", ""sha256"": ""92fb4f90af4928e9a92f564f3edbe084634c71f2e3c7bfe9d154f0ebe7ebc23c""}",9bb0ae97d2f3f1536a5c496a65fe2e21e2192ce20830979dd75b30b0a3148fc7,d1fab3aaa092939e281636e5182865245c839b6f137f7762fc773e601882716a,model_out_of_domain,,,,,,,
qmap154,9symml_195,1,26bde4287c6cb5d5b60c40f5aef845bacf25cce07cfdc5871e9fb2dea2c9746c,26bde4287c6cb5d5-s1-ga_h2,success,True,"{""fidelity"": null, ""idle_exposures"": 12110.0, ""log_atom_transfer"": -46.55928352364336, ""log_coherence_linear"": null, ""log_fidelity"": null, ""log_idle_excitation"": -30.312906941414756, ""move_batches"": 20650.0, ""move_time_us"": 2110926.6743758535, ""transfers"": 46536.0}",False,False,fresh,fresh,success,26bde4287c6cb5d5b60c40f5aef845bacf25cce07cfdc5871e9fb2dea2c9746c,"{""bytes"": 623467, ""path"": ""/Users/zhouzixiang/Desktop/zac/ZAC_zzx/results/physical_ga_main_v1/protocol.json"", ""sha256"": ""9bb0ae97d2f3f1536a5c496a65fe2e21e2192ce20830979dd75b30b0a3148fc7""}","{""bytes"": 1286, ""path"": ""/Users/zhouzixiang/Desktop/zac/ZAC_zzx/results/physical_ga_main_v1/receipts/26bde4287c6cb5d5-s1-ga_h2.json"", ""sha256"": ""ec66a403e4ff61e7dac8f1a959695db7e1f4b04ba386958a4a5dde1f5a7f7fb0""}",9bb0ae97d2f3f1536a5c496a65fe2e21e2192ce20830979dd75b30b0a3148fc7,d1fab3aaa092939e281636e5182865245c839b6f137f7762fc773e601882716a,model_out_of_domain,,,,,,,
qmap154,9symml_195,2,26bde4287c6cb5d5b60c40f5aef845bacf25cce07cfdc5871e9fb2dea2c9746c,26bde4287c6cb5d5-s2-ga_h2,success,True,"{""fidelity"": null, ""idle_exposures"": 12234.0, ""log_atom_transfer"": -46.4412244842805, ""log_coherence_linear"": null, ""log_fidelity"": null, ""log_idle_excitation"": -30.623295088461447, ""move_batches"": 20639.0, ""move_time_us"": 2104517.8126814426, ""transfers"": 46418.0}",False,False,fresh,fresh,success,26bde4287c6cb5d5b60c40f5aef845bacf25cce07cfdc5871e9fb2dea2c9746c,"{""bytes"": 623467, ""path"": ""/Users/zhouzixiang/Desktop/zac/ZAC_zzx/results/physical_ga_main_v1/protocol.json"", ""sha256"": ""9bb0ae97d2f3f1536a5c496a65fe2e21e2192ce20830979dd75b30b0a3148fc7""}","{""bytes"": 1287, ""path"": ""/Users/zhouzixiang/Desktop/zac/ZAC_zzx/results/physical_ga_main_v1/receipts/26bde4287c6cb5d5-s2-ga_h2.json"", ""sha256"": ""6edc0b54b2091fa623bb4ff06cfab6b9170680c1460a890cd3af0d387418c146""}",9bb0ae97d2f3f1536a5c496a65fe2e21e2192ce20830979dd75b30b0a3148fc7,d1fab3aaa092939e281636e5182865245c839b6f137f7762fc773e601882716a,model_out_of_domain,,,,,,,
qmap154,mod8-10_177,0,29d2d2ba2eb18eb5ab2c49bd53f46992b37b48715ddad032382024339a0ed6c0,29d2d2ba2eb18eb5-s0-ga_h2,success,False,"{""fidelity"": 0.1241887083302456, ""idle_exposures"": 131.0, ""log_atom_transfer"": -0.5342671781336074, ""log_coherence_linear"": -0.1489391069573226, ""log_fidelity"": -2.085953028831211, ""log_idle_excitation"": -0.32791005857352046, ""move_batches"": 253.0, ""move_time_us"": 27113.245498384833, ""transfers"": 534.0}",True,False,fresh,fresh,success,29d2d2ba2eb18eb5ab2c49bd53f46992b37b48715ddad032382024339a0ed6c0,"{""bytes"": 623467, ""path"": ""/Users/zhouzixiang/Desktop/zac/ZAC_zzx/results/physical_ga_main_v1/protocol.json"", ""sha256"": ""9bb0ae97d2f3f1536a5c496a65fe2e21e2192ce20830979dd75b30b0a3148fc7""}","{""bytes"": 1283, ""path"": ""/Users/zhouzixiang/Desktop/zac/ZAC_zzx/results/physical_ga_main_v1/receipts/29d2d2ba2eb18eb5-s0-ga_h2.json"", ""sha256"": ""a085778e64bcd5f052024cd36e644263327c16ada37b9e68fe185324a40f6c66""}",9bb0ae97d2f3f1536a5c496a65fe2e21e2192ce20830979dd75b30b0a3148fc7,d1fab3aaa092939e281636e5182865245c839b6f137f7762fc773e601882716a,valid_fidelity,,,,,,,
qmap154,mod8-10_177,1,29d2d2ba2eb18eb5ab2c49bd53f46992b37b48715ddad032382024339a0ed6c0,29d2d2ba2eb18eb5-s1-ga_h2,success,False,"{""fidelity"": 0.1241887083302456, ""idle_exposures"": 131.0, ""log_atom_transfer"": -0.5342671781336074, ""log_coherence_linear"": -0.1489391069573226, ""log_fidelity"": -2.085953028831211, ""log_idle_excitation"": -0.32791005857352046, ""move_batches"": 253.0, ""move_time_us"": 27113.245498384833, ""transfers"": 534.0}",True,False,fresh,fresh,success,29d2d2ba2eb18eb5ab2c49bd53f46992b37b48715ddad032382024339a0ed6c0,"{""bytes"": 623467, ""path"": ""/Users/zhouzixiang/Desktop/zac/ZAC_zzx/results/physical_ga_main_v1/protocol.json"", ""sha256"": ""9bb0ae97d2f3f1536a5c496a65fe2e21e2192ce20830979dd75b30b0a3148fc7""}","{""bytes"": 1283, ""path"": ""/Users/zhouzixiang/Desktop/zac/ZAC_zzx/results/physical_ga_main_v1/receipts/29d2d2ba2eb18eb5-s1-ga_h2.json"", ""sha256"": ""73f6ea25bd29bfbc9d63b352a5cc2554ba47337cd9ecd8eb15f2b1de5f66e021""}",9bb0ae97d2f3f1536a5c496a65fe2e21e2192ce20830979dd75b30b0a3148fc7,d1fab3aaa092939e281636e5182865245c839b6f137f7762fc773e601882716a,valid_fidelity,,,,,,,
qmap154,mod8-10_177,2,29d2d2ba2eb18eb5ab2c49bd53f46992b37b48715ddad032382024339a0ed6c0,29d2d2ba2eb18eb5-s2-ga_h2,success,False,"{""fidelity"": 0.1241887083302456, ""idle_exposures"": 131.0, ""log_atom_transfer"": -0.5342671781336074, ""log_coherence_linear"": -0.1489391069573226, ""log_fidelity"": -2.085953028831211, ""log_idle_excitation"": -0.32791005857352046, ""move_batches"": 253.0, ""move_time_us"": 27113.245498384833, ""transfers"": 534.0}",True,False,fresh,fresh,success,29d2d2ba2eb18eb5ab2c49bd53f46992b37b48715ddad032382024339a0ed6c0,"{""bytes"": 623467, ""path"": ""/Users/zhouzixiang/Desktop/zac/ZAC_zzx/results/physical_ga_main_v1/protocol.json"", ""sha256"": ""9bb0ae97d2f3f1536a5c496a65fe2e21e2192ce20830979dd75b30b0a3148fc7""}","{""bytes"": 1282, ""path"": ""/Users/zhouzixiang/Desktop/zac/ZAC_zzx/results/physical_ga_main_v1/receipts/29d2d2ba2eb18eb5-s2-ga_h2.json"", ""sha256"": ""8dc19c48a31db91baf9cddd3ac88beaaf538799ecd1ec7bce0ca0f1a56c94276""}",9bb0ae97d2f3f1536a5c496a65fe2e21e2192ce20830979dd75b30b0a3148fc7,d1fab3aaa092939e281636e5182865245c839b6f137f7762fc773e601882716a,valid_fidelity,,,,,,,
qmap154,mod5d2_64,0,2b0c30df2cb02052a00194a2064cbb204e581278c89c93f9dff8bf4741e22dc2,2b0c30df2cb02052-s0-ga_h2,success,False,"{""fidelity"": 0.7628024064755343, ""idle_exposures"": 16.0, ""log_atom_transfer"": -0.07603802535234862, ""log_coherence_linear"": -0.016152615641652383, ""log_fidelity"": -0.2707562504685915, ""log_idle_excitation"": -0.04005008348989563, ""move_batches"": 37.0, ""move_time_us"": 3855.5872822561137, ""transfers"": 76.0}",True,False,fresh,fresh,success,2b0c30df2cb02052a00194a2064cbb204e581278c89c93f9dff8bf4741e22dc2,"{""bytes"": 623467, ""path"": ""/Users/zhouzixiang/Desktop/zac/ZAC_zzx/results/physical_ga_main_v1/protocol.json"", ""sha256"": ""9bb0ae97d2f3f1536a5c496a65fe2e21e2192ce20830979dd75b30b0a3148fc7""}","{""bytes"": 1280, ""path"": ""/Users/zhouzixiang/Desktop/zac/ZAC_zzx/results/physical_ga_main_v1/receipts/2b0c30df2cb02052-s0-ga_h2.json"", ""sha256"": ""3e4a7dddd559c1dbfbf8544d83ab12b9acabef552bb913cb8ddaa83f0690b15b""}",9bb0ae97d2f3f1536a5c496a65fe2e21e2192ce20830979dd75b30b0a3148fc7,d1fab3aaa092939e281636e5182865245c839b6f137f7762fc773e601882716a,valid_fidelity,,,,,,,
qmap154,mod5d2_64,1,2b0c30df2cb02052a00194a2064cbb204e581278c89c93f9dff8bf4741e22dc2,2b0c30df2cb02052-s1-ga_h2,success,False,"{""fidelity"": 0.7631331484078728, ""idle_exposures"": 16.0, ""log_atom_transfer"": -0.07603802535234862, ""log_coherence_linear"": -0.01571912166288063, ""log_fidelity"": -0.2703227564898197, ""log_idle_excitation"": -0.04005008348989563, ""move_batches"": 37.0, ""move_time_us"": 3725.951021479617, ""transfers"": 76.0}",True,False,fresh,fresh,success,2b0c30df2cb02052a00194a2064cbb204e581278c89c93f9dff8bf4741e22dc2,"{""bytes"": 623467, ""path"": ""/Users/zhouzixiang/Desktop/zac/ZAC_zzx/results/physical_ga_main_v1/protocol.json"", ""sha256"": ""9bb0ae97d2f3f1536a5c496a65fe2e21e2192ce20830979dd75b30b0a3148fc7""}","{""bytes"": 1280, ""path"": ""/Users/zhouzixiang/Desktop/zac/ZAC_zzx/results/physical_ga_main_v1/receipts/2b0c30df2cb02052-s1-ga_h2.json"", ""sha256"": ""3675d6e493a3dfdecf14f5450b9746b2cfd22efab8d7248bd34b3a6bc95c71ac""}",9bb0ae97d2f3f1536a5c496a65fe2e21e2192ce20830979dd75b30b0a3148fc7,d1fab3aaa092939e281636e5182865245c839b6f137f7762fc773e601882716a,valid_fidelity,,,,,,,
qmap154,mod5d2_64,2,2b0c30df2cb02052a00194a2064cbb204e581278c89c93f9dff8bf4741e22dc2,2b0c30df2cb02052-s2-ga_h2,success,False,"{""fidelity"": 0.7631353305929394, ""idle_exposures"": 16.0, ""log_atom_transfer"": -0.07603802535234862, ""log_coherence_linear"": -0.015716262159331224, ""log_fidelity"": -0.2703198969862703, ""log_idle_excitation"": -0.04005008348989563, ""move_batches"": 37.0, ""move_time_us"": 3725.0958628801427, ""transfers"": 76.0}",True,False,fresh,fresh,success,2b0c30df2cb02052a00194a2064cbb204e581278c89c93f9dff8bf4741e22dc2,"{""bytes"": 623467, ""path"": ""/Users/zhouzixiang/Desktop/zac/ZAC_zzx/results/physical_ga_main_v1/protocol.json"", ""sha256"": ""9bb0ae97d2f3f1536a5c496a65fe2e21e2192ce20830979dd75b30b0a3148fc7""}","{""bytes"": 1280, ""path"": ""/Users/zhouzixiang/Desktop/zac/ZAC_zzx/results/physical_ga_main_v1/receipts/2b0c30df2cb02052-s2-ga_h2.json"", ""sha256"": ""333ee292340ec9834f6e977e90bd80416d000d800003545e53896e9254f0f5f1""}",9bb0ae97d2f3f1536a5c496a65fe2e21e2192ce20830979dd75b30b0a3148fc7,d1fab3aaa092939e281636e5182865245c839b6f137f7762fc773e601882716a,valid_fidelity,,,,,,,
qmap154,root_255,0,2b3237a508e829210f1cc5215a037ed2416c9c8f69d09be3c5cc69f274db9ae8,2b3237a508e82921-s0-ga_h2,success,True,"{""fidelity"": null, ""idle_exposures"": 4988.0, ""log_atom_transfer"": -22.651327552331217, ""log_coherence_linear"": null, ""log_fidelity"": null, ""log_idle_excitation"": -12.485613527974962, ""move_batches"": 9918.0, ""move_time_us"": 1026458.8594345811, ""transfers"": 22640.0}",False,False,fresh,fresh,success,2b3237a508e829210f1cc5215a037ed2416c9c8f69d09be3c5cc69f274db9ae8,"{""bytes"": 623467, ""path"": ""/Users/zhouzixiang/Desktop/zac/ZAC_zzx/results/physical_ga_main_v1/protocol.json"", ""sha256"": ""9bb0ae97d2f3f1536a5c496a65fe2e21e2192ce20830979dd75b30b0a3148fc7""}","{""bytes"": 1284, ""path"": ""/Users/zhouzixiang/Desktop/zac/ZAC_zzx/results/physical_ga_main_v1/receipts/2b3237a508e82921-s0-ga_h2.json"", ""sha256"": ""74e48d023d4de5ead79510a8c854adcc1c35d022ebcabcba6fb78518f098403f""}",9bb0ae97d2f3f1536a5c496a65fe2e21e2192ce20830979dd75b30b0a3148fc7,d1fab3aaa092939e281636e5182865245c839b6f137f7762fc773e601882716a,model_out_of_domain,,,,,,,
qmap154,root_255,1,2b3237a508e829210f1cc5215a037ed2416c9c8f69d09be3c5cc69f274db9ae8,2b3237a508e82921-s1-ga_h2,success,True,"{""fidelity"": null, ""idle_exposures"": 5000.0, ""log_atom_transfer"": -22.60730553765354, ""log_coherence_linear"": null, ""log_fidelity"": null, ""log_idle_excitation"": -12.515651090592385, ""move_batches"": 9872.0, ""move_time_us"": 1017735.0577578204, ""transfers"": 22596.0}",False,False,fresh,fresh,success,2b3237a508e829210f1cc5215a037ed2416c9c8f69d09be3c5cc69f274db9ae8,"{""bytes"": 623467, ""path"": ""/Users/zhouzixiang/Desktop/zac/ZAC_zzx/results/physical_ga_main_v1/protocol.json"", ""sha256"": ""9bb0ae97d2f3f1536a5c496a65fe2e21e2192ce20830979dd75b30b0a3148fc7""}","{""bytes"": 1284, ""path"": ""/Users/zhouzixiang/Desktop/zac/ZAC_zzx/results/physical_ga_main_v1/receipts/2b3237a508e82921-s1-ga_h2.json"", ""sha256"": ""5ef8dae8d16fd1bd1b14e56da0e6d6871c44f0b1591269f5396a4f6dc8e95a5e""}",9bb0ae97d2f3f1536a5c496a65fe2e21e2192ce20830979dd75b30b0a3148fc7,d1fab3aaa092939e281636e5182865245c839b6f137f7762fc773e601882716a,model_out_of_domain,,,,,,,
qmap154,root_255,2,2b3237a508e829210f1cc5215a037ed2416c9c8f69d09be3c5cc69f274db9ae8,2b3237a508e82921-s2-ga_h2,success,True,"{""fidelity"": null, ""idle_exposures"": 4983.0, ""log_atom_transfer"": -22.701352569010396, ""log_coherence_linear"": null, ""log_fidelity"": null, ""log_idle_excitation"": -12.47309787688437, ""move_batches"": 9871.0, ""move_time_us"": 1015793.3163899271, ""transfers"": 22690.0}",False,False,fresh,fresh,success,2b3237a508e829210f1cc5215a037ed2416c9c8f69d09be3c5cc69f274db9ae8,"{""bytes"": 623467, ""path"": ""/Users/zhouzixiang/Desktop/zac/ZAC_zzx/results/physical_ga_main_v1/protocol.json"", ""sha256"": ""9bb0ae97d2f3f1536a5c496a65fe2e21e2192ce20830979dd75b30b0a3148fc7""}","{""bytes"": 1282, ""path"": ""/Users/zhouzixiang/Desktop/zac/ZAC_zzx/results/physical_ga_main_v1/receipts/2b3237a508e82921-s2-ga_h2.json"", ""sha256"": ""2757c1dbbed1e5351f5c40afb2605f213d6fffd16e8531074ac7a7a691e8fc8c""}",9bb0ae97d2f3f1536a5c496a65fe2e21e2192ce20830979dd75b30b0a3148fc7,d1fab3aaa092939e281636e5182865245c839b6f137f7762fc773e601882716a,model_out_of_domain,,,,,,,
zac18,qft_n18_transpiled,0,2e218cbc6320c2d4600d37ddf2c65f8befcb1d6f62550cd0367b82b62e99979d,2e218cbc6320c2d4-s0-ga_h2,success,False,"{""fidelity"": 0.09698745907283143, ""idle_exposures"": 9.0, ""log_atom_transfer"": -0.38619312876324424, ""log_coherence_linear"": -0.29339991509860286, ""log_fidelity"": -2.3331735967461107, ""log_idle_excitation"": -0.022528171963066293, ""move_batches"": 94.0, ""move_time_us"": 16108.914858812335, ""transfers"": 386.0}",True,False,reused,fresh,success,2e218cbc6320c2d4600d37ddf2c65f8befcb1d6f62550cd0367b82b62e99979d,"{""bytes"": 120460, ""path"": ""/Users/zhouzixiang/Desktop/zac/ZAC_zzx/results/physical_ga_initial_v1/corrected_driver_v1/protocol.json"", ""sha256"": ""634fb00b81921a7f81494cbeaaf4749cf9fe3bcfffdbd34f6488c496ea0244d7""}","{""bytes"": 1366, ""path"": ""/Users/zhouzixiang/Desktop/zac/ZAC_zzx/results/physical_ga_initial_v1/corrected_driver_v1/receipts/2e218cbc6320c2d4-s0-ga_h2.json"", ""sha256"": ""ba9c24a160582518bc7ecd2ed397a275417f5fcd0b2af3c13679884d639a356e""}",634fb00b81921a7f81494cbeaaf4749cf9fe3bcfffdbd34f6488c496ea0244d7,715e166529a9198763afc2134df560a1133fc23906da0285528991c343baaa46,valid_fidelity,,,,,,,
zac18,qft_n18_transpiled,1,2e218cbc6320c2d4600d37ddf2c65f8befcb1d6f62550cd0367b82b62e99979d,2e218cbc6320c2d4-s1-ga_h2,success,False,"{""fidelity"": 0.09688105883462918, ""idle_exposures"": 7.0, ""log_atom_transfer"": -0.3881941294304113, ""log_coherence_linear"": -0.29750282857683275, ""log_fidelity"": -2.3342712504552705, ""log_idle_excitation"": -0.017521911526829338, ""move_batches"": 94.0, ""move_time_us"": 16360.436063236084, ""transfers"": 388.0}",True,False,reused,fresh,success,2e218cbc6320c2d4600d37ddf2c65f8befcb1d6f62550cd0367b82b62e99979d,"{""bytes"": 120460, ""path"": ""/Users/zhouzixiang/Desktop/zac/ZAC_zzx/results/physical_ga_initial_v1/corrected_driver_v1/protocol.json"", ""sha256"": ""634fb00b81921a7f81494cbeaaf4749cf9fe3bcfffdbd34f6488c496ea0244d7""}","{""bytes"": 1366, ""path"": ""/Users/zhouzixiang/Desktop/zac/ZAC_zzx/results/physical_ga_initial_v1/corrected_driver_v1/receipts/2e218cbc6320c2d4-s1-ga_h2.json"", ""sha256"": ""6771cdaa12a2c7a1718c31b3643ef91673ccb18fbf47a7d5afa0c2be1df395bd""}",634fb00b81921a7f81494cbeaaf4749cf9fe3bcfffdbd34f6488c496ea0244d7,715e166529a9198763afc2134df560a1133fc23906da0285528991c343baaa46,valid_fidelity,,,,,,,
zac18,qft_n18_transpiled,2,2e218cbc6320c2d4600d37ddf2c65f8befcb1d6f62550cd0367b82b62e99979d,2e218cbc6320c2d4-s2-ga_h2,success,False,"{""fidelity"": 0.09579380885777385, ""idle_exposures"": 2.0, ""log_atom_transfer"": -0.3881941294304113, ""log_coherence_linear"": -0.321304451007542, ""log_fidelity"": -2.3455572217953873, ""log_idle_excitation"": -0.005006260436236954, ""move_batches"": 111.0, ""move_time_us"": 16549.06073228383, ""transfers"": 388.0}",True,False,reused,fresh,success,2e218cbc6320c2d4600d37ddf2c65f8befcb1d6f62550cd0367b82b62e99979d,"{""bytes"": 120460, ""path"": ""/Users/zhouzixiang/Desktop/zac/ZAC_zzx/results/physical_ga_initial_v1/corrected_driver_v1/protocol.json"", ""sha256"": ""634fb00b81921a7f81494cbeaaf4749cf9fe3bcfffdbd34f6488c496ea0244d7""}","{""bytes"": 1365, ""path"": ""/Users/zhouzixiang/Desktop/zac/ZAC_zzx/results/physical_ga_initial_v1/corrected_driver_v1/receipts/2e218cbc6320c2d4-s2-ga_h2.json"", ""sha256"": ""05101209890b69a37305eece5a45c3572bf4900732b9001d91c507e7b7450778""}",634fb00b81921a7f81494cbeaaf4749cf9fe3bcfffdbd34f6488c496ea0244d7,715e166529a9198763afc2134df560a1133fc23906da0285528991c343baaa46,valid_fidelity,,,,,,,
qmap154,qft_16,0,2e5720da50a8d2fd9ab1fb290f0329a29fa73b931ac3b1565d4a2c693f566c23,2e5720da50a8d2fd-s0-ga_h2,program_error,,{},False,False,fresh,fresh,program_error,2e5720da50a8d2fd9ab1fb290f0329a29fa73b931ac3b1565d4a2c693f566c23,"{""bytes"": 623467, ""path"": ""/Users/zhouzixiang/Desktop/zac/ZAC_zzx/results/physical_ga_main_v1/protocol.json"", ""sha256"": ""9bb0ae97d2f3f1536a5c496a65fe2e21e2192ce20830979dd75b30b0a3148fc7""}","{""bytes"": 1240, ""path"": ""/Users/zhouzixiang/Desktop/zac/ZAC_zzx/results/physical_ga_main_v1/receipts/2e5720da50a8d2fd-s0-ga_h2.json"", ""sha256"": ""bb1469e0d975d9d41765e0cce5d68000924d756dbf0e9f6471eb9946c629d50b""}",,,program_error,"{""bytes"": 812, ""path"": ""/Users/zhouzixiang/Desktop/zac/ZAC_zzx/results/physical_ga_main_v1/jobs/2e5720da50a8d2fd-s0-ga_h2/failure.json"", ""sha256"": ""f46e8d61c857fa3424b09c7e1e2236064e7a91ee416b85687e12f4af6923faaa""}",空门序列导致初始化报告字段缺失,/Users/zhouzixiang/Desktop/zac/ZAC_zzx/results/physical_ga_main_v1/jobs/2e5720da50a8d2fd-s0-ga_h2/failure.json,f46e8d61c857fa3424b09c7e1e2236064e7a91ee416b85687e12f4af6923faaa,failure_artifact,AttributeError,'ZAC_zzx' object has no attribute 'zzx_initial_lookahead_report'
qmap154,qft_16,1,2e5720da50a8d2fd9ab1fb290f0329a29fa73b931ac3b1565d4a2c693f566c23,2e5720da50a8d2fd-s1-ga_h2,program_error,,{},False,False,fresh,fresh,program_error,2e5720da50a8d2fd9ab1fb290f0329a29fa73b931ac3b1565d4a2c693f566c23,"{""bytes"": 623467, ""path"": ""/Users/zhouzixiang/Desktop/zac/ZAC_zzx/results/physical_ga_main_v1/protocol.json"", ""sha256"": ""9bb0ae97d2f3f1536a5c496a65fe2e21e2192ce20830979dd75b30b0a3148fc7""}","{""bytes"": 1238, ""path"": ""/Users/zhouzixiang/Desktop/zac/ZAC_zzx/results/physical_ga_main_v1/receipts/2e5720da50a8d2fd-s1-ga_h2.json"", ""sha256"": ""9c2cf610740e89d54b75c8b16f1f00b8edb29fb4ba4a05f3322e6c1fa0f47caa""}",,,program_error,"{""bytes"": 812, ""path"": ""/Users/zhouzixiang/Desktop/zac/ZAC_zzx/results/physical_ga_main_v1/jobs/2e5720da50a8d2fd-s1-ga_h2/failure.json"", ""sha256"": ""8db5bd24a88591309437f4eca235265b6cb8e123246fc3a4bf1902e8d5831d79""}",空门序列导致初始化报告字段缺失,/Users/zhouzixiang/Desktop/zac/ZAC_zzx/results/physical_ga_main_v1/jobs/2e5720da50a8d2fd-s1-ga_h2/failure.json,8db5bd24a88591309437f4eca235265b6cb8e123246fc3a4bf1902e8d5831d79,failure_artifact,AttributeError,'ZAC_zzx' object has no attribute 'zzx_initial_lookahead_report'
qmap154,qft_16,2,2e5720da50a8d2fd9ab1fb290f0329a29fa73b931ac3b1565d4a2c693f566c23,2e5720da50a8d2fd-s2-ga_h2,program_error,,{},False,False,fresh,fresh,program_error,2e5720da50a8d2fd9ab1fb290f0329a29fa73b931ac3b1565d4a2c693f566c23,"{""bytes"": 623467, ""path"": ""/Users/zhouzixiang/Desktop/zac/ZAC_zzx/results/physical_ga_main_v1/protocol.json"", ""sha256"": ""9bb0ae97d2f3f1536a5c496a65fe2e21e2192ce20830979dd75b30b0a3148fc7""}","{""bytes"": 1240, ""path"": ""/Users/zhouzixiang/Desktop/zac/ZAC_zzx/results/physical_ga_main_v1/receipts/2e5720da50a8d2fd-s2-ga_h2.json"", ""sha256"": ""8348e3d9aa928836db0a421324f58d89610c64a17d946c2e7e77e65c9638674f""}",,,program_error,"{""bytes"": 812, ""path"": ""/Users/zhouzixiang/Desktop/zac/ZAC_zzx/results/physical_ga_main_v1/jobs/2e5720da50a8d2fd-s2-ga_h2/failure.json"", ""sha256"": ""01f4904aee8f80e88697db34dfc15f960dc1c2ea967f5eea82b49168f4498238""}",空门序列导致初始化报告字段缺失,/Users/zhouzixiang/Desktop/zac/ZAC_zzx/results/physical_ga_main_v1/jobs/2e5720da50a8d2fd-s2-ga_h2/failure.json,01f4904aee8f80e88697db34dfc15f960dc1c2ea967f5eea82b49168f4498238,failure_artifact,AttributeError,'ZAC_zzx' object has no attribute 'zzx_initial_lookahead_report'
qmap154,hwb9_119,0,2e9923dba4ff19f3f08945bfa534866386905120e3c1b07e74a1e22ae55d9865,2e9923dba4ff19f3-s0-ga_h2,timeout,,{},False,False,fresh,fresh,timeout,2e9923dba4ff19f3f08945bfa534866386905120e3c1b07e74a1e22ae55d9865,"{""bytes"": 623467, ""path"": ""/Users/zhouzixiang/Desktop/zac/ZAC_zzx/results/physical_ga_main_v1/protocol.json"", ""sha256"": ""9bb0ae97d2f3f1536a5c496a65fe2e21e2192ce20830979dd75b30b0a3148fc7""}","{""bytes"": 1010, ""path"": ""/Users/zhouzixiang/Desktop/zac/ZAC_zzx/results/physical_ga_main_v1/receipts/2e9923dba4ff19f3-s0-ga_h2.json"", ""sha256"": ""e5a948489aff188634133f9354cc50d96a4f49b42e7f407e62ba304039f0ecd7""}",,,timeout,,,/Users/zhouzixiang/Desktop/zac/ZAC_zzx/results/physical_ga_main_v1/receipts/2e9923dba4ff19f3-s0-ga_h2.json,e5a948489aff188634133f9354cc50d96a4f49b42e7f407e62ba304039f0ecd7,terminal_receipt,,
qmap154,hwb9_119,1,2e9923dba4ff19f3f08945bfa534866386905120e3c1b07e74a1e22ae55d9865,2e9923dba4ff19f3-s1-ga_h2,timeout,,{},False,False,fresh,fresh,timeout,2e9923dba4ff19f3f08945bfa534866386905120e3c1b07e74a1e22ae55d9865,"{""bytes"": 623467, ""path"": ""/Users/zhouzixiang/Desktop/zac/ZAC_zzx/results/physical_ga_main_v1/protocol.json"", ""sha256"": ""9bb0ae97d2f3f1536a5c496a65fe2e21e2192ce20830979dd75b30b0a3148fc7""}","{""bytes"": 1010, ""path"": ""/Users/zhouzixiang/Desktop/zac/ZAC_zzx/results/physical_ga_main_v1/receipts/2e9923dba4ff19f3-s1-ga_h2.json"", ""sha256"": ""291eb1fd8069bcbbbc53fa19f4360925443e5185ecc4c7e5158594ffb9bf87dd""}",,,timeout,,,/Users/zhouzixiang/Desktop/zac/ZAC_zzx/results/physical_ga_main_v1/receipts/2e9923dba4ff19f3-s1-ga_h2.json,291eb1fd8069bcbbbc53fa19f4360925443e5185ecc4c7e5158594ffb9bf87dd,terminal_receipt,,
qmap154,hwb9_119,2,2e9923dba4ff19f3f08945bfa534866386905120e3c1b07e74a1e22ae55d9865,2e9923dba4ff19f3-s2-ga_h2,timeout,,{},False,False,fresh,fresh,timeout,2e9923dba4ff19f3f08945bfa534866386905120e3c1b07e74a1e22ae55d9865,"{""bytes"": 623467, ""path"": ""/Users/zhouzixiang/Desktop/zac/ZAC_zzx/results/physical_ga_main_v1/protocol.json"", ""sha256"": ""9bb0ae97d2f3f1536a5c496a65fe2e21e2192ce20830979dd75b30b0a3148fc7""}","{""bytes"": 1010, ""path"": ""/Users/zhouzixiang/Desktop/zac/ZAC_zzx/results/physical_ga_main_v1/receipts/2e9923dba4ff19f3-s2-ga_h2.json"", ""sha256"": ""bddf401b31aef2fe6a4351882205aed490473ecb13ceb256850d2d3b60d29187""}",,,timeout,,,/Users/zhouzixiang/Desktop/zac/ZAC_zzx/results/physical_ga_main_v1/receipts/2e9923dba4ff19f3-s2-ga_h2.json,bddf401b31aef2fe6a4351882205aed490473ecb13ceb256850d2d3b60d29187,terminal_receipt,,
qmap154,sym6_316,0,2fabbd1041f29f041e6f33a894239db90c289c40d9e93f6e6e5a91771055029c,2fabbd1041f29f04-s0-ga_h2,success,False,"{""fidelity"": 0.2260015370111709, ""idle_exposures"": 90.0, ""log_atom_transfer"": -0.34617311541990287, ""log_coherence_linear"": -0.23110578240862764, ""log_fidelity"": -1.487213478798593, ""log_idle_excitation"": -0.22528171963066293, ""move_batches"": 163.0, ""move_time_us"": 16277.20808652459, ""transfers"": 346.0}",True,False,fresh,fresh,success,2fabbd1041f29f041e6f33a894239db90c289c40d9e93f6e6e5a91771055029c,"{""bytes"": 623467, ""path"": ""/Users/zhouzixiang/Desktop/zac/ZAC_zzx/results/physical_ga_main_v1/protocol.json"", ""sha256"": ""9bb0ae97d2f3f1536a5c496a65fe2e21e2192ce20830979dd75b30b0a3148fc7""}","{""bytes"": 1279, ""path"": ""/Users/zhouzixiang/Desktop/zac/ZAC_zzx/results/physical_ga_main_v1/receipts/2fabbd1041f29f04-s0-ga_h2.json"", ""sha256"": ""c21aa335d9fed7338785af2c97f7f87cd040d4c1869ee564b7ede6892e2fb5d9""}",9bb0ae97d2f3f1536a5c496a65fe2e21e2192ce20830979dd75b30b0a3148fc7,d1fab3aaa092939e281636e5182865245c839b6f137f7762fc773e601882716a,valid_fidelity,,,,,,,
qmap154,sym6_316,1,2fabbd1041f29f041e6f33a894239db90c289c40d9e93f6e6e5a91771055029c,2fabbd1041f29f04-s1-ga_h2,success,False,"{""fidelity"": 0.22586768528385234, ""idle_exposures"": 92.0, ""log_atom_transfer"": -0.34817411608706994, ""log_coherence_linear"": -0.22469095701285455, ""log_fidelity"": -1.487805914506224, ""log_idle_excitation"": -0.23028798006689988, ""move_batches"": 154.0, ""move_time_us"": 15382.25696014854, ""transfers"": 348.0}",True,False,fresh,fresh,success,2fabbd1041f29f041e6f33a894239db90c289c40d9e93f6e6e5a91771055029c,"{""bytes"": 623467, ""path"": ""/Users/zhouzixiang/Desktop/zac/ZAC_zzx/results/physical_ga_main_v1/protocol.json"", ""sha256"": ""9bb0ae97d2f3f1536a5c496a65fe2e21e2192ce20830979dd75b30b0a3148fc7""}","{""bytes"": 1279, ""path"": ""/Users/zhouzixiang/Desktop/zac/ZAC_zzx/results/physical_ga_main_v1/receipts/2fabbd1041f29f04-s1-ga_h2.json"", ""sha256"": ""9d7af512448543c16aab310d072342ac89f1b166e09bfe7b3d5d24a01ad07ace""}",9bb0ae97d2f3f1536a5c496a65fe2e21e2192ce20830979dd75b30b0a3148fc7,d1fab3aaa092939e281636e5182865245c839b6f137f7762fc773e601882716a,valid_fidelity,,,,,,,
qmap154,sym6_316,2,2fabbd1041f29f041e6f33a894239db90c289c40d9e93f6e6e5a91771055029c,2fabbd1041f29f04-s2-ga_h2,success,False,"{""fidelity"": 0.2259374657834024, ""idle_exposures"": 90.0, ""log_atom_transfer"": -0.34817411608706994, ""log_coherence_linear"": -0.2293883210146879, ""log_fidelity"": -1.4874970180718203, ""log_idle_excitation"": -0.22528171963066293, ""move_batches"": 162.0, ""move_time_us"": 16333.126314693527, ""transfers"": 348.0}",True,False,fresh,fresh,success,2fabbd1041f29f041e6f33a894239db90c289c40d9e93f6e6e5a91771055029c,"{""bytes"": 623467, ""path"": ""/Users/zhouzixiang/Desktop/zac/ZAC_zzx/results/physical_ga_main_v1/protocol.json"", ""sha256"": ""9bb0ae97d2f3f1536a5c496a65fe2e21e2192ce20830979dd75b30b0a3148fc7""}","{""bytes"": 1279, ""path"": ""/Users/zhouzixiang/Desktop/zac/ZAC_zzx/results/physical_ga_main_v1/receipts/2fabbd1041f29f04-s2-ga_h2.json"", ""sha256"": ""2cfcefce4280107d1122e61699d16a9e3a1dfa95a47682e79d4b7597aaacdc0e""}",9bb0ae97d2f3f1536a5c496a65fe2e21e2192ce20830979dd75b30b0a3148fc7,d1fab3aaa092939e281636e5182865245c839b6f137f7762fc773e601882716a,valid_fidelity,,,,,,,
qmap154,rd32-v0_66,0,2fdaaefcdde70b3b3597736046e754abdfc97b9e98f6656ea789929fdf6f0ecb,2fdaaefcdde70b3b-s0-ga_h2,success,False,"{""fidelity"": 0.8790408713183355, ""idle_exposures"": 9.0, ""log_atom_transfer"": -0.03401701134184017, ""log_coherence_linear"": -0.005627209474438979, ""log_fidelity"": -0.1289238848599207, ""log_idle_excitation"": -0.022528171963066293, ""move_batches"": 16.0, ""move_time_us"": 1636.775749067719, ""transfers"": 34.0}",True,False,fresh,fresh,success,2fdaaefcdde70b3b3597736046e754abdfc97b9e98f6656ea789929fdf6f0ecb,"{""bytes"": 623467, ""path"": ""/Users/zhouzixiang/Desktop/zac/ZAC_zzx/results/physical_ga_main_v1/protocol.json"", ""sha256"": ""9bb0ae97d2f3f1536a5c496a65fe2e21e2192ce20830979dd75b30b0a3148fc7""}","{""bytes"": 1281, ""path"": ""/Users/zhouzixiang/Desktop/zac/ZAC_zzx/results/physical_ga_main_v1/receipts/2fdaaefcdde70b3b-s0-ga_h2.json"", ""sha256"": ""1d753879b324ebc60b02a9981b9cec67b2fdf909d187938ae573091cc47d68c5""}",9bb0ae97d2f3f1536a5c496a65fe2e21e2192ce20830979dd75b30b0a3148fc7,d1fab3aaa092939e281636e5182865245c839b6f137f7762fc773e601882716a,valid_fidelity,,,,,,,
qmap154,rd32-v0_66,1,2fdaaefcdde70b3b3597736046e754abdfc97b9e98f6656ea789929fdf6f0ecb,2fdaaefcdde70b3b-s1-ga_h2,success,False,"{""fidelity"": 0.8790408713183355, ""idle_exposures"": 9.0, ""log_atom_transfer"": -0.03401701134184017, ""log_coherence_linear"": -0.005627209474438979, ""log_fidelity"": -0.1289238848599207, ""log_idle_excitation"": -0.022528171963066293, ""move_batches"": 16.0, ""move_time_us"": 1636.775749067719, ""transfers"": 34.0}",True,False,fresh,fresh,success,2fdaaefcdde70b3b3597736046e754abdfc97b9e98f6656ea789929fdf6f0ecb,"{""bytes"": 623467, ""path"": ""/Users/zhouzixiang/Desktop/zac/ZAC_zzx/results/physical_ga_main_v1/protocol.json"", ""sha256"": ""9bb0ae97d2f3f1536a5c496a65fe2e21e2192ce20830979dd75b30b0a3148fc7""}","{""bytes"": 1281, ""path"": ""/Users/zhouzixiang/Desktop/zac/ZAC_zzx/results/physical_ga_main_v1/receipts/2fdaaefcdde70b3b-s1-ga_h2.json"", ""sha256"": ""f3ea139859b057ff0c8379e7c7a49ed6f9832cc6f16973a24d6ec4f665a86440""}",9bb0ae97d2f3f1536a5c496a65fe2e21e2192ce20830979dd75b30b0a3148fc7,d1fab3aaa092939e281636e5182865245c839b6f137f7762fc773e601882716a,valid_fidelity,,,,,,,
qmap154,rd32-v0_66,2,2fdaaefcdde70b3b3597736046e754abdfc97b9e98f6656ea789929fdf6f0ecb,2fdaaefcdde70b3b-s2-ga_h2,success,False,"{""fidelity"": 0.8790408713183355, ""idle_exposures"": 9.0, ""log_atom_transfer"": -0.03401701134184017, ""log_coherence_linear"": -0.005627209474438979, ""log_fidelity"": -0.1289238848599207, ""log_idle_excitation"": -0.022528171963066293, ""move_batches"": 16.0, ""move_time_us"": 1636.775749067719, ""transfers"": 34.0}",True,False,fresh,fresh,success,2fdaaefcdde70b3b3597736046e754abdfc97b9e98f6656ea789929fdf6f0ecb,"{""bytes"": 623467, ""path"": ""/Users/zhouzixiang/Desktop/zac/ZAC_zzx/results/physical_ga_main_v1/protocol.json"", ""sha256"": ""9bb0ae97d2f3f1536a5c496a65fe2e21e2192ce20830979dd75b30b0a3148fc7""}","{""bytes"": 1281, ""path"": ""/Users/zhouzixiang/Desktop/zac/ZAC_zzx/results/physical_ga_main_v1/receipts/2fdaaefcdde70b3b-s2-ga_h2.json"", ""sha256"": ""40bcd49305661e0fb9f115f02bc19d93ae3b047b33e87a4d115ded95609da604""}",9bb0ae97d2f3f1536a5c496a65fe2e21e2192ce20830979dd75b30b0a3148fc7,d1fab3aaa092939e281636e5182865245c839b6f137f7762fc773e601882716a,valid_fidelity,,,,,,,
qmap154,urf3_279,0,328bdf07834b8d149b8419faf06dea8ba61a3f59f680d4494fa42d1fb6c9d76b,328bdf07834b8d14-s0-ga_h2,success,True,"{""fidelity"": null, ""idle_exposures"": 37774.0, ""log_atom_transfer"": -199.10957138645918, ""log_coherence_linear"": null, ""log_fidelity"": null, ""log_idle_excitation"": -94.55324085920735, ""move_batches"": 88891.0, ""move_time_us"": 9025398.23220399, ""transfers"": 199010.0}",False,False,fresh,fresh,success,328bdf07834b8d149b8419faf06dea8ba61a3f59f680d4494fa42d1fb6c9d76b,"{""bytes"": 623467, ""path"": ""/Users/zhouzixiang/Desktop/zac/ZAC_zzx/results/physical_ga_main_v1/protocol.json"", ""sha256"": ""9bb0ae97d2f3f1536a5c496a65fe2e21e2192ce20830979dd75b30b0a3148fc7""}","{""bytes"": 1286, ""path"": ""/Users/zhouzixiang/Desktop/zac/ZAC_zzx/results/physical_ga_main_v1/receipts/328bdf07834b8d14-s0-ga_h2.json"", ""sha256"": ""3645c9d504b7893c0a156703e294d9fe37bcff76a4fd39111c82c16de7af8836""}",9bb0ae97d2f3f1536a5c496a65fe2e21e2192ce20830979dd75b30b0a3148fc7,d1fab3aaa092939e281636e5182865245c839b6f137f7762fc773e601882716a,model_out_of_domain,,,,,,,
qmap154,urf3_279,1,328bdf07834b8d149b8419faf06dea8ba61a3f59f680d4494fa42d1fb6c9d76b,328bdf07834b8d14-s1-ga_h2,success,True,"{""fidelity"": null, ""idle_exposures"": 38166.0, ""log_atom_transfer"": -200.0920627140382, ""log_coherence_linear"": null, ""log_fidelity"": null, ""log_idle_excitation"": -95.53446790470979, ""move_batches"": 89290.0, ""move_time_us"": 9156856.45069909, ""transfers"": 199992.0}",False,False,fresh,fresh,success,328bdf07834b8d149b8419faf06dea8ba61a3f59f680d4494fa42d1fb6c9d76b,"{""bytes"": 623467, ""path"": ""/Users/zhouzixiang/Desktop/zac/ZAC_zzx/results/physical_ga_main_v1/protocol.json"", ""sha256"": ""9bb0ae97d2f3f1536a5c496a65fe2e21e2192ce20830979dd75b30b0a3148fc7""}","{""bytes"": 1285, ""path"": ""/Users/zhouzixiang/Desktop/zac/ZAC_zzx/results/physical_ga_main_v1/receipts/328bdf07834b8d14-s1-ga_h2.json"", ""sha256"": ""f3b523b273c20da1808fd1a18a8df657805211c91ca0d447574ff9ae7fe9b975""}",9bb0ae97d2f3f1536a5c496a65fe2e21e2192ce20830979dd75b30b0a3148fc7,d1fab3aaa092939e281636e5182865245c839b6f137f7762fc773e601882716a,model_out_of_domain,,,,,,,
qmap154,urf3_279,2,328bdf07834b8d149b8419faf06dea8ba61a3f59f680d4494fa42d1fb6c9d76b,328bdf07834b8d14-s2-ga_h2,success,True,"{""fidelity"": null, ""idle_exposures"": 37865.0, ""log_atom_transfer"": -200.2201267567369, ""log_coherence_linear"": null, ""log_fidelity"": null, ""log_idle_excitation"": -94.78102570905612, ""move_batches"": 88977.0, ""move_time_us"": 9106346.782617085, ""transfers"": 200120.0}",False,False,fresh,fresh,success,328bdf07834b8d149b8419faf06dea8ba61a3f59f680d4494fa42d1fb6c9d76b,"{""bytes"": 623467, ""path"": ""/Users/zhouzixiang/Desktop/zac/ZAC_zzx/results/physical_ga_main_v1/protocol.json"", ""sha256"": ""9bb0ae97d2f3f1536a5c496a65fe2e21e2192ce20830979dd75b30b0a3148fc7""}","{""bytes"": 1285, ""path"": ""/Users/zhouzixiang/Desktop/zac/ZAC_zzx/results/physical_ga_main_v1/receipts/328bdf07834b8d14-s2-ga_h2.json"", ""sha256"": ""155a243c40c4f51404baeeb279fdbf839f7a6aa6b97e8c3a4a9b4ed43321a0ca""}",9bb0ae97d2f3f1536a5c496a65fe2e21e2192ce20830979dd75b30b0a3148fc7,d1fab3aaa092939e281636e5182865245c839b6f137f7762fc773e601882716a,model_out_of_domain,,,,,,,
qmap154,ising_model_10,0,336240af3b70f2a7d564efaceb5dd66d45d448242fbce0e46d2e9bcb6c0dd8ea,336240af3b70f2a7-s0-ga_h2,success,False,"{""fidelity"": 0.4937228079209719, ""idle_exposures"": 2.0, ""log_atom_transfer"": -0.12406204136435826, ""log_coherence_linear"": -0.0820774446236052, ""log_fidelity"": -0.705781036848475, ""log_idle_excitation"": -0.005006260436236954, ""move_batches"": 39.0, ""move_time_us"": 5799.541333428533, ""transfers"": 124.0}",True,False,fresh,fresh,success,336240af3b70f2a7d564efaceb5dd66d45d448242fbce0e46d2e9bcb6c0dd8ea,"{""bytes"": 623467, ""path"": ""/Users/zhouzixiang/Desktop/zac/ZAC_zzx/results/physical_ga_main_v1/protocol.json"", ""sha256"": ""9bb0ae97d2f3f1536a5c496a65fe2e21e2192ce20830979dd75b30b0a3148fc7""}","{""bytes"": 1284, ""path"": ""/Users/zhouzixiang/Desktop/zac/ZAC_zzx/results/physical_ga_main_v1/receipts/336240af3b70f2a7-s0-ga_h2.json"", ""sha256"": ""1b2c9ff901ce94084b83a562ced755554f242f504be8b7c978019f89adbd6bb2""}",9bb0ae97d2f3f1536a5c496a65fe2e21e2192ce20830979dd75b30b0a3148fc7,d1fab3aaa092939e281636e5182865245c839b6f137f7762fc773e601882716a,valid_fidelity,,,,,,,
qmap154,ising_model_10,1,336240af3b70f2a7d564efaceb5dd66d45d448242fbce0e46d2e9bcb6c0dd8ea,336240af3b70f2a7-s1-ga_h2,success,False,"{""fidelity"": 0.4945914744031331, ""idle_exposures"": 0.0, ""log_atom_transfer"": -0.13006504336585947, ""log_coherence_linear"": -0.07932282761044347, ""log_fidelity"": -0.7040231614005776, ""log_idle_excitation"": -0.0, ""move_batches"": 51.0, ""move_time_us"": 5745.442824882495, ""transfers"": 130.0}",True,False,fresh,fresh,success,336240af3b70f2a7d564efaceb5dd66d45d448242fbce0e46d2e9bcb6c0dd8ea,"{""bytes"": 623467, ""path"": ""/Users/zhouzixiang/Desktop/zac/ZAC_zzx/results/physical_ga_main_v1/protocol.json"", ""sha256"": ""9bb0ae97d2f3f1536a5c496a65fe2e21e2192ce20830979dd75b30b0a3148fc7""}","{""bytes"": 1285, ""path"": ""/Users/zhouzixiang/Desktop/zac/ZAC_zzx/results/physical_ga_main_v1/receipts/336240af3b70f2a7-s1-ga_h2.json"", ""sha256"": ""322d11a2bb972faee4e8ad7ca4759b0df505ad4e6789f70e48552200c4f4b659""}",9bb0ae97d2f3f1536a5c496a65fe2e21e2192ce20830979dd75b30b0a3148fc7,d1fab3aaa092939e281636e5182865245c839b6f137f7762fc773e601882716a,valid_fidelity,,,,,,,
qmap154,ising_model_10,2,336240af3b70f2a7d564efaceb5dd66d45d448242fbce0e46d2e9bcb6c0dd8ea,336240af3b70f2a7-s2-ga_h2,success,False,"{""fidelity"": 0.49437785286119773, ""idle_exposures"": 6.0, ""log_atom_transfer"": -0.11605803869568998, ""log_coherence_linear"": -0.07874305940607401, ""log_fidelity"": -0.7044551698347495, ""log_idle_excitation"": -0.01501878130871086, ""move_batches"": 44.0, ""move_time_us"": 5152.342527076041, ""transfers"": 116.0}",True,False,fresh,fresh,success,336240af3b70f2a7d564efaceb5dd66d45d448242fbce0e46d2e9bcb6c0dd8ea,"{""bytes"": 623467, ""path"": ""/Users/zhouzixiang/Desktop/zac/ZAC_zzx/results/physical_ga_main_v1/protocol.json"", ""sha256"": ""9bb0ae97d2f3f1536a5c496a65fe2e21e2192ce20830979dd75b30b0a3148fc7""}","{""bytes"": 1285, ""path"": ""/Users/zhouzixiang/Desktop/zac/ZAC_zzx/results/physical_ga_main_v1/receipts/336240af3b70f2a7-s2-ga_h2.json"", ""sha256"": ""6617964c29082414bbd223fe8f76d6194e2799fb7f19075de1ae0ae4a610f3fb""}",9bb0ae97d2f3f1536a5c496a65fe2e21e2192ce20830979dd75b30b0a3148fc7,d1fab3aaa092939e281636e5182865245c839b6f137f7762fc773e601882716a,valid_fidelity,,,,,,,
qmap154,4gt12-v0_88,0,337ec9b8fa347392e1e7680c23a11964ecce6b8d6a60f119881338597bff4df8,337ec9b8fa347392-s0-ga_h2,success,False,"{""fidelity"": 0.39628838660250204, ""idle_exposures"": 59.0, ""log_atom_transfer"": -0.23411707805854703, ""log_coherence_linear"": -0.06442547957440176, ""log_fidelity"": -0.9256130837760683, ""log_idle_excitation"": -0.14768468286899014, ""move_batches"": 112.0, ""move_time_us"": 11785.760472744903, ""transfers"": 234.0}",True,False,fresh,fresh,success,337ec9b8fa347392e1e7680c23a11964ecce6b8d6a60f119881338597bff4df8,"{""bytes"": 623467, ""path"": ""/Users/zhouzixiang/Desktop/zac/ZAC_zzx/results/physical_ga_main_v1/protocol.json"", ""sha256"": ""9bb0ae97d2f3f1536a5c496a65fe2e21e2192ce20830979dd75b30b0a3148fc7""}","{""bytes"": 1283, ""path"": ""/Users/zhouzixiang/Desktop/zac/ZAC_zzx/results/physical_ga_main_v1/receipts/337ec9b8fa347392-s0-ga_h2.json"", ""sha256"": ""3472d500be5e71621e5bc7c84bb2f97fc3ce3154badd3565e3360e7c298ed4ca""}",9bb0ae97d2f3f1536a5c496a65fe2e21e2192ce20830979dd75b30b0a3148fc7,d1fab3aaa092939e281636e5182865245c839b6f137f7762fc773e601882716a,valid_fidelity,,,,,,,
qmap154,4gt12-v0_88,1,337ec9b8fa347392e1e7680c23a11964ecce6b8d6a60f119881338597bff4df8,337ec9b8fa347392-s1-ga_h2,success,False,"{""fidelity"": 0.3972027480135001, ""idle_exposures"": 59.0, ""log_atom_transfer"": -0.23211607739137996, ""log_coherence_linear"": -0.06412182483756126, ""log_fidelity"": -0.9233084283720608, ""log_idle_excitation"": -0.14768468286899014, ""move_batches"": 110.0, ""move_time_us"": 11587.334691626042, ""transfers"": 232.0}",True,False,fresh,fresh,success,337ec9b8fa347392e1e7680c23a11964ecce6b8d6a60f119881338597bff4df8,"{""bytes"": 623467, ""path"": ""/Users/zhouzixiang/Desktop/zac/ZAC_zzx/results/physical_ga_main_v1/protocol.json"", ""sha256"": ""9bb0ae97d2f3f1536a5c496a65fe2e21e2192ce20830979dd75b30b0a3148fc7""}","{""bytes"": 1281, ""path"": ""/Users/zhouzixiang/Desktop/zac/ZAC_zzx/results/physical_ga_main_v1/receipts/337ec9b8fa347392-s1-ga_h2.json"", ""sha256"": ""f88c8abe3216e4a0c8b28ead9c92a0f75408373999ca14066a5e5bcbc319299e""}",9bb0ae97d2f3f1536a5c496a65fe2e21e2192ce20830979dd75b30b0a3148fc7,d1fab3aaa092939e281636e5182865245c839b6f137f7762fc773e601882716a,valid_fidelity,,,,,,,
qmap154,4gt12-v0_88,2,337ec9b8fa347392e1e7680c23a11964ecce6b8d6a60f119881338597bff4df8,337ec9b8fa347392-s2-ga_h2,success,False,"{""fidelity"": 0.3962963495032571, ""idle_exposures"": 59.0, ""log_atom_transfer"": -0.23411707805854703, ""log_coherence_linear"": -0.06440538607425574, ""log_fidelity"": -0.9255929902759223, ""log_idle_excitation"": -0.14768468286899014, ""move_batches"": 112.0, ""move_time_us"": 11788.716335963765, ""transfers"": 234.0}",True,False,fresh,fresh,success,337ec9b8fa347392e1e7680c23a11964ecce6b8d6a60f119881338597bff4df8,"{""bytes"": 623467, ""path"": ""/Users/zhouzixiang/Desktop/zac/ZAC_zzx/results/physical_ga_main_v1/protocol.json"", ""sha256"": ""9bb0ae97d2f3f1536a5c496a65fe2e21e2192ce20830979dd75b30b0a3148fc7""}","{""bytes"": 1283, ""path"": ""/Users/zhouzixiang/Desktop/zac/ZAC_zzx/results/physical_ga_main_v1/receipts/337ec9b8fa347392-s2-ga_h2.json"", ""sha256"": ""1132843bf808d9b0b5a776ace3a6783fbff306f4bc8a5e3c2403fa67fe5e398e""}",9bb0ae97d2f3f1536a5c496a65fe2e21e2192ce20830979dd75b30b0a3148fc7,d1fab3aaa092939e281636e5182865245c839b6f137f7762fc773e601882716a,valid_fidelity,,,,,,,
qmap154,alu-v4_36,0,3851a8b648aa151f77e4ada800ff214766541778f2026981a67f714d6816d18a,3851a8b648aa151f-s0-ga_h2,success,False,"{""fidelity"": 0.5861213987455319, ""idle_exposures"": 35.0, ""log_atom_transfer"": -0.1420710473688619, ""log_coherence_linear"": -0.03102900557222126, ""log_fidelity"": -0.5342283457660851, ""log_idle_excitation"": -0.0876095576341467, ""move_batches"": 65.0, ""move_time_us"": 6847.754919529206, ""transfers"": 142.0}",True,False,fresh,fresh,success,3851a8b648aa151f77e4ada800ff214766541778f2026981a67f714d6816d18a,"{""bytes"": 623467, ""path"": ""/Users/zhouzixiang/Desktop/zac/ZAC_zzx/results/physical_ga_main_v1/protocol.json"", ""sha256"": ""9bb0ae97d2f3f1536a5c496a65fe2e21e2192ce20830979dd75b30b0a3148fc7""}","{""bytes"": 1280, ""path"": ""/Users/zhouzixiang/Desktop/zac/ZAC_zzx/results/physical_ga_main_v1/receipts/3851a8b648aa151f-s0-ga_h2.json"", ""sha256"": ""fec815caa4601fa45ed61d2547c85af7fde0a6f8e8bf0b08a085789046808a21""}",9bb0ae97d2f3f1536a5c496a65fe2e21e2192ce20830979dd75b30b0a3148fc7,d1fab3aaa092939e281636e5182865245c839b6f137f7762fc773e601882716a,valid_fidelity,,,,,,,
qmap154,alu-v4_36,1,3851a8b648aa151f77e4ada800ff214766541778f2026981a67f714d6816d18a,3851a8b648aa151f-s1-ga_h2,success,False,"{""fidelity"": 0.5874457447812386, ""idle_exposures"": 35.0, ""log_atom_transfer"": -0.14007004670169482, ""log_coherence_linear"": -0.0307730470101162, ""log_fidelity"": -0.5319713865368131, ""log_idle_excitation"": -0.0876095576341467, ""move_batches"": 63.0, ""move_time_us"": 6570.623306136319, ""transfers"": 140.0}",True,False,fresh,fresh,success,3851a8b648aa151f77e4ada800ff214766541778f2026981a67f714d6816d18a,"{""bytes"": 623467, ""path"": ""/Users/zhouzixiang/Desktop/zac/ZAC_zzx/results/physical_ga_main_v1/protocol.json"", ""sha256"": ""9bb0ae97d2f3f1536a5c496a65fe2e21e2192ce20830979dd75b30b0a3148fc7""}","{""bytes"": 1280, ""path"": ""/Users/zhouzixiang/Desktop/zac/ZAC_zzx/results/physical_ga_main_v1/receipts/3851a8b648aa151f-s1-ga_h2.json"", ""sha256"": ""dbc7756f513ef50d59974fee018fb34bf95803c1cc98c57c8b26dfd262965ef8""}",9bb0ae97d2f3f1536a5c496a65fe2e21e2192ce20830979dd75b30b0a3148fc7,d1fab3aaa092939e281636e5182865245c839b6f137f7762fc773e601882716a,valid_fidelity,,,,,,,
qmap154,alu-v4_36,2,3851a8b648aa151f77e4ada800ff214766541778f2026981a67f714d6816d18a,3851a8b648aa151f-s2-ga_h2,success,False,"{""fidelity"": 0.5861250201128112, ""idle_exposures"": 35.0, ""log_atom_transfer"": -0.1420710473688619, ""log_coherence_linear"": -0.031022827063639537, ""log_fidelity"": -0.5342221672575035, ""log_idle_excitation"": -0.0876095576341467, ""move_batches"": 65.0, ""move_time_us"": 6845.912833019994, ""transfers"": 142.0}",True,False,fresh,fresh,success,3851a8b648aa151f77e4ada800ff214766541778f2026981a67f714d6816d18a,"{""bytes"": 623467, ""path"": ""/Users/zhouzixiang/Desktop/zac/ZAC_zzx/results/physical_ga_main_v1/protocol.json"", ""sha256"": ""9bb0ae97d2f3f1536a5c496a65fe2e21e2192ce20830979dd75b30b0a3148fc7""}","{""bytes"": 1281, ""path"": ""/Users/zhouzixiang/Desktop/zac/ZAC_zzx/results/physical_ga_main_v1/receipts/3851a8b648aa151f-s2-ga_h2.json"", ""sha256"": ""ea8605060cdf64803840574d7926736157793b68e898585ab16511ef4dbec6d1""}",9bb0ae97d2f3f1536a5c496a65fe2e21e2192ce20830979dd75b30b0a3148fc7,d1fab3aaa092939e281636e5182865245c839b6f137f7762fc773e601882716a,valid_fidelity,,,,,,,
qmap154,cnt3-5_179,0,398986b61fc4e5e4d9d1098273673bfde3ca29c4c34a234df6b6c3bc60de3fac,398986b61fc4e5e4-s0-ga_h2,success,False,"{""fidelity"": 0.39783561198390544, ""idle_exposures"": 51.0, ""log_atom_transfer"": -0.23211607739137996, ""log_coherence_linear"": -0.14699418778505452, ""log_fidelity"": -0.9217163942365573, ""log_idle_excitation"": -0.12765964112404232, ""move_batches"": 76.0, ""move_time_us"": 9811.741568266896, ""transfers"": 232.0}",True,False,fresh,fresh,success,398986b61fc4e5e4d9d1098273673bfde3ca29c4c34a234df6b6c3bc60de3fac,"{""bytes"": 623467, ""path"": ""/Users/zhouzixiang/Desktop/zac/ZAC_zzx/results/physical_ga_main_v1/protocol.json"", ""sha256"": ""9bb0ae97d2f3f1536a5c496a65fe2e21e2192ce20830979dd75b30b0a3148fc7""}","{""bytes"": 1282, ""path"": ""/Users/zhouzixiang/Desktop/zac/ZAC_zzx/results/physical_ga_main_v1/receipts/398986b61fc4e5e4-s0-ga_h2.json"", ""sha256"": ""37c508bf5d0338616e9a7bce19cc988bb8d8fdbe3502792bc6adc47ee60fadae""}",9bb0ae97d2f3f1536a5c496a65fe2e21e2192ce20830979dd75b30b0a3148fc7,d1fab3aaa092939e281636e5182865245c839b6f137f7762fc773e601882716a,valid_fidelity,,,,,,,
qmap154,cnt3-5_179,1,398986b61fc4e5e4d9d1098273673bfde3ca29c4c34a234df6b6c3bc60de3fac,398986b61fc4e5e4-s1-ga_h2,success,False,"{""fidelity"": 0.4003712473219745, ""idle_exposures"": 51.0, ""log_atom_transfer"": -0.22811407605704584, ""log_coherence_linear"": -0.1446428388875347, ""log_fidelity"": -0.9153630440047034, ""log_idle_excitation"": -0.12765964112404232, ""move_batches"": 78.0, ""move_time_us"": 9500.928801355714, ""transfers"": 228.0}",True,False,fresh,fresh,success,398986b61fc4e5e4d9d1098273673bfde3ca29c4c34a234df6b6c3bc60de3fac,"{""bytes"": 623467, ""path"": ""/Users/zhouzixiang/Desktop/zac/ZAC_zzx/results/physical_ga_main_v1/protocol.json"", ""sha256"": ""9bb0ae97d2f3f1536a5c496a65fe2e21e2192ce20830979dd75b30b0a3148fc7""}","{""bytes"": 1281, ""path"": ""/Users/zhouzixiang/Desktop/zac/ZAC_zzx/results/physical_ga_main_v1/receipts/398986b61fc4e5e4-s1-ga_h2.json"", ""sha256"": ""32341728472e013202af81fd98a997eb95b44ce66e3dcf579fc1242881c3f0c4""}",9bb0ae97d2f3f1536a5c496a65fe2e21e2192ce20830979dd75b30b0a3148fc7,d1fab3aaa092939e281636e5182865245c839b6f137f7762fc773e601882716a,valid_fidelity,,,,,,,
qmap154,cnt3-5_179,2,398986b61fc4e5e4d9d1098273673bfde3ca29c4c34a234df6b6c3bc60de3fac,398986b61fc4e5e4-s2-ga_h2,success,False,"{""fidelity"": 0.4018564961472496, ""idle_exposures"": 51.0, ""log_atom_transfer"": -0.22811407605704584, ""log_coherence_linear"": -0.14094002373468906, ""log_fidelity"": -0.9116602288518577, ""log_idle_excitation"": -0.12765964112404232, ""move_batches"": 78.0, ""move_time_us"": 9110.729102886984, ""transfers"": 228.0}",True,False,fresh,fresh,success,398986b61fc4e5e4d9d1098273673bfde3ca29c4c34a234df6b6c3bc60de3fac,"{""bytes"": 623467, ""path"": ""/Users/zhouzixiang/Desktop/zac/ZAC_zzx/results/physical_ga_main_v1/protocol.json"", ""sha256"": ""9bb0ae97d2f3f1536a5c496a65fe2e21e2192ce20830979dd75b30b0a3148fc7""}","{""bytes"": 1281, ""path"": ""/Users/zhouzixiang/Desktop/zac/ZAC_zzx/results/physical_ga_main_v1/receipts/398986b61fc4e5e4-s2-ga_h2.json"", ""sha256"": ""cd2ec67deac08ac84da4baf418eea33b5794b84288f8c8b26f44eed03503df85""}",9bb0ae97d2f3f1536a5c496a65fe2e21e2192ce20830979dd75b30b0a3148fc7,d1fab3aaa092939e281636e5182865245c839b6f137f7762fc773e601882716a,valid_fidelity,,,,,,,
qmap154,adr4_197,0,3a59691f2cef465889098b3e1fe8dfc1073bdb63f046979516e9ca7612614be8,3a59691f2cef4658-s0-ga_h2,success,False,"{""fidelity"": 1.5507035386423163e-08, ""idle_exposures"": 982.0, ""log_atom_transfer"": -4.350175450421207, ""log_coherence_linear"": -2.8290096487400826, ""log_fidelity"": -17.981972020102525, ""log_idle_excitation"": -2.4580738741923445, ""move_batches"": 1930.0, ""move_time_us"": 195877.8950591016, ""transfers"": 4348.0}",True,False,reused,fresh,success,3a59691f2cef465889098b3e1fe8dfc1073bdb63f046979516e9ca7612614be8,"{""bytes"": 120460, ""path"": ""/Users/zhouzixiang/Desktop/zac/ZAC_zzx/results/physical_ga_initial_v1/corrected_driver_v1/protocol.json"", ""sha256"": ""634fb00b81921a7f81494cbeaaf4749cf9fe3bcfffdbd34f6488c496ea0244d7""}","{""bytes"": 1358, ""path"": ""/Users/zhouzixiang/Desktop/zac/ZAC_zzx/results/physical_ga_initial_v1/corrected_driver_v1/receipts/3a59691f2cef4658-s0-ga_h2.json"", ""sha256"": ""598116fb77729a42daecd839d30462ae48ead659eb4788a0068c0e3b6062fa79""}",634fb00b81921a7f81494cbeaaf4749cf9fe3bcfffdbd34f6488c496ea0244d7,715e166529a9198763afc2134df560a1133fc23906da0285528991c343baaa46,valid_fidelity,,,,,,,
qmap154,adr4_197,1,3a59691f2cef465889098b3e1fe8dfc1073bdb63f046979516e9ca7612614be8,3a59691f2cef4658-s1-ga_h2,success,False,"{""fidelity"": 1.507871947115472e-08, ""idle_exposures"": 985.0, ""log_atom_transfer"": -4.356178452422709, ""log_coherence_linear"": -2.8435066296597653, ""log_fidelity"": -18.009981393678064, ""log_idle_excitation"": -2.4655832648466998, ""move_batches"": 1953.0, ""move_time_us"": 198662.40722940795, ""transfers"": 4354.0}",True,False,reused,fresh,success,3a59691f2cef465889098b3e1fe8dfc1073bdb63f046979516e9ca7612614be8,"{""bytes"": 120460, ""path"": ""/Users/zhouzixiang/Desktop/zac/ZAC_zzx/results/physical_ga_initial_v1/corrected_driver_v1/protocol.json"", ""sha256"": ""634fb00b81921a7f81494cbeaaf4749cf9fe3bcfffdbd34f6488c496ea0244d7""}","{""bytes"": 1357, ""path"": ""/Users/zhouzixiang/Desktop/zac/ZAC_zzx/results/physical_ga_initial_v1/corrected_driver_v1/receipts/3a59691f2cef4658-s1-ga_h2.json"", ""sha256"": ""37d42bbb2e2dad4f6a6209786d46697df8bf1475412ac4245b90f31879779482""}",634fb00b81921a7f81494cbeaaf4749cf9fe3bcfffdbd34f6488c496ea0244d7,715e166529a9198763afc2134df560a1133fc23906da0285528991c343baaa46,valid_fidelity,,,,,,,
qmap154,adr4_197,2,3a59691f2cef465889098b3e1fe8dfc1073bdb63f046979516e9ca7612614be8,3a59691f2cef4658-s2-ga_h2,success,False,"{""fidelity"": 1.5210674538475995e-08, ""idle_exposures"": 983.0, ""log_atom_transfer"": -4.36218145442421, ""log_coherence_linear"": -2.833796877720238, ""log_fidelity"": -18.001268383303803, ""log_idle_excitation"": -2.460577004410463, ""move_batches"": 1949.0, ""move_time_us"": 197894.36784373116, ""transfers"": 4360.0}",True,False,reused,fresh,success,3a59691f2cef465889098b3e1fe8dfc1073bdb63f046979516e9ca7612614be8,"{""bytes"": 120460, ""path"": ""/Users/zhouzixiang/Desktop/zac/ZAC_zzx/results/physical_ga_initial_v1/corrected_driver_v1/protocol.json"", ""sha256"": ""634fb00b81921a7f81494cbeaaf4749cf9fe3bcfffdbd34f6488c496ea0244d7""}","{""bytes"": 1357, ""path"": ""/Users/zhouzixiang/Desktop/zac/ZAC_zzx/results/physical_ga_initial_v1/corrected_driver_v1/receipts/3a59691f2cef4658-s2-ga_h2.json"", ""sha256"": ""22cea41a8ca63c036f678356abffc09d8e1fbcd8a258ca4e67e9cb8d8b8928cb""}",634fb00b81921a7f81494cbeaaf4749cf9fe3bcfffdbd34f6488c496ea0244d7,715e166529a9198763afc2134df560a1133fc23906da0285528991c343baaa46,valid_fidelity,,,,,,,
qmap154,rd53_138,0,3b0bd2035db7cf2547b925a5bb182e565f350a0756310fc40ac23ff85782a6ad,3b0bd2035db7cf25-s0-ga_h2,success,False,"{""fidelity"": 0.517323722167563, ""idle_exposures"": 43.0, ""log_atom_transfer"": -0.15807905270619843, ""log_coherence_linear"": -0.05871519784883583, ""log_fidelity"": -0.6590864453640111, ""log_idle_excitation"": -0.1076345993790945, ""move_batches"": 69.0, ""move_time_us"": 7609.911337883449, ""transfers"": 158.0}",True,False,fresh,fresh,success,3b0bd2035db7cf2547b925a5bb182e565f350a0756310fc40ac23ff85782a6ad,"{""bytes"": 623467, ""path"": ""/Users/zhouzixiang/Desktop/zac/ZAC_zzx/results/physical_ga_main_v1/protocol.json"", ""sha256"": ""9bb0ae97d2f3f1536a5c496a65fe2e21e2192ce20830979dd75b30b0a3148fc7""}","{""bytes"": 1279, ""path"": ""/Users/zhouzixiang/Desktop/zac/ZAC_zzx/results/physical_ga_main_v1/receipts/3b0bd2035db7cf25-s0-ga_h2.json"", ""sha256"": ""3dfeba9192f9feb4bc26497f66f0b7d249ff8ed170eb7708144341d4db93305a""}",9bb0ae97d2f3f1536a5c496a65fe2e21e2192ce20830979dd75b30b0a3148fc7,d1fab3aaa092939e281636e5182865245c839b6f137f7762fc773e601882716a,valid_fidelity,,,,,,,
qmap154,rd53_138,1,3b0bd2035db7cf2547b925a5bb182e565f350a0756310fc40ac23ff85782a6ad,3b0bd2035db7cf25-s1-ga_h2,success,False,"{""fidelity"": 0.5152406778297585, ""idle_exposures"": 43.0, ""log_atom_transfer"": -0.16208105404053258, ""log_coherence_linear"": -0.05874790304439456, ""log_fidelity"": -0.663121151893904, ""log_idle_excitation"": -0.1076345993790945, ""move_batches"": 75.0, ""move_time_us"": 8275.67325079242, ""transfers"": 162.0}",True,False,fresh,fresh,success,3b0bd2035db7cf2547b925a5bb182e565f350a0756310fc40ac23ff85782a6ad,"{""bytes"": 623467, ""path"": ""/Users/zhouzixiang/Desktop/zac/ZAC_zzx/results/physical_ga_main_v1/protocol.json"", ""sha256"": ""9bb0ae97d2f3f1536a5c496a65fe2e21e2192ce20830979dd75b30b0a3148fc7""}","{""bytes"": 1280, ""path"": ""/Users/zhouzixiang/Desktop/zac/ZAC_zzx/results/physical_ga_main_v1/receipts/3b0bd2035db7cf25-s1-ga_h2.json"", ""sha256"": ""d0b118d4c4de21e2af6567909c8d9323b6bcc4d431a39557380b68c1f92bffdd""}",9bb0ae97d2f3f1536a5c496a65fe2e21e2192ce20830979dd75b30b0a3148fc7,d1fab3aaa092939e281636e5182865245c839b6f137f7762fc773e601882716a,valid_fidelity,,,,,,,
qmap154,rd53_138,2,3b0bd2035db7cf2547b925a5bb182e565f350a0756310fc40ac23ff85782a6ad,3b0bd2035db7cf25-s2-ga_h2,success,False,"{""fidelity"": 0.5202043335692745, ""idle_exposures"": 43.0, ""log_atom_transfer"": -0.15807905270619843, ""log_coherence_linear"": -0.05316234790411374, ""log_fidelity"": -0.653533595419289, ""log_idle_excitation"": -0.1076345993790945, ""move_batches"": 62.0, ""move_time_us"": 6436.960932994786, ""transfers"": 158.0}",True,False,fresh,fresh,success,3b0bd2035db7cf2547b925a5bb182e565f350a0756310fc40ac23ff85782a6ad,"{""bytes"": 623467, ""path"": ""/Users/zhouzixiang/Desktop/zac/ZAC_zzx/results/physical_ga_main_v1/protocol.json"", ""sha256"": ""9bb0ae97d2f3f1536a5c496a65fe2e21e2192ce20830979dd75b30b0a3148fc7""}","{""bytes"": 1279, ""path"": ""/Users/zhouzixiang/Desktop/zac/ZAC_zzx/results/physical_ga_main_v1/receipts/3b0bd2035db7cf25-s2-ga_h2.json"", ""sha256"": ""936913e33dbbbc5dc3876391532175c0e892b4214febb3b1be11587214e6e621""}",9bb0ae97d2f3f1536a5c496a65fe2e21e2192ce20830979dd75b30b0a3148fc7,d1fab3aaa092939e281636e5182865245c839b6f137f7762fc773e601882716a,valid_fidelity,,,,,,,
zac18,knn_n31_transpiled,0,3f76b58905dfef056646e279e9cb9d21db7c5fa9d04170dcbecd457f91d19faa,3f76b58905dfef05-s0-ga_h2,success,False,"{""fidelity"": 0.22410233750691852, ""idle_exposures"": 67.0, ""log_atom_transfer"": -0.36418212142440654, ""log_coherence_linear"": -0.3918368887086504, ""log_fidelity"": -1.4956524675874479, ""log_idle_excitation"": -0.16770972461393796, ""move_batches"": 126.0, ""move_time_us"": 13312.52526389051, ""transfers"": 364.0}",True,False,fresh,fresh,success,3f76b58905dfef056646e279e9cb9d21db7c5fa9d04170dcbecd457f91d19faa,"{""bytes"": 623467, ""path"": ""/Users/zhouzixiang/Desktop/zac/ZAC_zzx/results/physical_ga_main_v1/protocol.json"", ""sha256"": ""9bb0ae97d2f3f1536a5c496a65fe2e21e2192ce20830979dd75b30b0a3148fc7""}","{""bytes"": 1287, ""path"": ""/Users/zhouzixiang/Desktop/zac/ZAC_zzx/results/physical_ga_main_v1/receipts/3f76b58905dfef05-s0-ga_h2.json"", ""sha256"": ""309440a0e02d1f0d28b61908724a28a530ec7f0a5e6fdcb080ede8c0290b4677""}",9bb0ae97d2f3f1536a5c496a65fe2e21e2192ce20830979dd75b30b0a3148fc7,d1fab3aaa092939e281636e5182865245c839b6f137f7762fc773e601882716a,valid_fidelity,,,,,,,
zac18,knn_n31_transpiled,1,3f76b58905dfef056646e279e9cb9d21db7c5fa9d04170dcbecd457f91d19faa,3f76b58905dfef05-s1-ga_h2,success,False,"{""fidelity"": 0.2237709828941322, ""idle_exposures"": 70.0, ""log_atom_transfer"": -0.3601801200900724, ""log_coherence_linear"": -0.38980917972746576, ""log_fidelity"": -1.4971321479262845, ""log_idle_excitation"": -0.1752191152682934, ""move_batches"": 123.0, ""move_time_us"": 13264.367978297849, ""transfers"": 360.0}",True,False,fresh,fresh,success,3f76b58905dfef056646e279e9cb9d21db7c5fa9d04170dcbecd457f91d19faa,"{""bytes"": 623467, ""path"": ""/Users/zhouzixiang/Desktop/zac/ZAC_zzx/results/physical_ga_main_v1/protocol.json"", ""sha256"": ""9bb0ae97d2f3f1536a5c496a65fe2e21e2192ce20830979dd75b30b0a3148fc7""}","{""bytes"": 1286, ""path"": ""/Users/zhouzixiang/Desktop/zac/ZAC_zzx/results/physical_ga_main_v1/receipts/3f76b58905dfef05-s1-ga_h2.json"", ""sha256"": ""23adea1615bce8cf1712cca5e867962dd9993ee11da2dc7b441d52a6c22d70c8""}",9bb0ae97d2f3f1536a5c496a65fe2e21e2192ce20830979dd75b30b0a3148fc7,d1fab3aaa092939e281636e5182865245c839b6f137f7762fc773e601882716a,valid_fidelity,,,,,,,
zac18,knn_n31_transpiled,2,3f76b58905dfef056646e279e9cb9d21db7c5fa9d04170dcbecd457f91d19faa,3f76b58905dfef05-s2-ga_h2,success,False,"{""fidelity"": 0.22452218279570516, ""idle_exposures"": 68.0, ""log_atom_transfer"": -0.36218112075723946, ""log_coherence_linear"": -0.3894630584710201, ""log_fidelity"": -1.493780766900769, ""log_idle_excitation"": -0.17021285483205642, ""move_batches"": 123.0, ""move_time_us"": 13255.276430679902, ""transfers"": 362.0}",True,False,fresh,fresh,success,3f76b58905dfef056646e279e9cb9d21db7c5fa9d04170dcbecd457f91d19faa,"{""bytes"": 623467, ""path"": ""/Users/zhouzixiang/Desktop/zac/ZAC_zzx/results/physical_ga_main_v1/protocol.json"", ""sha256"": ""9bb0ae97d2f3f1536a5c496a65fe2e21e2192ce20830979dd75b30b0a3148fc7""}","{""bytes"": 1286, ""path"": ""/Users/zhouzixiang/Desktop/zac/ZAC_zzx/results/physical_ga_main_v1/receipts/3f76b58905dfef05-s2-ga_h2.json"", ""sha256"": ""1b695eedd0d14054acfc39f94bccede6bc811481248cc75aa1916f72e31edf5f""}",9bb0ae97d2f3f1536a5c496a65fe2e21e2192ce20830979dd75b30b0a3148fc7,d1fab3aaa092939e281636e5182865245c839b6f137f7762fc773e601882716a,valid_fidelity,,,,,,,
qmap154,4mod5-v1_22,0,42887548d9adb27f8d8ed46b6b9c73698f1b1907034eac1e0d38c3d3351b8a3f,42887548d9adb27f-s0-ga_h2,success,False,"{""fidelity"": 0.8919869206595011, ""idle_exposures"": 5.0, ""log_atom_transfer"": -0.03401701134184017, ""log_coherence_linear"": -0.006632286775949003, ""log_fidelity"": -0.11430380944740855, ""log_idle_excitation"": -0.012515651090592385, ""move_batches"": 15.0, ""move_time_us"": 1568.6965681019278, ""transfers"": 34.0}",True,False,fresh,fresh,success,42887548d9adb27f8d8ed46b6b9c73698f1b1907034eac1e0d38c3d3351b8a3f,"{""bytes"": 623467, ""path"": ""/Users/zhouzixiang/Desktop/zac/ZAC_zzx/results/physical_ga_main_v1/protocol.json"", ""sha256"": ""9bb0ae97d2f3f1536a5c496a65fe2e21e2192ce20830979dd75b30b0a3148fc7""}","{""bytes"": 1282, ""path"": ""/Users/zhouzixiang/Desktop/zac/ZAC_zzx/results/physical_ga_main_v1/receipts/42887548d9adb27f-s0-ga_h2.json"", ""sha256"": ""ec68f2e953678cfc4f6569691a597bbb6ce16ce9986450aebb81dc167bc033c2""}",9bb0ae97d2f3f1536a5c496a65fe2e21e2192ce20830979dd75b30b0a3148fc7,d1fab3aaa092939e281636e5182865245c839b6f137f7762fc773e601882716a,valid_fidelity,,,,,,,
qmap154,4mod5-v1_22,1,42887548d9adb27f8d8ed46b6b9c73698f1b1907034eac1e0d38c3d3351b8a3f,42887548d9adb27f-s1-ga_h2,success,False,"{""fidelity"": 0.8919996450252424, ""idle_exposures"": 5.0, ""log_atom_transfer"": -0.03401701134184017, ""log_coherence_linear"": -0.006618021684511413, ""log_fidelity"": -0.11428954435597097, ""log_idle_excitation"": -0.012515651090592385, ""move_batches"": 15.0, ""move_time_us"": 1564.4230052268613, ""transfers"": 34.0}",True,False,fresh,fresh,success,42887548d9adb27f8d8ed46b6b9c73698f1b1907034eac1e0d38c3d3351b8a3f,"{""bytes"": 623467, ""path"": ""/Users/zhouzixiang/Desktop/zac/ZAC_zzx/results/physical_ga_main_v1/protocol.json"", ""sha256"": ""9bb0ae97d2f3f1536a5c496a65fe2e21e2192ce20830979dd75b30b0a3148fc7""}","{""bytes"": 1282, ""path"": ""/Users/zhouzixiang/Desktop/zac/ZAC_zzx/results/physical_ga_main_v1/receipts/42887548d9adb27f-s1-ga_h2.json"", ""sha256"": ""338738261f04ac1671dee586246f66eae5cb2f208e3838833617d5db9720c684""}",9bb0ae97d2f3f1536a5c496a65fe2e21e2192ce20830979dd75b30b0a3148fc7,d1fab3aaa092939e281636e5182865245c839b6f137f7762fc773e601882716a,valid_fidelity,,,,,,,
qmap154,4mod5-v1_22,2,42887548d9adb27f8d8ed46b6b9c73698f1b1907034eac1e0d38c3d3351b8a3f,42887548d9adb27f-s2-ga_h2,success,False,"{""fidelity"": 0.8919828092940925, ""idle_exposures"": 5.0, ""log_atom_transfer"": -0.03401701134184017, ""log_coherence_linear"": -0.0066368960082018955, ""log_fidelity"": -0.11430841867966145, ""log_idle_excitation"": -0.012515651090592385, ""move_batches"": 15.0, ""move_time_us"": 1570.077801924374, ""transfers"": 34.0}",True,False,fresh,fresh,success,42887548d9adb27f8d8ed46b6b9c73698f1b1907034eac1e0d38c3d3351b8a3f,"{""bytes"": 623467, ""path"": ""/Users/zhouzixiang/Desktop/zac/ZAC_zzx/results/physical_ga_main_v1/protocol.json"", ""sha256"": ""9bb0ae97d2f3f1536a5c496a65fe2e21e2192ce20830979dd75b30b0a3148fc7""}","{""bytes"": 1282, ""path"": ""/Users/zhouzixiang/Desktop/zac/ZAC_zzx/results/physical_ga_main_v1/receipts/42887548d9adb27f-s2-ga_h2.json"", ""sha256"": ""0dca63fde75cd24ae52519c19ed897f4bc84aba4afec499aefc594bfa24dce34""}",9bb0ae97d2f3f1536a5c496a65fe2e21e2192ce20830979dd75b30b0a3148fc7,d1fab3aaa092939e281636e5182865245c839b6f137f7762fc773e601882716a,valid_fidelity,,,,,,,
qmap154,sao2_257,0,43706b3214137b0e3861e5fec3fc91ef93dbc649f0787fccbe50e5b3c4eacff8,43706b3214137b0e-s0-ga_h2,success,True,"{""fidelity"": null, ""idle_exposures"": 13957.0, ""log_atom_transfer"": -51.17759306346495, ""log_coherence_linear"": null, ""log_fidelity"": null, ""log_idle_excitation"": -34.93618845427958, ""move_batches"": 22399.0, ""move_time_us"": 2309241.3277571145, ""transfers"": 51152.0}",False,False,fresh,fresh,success,43706b3214137b0e3861e5fec3fc91ef93dbc649f0787fccbe50e5b3c4eacff8,"{""bytes"": 623467, ""path"": ""/Users/zhouzixiang/Desktop/zac/ZAC_zzx/results/physical_ga_main_v1/protocol.json"", ""sha256"": ""9bb0ae97d2f3f1536a5c496a65fe2e21e2192ce20830979dd75b30b0a3148fc7""}","{""bytes"": 1285, ""path"": ""/Users/zhouzixiang/Desktop/zac/ZAC_zzx/results/physical_ga_main_v1/receipts/43706b3214137b0e-s0-ga_h2.json"", ""sha256"": ""da942ccada990590707f35aa811b08739bc437df4c6bd2b2c268db2f00b79ddc""}",9bb0ae97d2f3f1536a5c496a65fe2e21e2192ce20830979dd75b30b0a3148fc7,d1fab3aaa092939e281636e5182865245c839b6f137f7762fc773e601882716a,model_out_of_domain,,,,,,,
qmap154,sao2_257,1,43706b3214137b0e3861e5fec3fc91ef93dbc649f0787fccbe50e5b3c4eacff8,43706b3214137b0e-s1-ga_h2,success,True,"{""fidelity"": null, ""idle_exposures"": 13741.0, ""log_atom_transfer"": -51.127568046785775, ""log_coherence_linear"": null, ""log_fidelity"": null, ""log_idle_excitation"": -34.39551232716599, ""move_batches"": 22507.0, ""move_time_us"": 2325072.909886332, ""transfers"": 51102.0}",False,False,fresh,fresh,success,43706b3214137b0e3861e5fec3fc91ef93dbc649f0787fccbe50e5b3c4eacff8,"{""bytes"": 623467, ""path"": ""/Users/zhouzixiang/Desktop/zac/ZAC_zzx/results/physical_ga_main_v1/protocol.json"", ""sha256"": ""9bb0ae97d2f3f1536a5c496a65fe2e21e2192ce20830979dd75b30b0a3148fc7""}","{""bytes"": 1285, ""path"": ""/Users/zhouzixiang/Desktop/zac/ZAC_zzx/results/physical_ga_main_v1/receipts/43706b3214137b0e-s1-ga_h2.json"", ""sha256"": ""635bafcbe3c780c580f7fca13c545b0417e83fea591eb9988012795352cb9fbe""}",9bb0ae97d2f3f1536a5c496a65fe2e21e2192ce20830979dd75b30b0a3148fc7,d1fab3aaa092939e281636e5182865245c839b6f137f7762fc773e601882716a,model_out_of_domain,,,,,,,
qmap154,sao2_257,2,43706b3214137b0e3861e5fec3fc91ef93dbc649f0787fccbe50e5b3c4eacff8,43706b3214137b0e-s2-ga_h2,success,True,"{""fidelity"": null, ""idle_exposures"": 13888.0, ""log_atom_transfer"": -50.9434759854064, ""log_coherence_linear"": null, ""log_fidelity"": null, ""log_idle_excitation"": -34.763472469229406, ""move_batches"": 22352.0, ""move_time_us"": 2311441.305054857, ""transfers"": 50918.0}",False,False,fresh,fresh,success,43706b3214137b0e3861e5fec3fc91ef93dbc649f0787fccbe50e5b3c4eacff8,"{""bytes"": 623467, ""path"": ""/Users/zhouzixiang/Desktop/zac/ZAC_zzx/results/physical_ga_main_v1/protocol.json"", ""sha256"": ""9bb0ae97d2f3f1536a5c496a65fe2e21e2192ce20830979dd75b30b0a3148fc7""}","{""bytes"": 1285, ""path"": ""/Users/zhouzixiang/Desktop/zac/ZAC_zzx/results/physical_ga_main_v1/receipts/43706b3214137b0e-s2-ga_h2.json"", ""sha256"": ""257bf4c2f89bcf6468b2e9d21345c973b0450501fea1c437bc71436448bff811""}",9bb0ae97d2f3f1536a5c496a65fe2e21e2192ce20830979dd75b30b0a3148fc7,d1fab3aaa092939e281636e5182865245c839b6f137f7762fc773e601882716a,model_out_of_domain,,,,,,,
qmap154,one-two-three-v3_101,0,46faae924ea2fb39bd42153545d56bde36cb7d2fb617493a033ea462bb80dfac,46faae924ea2fb39-s0-ga_h2,success,False,"{""fidelity"": 0.7104104326303788, ""idle_exposures"": 23.0, ""log_atom_transfer"": -0.08804402935535102, ""log_coherence_linear"": -0.01879247360135962, ""log_fidelity"": -0.34191240183996635, ""log_idle_excitation"": -0.05757199501672497, ""move_batches"": 41.0, ""move_time_us"": 3982.4755687721863, ""transfers"": 88.0}",True,False,fresh,fresh,success,46faae924ea2fb39bd42153545d56bde36cb7d2fb617493a033ea462bb80dfac,"{""bytes"": 623467, ""path"": ""/Users/zhouzixiang/Desktop/zac/ZAC_zzx/results/physical_ga_main_v1/protocol.json"", ""sha256"": ""9bb0ae97d2f3f1536a5c496a65fe2e21e2192ce20830979dd75b30b0a3148fc7""}","{""bytes"": 1292, ""path"": ""/Users/zhouzixiang/Desktop/zac/ZAC_zzx/results/physical_ga_main_v1/receipts/46faae924ea2fb39-s0-ga_h2.json"", ""sha256"": ""15d1202859c2918b7d9688608362463b14d7cc3268367638daa603e452ab986f""}",9bb0ae97d2f3f1536a5c496a65fe2e21e2192ce20830979dd75b30b0a3148fc7,d1fab3aaa092939e281636e5182865245c839b6f137f7762fc773e601882716a,valid_fidelity,,,,,,,
qmap154,one-two-three-v3_101,1,46faae924ea2fb39bd42153545d56bde36cb7d2fb617493a033ea462bb80dfac,46faae924ea2fb39-s1-ga_h2,success,False,"{""fidelity"": 0.7063184542243208, ""idle_exposures"": 23.0, ""log_atom_transfer"": -0.09404703135685223, ""log_coherence_linear"": -0.018566144643110672, ""log_fidelity"": -0.3476890748832186, ""log_idle_excitation"": -0.05757199501672497, ""move_batches"": 42.0, ""move_time_us"": 4182.131025264696, ""transfers"": 94.0}",True,False,fresh,fresh,success,46faae924ea2fb39bd42153545d56bde36cb7d2fb617493a033ea462bb80dfac,"{""bytes"": 623467, ""path"": ""/Users/zhouzixiang/Desktop/zac/ZAC_zzx/results/physical_ga_main_v1/protocol.json"", ""sha256"": ""9bb0ae97d2f3f1536a5c496a65fe2e21e2192ce20830979dd75b30b0a3148fc7""}","{""bytes"": 1292, ""path"": ""/Users/zhouzixiang/Desktop/zac/ZAC_zzx/results/physical_ga_main_v1/receipts/46faae924ea2fb39-s1-ga_h2.json"", ""sha256"": ""fe798d1e234b374890645c912fb0c5ea61cad4e5abbeff7ee51593ad48f4c3b4""}",9bb0ae97d2f3f1536a5c496a65fe2e21e2192ce20830979dd75b30b0a3148fc7,d1fab3aaa092939e281636e5182865245c839b6f137f7762fc773e601882716a,valid_fidelity,,,,,,,
qmap154,one-two-three-v3_101,2,46faae924ea2fb39bd42153545d56bde36cb7d2fb617493a033ea462bb80dfac,46faae924ea2fb39-s2-ga_h2,success,False,"{""fidelity"": 0.7063184542243208, ""idle_exposures"": 23.0, ""log_atom_transfer"": -0.09404703135685223, ""log_coherence_linear"": -0.018566144643110672, ""log_fidelity"": -0.3476890748832186, ""log_idle_excitation"": -0.05757199501672497, ""move_batches"": 42.0, ""move_time_us"": 4182.131025264696, ""transfers"": 94.0}",True,False,fresh,fresh,success,46faae924ea2fb39bd42153545d56bde36cb7d2fb617493a033ea462bb80dfac,"{""bytes"": 623467, ""path"": ""/Users/zhouzixiang/Desktop/zac/ZAC_zzx/results/physical_ga_main_v1/protocol.json"", ""sha256"": ""9bb0ae97d2f3f1536a5c496a65fe2e21e2192ce20830979dd75b30b0a3148fc7""}","{""bytes"": 1292, ""path"": ""/Users/zhouzixiang/Desktop/zac/ZAC_zzx/results/physical_ga_main_v1/receipts/46faae924ea2fb39-s2-ga_h2.json"", ""sha256"": ""4505e9f4a61c12179a079042a986ca2d9d33c0b878024cdb318dd3701ff5d55c""}",9bb0ae97d2f3f1536a5c496a65fe2e21e2192ce20830979dd75b30b0a3148fc7,d1fab3aaa092939e281636e5182865245c839b6f137f7762fc773e601882716a,valid_fidelity,,,,,,,
zac18,qft_n29_transpiled,0,48d487f623d47c5260515f2e6365544ad923bb136bcca45db7434ff32b49c46e,48d487f623d47c52-s0-ga_h2,success,False,"{""fidelity"": 0.0026576767066945534, ""idle_exposures"": 26.0, ""log_atom_transfer"": -0.8764382922191761, ""log_coherence_linear"": -1.3675229270938414, ""log_fidelity"": -5.930302956376625, ""log_idle_excitation"": -0.0650813856710804, ""move_batches"": 331.0, ""move_time_us"": 46577.890709904044, ""transfers"": 876.0}",True,False,fresh,fresh,success,48d487f623d47c5260515f2e6365544ad923bb136bcca45db7434ff32b49c46e,"{""bytes"": 623467, ""path"": ""/Users/zhouzixiang/Desktop/zac/ZAC_zzx/results/physical_ga_main_v1/protocol.json"", ""sha256"": ""9bb0ae97d2f3f1536a5c496a65fe2e21e2192ce20830979dd75b30b0a3148fc7""}","{""bytes"": 1288, ""path"": ""/Users/zhouzixiang/Desktop/zac/ZAC_zzx/results/physical_ga_main_v1/receipts/48d487f623d47c52-s0-ga_h2.json"", ""sha256"": ""8875198a8d1b42955bf8e3713cc90ce02abb698163ce2765f22992a60f66b9ed""}",9bb0ae97d2f3f1536a5c496a65fe2e21e2192ce20830979dd75b30b0a3148fc7,d1fab3aaa092939e281636e5182865245c839b6f137f7762fc773e601882716a,valid_fidelity,,,,,,,
zac18,qft_n29_transpiled,1,48d487f623d47c5260515f2e6365544ad923bb136bcca45db7434ff32b49c46e,48d487f623d47c52-s1-ga_h2,success,False,"{""fidelity"": 0.002756508529731163, ""idle_exposures"": 26.0, ""log_atom_transfer"": -0.8824412942206773, ""log_coherence_linear"": -1.3250073942486673, ""log_fidelity"": -5.893790425532952, ""log_idle_excitation"": -0.0650813856710804, ""move_batches"": 345.0, ""move_time_us"": 46920.04955076936, ""transfers"": 882.0}",True,False,fresh,fresh,success,48d487f623d47c5260515f2e6365544ad923bb136bcca45db7434ff32b49c46e,"{""bytes"": 623467, ""path"": ""/Users/zhouzixiang/Desktop/zac/ZAC_zzx/results/physical_ga_main_v1/protocol.json"", ""sha256"": ""9bb0ae97d2f3f1536a5c496a65fe2e21e2192ce20830979dd75b30b0a3148fc7""}","{""bytes"": 1287, ""path"": ""/Users/zhouzixiang/Desktop/zac/ZAC_zzx/results/physical_ga_main_v1/receipts/48d487f623d47c52-s1-ga_h2.json"", ""sha256"": ""bbd2a9d30794b07ee95b80756520858b1d46ef4ad0bdb8cca4c6b8104481e7fb""}",9bb0ae97d2f3f1536a5c496a65fe2e21e2192ce20830979dd75b30b0a3148fc7,d1fab3aaa092939e281636e5182865245c839b6f137f7762fc773e601882716a,valid_fidelity,,,,,,,
zac18,qft_n29_transpiled,2,48d487f623d47c5260515f2e6365544ad923bb136bcca45db7434ff32b49c46e,48d487f623d47c52-s2-ga_h2,success,False,"{""fidelity"": 0.002903633196289399, ""idle_exposures"": 19.0, ""log_atom_transfer"": -0.8924462975565126, ""log_coherence_linear"": -1.2805263767217534, ""log_fidelity"": -5.841792499815044, ""log_idle_excitation"": -0.04755947414425106, ""move_batches"": 269.0, ""move_time_us"": 43426.769820937756, ""transfers"": 892.0}",True,False,fresh,fresh,success,48d487f623d47c5260515f2e6365544ad923bb136bcca45db7434ff32b49c46e,"{""bytes"": 623467, ""path"": ""/Users/zhouzixiang/Desktop/zac/ZAC_zzx/results/physical_ga_main_v1/protocol.json"", ""sha256"": ""9bb0ae97d2f3f1536a5c496a65fe2e21e2192ce20830979dd75b30b0a3148fc7""}","{""bytes"": 1287, ""path"": ""/Users/zhouzixiang/Desktop/zac/ZAC_zzx/results/physical_ga_main_v1/receipts/48d487f623d47c52-s2-ga_h2.json"", ""sha256"": ""50dd458659b51efb9d43b2cc7eb3096e1be0616a0e851276a6e7d3a8d2517255""}",9bb0ae97d2f3f1536a5c496a65fe2e21e2192ce20830979dd75b30b0a3148fc7,d1fab3aaa092939e281636e5182865245c839b6f137f7762fc773e601882716a,valid_fidelity,,,,,,,
qmap154,ex1_226,0,4a6d53e313003be35a7d3c56a5702b8a2f0ce138861f1ff1de53929c6660d26a,4a6d53e313003be3-s0-ga_h2,success,False,"{""fidelity"": 0.9503636276986327, ""idle_exposures"": 0.0, ""log_atom_transfer"": -0.020010006671670688, ""log_coherence_linear"": -0.00463770579980686, ""log_fidelity"": -0.05091060162520695, ""log_idle_excitation"": -0.0, ""move_batches"": 9.0, ""move_time_us"": 1034.4448554221085, ""transfers"": 20.0}",True,False,reused,fresh,success,4a6d53e313003be35a7d3c56a5702b8a2f0ce138861f1ff1de53929c6660d26a,"{""bytes"": 120460, ""path"": ""/Users/zhouzixiang/Desktop/zac/ZAC_zzx/results/physical_ga_initial_v1/corrected_driver_v1/protocol.json"", ""sha256"": ""634fb00b81921a7f81494cbeaaf4749cf9fe3bcfffdbd34f6488c496ea0244d7""}","{""bytes"": 1357, ""path"": ""/Users/zhouzixiang/Desktop/zac/ZAC_zzx/results/physical_ga_initial_v1/corrected_driver_v1/receipts/4a6d53e313003be3-s0-ga_h2.json"", ""sha256"": ""c5f06885ff9f12465b7a6092e5a6b7329f561b45d56f2d886459da65c9ce9239""}",634fb00b81921a7f81494cbeaaf4749cf9fe3bcfffdbd34f6488c496ea0244d7,715e166529a9198763afc2134df560a1133fc23906da0285528991c343baaa46,valid_fidelity,,,,,,,
qmap154,ex1_226,1,4a6d53e313003be35a7d3c56a5702b8a2f0ce138861f1ff1de53929c6660d26a,4a6d53e313003be3-s1-ga_h2,success,False,"{""fidelity"": 0.9502756069534954, ""idle_exposures"": 0.0, ""log_atom_transfer"": -0.020010006671670688, ""log_coherence_linear"": -0.004730328054041609, ""log_fidelity"": -0.0510032238794417, ""log_idle_excitation"": -0.0, ""move_batches"": 9.0, ""move_time_us"": 1057.5823491888393, ""transfers"": 20.0}",True,False,reused,fresh,success,4a6d53e313003be35a7d3c56a5702b8a2f0ce138861f1ff1de53929c6660d26a,"{""bytes"": 120460, ""path"": ""/Users/zhouzixiang/Desktop/zac/ZAC_zzx/results/physical_ga_initial_v1/corrected_driver_v1/protocol.json"", ""sha256"": ""634fb00b81921a7f81494cbeaaf4749cf9fe3bcfffdbd34f6488c496ea0244d7""}","{""bytes"": 1356, ""path"": ""/Users/zhouzixiang/Desktop/zac/ZAC_zzx/results/physical_ga_initial_v1/corrected_driver_v1/receipts/4a6d53e313003be3-s1-ga_h2.json"", ""sha256"": ""43f17257761072882555f80cc2a9e0a352ab12349a6680d4128e25e257a752ab""}",634fb00b81921a7f81494cbeaaf4749cf9fe3bcfffdbd34f6488c496ea0244d7,715e166529a9198763afc2134df560a1133fc23906da0285528991c343baaa46,valid_fidelity,,,,,,,
qmap154,ex1_226,2,4a6d53e313003be35a7d3c56a5702b8a2f0ce138861f1ff1de53929c6660d26a,4a6d53e313003be3-s2-ga_h2,success,False,"{""fidelity"": 0.9503440422909283, ""idle_exposures"": 0.0, ""log_atom_transfer"": -0.020010006671670688, ""log_coherence_linear"": -0.004658314342629451, ""log_fidelity"": -0.05093121016802954, ""log_idle_excitation"": -0.0, ""move_batches"": 9.0, ""move_time_us"": 1039.59300147586, ""transfers"": 20.0}",True,False,reused,fresh,success,4a6d53e313003be35a7d3c56a5702b8a2f0ce138861f1ff1de53929c6660d26a,"{""bytes"": 120460, ""path"": ""/Users/zhouzixiang/Desktop/zac/ZAC_zzx/results/physical_ga_initial_v1/corrected_driver_v1/protocol.json"", ""sha256"": ""634fb00b81921a7f81494cbeaaf4749cf9fe3bcfffdbd34f6488c496ea0244d7""}","{""bytes"": 1355, ""path"": ""/Users/zhouzixiang/Desktop/zac/ZAC_zzx/results/physical_ga_initial_v1/corrected_driver_v1/receipts/4a6d53e313003be3-s2-ga_h2.json"", ""sha256"": ""d526a18d29d415e124becd2105e09703d6d469750fd2a90911e30f3be0252335""}",634fb00b81921a7f81494cbeaaf4749cf9fe3bcfffdbd34f6488c496ea0244d7,715e166529a9198763afc2134df560a1133fc23906da0285528991c343baaa46,valid_fidelity,,,,,,,
qmap154,mlp4_245,0,4adf02f2ebf3a225585ba480d6f0c839a879562a7bcb11fa3d065ee9d2cce73b,4adf02f2ebf3a225-s0-ga_h2,success,True,"{""fidelity"": null, ""idle_exposures"": 5406.0, ""log_atom_transfer"": -24.954479320240512, ""log_coherence_linear"": null, ""log_fidelity"": null, ""log_idle_excitation"": -13.531921959148486, ""move_batches"": 11136.0, ""move_time_us"": 1142807.2639724575, ""transfers"": 24942.0}",False,False,fresh,fresh,success,4adf02f2ebf3a225585ba480d6f0c839a879562a7bcb11fa3d065ee9d2cce73b,"{""bytes"": 623467, ""path"": ""/Users/zhouzixiang/Desktop/zac/ZAC_zzx/results/physical_ga_main_v1/protocol.json"", ""sha256"": ""9bb0ae97d2f3f1536a5c496a65fe2e21e2192ce20830979dd75b30b0a3148fc7""}","{""bytes"": 1283, ""path"": ""/Users/zhouzixiang/Desktop/zac/ZAC_zzx/results/physical_ga_main_v1/receipts/4adf02f2ebf3a225-s0-ga_h2.json"", ""sha256"": ""6edaa108d155f16034224d1ef33a66883c19fde3c849bbb11de19ff18b6ff192""}",9bb0ae97d2f3f1536a5c496a65fe2e21e2192ce20830979dd75b30b0a3148fc7,d1fab3aaa092939e281636e5182865245c839b6f137f7762fc773e601882716a,model_out_of_domain,,,,,,,
qmap154,mlp4_245,1,4adf02f2ebf3a225585ba480d6f0c839a879562a7bcb11fa3d065ee9d2cce73b,4adf02f2ebf3a225-s1-ga_h2,success,True,"{""fidelity"": null, ""idle_exposures"": 5394.0, ""log_atom_transfer"": -24.946475317571846, ""log_coherence_linear"": null, ""log_fidelity"": null, ""log_idle_excitation"": -13.501884396531064, ""move_batches"": 11153.0, ""move_time_us"": 1149741.24040581, ""transfers"": 24934.0}",False,False,fresh,fresh,success,4adf02f2ebf3a225585ba480d6f0c839a879562a7bcb11fa3d065ee9d2cce73b,"{""bytes"": 623467, ""path"": ""/Users/zhouzixiang/Desktop/zac/ZAC_zzx/results/physical_ga_main_v1/protocol.json"", ""sha256"": ""9bb0ae97d2f3f1536a5c496a65fe2e21e2192ce20830979dd75b30b0a3148fc7""}","{""bytes"": 1284, ""path"": ""/Users/zhouzixiang/Desktop/zac/ZAC_zzx/results/physical_ga_main_v1/receipts/4adf02f2ebf3a225-s1-ga_h2.json"", ""sha256"": ""24e6c48d7aba0959d6df87ed2331407d35f98ae056bc79472ea280e279f323bd""}",9bb0ae97d2f3f1536a5c496a65fe2e21e2192ce20830979dd75b30b0a3148fc7,d1fab3aaa092939e281636e5182865245c839b6f137f7762fc773e601882716a,model_out_of_domain,,,,,,,
qmap154,mlp4_245,2,4adf02f2ebf3a225585ba480d6f0c839a879562a7bcb11fa3d065ee9d2cce73b,4adf02f2ebf3a225-s2-ga_h2,success,True,"{""fidelity"": null, ""idle_exposures"": 5397.0, ""log_atom_transfer"": -24.95047731890618, ""log_coherence_linear"": null, ""log_fidelity"": null, ""log_idle_excitation"": -13.50939378718542, ""move_batches"": 11144.0, ""move_time_us"": 1147522.3829929167, ""transfers"": 24938.0}",False,False,fresh,fresh,success,4adf02f2ebf3a225585ba480d6f0c839a879562a7bcb11fa3d065ee9d2cce73b,"{""bytes"": 623467, ""path"": ""/Users/zhouzixiang/Desktop/zac/ZAC_zzx/results/physical_ga_main_v1/protocol.json"", ""sha256"": ""9bb0ae97d2f3f1536a5c496a65fe2e21e2192ce20830979dd75b30b0a3148fc7""}","{""bytes"": 1284, ""path"": ""/Users/zhouzixiang/Desktop/zac/ZAC_zzx/results/physical_ga_main_v1/receipts/4adf02f2ebf3a225-s2-ga_h2.json"", ""sha256"": ""5f0c6f04019eac54233045c4ad1e321007b1141bd31fcd6b0432e39b970d979c""}",9bb0ae97d2f3f1536a5c496a65fe2e21e2192ce20830979dd75b30b0a3148fc7,d1fab3aaa092939e281636e5182865245c839b6f137f7762fc773e601882716a,model_out_of_domain,,,,,,,
qmap154,sf_276,0,4b3a5ff4ee6e996fec8dbee995040ab4694fa02a4220ee8b1890926ec0ef8be2,4b3a5ff4ee6e996f-s0-ga_h2,success,False,"{""fidelity"": 0.026556095230443614, ""idle_exposures"": 228.0, ""log_atom_transfer"": -0.9264633088983528, ""log_coherence_linear"": -0.2589767101235251, ""log_fidelity"": -3.6284959821080203, ""log_idle_excitation"": -0.5707136897310128, ""move_batches"": 440.0, ""move_time_us"": 46474.44971225484, ""transfers"": 926.0}",True,False,fresh,fresh,success,4b3a5ff4ee6e996fec8dbee995040ab4694fa02a4220ee8b1890926ec0ef8be2,"{""bytes"": 623467, ""path"": ""/Users/zhouzixiang/Desktop/zac/ZAC_zzx/results/physical_ga_main_v1/protocol.json"", ""sha256"": ""9bb0ae97d2f3f1536a5c496a65fe2e21e2192ce20830979dd75b30b0a3148fc7""}","{""bytes"": 1277, ""path"": ""/Users/zhouzixiang/Desktop/zac/ZAC_zzx/results/physical_ga_main_v1/receipts/4b3a5ff4ee6e996f-s0-ga_h2.json"", ""sha256"": ""f7666950d977b7ec4577c7c3d3c1a648b03557eb1f68e2798de89332223e3764""}",9bb0ae97d2f3f1536a5c496a65fe2e21e2192ce20830979dd75b30b0a3148fc7,d1fab3aaa092939e281636e5182865245c839b6f137f7762fc773e601882716a,valid_fidelity,,,,,,,
qmap154,sf_276,1,4b3a5ff4ee6e996fec8dbee995040ab4694fa02a4220ee8b1890926ec0ef8be2,4b3a5ff4ee6e996f-s1-ga_h2,success,False,"{""fidelity"": 0.02649055799078066, ""idle_exposures"": 228.0, ""log_atom_transfer"": -0.930465310232687, ""log_coherence_linear"": -0.2574456383965462, ""log_fidelity"": -3.6309669117153756, ""log_idle_excitation"": -0.5707136897310128, ""move_batches"": 437.0, ""move_time_us"": 45934.30290834571, ""transfers"": 930.0}",True,False,fresh,fresh,success,4b3a5ff4ee6e996fec8dbee995040ab4694fa02a4220ee8b1890926ec0ef8be2,"{""bytes"": 623467, ""path"": ""/Users/zhouzixiang/Desktop/zac/ZAC_zzx/results/physical_ga_main_v1/protocol.json"", ""sha256"": ""9bb0ae97d2f3f1536a5c496a65fe2e21e2192ce20830979dd75b30b0a3148fc7""}","{""bytes"": 1276, ""path"": ""/Users/zhouzixiang/Desktop/zac/ZAC_zzx/results/physical_ga_main_v1/receipts/4b3a5ff4ee6e996f-s1-ga_h2.json"", ""sha256"": ""788905dd8e00b32250398a0f8c5ca2e907aeeed0d372011b256df168ebdd4ceb""}",9bb0ae97d2f3f1536a5c496a65fe2e21e2192ce20830979dd75b30b0a3148fc7,d1fab3aaa092939e281636e5182865245c839b6f137f7762fc773e601882716a,valid_fidelity,,,,,,,
qmap154,sf_276,2,4b3a5ff4ee6e996fec8dbee995040ab4694fa02a4220ee8b1890926ec0ef8be2,4b3a5ff4ee6e996f-s2-ga_h2,success,False,"{""fidelity"": 0.026554877963496353, ""idle_exposures"": 228.0, ""log_atom_transfer"": -0.9264633088983528, ""log_coherence_linear"": -0.25902254874685543, ""log_fidelity"": -3.6285418207313507, ""log_idle_excitation"": -0.5707136897310128, ""move_batches"": 440.0, ""move_time_us"": 46485.42519109622, ""transfers"": 926.0}",True,False,fresh,fresh,success,4b3a5ff4ee6e996fec8dbee995040ab4694fa02a4220ee8b1890926ec0ef8be2,"{""bytes"": 623467, ""path"": ""/Users/zhouzixiang/Desktop/zac/ZAC_zzx/results/physical_ga_main_v1/protocol.json"", ""sha256"": ""9bb0ae97d2f3f1536a5c496a65fe2e21e2192ce20830979dd75b30b0a3148fc7""}","{""bytes"": 1277, ""path"": ""/Users/zhouzixiang/Desktop/zac/ZAC_zzx/results/physical_ga_main_v1/receipts/4b3a5ff4ee6e996f-s2-ga_h2.json"", ""sha256"": ""66f6819569ad3c5e19399f9e7ce290b6a36949a8198a1a093de80be95f42c6c0""}",9bb0ae97d2f3f1536a5c496a65fe2e21e2192ce20830979dd75b30b0a3148fc7,d1fab3aaa092939e281636e5182865245c839b6f137f7762fc773e601882716a,valid_fidelity,,,,,,,
qmap154,4gt12-v0_86,0,4ce6bfb1bf9aca450b753d6849ee005106931698bb33d26016c766f8a3c6cd05,4ce6bfb1bf9aca45-s0-ga_h2,success,False,"{""fidelity"": 0.29713390769519127, ""idle_exposures"": 73.0, ""log_atom_transfer"": -0.3141571047452298, ""log_coherence_linear"": -0.08284763370480215, ""log_fidelity"": -1.2135723741291438, ""log_idle_excitation"": -0.1827285059226488, ""move_batches"": 142.0, ""move_time_us"": 15219.080686988551, ""transfers"": 314.0}",True,False,fresh,fresh,success,4ce6bfb1bf9aca450b753d6849ee005106931698bb33d26016c766f8a3c6cd05,"{""bytes"": 623467, ""path"": ""/Users/zhouzixiang/Desktop/zac/ZAC_zzx/results/physical_ga_main_v1/protocol.json"", ""sha256"": ""9bb0ae97d2f3f1536a5c496a65fe2e21e2192ce20830979dd75b30b0a3148fc7""}","{""bytes"": 1281, ""path"": ""/Users/zhouzixiang/Desktop/zac/ZAC_zzx/results/physical_ga_main_v1/receipts/4ce6bfb1bf9aca45-s0-ga_h2.json"", ""sha256"": ""4a073b2ace4fddaf9dfa5ae26d1e90954e6943fab0e2735b28a78476066a0c19""}",9bb0ae97d2f3f1536a5c496a65fe2e21e2192ce20830979dd75b30b0a3148fc7,d1fab3aaa092939e281636e5182865245c839b6f137f7762fc773e601882716a,valid_fidelity,,,,,,,
qmap154,4gt12-v0_86,1,4ce6bfb1bf9aca450b753d6849ee005106931698bb33d26016c766f8a3c6cd05,4ce6bfb1bf9aca45-s1-ga_h2,success,False,"{""fidelity"": 0.29713160899615926, ""idle_exposures"": 73.0, ""log_atom_transfer"": -0.3141571047452298, ""log_coherence_linear"": -0.08285536997408723, ""log_fidelity"": -1.213580110398429, ""log_idle_excitation"": -0.1827285059226488, ""move_batches"": 142.0, ""move_time_us"": 15220.988230811021, ""transfers"": 314.0}",True,False,fresh,fresh,success,4ce6bfb1bf9aca450b753d6849ee005106931698bb33d26016c766f8a3c6cd05,"{""bytes"": 623467, ""path"": ""/Users/zhouzixiang/Desktop/zac/ZAC_zzx/results/physical_ga_main_v1/protocol.json"", ""sha256"": ""9bb0ae97d2f3f1536a5c496a65fe2e21e2192ce20830979dd75b30b0a3148fc7""}","{""bytes"": 1283, ""path"": ""/Users/zhouzixiang/Desktop/zac/ZAC_zzx/results/physical_ga_main_v1/receipts/4ce6bfb1bf9aca45-s1-ga_h2.json"", ""sha256"": ""dfa90bf0778b0d012893758d4342eeba106c7f7ec1a9f24ad6aba06418f4b606""}",9bb0ae97d2f3f1536a5c496a65fe2e21e2192ce20830979dd75b30b0a3148fc7,d1fab3aaa092939e281636e5182865245c839b6f137f7762fc773e601882716a,valid_fidelity,,,,,,,
qmap154,4gt12-v0_86,2,4ce6bfb1bf9aca450b753d6849ee005106931698bb33d26016c766f8a3c6cd05,4ce6bfb1bf9aca45-s2-ga_h2,success,False,"{""fidelity"": 0.2977582833762982, ""idle_exposures"": 73.0, ""log_atom_transfer"": -0.30815410274372856, ""log_coherence_linear"": -0.08675151280724888, ""log_fidelity"": -1.2114732512300894, ""log_idle_excitation"": -0.1827285059226488, ""move_batches"": 141.0, ""move_time_us"": 15766.654168837418, ""transfers"": 308.0}",True,False,fresh,fresh,success,4ce6bfb1bf9aca450b753d6849ee005106931698bb33d26016c766f8a3c6cd05,"{""bytes"": 623467, ""path"": ""/Users/zhouzixiang/Desktop/zac/ZAC_zzx/results/physical_ga_main_v1/protocol.json"", ""sha256"": ""9bb0ae97d2f3f1536a5c496a65fe2e21e2192ce20830979dd75b30b0a3148fc7""}","{""bytes"": 1283, ""path"": ""/Users/zhouzixiang/Desktop/zac/ZAC_zzx/results/physical_ga_main_v1/receipts/4ce6bfb1bf9aca45-s2-ga_h2.json"", ""sha256"": ""8cb716f56c6b334c3fbbbca1bbc38d33889166b2af3f392f66190b606e9ccdc0""}",9bb0ae97d2f3f1536a5c496a65fe2e21e2192ce20830979dd75b30b0a3148fc7,d1fab3aaa092939e281636e5182865245c839b6f137f7762fc773e601882716a,valid_fidelity,,,,,,,
qmap154,cm152a_212,0,4e61ebc66c256a3be3411259d4f7e555e5e410065ebfac0dfa43079072b7b0d3,4e61ebc66c256a3b-s0-ga_h2,success,False,"{""fidelity"": 0.001913683349036791, ""idle_exposures"": 346.0, ""log_atom_transfer"": -1.5387695130514758, ""log_coherence_linear"": -0.8883557914006807, ""log_fidelity"": -6.258725439012695, ""log_idle_excitation"": -0.866083055468993, ""move_batches"": 705.0, ""move_time_us"": 73784.0926596613, ""transfers"": 1538.0}",True,False,fresh,fresh,success,4e61ebc66c256a3be3411259d4f7e555e5e410065ebfac0dfa43079072b7b0d3,"{""bytes"": 623467, ""path"": ""/Users/zhouzixiang/Desktop/zac/ZAC_zzx/results/physical_ga_main_v1/protocol.json"", ""sha256"": ""9bb0ae97d2f3f1536a5c496a65fe2e21e2192ce20830979dd75b30b0a3148fc7""}","{""bytes"": 1282, ""path"": ""/Users/zhouzixiang/Desktop/zac/ZAC_zzx/results/physical_ga_main_v1/receipts/4e61ebc66c256a3b-s0-ga_h2.json"", ""sha256"": ""4e4d0a63db7b01aee7d2ca360ad693a7032e3bd42f3a3b4df4b6e832e5bfb745""}",9bb0ae97d2f3f1536a5c496a65fe2e21e2192ce20830979dd75b30b0a3148fc7,d1fab3aaa092939e281636e5182865245c839b6f137f7762fc773e601882716a,valid_fidelity,,,,,,,
qmap154,cm152a_212,1,4e61ebc66c256a3be3411259d4f7e555e5e410065ebfac0dfa43079072b7b0d3,4e61ebc66c256a3b-s1-ga_h2,success,False,"{""fidelity"": 0.0019144598077347555, ""idle_exposures"": 345.0, ""log_atom_transfer"": -1.5487745163873112, ""log_coherence_linear"": -0.8804482601469883, ""log_fidelity"": -6.258319780876719, ""log_idle_excitation"": -0.8635799252508746, ""move_batches"": 708.0, ""move_time_us"": 72849.28919560333, ""transfers"": 1548.0}",True,False,fresh,fresh,success,4e61ebc66c256a3be3411259d4f7e555e5e410065ebfac0dfa43079072b7b0d3,"{""bytes"": 623467, ""path"": ""/Users/zhouzixiang/Desktop/zac/ZAC_zzx/results/physical_ga_main_v1/protocol.json"", ""sha256"": ""9bb0ae97d2f3f1536a5c496a65fe2e21e2192ce20830979dd75b30b0a3148fc7""}","{""bytes"": 1282, ""path"": ""/Users/zhouzixiang/Desktop/zac/ZAC_zzx/results/physical_ga_main_v1/receipts/4e61ebc66c256a3b-s1-ga_h2.json"", ""sha256"": ""ef0666ca77e9c9cb92c3a35aad27ddfdd0d0ebcc27dcb54b21561a77f2b39cae""}",9bb0ae97d2f3f1536a5c496a65fe2e21e2192ce20830979dd75b30b0a3148fc7,d1fab3aaa092939e281636e5182865245c839b6f137f7762fc773e601882716a,valid_fidelity,,,,,,,
qmap154,cm152a_212,2,4e61ebc66c256a3be3411259d4f7e555e5e410065ebfac0dfa43079072b7b0d3,4e61ebc66c256a3b-s2-ga_h2,success,False,"{""fidelity"": 0.001910602018848852, ""idle_exposures"": 345.0, ""log_atom_transfer"": -1.546773515720144, ""log_coherence_linear"": -0.884466373409367, ""log_fidelity"": -6.260336893471931, ""log_idle_excitation"": -0.8635799252508746, ""move_batches"": 707.0, ""move_time_us"": 73686.81835671321, ""transfers"": 1546.0}",True,False,fresh,fresh,success,4e61ebc66c256a3be3411259d4f7e555e5e410065ebfac0dfa43079072b7b0d3,"{""bytes"": 623467, ""path"": ""/Users/zhouzixiang/Desktop/zac/ZAC_zzx/results/physical_ga_main_v1/protocol.json"", ""sha256"": ""9bb0ae97d2f3f1536a5c496a65fe2e21e2192ce20830979dd75b30b0a3148fc7""}","{""bytes"": 1282, ""path"": ""/Users/zhouzixiang/Desktop/zac/ZAC_zzx/results/physical_ga_main_v1/receipts/4e61ebc66c256a3b-s2-ga_h2.json"", ""sha256"": ""f8e66a46f8e20b98b5e3307125166541a0a28989645634d7c8c74f536623da04""}",9bb0ae97d2f3f1536a5c496a65fe2e21e2192ce20830979dd75b30b0a3148fc7,d1fab3aaa092939e281636e5182865245c839b6f137f7762fc773e601882716a,valid_fidelity,,,,,,,
qmap154,one-two-three-v1_99,0,4ea7a43cd39b6fc7c5ba77d77c7ebf00dd92b539d2c56d977ff9bee8952fdd66,4ea7a43cd39b6fc7-s0-ga_h2,success,False,"{""fidelity"": 0.5274034069036241, ""idle_exposures"": 42.0, ""log_atom_transfer"": -0.17008505670920085, ""log_coherence_linear"": -0.03612814583363044, ""log_fidelity"": -0.6397895452741375, ""log_idle_excitation"": -0.10513146916097603, ""move_batches"": 80.0, ""move_time_us"": 8146.705731411085, ""transfers"": 170.0}",True,False,fresh,fresh,success,4ea7a43cd39b6fc7c5ba77d77c7ebf00dd92b539d2c56d977ff9bee8952fdd66,"{""bytes"": 623467, ""path"": ""/Users/zhouzixiang/Desktop/zac/ZAC_zzx/results/physical_ga_main_v1/protocol.json"", ""sha256"": ""9bb0ae97d2f3f1536a5c496a65fe2e21e2192ce20830979dd75b30b0a3148fc7""}","{""bytes"": 1291, ""path"": ""/Users/zhouzixiang/Desktop/zac/ZAC_zzx/results/physical_ga_main_v1/receipts/4ea7a43cd39b6fc7-s0-ga_h2.json"", ""sha256"": ""8c52c9e846e74388048f9374f667f400c20e3ce64c1109c09bb8391b90f8d4b0""}",9bb0ae97d2f3f1536a5c496a65fe2e21e2192ce20830979dd75b30b0a3148fc7,d1fab3aaa092939e281636e5182865245c839b6f137f7762fc773e601882716a,valid_fidelity,,,,,,,
qmap154,one-two-three-v1_99,1,4ea7a43cd39b6fc7c5ba77d77c7ebf00dd92b539d2c56d977ff9bee8952fdd66,4ea7a43cd39b6fc7-s1-ga_h2,success,False,"{""fidelity"": 0.5281779589585213, ""idle_exposures"": 42.0, ""log_atom_transfer"": -0.16808405604203377, ""log_coherence_linear"": -0.03666160980688291, ""log_fidelity"": -0.6383220085802228, ""log_idle_excitation"": -0.10513146916097603, ""move_batches"": 80.0, ""move_time_us"": 8208.643949345365, ""transfers"": 168.0}",True,False,fresh,fresh,success,4ea7a43cd39b6fc7c5ba77d77c7ebf00dd92b539d2c56d977ff9bee8952fdd66,"{""bytes"": 623467, ""path"": ""/Users/zhouzixiang/Desktop/zac/ZAC_zzx/results/physical_ga_main_v1/protocol.json"", ""sha256"": ""9bb0ae97d2f3f1536a5c496a65fe2e21e2192ce20830979dd75b30b0a3148fc7""}","{""bytes"": 1291, ""path"": ""/Users/zhouzixiang/Desktop/zac/ZAC_zzx/results/physical_ga_main_v1/receipts/4ea7a43cd39b6fc7-s1-ga_h2.json"", ""sha256"": ""18f8cbc62118c165e4f74db15e1100c62acdc8f548a249b3ddc93f214d957254""}",9bb0ae97d2f3f1536a5c496a65fe2e21e2192ce20830979dd75b30b0a3148fc7,d1fab3aaa092939e281636e5182865245c839b6f137f7762fc773e601882716a,valid_fidelity,,,,,,,
qmap154,one-two-three-v1_99,2,4ea7a43cd39b6fc7c5ba77d77c7ebf00dd92b539d2c56d977ff9bee8952fdd66,4ea7a43cd39b6fc7-s2-ga_h2,success,False,"{""fidelity"": 0.5283072877852284, ""idle_exposures"": 42.0, ""log_atom_transfer"": -0.16808405604203377, ""log_coherence_linear"": -0.03641678134808199, ""log_fidelity"": -0.6380771801214219, ""log_idle_excitation"": -0.10513146916097603, ""move_batches"": 80.0, ""move_time_us"": 8125.260131743148, ""transfers"": 168.0}",True,False,fresh,fresh,success,4ea7a43cd39b6fc7c5ba77d77c7ebf00dd92b539d2c56d977ff9bee8952fdd66,"{""bytes"": 623467, ""path"": ""/Users/zhouzixiang/Desktop/zac/ZAC_zzx/results/physical_ga_main_v1/protocol.json"", ""sha256"": ""9bb0ae97d2f3f1536a5c496a65fe2e21e2192ce20830979dd75b30b0a3148fc7""}","{""bytes"": 1291, ""path"": ""/Users/zhouzixiang/Desktop/zac/ZAC_zzx/results/physical_ga_main_v1/receipts/4ea7a43cd39b6fc7-s2-ga_h2.json"", ""sha256"": ""fb7e45953afdf850000df7073ca2dfbf9127407cc14e3047a82d5353894159e6""}",9bb0ae97d2f3f1536a5c496a65fe2e21e2192ce20830979dd75b30b0a3148fc7,d1fab3aaa092939e281636e5182865245c839b6f137f7762fc773e601882716a,valid_fidelity,,,,,,,
qmap154,alu-v2_30,0,4f2d6f098c8b76352c45f0551f747e1f012bca552b5eb3dc8ae60ff0418b3c43,4f2d6f098c8b7635-s0-ga_h2,success,False,"{""fidelity"": 0.09024084761354856, ""idle_exposures"": 146.0, ""log_atom_transfer"": -0.642321214160629, ""log_coherence_linear"": -0.16700472070483668, ""log_fidelity"": -2.4052730983958654, ""log_idle_excitation"": -0.3654570118452976, ""move_batches"": 297.0, ""move_time_us"": 30500.548811067198, ""transfers"": 642.0}",True,False,fresh,fresh,success,4f2d6f098c8b76352c45f0551f747e1f012bca552b5eb3dc8ae60ff0418b3c43,"{""bytes"": 623467, ""path"": ""/Users/zhouzixiang/Desktop/zac/ZAC_zzx/results/physical_ga_main_v1/protocol.json"", ""sha256"": ""9bb0ae97d2f3f1536a5c496a65fe2e21e2192ce20830979dd75b30b0a3148fc7""}","{""bytes"": 1281, ""path"": ""/Users/zhouzixiang/Desktop/zac/ZAC_zzx/results/physical_ga_main_v1/receipts/4f2d6f098c8b7635-s0-ga_h2.json"", ""sha256"": ""0723ffa4342fd7175e5d05cbe89a6628db97985f7e1e008e0dd482b75d21d3b8""}",9bb0ae97d2f3f1536a5c496a65fe2e21e2192ce20830979dd75b30b0a3148fc7,d1fab3aaa092939e281636e5182865245c839b6f137f7762fc773e601882716a,valid_fidelity,,,,,,,
qmap154,alu-v2_30,1,4f2d6f098c8b76352c45f0551f747e1f012bca552b5eb3dc8ae60ff0418b3c43,4f2d6f098c8b7635-s1-ga_h2,success,False,"{""fidelity"": 0.09055415348488241, ""idle_exposures"": 146.0, ""log_atom_transfer"": -0.6383192128262949, ""log_coherence_linear"": -0.1675408498296903, ""log_fidelity"": -2.401807226186385, ""log_idle_excitation"": -0.3654570118452976, ""move_batches"": 295.0, ""move_time_us"": 30249.895916017333, ""transfers"": 638.0}",True,False,fresh,fresh,success,4f2d6f098c8b76352c45f0551f747e1f012bca552b5eb3dc8ae60ff0418b3c43,"{""bytes"": 623467, ""path"": ""/Users/zhouzixiang/Desktop/zac/ZAC_zzx/results/physical_ga_main_v1/protocol.json"", ""sha256"": ""9bb0ae97d2f3f1536a5c496a65fe2e21e2192ce20830979dd75b30b0a3148fc7""}","{""bytes"": 1280, ""path"": ""/Users/zhouzixiang/Desktop/zac/ZAC_zzx/results/physical_ga_main_v1/receipts/4f2d6f098c8b7635-s1-ga_h2.json"", ""sha256"": ""dcde5d691d840aebc35d0767f60fa1d5578d369b0e35e300bc4b2dc973448411""}",9bb0ae97d2f3f1536a5c496a65fe2e21e2192ce20830979dd75b30b0a3148fc7,d1fab3aaa092939e281636e5182865245c839b6f137f7762fc773e601882716a,valid_fidelity,,,,,,,
qmap154,alu-v2_30,2,4f2d6f098c8b76352c45f0551f747e1f012bca552b5eb3dc8ae60ff0418b3c43,4f2d6f098c8b7635-s2-ga_h2,success,False,"{""fidelity"": 0.09055415348488241, ""idle_exposures"": 146.0, ""log_atom_transfer"": -0.6383192128262949, ""log_coherence_linear"": -0.1675408498296903, ""log_fidelity"": -2.401807226186385, ""log_idle_excitation"": -0.3654570118452976, ""move_batches"": 295.0, ""move_time_us"": 30249.895916017333, ""transfers"": 638.0}",True,False,fresh,fresh,success,4f2d6f098c8b76352c45f0551f747e1f012bca552b5eb3dc8ae60ff0418b3c43,"{""bytes"": 623467, ""path"": ""/Users/zhouzixiang/Desktop/zac/ZAC_zzx/results/physical_ga_main_v1/protocol.json"", ""sha256"": ""9bb0ae97d2f3f1536a5c496a65fe2e21e2192ce20830979dd75b30b0a3148fc7""}","{""bytes"": 1281, ""path"": ""/Users/zhouzixiang/Desktop/zac/ZAC_zzx/results/physical_ga_main_v1/receipts/4f2d6f098c8b7635-s2-ga_h2.json"", ""sha256"": ""310878d11ba3eb8626734590199741d166cc5192639c43efeab5b576a163e590""}",9bb0ae97d2f3f1536a5c496a65fe2e21e2192ce20830979dd75b30b0a3148fc7,d1fab3aaa092939e281636e5182865245c839b6f137f7762fc773e601882716a,valid_fidelity,,,,,,,
qmap154,4gt12-v1_89,0,4f73524b715eb1770efc2d80fc94314f980ad04bd5d39f4bda32e9373bb5114a,4f73524b715eb177-s0-ga_h2,success,False,"{""fidelity"": 0.340229163831657, ""idle_exposures"": 68.0, ""log_atom_transfer"": -0.2761380920690555, ""log_coherence_linear"": -0.07442233120701877, ""log_fidelity"": -1.078135877145932, ""log_idle_excitation"": -0.17021285483205642, ""move_batches"": 127.0, ""move_time_us"": 13481.117706907875, ""transfers"": 276.0}",True,False,fresh,fresh,success,4f73524b715eb1770efc2d80fc94314f980ad04bd5d39f4bda32e9373bb5114a,"{""bytes"": 623467, ""path"": ""/Users/zhouzixiang/Desktop/zac/ZAC_zzx/results/physical_ga_main_v1/protocol.json"", ""sha256"": ""9bb0ae97d2f3f1536a5c496a65fe2e21e2192ce20830979dd75b30b0a3148fc7""}","{""bytes"": 1282, ""path"": ""/Users/zhouzixiang/Desktop/zac/ZAC_zzx/results/physical_ga_main_v1/receipts/4f73524b715eb177-s0-ga_h2.json"", ""sha256"": ""b8a912d8da66f732f0616dc71392caec5b6dc4d68a203920ab2b71a317eae91e""}",9bb0ae97d2f3f1536a5c496a65fe2e21e2192ce20830979dd75b30b0a3148fc7,d1fab3aaa092939e281636e5182865245c839b6f137f7762fc773e601882716a,valid_fidelity,,,,,,,
qmap154,4gt12-v1_89,1,4f73524b715eb1770efc2d80fc94314f980ad04bd5d39f4bda32e9373bb5114a,4f73524b715eb177-s1-ga_h2,success,False,"{""fidelity"": 0.3403877369740312, ""idle_exposures"": 66.0, ""log_atom_transfer"": -0.28014009340338963, ""log_coherence_linear"": -0.07496062143551976, ""log_fidelity"": -1.07766990827253, ""log_idle_excitation"": -0.16520659439581947, ""move_batches"": 129.0, ""move_time_us"": 13618.172751272676, ""transfers"": 280.0}",True,False,fresh,fresh,success,4f73524b715eb1770efc2d80fc94314f980ad04bd5d39f4bda32e9373bb5114a,"{""bytes"": 623467, ""path"": ""/Users/zhouzixiang/Desktop/zac/ZAC_zzx/results/physical_ga_main_v1/protocol.json"", ""sha256"": ""9bb0ae97d2f3f1536a5c496a65fe2e21e2192ce20830979dd75b30b0a3148fc7""}","{""bytes"": 1283, ""path"": ""/Users/zhouzixiang/Desktop/zac/ZAC_zzx/results/physical_ga_main_v1/receipts/4f73524b715eb177-s1-ga_h2.json"", ""sha256"": ""7f928313d8b112f7aaaf10bc8a016bc9c6db7412f905ad27a3a46a0b89b58e60""}",9bb0ae97d2f3f1536a5c496a65fe2e21e2192ce20830979dd75b30b0a3148fc7,d1fab3aaa092939e281636e5182865245c839b6f137f7762fc773e601882716a,valid_fidelity,,,,,,,
qmap154,4gt12-v1_89,2,4f73524b715eb1770efc2d80fc94314f980ad04bd5d39f4bda32e9373bb5114a,4f73524b715eb177-s2-ga_h2,success,False,"{""fidelity"": 0.34034095567373995, ""idle_exposures"": 66.0, ""log_atom_transfer"": -0.28014009340338963, ""log_coherence_linear"": -0.07509806620865801, ""log_fidelity"": -1.0778073530456684, ""log_idle_excitation"": -0.16520659439581947, ""move_batches"": 129.0, ""move_time_us"": 13652.106930056023, ""transfers"": 280.0}",True,False,fresh,fresh,success,4f73524b715eb1770efc2d80fc94314f980ad04bd5d39f4bda32e9373bb5114a,"{""bytes"": 623467, ""path"": ""/Users/zhouzixiang/Desktop/zac/ZAC_zzx/results/physical_ga_main_v1/protocol.json"", ""sha256"": ""9bb0ae97d2f3f1536a5c496a65fe2e21e2192ce20830979dd75b30b0a3148fc7""}","{""bytes"": 1283, ""path"": ""/Users/zhouzixiang/Desktop/zac/ZAC_zzx/results/physical_ga_main_v1/receipts/4f73524b715eb177-s2-ga_h2.json"", ""sha256"": ""3932492146053df468839170dc20683ab464e2a2d69d385a49a5c24dbb142039""}",9bb0ae97d2f3f1536a5c496a65fe2e21e2192ce20830979dd75b30b0a3148fc7,d1fab3aaa092939e281636e5182865245c839b6f137f7762fc773e601882716a,valid_fidelity,,,,,,,
qmap154,urf5_158,0,519990e4e669042f5f88609d0678fac03062d4c73dbb340576dccdfb4d4791de,519990e4e669042f-s0-ga_h2,success,True,"{""fidelity"": null, ""idle_exposures"": 52134.0, ""log_atom_transfer"": -208.33018246076503, ""log_coherence_linear"": null, ""log_fidelity"": null, ""log_idle_excitation"": -130.49819079138868, ""move_batches"": 95948.0, ""move_time_us"": 9762516.442722382, ""transfers"": 208226.0}",False,False,fresh,fresh,success,519990e4e669042f5f88609d0678fac03062d4c73dbb340576dccdfb4d4791de,"{""bytes"": 623467, ""path"": ""/Users/zhouzixiang/Desktop/zac/ZAC_zzx/results/physical_ga_main_v1/protocol.json"", ""sha256"": ""9bb0ae97d2f3f1536a5c496a65fe2e21e2192ce20830979dd75b30b0a3148fc7""}","{""bytes"": 1284, ""path"": ""/Users/zhouzixiang/Desktop/zac/ZAC_zzx/results/physical_ga_main_v1/receipts/519990e4e669042f-s0-ga_h2.json"", ""sha256"": ""53e29e32bd3cb69c00b826ef5ef6eb52db21db044495049c67232c2bf3c6b6d0""}",9bb0ae97d2f3f1536a5c496a65fe2e21e2192ce20830979dd75b30b0a3148fc7,d1fab3aaa092939e281636e5182865245c839b6f137f7762fc773e601882716a,model_out_of_domain,,,,,,,
qmap154,urf5_158,1,519990e4e669042f5f88609d0678fac03062d4c73dbb340576dccdfb4d4791de,519990e4e669042f-s1-ga_h2,success,True,"{""fidelity"": null, ""idle_exposures"": 52859.0, ""log_atom_transfer"": -208.88646064623748, ""log_coherence_linear"": null, ""log_fidelity"": null, ""log_idle_excitation"": -132.31296019952458, ""move_batches"": 96167.0, ""move_time_us"": 9827737.868642896, ""transfers"": 208782.0}",False,False,fresh,fresh,success,519990e4e669042f5f88609d0678fac03062d4c73dbb340576dccdfb4d4791de,"{""bytes"": 623467, ""path"": ""/Users/zhouzixiang/Desktop/zac/ZAC_zzx/results/physical_ga_main_v1/protocol.json"", ""sha256"": ""9bb0ae97d2f3f1536a5c496a65fe2e21e2192ce20830979dd75b30b0a3148fc7""}","{""bytes"": 1285, ""path"": ""/Users/zhouzixiang/Desktop/zac/ZAC_zzx/results/physical_ga_main_v1/receipts/519990e4e669042f-s1-ga_h2.json"", ""sha256"": ""63c06037fa43202cd19ced355158bbb314e7ffce03d5419093b9be22ece07670""}",9bb0ae97d2f3f1536a5c496a65fe2e21e2192ce20830979dd75b30b0a3148fc7,d1fab3aaa092939e281636e5182865245c839b6f137f7762fc773e601882716a,model_out_of_domain,,,,,,,
qmap154,urf5_158,2,519990e4e669042f5f88609d0678fac03062d4c73dbb340576dccdfb4d4791de,519990e4e669042f-s2-ga_h2,success,True,"{""fidelity"": null, ""idle_exposures"": 52500.0, ""log_atom_transfer"": -207.61782622325356, ""log_coherence_linear"": null, ""log_fidelity"": null, ""log_idle_excitation"": -131.41433645122004, ""move_batches"": 95756.0, ""move_time_us"": 9628076.39604686, ""transfers"": 207514.0}",False,False,fresh,fresh,success,519990e4e669042f5f88609d0678fac03062d4c73dbb340576dccdfb4d4791de,"{""bytes"": 623467, ""path"": ""/Users/zhouzixiang/Desktop/zac/ZAC_zzx/results/physical_ga_main_v1/protocol.json"", ""sha256"": ""9bb0ae97d2f3f1536a5c496a65fe2e21e2192ce20830979dd75b30b0a3148fc7""}","{""bytes"": 1285, ""path"": ""/Users/zhouzixiang/Desktop/zac/ZAC_zzx/results/physical_ga_main_v1/receipts/519990e4e669042f-s2-ga_h2.json"", ""sha256"": ""00f86e3e4c646388ccf2fa968a4dfe61f4d622a2a54e5d036ddf0e4cf8070b76""}",9bb0ae97d2f3f1536a5c496a65fe2e21e2192ce20830979dd75b30b0a3148fc7,d1fab3aaa092939e281636e5182865245c839b6f137f7762fc773e601882716a,model_out_of_domain,,,,,,,
qmap154,4gt13_90,0,519ea74d71d3bb4c0342bd16f13d8643d86a0d7adcc9401edc6280a5f0b3209c,519ea74d71d3bb4c-s0-ga_h2,success,False,"{""fidelity"": 0.5996902731986924, ""idle_exposures"": 28.0, ""log_atom_transfer"": -0.14007004670169482, ""log_coherence_linear"": -0.02946581043858937, ""log_fidelity"": -0.5113419683844449, ""log_idle_excitation"": -0.07008764610731735, ""move_batches"": 65.0, ""move_time_us"": 6816.451834922071, ""transfers"": 140.0}",True,False,fresh,fresh,success,519ea74d71d3bb4c0342bd16f13d8643d86a0d7adcc9401edc6280a5f0b3209c,"{""bytes"": 623467, ""path"": ""/Users/zhouzixiang/Desktop/zac/ZAC_zzx/results/physical_ga_main_v1/protocol.json"", ""sha256"": ""9bb0ae97d2f3f1536a5c496a65fe2e21e2192ce20830979dd75b30b0a3148fc7""}","{""bytes"": 1278, ""path"": ""/Users/zhouzixiang/Desktop/zac/ZAC_zzx/results/physical_ga_main_v1/receipts/519ea74d71d3bb4c-s0-ga_h2.json"", ""sha256"": ""39c7869af224527b2105559253fdddd506696515eb038ab4e66f15fe02451a94""}",9bb0ae97d2f3f1536a5c496a65fe2e21e2192ce20830979dd75b30b0a3148fc7,d1fab3aaa092939e281636e5182865245c839b6f137f7762fc773e601882716a,valid_fidelity,,,,,,,
qmap154,4gt13_90,1,519ea74d71d3bb4c0342bd16f13d8643d86a0d7adcc9401edc6280a5f0b3209c,519ea74d71d3bb4c-s1-ga_h2,success,False,"{""fidelity"": 0.5996902731986924, ""idle_exposures"": 28.0, ""log_atom_transfer"": -0.14007004670169482, ""log_coherence_linear"": -0.02946581043858937, ""log_fidelity"": -0.5113419683844449, ""log_idle_excitation"": -0.07008764610731735, ""move_batches"": 65.0, ""move_time_us"": 6816.451834922071, ""transfers"": 140.0}",True,False,fresh,fresh,success,519ea74d71d3bb4c0342bd16f13d8643d86a0d7adcc9401edc6280a5f0b3209c,"{""bytes"": 623467, ""path"": ""/Users/zhouzixiang/Desktop/zac/ZAC_zzx/results/physical_ga_main_v1/protocol.json"", ""sha256"": ""9bb0ae97d2f3f1536a5c496a65fe2e21e2192ce20830979dd75b30b0a3148fc7""}","{""bytes"": 1279, ""path"": ""/Users/zhouzixiang/Desktop/zac/ZAC_zzx/results/physical_ga_main_v1/receipts/519ea74d71d3bb4c-s1-ga_h2.json"", ""sha256"": ""79336399eec39fa13d1a7cbd04d6ec43a0f865769d5c09d947bdd40ffe1408c5""}",9bb0ae97d2f3f1536a5c496a65fe2e21e2192ce20830979dd75b30b0a3148fc7,d1fab3aaa092939e281636e5182865245c839b6f137f7762fc773e601882716a,valid_fidelity,,,,,,,
qmap154,4gt13_90,2,519ea74d71d3bb4c0342bd16f13d8643d86a0d7adcc9401edc6280a5f0b3209c,519ea74d71d3bb4c-s2-ga_h2,success,False,"{""fidelity"": 0.5996902731986924, ""idle_exposures"": 28.0, ""log_atom_transfer"": -0.14007004670169482, ""log_coherence_linear"": -0.02946581043858937, ""log_fidelity"": -0.5113419683844449, ""log_idle_excitation"": -0.07008764610731735, ""move_batches"": 65.0, ""move_time_us"": 6816.451834922071, ""transfers"": 140.0}",True,False,fresh,fresh,success,519ea74d71d3bb4c0342bd16f13d8643d86a0d7adcc9401edc6280a5f0b3209c,"{""bytes"": 623467, ""path"": ""/Users/zhouzixiang/Desktop/zac/ZAC_zzx/results/physical_ga_main_v1/protocol.json"", ""sha256"": ""9bb0ae97d2f3f1536a5c496a65fe2e21e2192ce20830979dd75b30b0a3148fc7""}","{""bytes"": 1279, ""path"": ""/Users/zhouzixiang/Desktop/zac/ZAC_zzx/results/physical_ga_main_v1/receipts/519ea74d71d3bb4c-s2-ga_h2.json"", ""sha256"": ""5d7fb561bb5bf8b044b987cd7ee34251547515edf88da04d83c9bbd0889d9084""}",9bb0ae97d2f3f1536a5c496a65fe2e21e2192ce20830979dd75b30b0a3148fc7,d1fab3aaa092939e281636e5182865245c839b6f137f7762fc773e601882716a,valid_fidelity,,,,,,,
qmap154,4gt4-v1_74,0,5260efec73d65ae2747a06787c59b701521473db0f533363151441c3756e6fd2,5260efec73d65ae2-s0-ga_h2,success,False,"{""fidelity"": 0.273765990364915, ""idle_exposures"": 82.0, ""log_atom_transfer"": -0.3341671114169005, ""log_coherence_linear"": -0.09265528395360098, ""log_fidelity"": -1.295481587265431, ""log_idle_excitation"": -0.2052566778857151, ""move_batches"": 157.0, ""move_time_us"": 17069.31931074221, ""transfers"": 334.0}",True,False,fresh,fresh,success,5260efec73d65ae2747a06787c59b701521473db0f533363151441c3756e6fd2,"{""bytes"": 623467, ""path"": ""/Users/zhouzixiang/Desktop/zac/ZAC_zzx/results/physical_ga_main_v1/protocol.json"", ""sha256"": ""9bb0ae97d2f3f1536a5c496a65fe2e21e2192ce20830979dd75b30b0a3148fc7""}","{""bytes"": 1281, ""path"": ""/Users/zhouzixiang/Desktop/zac/ZAC_zzx/results/physical_ga_main_v1/receipts/5260efec73d65ae2-s0-ga_h2.json"", ""sha256"": ""ab303bdedebcd44c423d0e77759fcd7d05f543d901d802cd35a68fb76f8a336a""}",9bb0ae97d2f3f1536a5c496a65fe2e21e2192ce20830979dd75b30b0a3148fc7,d1fab3aaa092939e281636e5182865245c839b6f137f7762fc773e601882716a,valid_fidelity,,,,,,,
qmap154,4gt4-v1_74,1,5260efec73d65ae2747a06787c59b701521473db0f533363151441c3756e6fd2,5260efec73d65ae2-s1-ga_h2,success,False,"{""fidelity"": 0.27342196817358366, ""idle_exposures"": 82.0, ""log_atom_transfer"": -0.33616811208406755, ""log_coherence_linear"": -0.09191170217254395, ""log_fidelity"": -1.2967390061515411, ""log_idle_excitation"": -0.2052566778857151, ""move_batches"": 160.0, ""move_time_us"": 16859.4588610651, ""transfers"": 336.0}",True,False,fresh,fresh,success,5260efec73d65ae2747a06787c59b701521473db0f533363151441c3756e6fd2,"{""bytes"": 623467, ""path"": ""/Users/zhouzixiang/Desktop/zac/ZAC_zzx/results/physical_ga_main_v1/protocol.json"", ""sha256"": ""9bb0ae97d2f3f1536a5c496a65fe2e21e2192ce20830979dd75b30b0a3148fc7""}","{""bytes"": 1281, ""path"": ""/Users/zhouzixiang/Desktop/zac/ZAC_zzx/results/physical_ga_main_v1/receipts/5260efec73d65ae2-s1-ga_h2.json"", ""sha256"": ""f63d9d3f350c96cd474b16e383bcb8d3478ab1723f1ccc68c3e3d47054d7fb3a""}",9bb0ae97d2f3f1536a5c496a65fe2e21e2192ce20830979dd75b30b0a3148fc7,d1fab3aaa092939e281636e5182865245c839b6f137f7762fc773e601882716a,valid_fidelity,,,,,,,
qmap154,4gt4-v1_74,2,5260efec73d65ae2747a06787c59b701521473db0f533363151441c3756e6fd2,5260efec73d65ae2-s2-ga_h2,success,False,"{""fidelity"": 0.27324559079806093, ""idle_exposures"": 82.0, ""log_atom_transfer"": -0.3401701134184017, ""log_coherence_linear"": -0.08855498288850985, ""log_fidelity"": -1.2973842882018412, ""log_idle_excitation"": -0.2052566778857151, ""move_batches"": 158.0, ""move_time_us"": 16239.267999369538, ""transfers"": 340.0}",True,False,fresh,fresh,success,5260efec73d65ae2747a06787c59b701521473db0f533363151441c3756e6fd2,"{""bytes"": 623467, ""path"": ""/Users/zhouzixiang/Desktop/zac/ZAC_zzx/results/physical_ga_main_v1/protocol.json"", ""sha256"": ""9bb0ae97d2f3f1536a5c496a65fe2e21e2192ce20830979dd75b30b0a3148fc7""}","{""bytes"": 1282, ""path"": ""/Users/zhouzixiang/Desktop/zac/ZAC_zzx/results/physical_ga_main_v1/receipts/5260efec73d65ae2-s2-ga_h2.json"", ""sha256"": ""504ec53cf6dc2aa0e761cc14bc2c09f17d0c9adc86f4662f86746625d870fec2""}",9bb0ae97d2f3f1536a5c496a65fe2e21e2192ce20830979dd75b30b0a3148fc7,d1fab3aaa092939e281636e5182865245c839b6f137f7762fc773e601882716a,valid_fidelity,,,,,,,
qmap154,sqrt8_260,0,5330ce57f4a8a8c2c2ac01c0f03ebfa187a9b427e0b3ff488641834ea78563f6,5330ce57f4a8a8c2-s0-ga_h2,success,False,"{""fidelity"": 1.7394932553321455e-07, ""idle_exposures"": 852.0, ""log_atom_transfer"": -3.8559282856309416, ""log_coherence_linear"": -2.256416668119111, ""log_fidelity"": -15.564501812716054, ""log_idle_excitation"": -2.1326669458369425, ""move_batches"": 1738.0, ""move_time_us"": 174818.43820834882, ""transfers"": 3854.0}",True,False,fresh,fresh,success,5330ce57f4a8a8c2c2ac01c0f03ebfa187a9b427e0b3ff488641834ea78563f6,"{""bytes"": 623467, ""path"": ""/Users/zhouzixiang/Desktop/zac/ZAC_zzx/results/physical_ga_main_v1/protocol.json"", ""sha256"": ""9bb0ae97d2f3f1536a5c496a65fe2e21e2192ce20830979dd75b30b0a3148fc7""}","{""bytes"": 1281, ""path"": ""/Users/zhouzixiang/Desktop/zac/ZAC_zzx/results/physical_ga_main_v1/receipts/5330ce57f4a8a8c2-s0-ga_h2.json"", ""sha256"": ""dcb6e041644495783b78c2552e5999f8b08db88808b190f4bae908eddad18b00""}",9bb0ae97d2f3f1536a5c496a65fe2e21e2192ce20830979dd75b30b0a3148fc7,d1fab3aaa092939e281636e5182865245c839b6f137f7762fc773e601882716a,valid_fidelity,,,,,,,
qmap154,sqrt8_260,1,5330ce57f4a8a8c2c2ac01c0f03ebfa187a9b427e0b3ff488641834ea78563f6,5330ce57f4a8a8c2-s1-ga_h2,success,False,"{""fidelity"": 1.767234242071483e-07, ""idle_exposures"": 853.0, ""log_atom_transfer"": -3.845923282295106, ""log_coherence_linear"": -2.2480966300879266, ""log_fidelity"": -15.548679901567153, ""log_idle_excitation"": -2.135170076055061, ""move_batches"": 1745.0, ""move_time_us"": 174569.81787068027, ""transfers"": 3844.0}",True,False,fresh,fresh,success,5330ce57f4a8a8c2c2ac01c0f03ebfa187a9b427e0b3ff488641834ea78563f6,"{""bytes"": 623467, ""path"": ""/Users/zhouzixiang/Desktop/zac/ZAC_zzx/results/physical_ga_main_v1/protocol.json"", ""sha256"": ""9bb0ae97d2f3f1536a5c496a65fe2e21e2192ce20830979dd75b30b0a3148fc7""}","{""bytes"": 1280, ""path"": ""/Users/zhouzixiang/Desktop/zac/ZAC_zzx/results/physical_ga_main_v1/receipts/5330ce57f4a8a8c2-s1-ga_h2.json"", ""sha256"": ""5b120b1e0d182907b842c884772f17483ac6cb01427513ed9b04de02f75511db""}",9bb0ae97d2f3f1536a5c496a65fe2e21e2192ce20830979dd75b30b0a3148fc7,d1fab3aaa092939e281636e5182865245c839b6f137f7762fc773e601882716a,valid_fidelity,,,,,,,
qmap154,sqrt8_260,2,5330ce57f4a8a8c2c2ac01c0f03ebfa187a9b427e0b3ff488641834ea78563f6,5330ce57f4a8a8c2-s2-ga_h2,success,False,"{""fidelity"": 1.702093694615099e-07, ""idle_exposures"": 853.0, ""log_atom_transfer"": -3.8559282856309416, ""log_coherence_linear"": -2.2756482977921557, ""log_fidelity"": -15.586236572607218, ""log_idle_excitation"": -2.135170076055061, ""move_batches"": 1740.0, ""move_time_us"": 177372.1684809133, ""transfers"": 3854.0}",True,False,fresh,fresh,success,5330ce57f4a8a8c2c2ac01c0f03ebfa187a9b427e0b3ff488641834ea78563f6,"{""bytes"": 623467, ""path"": ""/Users/zhouzixiang/Desktop/zac/ZAC_zzx/results/physical_ga_main_v1/protocol.json"", ""sha256"": ""9bb0ae97d2f3f1536a5c496a65fe2e21e2192ce20830979dd75b30b0a3148fc7""}","{""bytes"": 1280, ""path"": ""/Users/zhouzixiang/Desktop/zac/ZAC_zzx/results/physical_ga_main_v1/receipts/5330ce57f4a8a8c2-s2-ga_h2.json"", ""sha256"": ""5dea2b1dfc6f8265821423555460130b1a2039d75cb8bcf4b5fac675dafe7d3e""}",9bb0ae97d2f3f1536a5c496a65fe2e21e2192ce20830979dd75b30b0a3148fc7,d1fab3aaa092939e281636e5182865245c839b6f137f7762fc773e601882716a,valid_fidelity,,,,,,,
qmap154,4gt12-v0_87,0,53778d274180d94de3f21dd545732c304f808e584fba613310d33d09a51d427d,53778d274180d94d-s0-ga_h2,success,False,"{""fidelity"": 0.3010755049365865, ""idle_exposures"": 74.0, ""log_atom_transfer"": -0.31015510341089564, ""log_coherence_linear"": -0.0817935030816637, ""log_fidelity"": -1.200394198724697, ""log_idle_excitation"": -0.1852316361407673, ""move_batches"": 142.0, ""move_time_us"": 15296.141486953306, ""transfers"": 310.0}",True,False,fresh,fresh,success,53778d274180d94de3f21dd545732c304f808e584fba613310d33d09a51d427d,"{""bytes"": 623467, ""path"": ""/Users/zhouzixiang/Desktop/zac/ZAC_zzx/results/physical_ga_main_v1/protocol.json"", ""sha256"": ""9bb0ae97d2f3f1536a5c496a65fe2e21e2192ce20830979dd75b30b0a3148fc7""}","{""bytes"": 1282, ""path"": ""/Users/zhouzixiang/Desktop/zac/ZAC_zzx/results/physical_ga_main_v1/receipts/53778d274180d94d-s0-ga_h2.json"", ""sha256"": ""324ed09e83f5e5047cf24b8fabe0b78d01b6e6bb224100c44f9f033bcc4bc2f2""}",9bb0ae97d2f3f1536a5c496a65fe2e21e2192ce20830979dd75b30b0a3148fc7,d1fab3aaa092939e281636e5182865245c839b6f137f7762fc773e601882716a,valid_fidelity,,,,,,,
qmap154,4gt12-v0_87,1,53778d274180d94de3f21dd545732c304f808e584fba613310d33d09a51d427d,53778d274180d94d-s1-ga_h2,success,False,"{""fidelity"": 0.30107317615361334, ""idle_exposures"": 74.0, ""log_atom_transfer"": -0.31015510341089564, ""log_coherence_linear"": -0.08180123799181578, ""log_fidelity"": -1.2004019336348493, ""log_idle_excitation"": -0.1852316361407673, ""move_batches"": 142.0, ""move_time_us"": 15298.049030775775, ""transfers"": 310.0}",True,False,fresh,fresh,success,53778d274180d94de3f21dd545732c304f808e584fba613310d33d09a51d427d,"{""bytes"": 623467, ""path"": ""/Users/zhouzixiang/Desktop/zac/ZAC_zzx/results/physical_ga_main_v1/protocol.json"", ""sha256"": ""9bb0ae97d2f3f1536a5c496a65fe2e21e2192ce20830979dd75b30b0a3148fc7""}","{""bytes"": 1282, ""path"": ""/Users/zhouzixiang/Desktop/zac/ZAC_zzx/results/physical_ga_main_v1/receipts/53778d274180d94d-s1-ga_h2.json"", ""sha256"": ""e6d80691c111d88795b6372c9aaf6d79d4a86b1e97781e0aeaa02305bc100e67""}",9bb0ae97d2f3f1536a5c496a65fe2e21e2192ce20830979dd75b30b0a3148fc7,d1fab3aaa092939e281636e5182865245c839b6f137f7762fc773e601882716a,valid_fidelity,,,,,,,
qmap154,4gt12-v0_87,2,53778d274180d94de3f21dd545732c304f808e584fba613310d33d09a51d427d,53778d274180d94d-s2-ga_h2,success,False,"{""fidelity"": 0.3029745790751111, ""idle_exposures"": 73.0, ""log_atom_transfer"": -0.30415210140939447, ""log_coherence_linear"": -0.08401181101081885, ""log_fidelity"": -1.1941063744342326, ""log_idle_excitation"": -0.1827285059226488, ""move_batches"": 136.0, ""move_time_us"": 15012.212881447549, ""transfers"": 304.0}",True,False,fresh,fresh,success,53778d274180d94de3f21dd545732c304f808e584fba613310d33d09a51d427d,"{""bytes"": 623467, ""path"": ""/Users/zhouzixiang/Desktop/zac/ZAC_zzx/results/physical_ga_main_v1/protocol.json"", ""sha256"": ""9bb0ae97d2f3f1536a5c496a65fe2e21e2192ce20830979dd75b30b0a3148fc7""}","{""bytes"": 1282, ""path"": ""/Users/zhouzixiang/Desktop/zac/ZAC_zzx/results/physical_ga_main_v1/receipts/53778d274180d94d-s2-ga_h2.json"", ""sha256"": ""d5bdcc46dd980c3582480361ab83b62ecefaa78a9466f19fa9bdf7ba94030351""}",9bb0ae97d2f3f1536a5c496a65fe2e21e2192ce20830979dd75b30b0a3148fc7,d1fab3aaa092939e281636e5182865245c839b6f137f7762fc773e601882716a,valid_fidelity,,,,,,,
qmap154,con1_216,0,539b7b793a955583b075fc9fc5777a4c471092863a539f628fece84ebf0880c4,539b7b793a955583-s0-ga_h2,success,False,"{""fidelity"": 0.009291032805005093, ""idle_exposures"": 272.0, ""log_atom_transfer"": -1.1945973982987401, ""log_coherence_linear"": -0.49141713714497054, ""log_fidelity"": -4.678705558492354, ""log_idle_excitation"": -0.6808514193282257, ""move_batches"": 535.0, ""move_time_us"": 55596.1593728198, ""transfers"": 1194.0}",True,False,fresh,fresh,success,539b7b793a955583b075fc9fc5777a4c471092863a539f628fece84ebf0880c4,"{""bytes"": 623467, ""path"": ""/Users/zhouzixiang/Desktop/zac/ZAC_zzx/results/physical_ga_main_v1/protocol.json"", ""sha256"": ""9bb0ae97d2f3f1536a5c496a65fe2e21e2192ce20830979dd75b30b0a3148fc7""}","{""bytes"": 1279, ""path"": ""/Users/zhouzixiang/Desktop/zac/ZAC_zzx/results/physical_ga_main_v1/receipts/539b7b793a955583-s0-ga_h2.json"", ""sha256"": ""819fa521089a0d9014f81022de4af103a3e258eb852d20e6b4c19ec77110623d""}",9bb0ae97d2f3f1536a5c496a65fe2e21e2192ce20830979dd75b30b0a3148fc7,d1fab3aaa092939e281636e5182865245c839b6f137f7762fc773e601882716a,valid_fidelity,,,,,,,
qmap154,con1_216,1,539b7b793a955583b075fc9fc5777a4c471092863a539f628fece84ebf0880c4,539b7b793a955583-s1-ga_h2,success,False,"{""fidelity"": 0.00930280103693725, ""idle_exposures"": 272.0, ""log_atom_transfer"": -1.1945973982987401, ""log_coherence_linear"": -0.49015131605572737, ""log_fidelity"": -4.67743973740311, ""log_idle_excitation"": -0.6808514193282257, ""move_batches"": 540.0, ""move_time_us"": 55137.92789686422, ""transfers"": 1194.0}",True,False,fresh,fresh,success,539b7b793a955583b075fc9fc5777a4c471092863a539f628fece84ebf0880c4,"{""bytes"": 623467, ""path"": ""/Users/zhouzixiang/Desktop/zac/ZAC_zzx/results/physical_ga_main_v1/protocol.json"", ""sha256"": ""9bb0ae97d2f3f1536a5c496a65fe2e21e2192ce20830979dd75b30b0a3148fc7""}","{""bytes"": 1279, ""path"": ""/Users/zhouzixiang/Desktop/zac/ZAC_zzx/results/physical_ga_main_v1/receipts/539b7b793a955583-s1-ga_h2.json"", ""sha256"": ""6bc295fd92257b8b06b18817cea1b4115a7f2f97dcc3d19ff01ba47e7ee71d0e""}",9bb0ae97d2f3f1536a5c496a65fe2e21e2192ce20830979dd75b30b0a3148fc7,d1fab3aaa092939e281636e5182865245c839b6f137f7762fc773e601882716a,valid_fidelity,,,,,,,
qmap154,con1_216,2,539b7b793a955583b075fc9fc5777a4c471092863a539f628fece84ebf0880c4,539b7b793a955583-s2-ga_h2,success,False,"{""fidelity"": 0.009304652544350601, ""idle_exposures"": 272.0, ""log_atom_transfer"": -1.192596397631573, ""log_coherence_linear"": -0.49195330965173595, ""log_fidelity"": -4.677240730331952, ""log_idle_excitation"": -0.6808514193282257, ""move_batches"": 540.0, ""move_time_us"": 55608.902468157656, ""transfers"": 1192.0}",True,False,fresh,fresh,success,539b7b793a955583b075fc9fc5777a4c471092863a539f628fece84ebf0880c4,"{""bytes"": 623467, ""path"": ""/Users/zhouzixiang/Desktop/zac/ZAC_zzx/results/physical_ga_main_v1/protocol.json"", ""sha256"": ""9bb0ae97d2f3f1536a5c496a65fe2e21e2192ce20830979dd75b30b0a3148fc7""}","{""bytes"": 1280, ""path"": ""/Users/zhouzixiang/Desktop/zac/ZAC_zzx/results/physical_ga_main_v1/receipts/539b7b793a955583-s2-ga_h2.json"", ""sha256"": ""a372d7f87b721986a7a40296dff13581041d53f7c7d22f4b68db051f09055f0b""}",9bb0ae97d2f3f1536a5c496a65fe2e21e2192ce20830979dd75b30b0a3148fc7,d1fab3aaa092939e281636e5182865245c839b6f137f7762fc773e601882716a,valid_fidelity,,,,,,,
qmap154,alu-v2_32,0,53aa97a2f504590ddcf752e24f189501d8300245aff42164ec7a7191a327b3bc,53aa97a2f504590d-s0-ga_h2,success,False,"{""fidelity"": 0.46207970344498783, ""idle_exposures"": 47.0, ""log_atom_transfer"": -0.20810406938537515, ""log_coherence_linear"": -0.04485760735336968, ""log_fidelity"": -0.7720178845007708, ""log_idle_excitation"": -0.11764712025156841, ""move_batches"": 97.0, ""move_time_us"": 10296.395983535074, ""transfers"": 208.0}",True,False,fresh,fresh,success,53aa97a2f504590ddcf752e24f189501d8300245aff42164ec7a7191a327b3bc,"{""bytes"": 623467, ""path"": ""/Users/zhouzixiang/Desktop/zac/ZAC_zzx/results/physical_ga_main_v1/protocol.json"", ""sha256"": ""9bb0ae97d2f3f1536a5c496a65fe2e21e2192ce20830979dd75b30b0a3148fc7""}","{""bytes"": 1280, ""path"": ""/Users/zhouzixiang/Desktop/zac/ZAC_zzx/results/physical_ga_main_v1/receipts/53aa97a2f504590d-s0-ga_h2.json"", ""sha256"": ""ef912da725f0d124d827ad91fa3b8ac3ac534a70513ecd5384fbc6de7fa80396""}",9bb0ae97d2f3f1536a5c496a65fe2e21e2192ce20830979dd75b30b0a3148fc7,d1fab3aaa092939e281636e5182865245c839b6f137f7762fc773e601882716a,valid_fidelity,,,,,,,
qmap154,alu-v2_32,1,53aa97a2f504590ddcf752e24f189501d8300245aff42164ec7a7191a327b3bc,53aa97a2f504590d-s1-ga_h2,success,False,"{""fidelity"": 0.46290011964062167, ""idle_exposures"": 47.0, ""log_atom_transfer"": -0.204102068051041, ""log_coherence_linear"": -0.047085696672985386, ""log_fidelity"": -0.7702439724860524, ""log_idle_excitation"": -0.11764712025156841, ""move_batches"": 97.0, ""move_time_us"": 10900.366299005236, ""transfers"": 204.0}",True,False,fresh,fresh,success,53aa97a2f504590ddcf752e24f189501d8300245aff42164ec7a7191a327b3bc,"{""bytes"": 623467, ""path"": ""/Users/zhouzixiang/Desktop/zac/ZAC_zzx/results/physical_ga_main_v1/protocol.json"", ""sha256"": ""9bb0ae97d2f3f1536a5c496a65fe2e21e2192ce20830979dd75b30b0a3148fc7""}","{""bytes"": 1281, ""path"": ""/Users/zhouzixiang/Desktop/zac/ZAC_zzx/results/physical_ga_main_v1/receipts/53aa97a2f504590d-s1-ga_h2.json"", ""sha256"": ""a4d311f7a7584147f354d94c74df8b458ddeb012c57e035d77b49c4c5027391f""}",9bb0ae97d2f3f1536a5c496a65fe2e21e2192ce20830979dd75b30b0a3148fc7,d1fab3aaa092939e281636e5182865245c839b6f137f7762fc773e601882716a,valid_fidelity,,,,,,,
qmap154,alu-v2_32,2,53aa97a2f504590ddcf752e24f189501d8300245aff42164ec7a7191a327b3bc,53aa97a2f504590d-s2-ga_h2,success,False,"{""fidelity"": 0.4620672676720343, ""idle_exposures"": 47.0, ""log_atom_transfer"": -0.20810406938537515, ""log_coherence_linear"": -0.04488452033007777, ""log_fidelity"": -0.7720447974774789, ""log_idle_excitation"": -0.11764712025156841, ""move_batches"": 97.0, ""move_time_us"": 10292.586554132517, ""transfers"": 208.0}",True,False,fresh,fresh,success,53aa97a2f504590ddcf752e24f189501d8300245aff42164ec7a7191a327b3bc,"{""bytes"": 623467, ""path"": ""/Users/zhouzixiang/Desktop/zac/ZAC_zzx/results/physical_ga_main_v1/protocol.json"", ""sha256"": ""9bb0ae97d2f3f1536a5c496a65fe2e21e2192ce20830979dd75b30b0a3148fc7""}","{""bytes"": 1281, ""path"": ""/Users/zhouzixiang/Desktop/zac/ZAC_zzx/results/physical_ga_main_v1/receipts/53aa97a2f504590d-s2-ga_h2.json"", ""sha256"": ""5b349fec0c61592fb38bfa87fc73245a72759d5a0c0ced225a4d106a4604de2a""}",9bb0ae97d2f3f1536a5c496a65fe2e21e2192ce20830979dd75b30b0a3148fc7,d1fab3aaa092939e281636e5182865245c839b6f137f7762fc773e601882716a,valid_fidelity,,,,,,,
qmap154,hwb4_49,0,547887c699e18e58deacddbf6fc41fe56a076cdfbc42dbf128fa464548b0253e,547887c699e18e58-s0-ga_h2,success,False,"{""fidelity"": 0.3313395790615959, ""idle_exposures"": 72.0, ""log_atom_transfer"": -0.2841420947377238, ""log_coherence_linear"": -0.06223118409259395, ""log_fidelity"": -1.1046115108848304, ""log_idle_excitation"": -0.18022537570453034, ""move_batches"": 135.0, ""move_time_us"": 13611.54205842225, ""transfers"": 284.0}",True,False,fresh,fresh,success,547887c699e18e58deacddbf6fc41fe56a076cdfbc42dbf128fa464548b0253e,"{""bytes"": 623467, ""path"": ""/Users/zhouzixiang/Desktop/zac/ZAC_zzx/results/physical_ga_main_v1/protocol.json"", ""sha256"": ""9bb0ae97d2f3f1536a5c496a65fe2e21e2192ce20830979dd75b30b0a3148fc7""}","{""bytes"": 1279, ""path"": ""/Users/zhouzixiang/Desktop/zac/ZAC_zzx/results/physical_ga_main_v1/receipts/547887c699e18e58-s0-ga_h2.json"", ""sha256"": ""5ee9c65faf0854f06e04a353b81df69c259f688760cab21957fccae8e2ceb0eb""}",9bb0ae97d2f3f1536a5c496a65fe2e21e2192ce20830979dd75b30b0a3148fc7,d1fab3aaa092939e281636e5182865245c839b6f137f7762fc773e601882716a,valid_fidelity,,,,,,,
qmap154,hwb4_49,1,547887c699e18e58deacddbf6fc41fe56a076cdfbc42dbf128fa464548b0253e,547887c699e18e58-s1-ga_h2,success,False,"{""fidelity"": 0.33133704755312005, ""idle_exposures"": 72.0, ""log_atom_transfer"": -0.2841420947377238, ""log_coherence_linear"": -0.06223882434539367, ""log_fidelity"": -1.10461915113763, ""log_idle_excitation"": -0.18022537570453034, ""move_batches"": 135.0, ""move_time_us"": 13613.805781545812, ""transfers"": 284.0}",True,False,fresh,fresh,success,547887c699e18e58deacddbf6fc41fe56a076cdfbc42dbf128fa464548b0253e,"{""bytes"": 623467, ""path"": ""/Users/zhouzixiang/Desktop/zac/ZAC_zzx/results/physical_ga_main_v1/protocol.json"", ""sha256"": ""9bb0ae97d2f3f1536a5c496a65fe2e21e2192ce20830979dd75b30b0a3148fc7""}","{""bytes"": 1278, ""path"": ""/Users/zhouzixiang/Desktop/zac/ZAC_zzx/results/physical_ga_main_v1/receipts/547887c699e18e58-s1-ga_h2.json"", ""sha256"": ""f747733e6cdac91e558ca9ae019085f78091fabf9d6d76a82943549e27c92477""}",9bb0ae97d2f3f1536a5c496a65fe2e21e2192ce20830979dd75b30b0a3148fc7,d1fab3aaa092939e281636e5182865245c839b6f137f7762fc773e601882716a,valid_fidelity,,,,,,,
qmap154,hwb4_49,2,547887c699e18e58deacddbf6fc41fe56a076cdfbc42dbf128fa464548b0253e,547887c699e18e58-s2-ga_h2,success,False,"{""fidelity"": 0.331343975464194, ""idle_exposures"": 72.0, ""log_atom_transfer"": -0.2841420947377238, ""log_coherence_linear"": -0.06221791561001841, ""log_fidelity"": -1.104598242402255, ""log_idle_excitation"": -0.18022537570453034, ""move_batches"": 135.0, ""move_time_us"": 13611.514409269315, ""transfers"": 284.0}",True,False,fresh,fresh,success,547887c699e18e58deacddbf6fc41fe56a076cdfbc42dbf128fa464548b0253e,"{""bytes"": 623467, ""path"": ""/Users/zhouzixiang/Desktop/zac/ZAC_zzx/results/physical_ga_main_v1/protocol.json"", ""sha256"": ""9bb0ae97d2f3f1536a5c496a65fe2e21e2192ce20830979dd75b30b0a3148fc7""}","{""bytes"": 1278, ""path"": ""/Users/zhouzixiang/Desktop/zac/ZAC_zzx/results/physical_ga_main_v1/receipts/547887c699e18e58-s2-ga_h2.json"", ""sha256"": ""8019e02dff4e8cb3517a9724ab02f67b13528d8399c0cb7e69dbdc3cab2ceada""}",9bb0ae97d2f3f1536a5c496a65fe2e21e2192ce20830979dd75b30b0a3148fc7,d1fab3aaa092939e281636e5182865245c839b6f137f7762fc773e601882716a,valid_fidelity,,,,,,,
qmap154,sys6-v0_111,0,556cc6c9d99e6f8ab21856ebd4604002b6ff842e3cf3a9ebdd6c1e725fb31246,556cc6c9d99e6f8a-s0-ga_h2,success,False,"{""fidelity"": 0.3328741150709751, ""idle_exposures"": 73.0, ""log_atom_transfer"": -0.25212608406305065, ""log_coherence_linear"": -0.11929901296260526, ""log_fidelity"": -1.0999908932940075, ""log_idle_excitation"": -0.1827285059226488, ""move_batches"": 110.0, ""move_time_us"": 12078.079841676814, ""transfers"": 252.0}",True,False,fresh,fresh,success,556cc6c9d99e6f8ab21856ebd4604002b6ff842e3cf3a9ebdd6c1e725fb31246,"{""bytes"": 623467, ""path"": ""/Users/zhouzixiang/Desktop/zac/ZAC_zzx/results/physical_ga_main_v1/protocol.json"", ""sha256"": ""9bb0ae97d2f3f1536a5c496a65fe2e21e2192ce20830979dd75b30b0a3148fc7""}","{""bytes"": 1282, ""path"": ""/Users/zhouzixiang/Desktop/zac/ZAC_zzx/results/physical_ga_main_v1/receipts/556cc6c9d99e6f8a-s0-ga_h2.json"", ""sha256"": ""a04392a935c2dbb27f65b905aeb5b39a14850bd6048f0cb6fe7bac4a3f97a5fd""}",9bb0ae97d2f3f1536a5c496a65fe2e21e2192ce20830979dd75b30b0a3148fc7,d1fab3aaa092939e281636e5182865245c839b6f137f7762fc773e601882716a,valid_fidelity,,,,,,,
qmap154,sys6-v0_111,1,556cc6c9d99e6f8ab21856ebd4604002b6ff842e3cf3a9ebdd6c1e725fb31246,556cc6c9d99e6f8a-s1-ga_h2,success,False,"{""fidelity"": 0.3382634122787352, ""idle_exposures"": 72.0, ""log_atom_transfer"": -0.2421210807272153, ""log_coherence_linear"": -0.11574661397025675, ""log_fidelity"": -1.083930360747705, ""log_idle_excitation"": -0.18022537570453034, ""move_batches"": 90.0, ""move_time_us"": 10878.944159989274, ""transfers"": 242.0}",True,False,fresh,fresh,success,556cc6c9d99e6f8ab21856ebd4604002b6ff842e3cf3a9ebdd6c1e725fb31246,"{""bytes"": 623467, ""path"": ""/Users/zhouzixiang/Desktop/zac/ZAC_zzx/results/physical_ga_main_v1/protocol.json"", ""sha256"": ""9bb0ae97d2f3f1536a5c496a65fe2e21e2192ce20830979dd75b30b0a3148fc7""}","{""bytes"": 1283, ""path"": ""/Users/zhouzixiang/Desktop/zac/ZAC_zzx/results/physical_ga_main_v1/receipts/556cc6c9d99e6f8a-s1-ga_h2.json"", ""sha256"": ""0a4f4279e03f675cef5c24d07d5c360ed93b157224dc258d63eb881532cff392""}",9bb0ae97d2f3f1536a5c496a65fe2e21e2192ce20830979dd75b30b0a3148fc7,d1fab3aaa092939e281636e5182865245c839b6f137f7762fc773e601882716a,valid_fidelity,,,,,,,
qmap154,sys6-v0_111,2,556cc6c9d99e6f8ab21856ebd4604002b6ff842e3cf3a9ebdd6c1e725fb31246,556cc6c9d99e6f8a-s2-ga_h2,success,False,"{""fidelity"": 0.33462507450635826, ""idle_exposures"": 75.0, ""log_atom_transfer"": -0.24612308206154945, ""log_coherence_linear"": -0.1150494157192257, ""log_fidelity"": -1.0947445544853636, ""log_idle_excitation"": -0.18773476635888578, ""move_batches"": 90.0, ""move_time_us"": 11243.826737802481, ""transfers"": 246.0}",True,False,fresh,fresh,success,556cc6c9d99e6f8ab21856ebd4604002b6ff842e3cf3a9ebdd6c1e725fb31246,"{""bytes"": 623467, ""path"": ""/Users/zhouzixiang/Desktop/zac/ZAC_zzx/results/physical_ga_main_v1/protocol.json"", ""sha256"": ""9bb0ae97d2f3f1536a5c496a65fe2e21e2192ce20830979dd75b30b0a3148fc7""}","{""bytes"": 1282, ""path"": ""/Users/zhouzixiang/Desktop/zac/ZAC_zzx/results/physical_ga_main_v1/receipts/556cc6c9d99e6f8a-s2-ga_h2.json"", ""sha256"": ""c7c8388cc28c0a1db053ea0d244c68ede27e8949629cf8297362367095ef73fe""}",9bb0ae97d2f3f1536a5c496a65fe2e21e2192ce20830979dd75b30b0a3148fc7,d1fab3aaa092939e281636e5182865245c839b6f137f7762fc773e601882716a,valid_fidelity,,,,,,,
qmap154,urf2_152,0,55b93a9b6eff1a8ea7a3f8edb58f348a0de40c2d16d890d46fccff55d4af6183,55b93a9b6eff1a8e-s0-ga_h2,success,True,"{""fidelity"": null, ""idle_exposures"": 26859.0, ""log_atom_transfer"": -96.24613109006884, ""log_coherence_linear"": null, ""log_fidelity"": null, ""log_idle_excitation"": -67.23157452844417, ""move_batches"": 44690.0, ""move_time_us"": 4455837.529388716, ""transfers"": 96198.0}",False,False,fresh,fresh,success,55b93a9b6eff1a8ea7a3f8edb58f348a0de40c2d16d890d46fccff55d4af6183,"{""bytes"": 623467, ""path"": ""/Users/zhouzixiang/Desktop/zac/ZAC_zzx/results/physical_ga_main_v1/protocol.json"", ""sha256"": ""9bb0ae97d2f3f1536a5c496a65fe2e21e2192ce20830979dd75b30b0a3148fc7""}","{""bytes"": 1286, ""path"": ""/Users/zhouzixiang/Desktop/zac/ZAC_zzx/results/physical_ga_main_v1/receipts/55b93a9b6eff1a8e-s0-ga_h2.json"", ""sha256"": ""3aea682e9abbb947b831a090e99ddc1bdd4385195ea6e52dc4cbd86aa9362111""}",9bb0ae97d2f3f1536a5c496a65fe2e21e2192ce20830979dd75b30b0a3148fc7,d1fab3aaa092939e281636e5182865245c839b6f137f7762fc773e601882716a,model_out_of_domain,,,,,,,
qmap154,urf2_152,1,55b93a9b6eff1a8ea7a3f8edb58f348a0de40c2d16d890d46fccff55d4af6183,55b93a9b6eff1a8e-s1-ga_h2,success,True,"{""fidelity"": null, ""idle_exposures"": 26540.0, ""log_atom_transfer"": -96.33217411875702, ""log_coherence_linear"": null, ""log_fidelity"": null, ""log_idle_excitation"": -66.43307598886437, ""move_batches"": 44743.0, ""move_time_us"": 4459730.678175702, ""transfers"": 96284.0}",False,False,fresh,fresh,success,55b93a9b6eff1a8ea7a3f8edb58f348a0de40c2d16d890d46fccff55d4af6183,"{""bytes"": 623467, ""path"": ""/Users/zhouzixiang/Desktop/zac/ZAC_zzx/results/physical_ga_main_v1/protocol.json"", ""sha256"": ""9bb0ae97d2f3f1536a5c496a65fe2e21e2192ce20830979dd75b30b0a3148fc7""}","{""bytes"": 1286, ""path"": ""/Users/zhouzixiang/Desktop/zac/ZAC_zzx/results/physical_ga_main_v1/receipts/55b93a9b6eff1a8e-s1-ga_h2.json"", ""sha256"": ""1e9286840ea7a5c4b169e84aaa736952a433eaa4e82ae3d6eb36cbaf22c75d8d""}",9bb0ae97d2f3f1536a5c496a65fe2e21e2192ce20830979dd75b30b0a3148fc7,d1fab3aaa092939e281636e5182865245c839b6f137f7762fc773e601882716a,model_out_of_domain,,,,,,,
qmap154,urf2_152,2,55b93a9b6eff1a8ea7a3f8edb58f348a0de40c2d16d890d46fccff55d4af6183,55b93a9b6eff1a8e-s2-ga_h2,success,True,"{""fidelity"": null, ""idle_exposures"": 26806.0, ""log_atom_transfer"": -96.22011808139567, ""log_coherence_linear"": null, ""log_fidelity"": null, ""log_idle_excitation"": -67.0989086268839, ""move_batches"": 44738.0, ""move_time_us"": 4462806.725555856, ""transfers"": 96172.0}",False,False,fresh,fresh,success,55b93a9b6eff1a8ea7a3f8edb58f348a0de40c2d16d890d46fccff55d4af6183,"{""bytes"": 623467, ""path"": ""/Users/zhouzixiang/Desktop/zac/ZAC_zzx/results/physical_ga_main_v1/protocol.json"", ""sha256"": ""9bb0ae97d2f3f1536a5c496a65fe2e21e2192ce20830979dd75b30b0a3148fc7""}","{""bytes"": 1286, ""path"": ""/Users/zhouzixiang/Desktop/zac/ZAC_zzx/results/physical_ga_main_v1/receipts/55b93a9b6eff1a8e-s2-ga_h2.json"", ""sha256"": ""8741db6a46d1abeedc52a2aa3f188c9ea1585bae95526971191d0f7cfabb01f4""}",9bb0ae97d2f3f1536a5c496a65fe2e21e2192ce20830979dd75b30b0a3148fc7,d1fab3aaa092939e281636e5182865245c839b6f137f7762fc773e601882716a,model_out_of_domain,,,,,,,
qmap154,ham15_107,0,569391ab4b0c2412a57e1200e808a8f428979e08eaad630e86b9747cd27e1c16,569391ab4b0c2412-s0-ga_h2,success,False,"{""fidelity"": 9.69812095171226e-23, ""idle_exposures"": 2531.0, ""log_atom_transfer"": -11.307654770161106, ""log_coherence_linear"": -11.569864415240476, ""log_fidelity"": -50.68752498843747, ""log_idle_excitation"": -6.335422582057865, ""move_batches"": 5113.0, ""move_time_us"": 523758.56134786294, ""transfers"": 11302.0}",True,False,fresh,fresh,success,569391ab4b0c2412a57e1200e808a8f428979e08eaad630e86b9747cd27e1c16,"{""bytes"": 623467, ""path"": ""/Users/zhouzixiang/Desktop/zac/ZAC_zzx/results/physical_ga_main_v1/protocol.json"", ""sha256"": ""9bb0ae97d2f3f1536a5c496a65fe2e21e2192ce20830979dd75b30b0a3148fc7""}","{""bytes"": 1280, ""path"": ""/Users/zhouzixiang/Desktop/zac/ZAC_zzx/results/physical_ga_main_v1/receipts/569391ab4b0c2412-s0-ga_h2.json"", ""sha256"": ""7343d767cb48e44f7a698fa99058f98159cd0b7e7effefd61f9bb5cfaf0bc118""}",9bb0ae97d2f3f1536a5c496a65fe2e21e2192ce20830979dd75b30b0a3148fc7,d1fab3aaa092939e281636e5182865245c839b6f137f7762fc773e601882716a,valid_fidelity,,,,,,,
qmap154,ham15_107,1,569391ab4b0c2412a57e1200e808a8f428979e08eaad630e86b9747cd27e1c16,569391ab4b0c2412-s1-ga_h2,success,False,"{""fidelity"": 1.0427371470940382e-22, ""idle_exposures"": 2534.0, ""log_atom_transfer"": -11.31165677149544, ""log_coherence_linear"": -11.48585095263509, ""log_fidelity"": -50.61502291782077, ""log_idle_excitation"": -6.34293197271222, ""move_batches"": 5096.0, ""move_time_us"": 522633.57998175215, ""transfers"": 11306.0}",True,False,fresh,fresh,success,569391ab4b0c2412a57e1200e808a8f428979e08eaad630e86b9747cd27e1c16,"{""bytes"": 623467, ""path"": ""/Users/zhouzixiang/Desktop/zac/ZAC_zzx/results/physical_ga_main_v1/protocol.json"", ""sha256"": ""9bb0ae97d2f3f1536a5c496a65fe2e21e2192ce20830979dd75b30b0a3148fc7""}","{""bytes"": 1280, ""path"": ""/Users/zhouzixiang/Desktop/zac/ZAC_zzx/results/physical_ga_main_v1/receipts/569391ab4b0c2412-s1-ga_h2.json"", ""sha256"": ""b50aa1c195de4f86b0078be4d5029c0bbfb5f37a0ab21226ce513f2d0867baaa""}",9bb0ae97d2f3f1536a5c496a65fe2e21e2192ce20830979dd75b30b0a3148fc7,d1fab3aaa092939e281636e5182865245c839b6f137f7762fc773e601882716a,valid_fidelity,,,,,,,
qmap154,ham15_107,2,569391ab4b0c2412a57e1200e808a8f428979e08eaad630e86b9747cd27e1c16,569391ab4b0c2412-s2-ga_h2,success,False,"{""fidelity"": 1.0744163747592673e-22, ""idle_exposures"": 2525.0, ""log_atom_transfer"": -11.309655770828272, ""log_coherence_linear"": -11.480451646362088, ""log_fidelity"": -50.58509443891754, ""log_idle_excitation"": -6.320403800749154, ""move_batches"": 5090.0, ""move_time_us"": 521662.0469032284, ""transfers"": 11304.0}",True,False,fresh,fresh,success,569391ab4b0c2412a57e1200e808a8f428979e08eaad630e86b9747cd27e1c16,"{""bytes"": 623467, ""path"": ""/Users/zhouzixiang/Desktop/zac/ZAC_zzx/results/physical_ga_main_v1/protocol.json"", ""sha256"": ""9bb0ae97d2f3f1536a5c496a65fe2e21e2192ce20830979dd75b30b0a3148fc7""}","{""bytes"": 1280, ""path"": ""/Users/zhouzixiang/Desktop/zac/ZAC_zzx/results/physical_ga_main_v1/receipts/569391ab4b0c2412-s2-ga_h2.json"", ""sha256"": ""1b2e24fcff906f70e48e21acfb79f0fa02e62f908924aec9e87fbb243b56d30a""}",9bb0ae97d2f3f1536a5c496a65fe2e21e2192ce20830979dd75b30b0a3148fc7,d1fab3aaa092939e281636e5182865245c839b6f137f7762fc773e601882716a,valid_fidelity,,,,,,,
qmap154,ham3_102,0,58301ee4a0a5e02f220e6d4a288841abc82b921ffdda76a4f40848b79ddebfd9,58301ee4a0a5e02f-s0-ga_h2,success,False,"{""fidelity"": 0.9108985505801359, ""idle_exposures"": 7.0, ""log_atom_transfer"": -0.024012008006004823, ""log_coherence_linear"": -0.00247632235724989, ""log_fidelity"": -0.09332374842801051, ""log_idle_excitation"": -0.017521911526829338, ""move_batches"": 11.0, ""move_time_us"": 1131.5967668430003, ""transfers"": 24.0}",True,False,fresh,fresh,success,58301ee4a0a5e02f220e6d4a288841abc82b921ffdda76a4f40848b79ddebfd9,"{""bytes"": 623467, ""path"": ""/Users/zhouzixiang/Desktop/zac/ZAC_zzx/results/physical_ga_main_v1/protocol.json"", ""sha256"": ""9bb0ae97d2f3f1536a5c496a65fe2e21e2192ce20830979dd75b30b0a3148fc7""}","{""bytes"": 1279, ""path"": ""/Users/zhouzixiang/Desktop/zac/ZAC_zzx/results/physical_ga_main_v1/receipts/58301ee4a0a5e02f-s0-ga_h2.json"", ""sha256"": ""8af4900fb2fb84056eabd21223dfaf7cc4fbbde0974c91b00df9910deda992b6""}",9bb0ae97d2f3f1536a5c496a65fe2e21e2192ce20830979dd75b30b0a3148fc7,d1fab3aaa092939e281636e5182865245c839b6f137f7762fc773e601882716a,valid_fidelity,,,,,,,
qmap154,ham3_102,1,58301ee4a0a5e02f220e6d4a288841abc82b921ffdda76a4f40848b79ddebfd9,58301ee4a0a5e02f-s1-ga_h2,success,False,"{""fidelity"": 0.9108985505801359, ""idle_exposures"": 7.0, ""log_atom_transfer"": -0.024012008006004823, ""log_coherence_linear"": -0.00247632235724989, ""log_fidelity"": -0.09332374842801051, ""log_idle_excitation"": -0.017521911526829338, ""move_batches"": 11.0, ""move_time_us"": 1131.5967668430003, ""transfers"": 24.0}",True,False,fresh,fresh,success,58301ee4a0a5e02f220e6d4a288841abc82b921ffdda76a4f40848b79ddebfd9,"{""bytes"": 623467, ""path"": ""/Users/zhouzixiang/Desktop/zac/ZAC_zzx/results/physical_ga_main_v1/protocol.json"", ""sha256"": ""9bb0ae97d2f3f1536a5c496a65fe2e21e2192ce20830979dd75b30b0a3148fc7""}","{""bytes"": 1279, ""path"": ""/Users/zhouzixiang/Desktop/zac/ZAC_zzx/results/physical_ga_main_v1/receipts/58301ee4a0a5e02f-s1-ga_h2.json"", ""sha256"": ""6b76e88ba8b823d5966a81eb510ffbec8ef5810d9a4d8447a12ffabbddd358ef""}",9bb0ae97d2f3f1536a5c496a65fe2e21e2192ce20830979dd75b30b0a3148fc7,d1fab3aaa092939e281636e5182865245c839b6f137f7762fc773e601882716a,valid_fidelity,,,,,,,
qmap154,ham3_102,2,58301ee4a0a5e02f220e6d4a288841abc82b921ffdda76a4f40848b79ddebfd9,58301ee4a0a5e02f-s2-ga_h2,success,False,"{""fidelity"": 0.9108985505801359, ""idle_exposures"": 7.0, ""log_atom_transfer"": -0.024012008006004823, ""log_coherence_linear"": -0.00247632235724989, ""log_fidelity"": -0.09332374842801051, ""log_idle_excitation"": -0.017521911526829338, ""move_batches"": 11.0, ""move_time_us"": 1131.5967668430003, ""transfers"": 24.0}",True,False,fresh,fresh,success,58301ee4a0a5e02f220e6d4a288841abc82b921ffdda76a4f40848b79ddebfd9,"{""bytes"": 623467, ""path"": ""/Users/zhouzixiang/Desktop/zac/ZAC_zzx/results/physical_ga_main_v1/protocol.json"", ""sha256"": ""9bb0ae97d2f3f1536a5c496a65fe2e21e2192ce20830979dd75b30b0a3148fc7""}","{""bytes"": 1280, ""path"": ""/Users/zhouzixiang/Desktop/zac/ZAC_zzx/results/physical_ga_main_v1/receipts/58301ee4a0a5e02f-s2-ga_h2.json"", ""sha256"": ""fc01814339d81793f03b519604fec539693b2728fc91dbe833ae42880cea0b82""}",9bb0ae97d2f3f1536a5c496a65fe2e21e2192ce20830979dd75b30b0a3148fc7,d1fab3aaa092939e281636e5182865245c839b6f137f7762fc773e601882716a,valid_fidelity,,,,,,,
zac18,bv_n30_transpiled,0,58a8fb4a501fe149a264a128891f77ec760f078cd053bfd81168637de4c8f191,58a8fb4a501fe149-s0-ga_h2,success,False,"{""fidelity"": 0.7449154968799704, ""idle_exposures"": 0.0, ""log_atom_transfer"": -0.07203602401801447, ""log_coherence_linear"": -0.12052096184976883, ""log_fidelity"": -0.29448449404265814, ""log_idle_excitation"": -0.0, ""move_batches"": 35.0, ""move_time_us"": 4083.509751085527, ""transfers"": 72.0}",True,False,fresh,fresh,success,58a8fb4a501fe149a264a128891f77ec760f078cd053bfd81168637de4c8f191,"{""bytes"": 623467, ""path"": ""/Users/zhouzixiang/Desktop/zac/ZAC_zzx/results/physical_ga_main_v1/protocol.json"", ""sha256"": ""9bb0ae97d2f3f1536a5c496a65fe2e21e2192ce20830979dd75b30b0a3148fc7""}","{""bytes"": 1286, ""path"": ""/Users/zhouzixiang/Desktop/zac/ZAC_zzx/results/physical_ga_main_v1/receipts/58a8fb4a501fe149-s0-ga_h2.json"", ""sha256"": ""6a2f5dd85e5287c9d26e7346eafc9fe6138f69d69adc0df3498cdd7ea6847490""}",9bb0ae97d2f3f1536a5c496a65fe2e21e2192ce20830979dd75b30b0a3148fc7,d1fab3aaa092939e281636e5182865245c839b6f137f7762fc773e601882716a,valid_fidelity,,,,,,,
zac18,bv_n30_transpiled,1,58a8fb4a501fe149a264a128891f77ec760f078cd053bfd81168637de4c8f191,58a8fb4a501fe149-s1-ga_h2,success,False,"{""fidelity"": 0.7456932436484078, ""idle_exposures"": 0.0, ""log_atom_transfer"": -0.07203602401801447, ""log_coherence_linear"": -0.1194774326957143, ""log_fidelity"": -0.2934409648886036, ""log_idle_excitation"": -0.0, ""move_batches"": 35.0, ""move_time_us"": 4031.5415810383806, ""transfers"": 72.0}",True,False,fresh,fresh,success,58a8fb4a501fe149a264a128891f77ec760f078cd053bfd81168637de4c8f191,"{""bytes"": 623467, ""path"": ""/Users/zhouzixiang/Desktop/zac/ZAC_zzx/results/physical_ga_main_v1/protocol.json"", ""sha256"": ""9bb0ae97d2f3f1536a5c496a65fe2e21e2192ce20830979dd75b30b0a3148fc7""}","{""bytes"": 1287, ""path"": ""/Users/zhouzixiang/Desktop/zac/ZAC_zzx/results/physical_ga_main_v1/receipts/58a8fb4a501fe149-s1-ga_h2.json"", ""sha256"": ""d6fe0a58ff44af62ffc6a5d5595ee115cd24e9d68ece42628cee76f2c17b694c""}",9bb0ae97d2f3f1536a5c496a65fe2e21e2192ce20830979dd75b30b0a3148fc7,d1fab3aaa092939e281636e5182865245c839b6f137f7762fc773e601882716a,valid_fidelity,,,,,,,
zac18,bv_n30_transpiled,2,58a8fb4a501fe149a264a128891f77ec760f078cd053bfd81168637de4c8f191,58a8fb4a501fe149-s2-ga_h2,success,False,"{""fidelity"": 0.746496888305023, ""idle_exposures"": 0.0, ""log_atom_transfer"": -0.07203602401801447, ""log_coherence_linear"": -0.11840029819776202, ""log_fidelity"": -0.29236383039065134, ""log_idle_excitation"": -0.0, ""move_batches"": 35.0, ""move_time_us"": 3977.897955430273, ""transfers"": 72.0}",True,False,fresh,fresh,success,58a8fb4a501fe149a264a128891f77ec760f078cd053bfd81168637de4c8f191,"{""bytes"": 623467, ""path"": ""/Users/zhouzixiang/Desktop/zac/ZAC_zzx/results/physical_ga_main_v1/protocol.json"", ""sha256"": ""9bb0ae97d2f3f1536a5c496a65fe2e21e2192ce20830979dd75b30b0a3148fc7""}","{""bytes"": 1287, ""path"": ""/Users/zhouzixiang/Desktop/zac/ZAC_zzx/results/physical_ga_main_v1/receipts/58a8fb4a501fe149-s2-ga_h2.json"", ""sha256"": ""f50c9976eb60ae48baf19b774d863fec0ae33dfec54a7b8b227462621bbe41c1""}",9bb0ae97d2f3f1536a5c496a65fe2e21e2192ce20830979dd75b30b0a3148fc7,d1fab3aaa092939e281636e5182865245c839b6f137f7762fc773e601882716a,valid_fidelity,,,,,,,
qmap154,inc_237,0,58d3414c21ba4637af265a4f3068c543e65f5215444e5deb86f582d6bf36ae9a,58d3414c21ba4637-s0-ga_h2,success,False,"{""fidelity"": 4.623311751436732e-28, ""idle_exposures"": 3006.0, ""log_atom_transfer"": -13.408705470686527, ""log_coherence_linear"": -16.1857248633876, ""log_fidelity"": -62.94127132622374, ""log_idle_excitation"": -7.5244094356641416, ""move_batches"": 6080.0, ""move_time_us"": 623876.8461501937, ""transfers"": 13402.0}",True,False,fresh,fresh,success,58d3414c21ba4637af265a4f3068c543e65f5215444e5deb86f582d6bf36ae9a,"{""bytes"": 623467, ""path"": ""/Users/zhouzixiang/Desktop/zac/ZAC_zzx/results/physical_ga_main_v1/protocol.json"", ""sha256"": ""9bb0ae97d2f3f1536a5c496a65fe2e21e2192ce20830979dd75b30b0a3148fc7""}","{""bytes"": 1279, ""path"": ""/Users/zhouzixiang/Desktop/zac/ZAC_zzx/results/physical_ga_main_v1/receipts/58d3414c21ba4637-s0-ga_h2.json"", ""sha256"": ""a484b226354823331bad87760433bfebb66ac7ac2244c043c0a0c5fe6f3ee9aa""}",9bb0ae97d2f3f1536a5c496a65fe2e21e2192ce20830979dd75b30b0a3148fc7,d1fab3aaa092939e281636e5182865245c839b6f137f7762fc773e601882716a,valid_fidelity,,,,,,,
qmap154,inc_237,1,58d3414c21ba4637af265a4f3068c543e65f5215444e5deb86f582d6bf36ae9a,58d3414c21ba4637-s1-ga_h2,success,False,"{""fidelity"": 5.14444614804733e-28, ""idle_exposures"": 3012.0, ""log_atom_transfer"": -13.38669446334769, ""log_coherence_linear"": -16.085910652117445, ""log_fidelity"": -62.834464888923456, ""log_idle_excitation"": -7.539428216972852, ""move_batches"": 6092.0, ""move_time_us"": 621721.5757157675, ""transfers"": 13380.0}",True,False,fresh,fresh,success,58d3414c21ba4637af265a4f3068c543e65f5215444e5deb86f582d6bf36ae9a,"{""bytes"": 623467, ""path"": ""/Users/zhouzixiang/Desktop/zac/ZAC_zzx/results/physical_ga_main_v1/protocol.json"", ""sha256"": ""9bb0ae97d2f3f1536a5c496a65fe2e21e2192ce20830979dd75b30b0a3148fc7""}","{""bytes"": 1279, ""path"": ""/Users/zhouzixiang/Desktop/zac/ZAC_zzx/results/physical_ga_main_v1/receipts/58d3414c21ba4637-s1-ga_h2.json"", ""sha256"": ""bbd59b49b6ad7d91664e71de51f4c3883c74ba4b9b041d33ed77dde1bec0657e""}",9bb0ae97d2f3f1536a5c496a65fe2e21e2192ce20830979dd75b30b0a3148fc7,d1fab3aaa092939e281636e5182865245c839b6f137f7762fc773e601882716a,valid_fidelity,,,,,,,
qmap154,inc_237,2,58d3414c21ba4637af265a4f3068c543e65f5215444e5deb86f582d6bf36ae9a,58d3414c21ba4637-s2-ga_h2,success,False,"{""fidelity"": 4.188107110468052e-28, ""idle_exposures"": 3009.0, ""log_atom_transfer"": -13.38669446334769, ""log_coherence_linear"": -16.299088889434945, ""log_fidelity"": -63.0401337355866, ""log_idle_excitation"": -7.531918826318497, ""move_batches"": 6093.0, ""move_time_us"": 627314.0714028763, ""transfers"": 13380.0}",True,False,fresh,fresh,success,58d3414c21ba4637af265a4f3068c543e65f5215444e5deb86f582d6bf36ae9a,"{""bytes"": 623467, ""path"": ""/Users/zhouzixiang/Desktop/zac/ZAC_zzx/results/physical_ga_main_v1/protocol.json"", ""sha256"": ""9bb0ae97d2f3f1536a5c496a65fe2e21e2192ce20830979dd75b30b0a3148fc7""}","{""bytes"": 1279, ""path"": ""/Users/zhouzixiang/Desktop/zac/ZAC_zzx/results/physical_ga_main_v1/receipts/58d3414c21ba4637-s2-ga_h2.json"", ""sha256"": ""9da388897ecd104e8dfb23508ffa70fb5fb48cd316555dac0c56f97677b7eb43""}",9bb0ae97d2f3f1536a5c496a65fe2e21e2192ce20830979dd75b30b0a3148fc7,d1fab3aaa092939e281636e5182865245c839b6f137f7762fc773e601882716a,valid_fidelity,,,,,,,
qmap154,ising_model_16,0,5b244278f3e4846bba65a3a6be51e000292bc1c8260030ea3df81daab0b8542c,5b244278f3e4846b-s0-ga_h2,success,False,"{""fidelity"": 0.28263041425118757, ""idle_exposures"": 6.0, ""log_atom_transfer"": -0.20010006671670688, ""log_coherence_linear"": -0.22430422282658108, ""log_fidelity"": -1.263615191553122, ""log_idle_excitation"": -0.01501878130871086, ""move_batches"": 78.0, ""move_time_us"": 9626.965503101144, ""transfers"": 200.0}",True,False,fresh,fresh,success,5b244278f3e4846bba65a3a6be51e000292bc1c8260030ea3df81daab0b8542c,"{""bytes"": 623467, ""path"": ""/Users/zhouzixiang/Desktop/zac/ZAC_zzx/results/physical_ga_main_v1/protocol.json"", ""sha256"": ""9bb0ae97d2f3f1536a5c496a65fe2e21e2192ce20830979dd75b30b0a3148fc7""}","{""bytes"": 1286, ""path"": ""/Users/zhouzixiang/Desktop/zac/ZAC_zzx/results/physical_ga_main_v1/receipts/5b244278f3e4846b-s0-ga_h2.json"", ""sha256"": ""54099ed0e3a2e75328f0cb76d97954164c16dff964a5c0b1091542d7f607c1c5""}",9bb0ae97d2f3f1536a5c496a65fe2e21e2192ce20830979dd75b30b0a3148fc7,d1fab3aaa092939e281636e5182865245c839b6f137f7762fc773e601882716a,valid_fidelity,,,,,,,
qmap154,ising_model_16,1,5b244278f3e4846bba65a3a6be51e000292bc1c8260030ea3df81daab0b8542c,5b244278f3e4846b-s1-ga_h2,success,False,"{""fidelity"": 0.28499600476585457, ""idle_exposures"": 2.0, ""log_atom_transfer"": -0.20010006671670688, ""log_coherence_linear"": -0.2259816693231004, ""log_fidelity"": -1.2552801171771673, ""log_idle_excitation"": -0.005006260436236954, ""move_batches"": 81.0, ""move_time_us"": 9566.061782750832, ""transfers"": 200.0}",True,False,fresh,fresh,success,5b244278f3e4846bba65a3a6be51e000292bc1c8260030ea3df81daab0b8542c,"{""bytes"": 623467, ""path"": ""/Users/zhouzixiang/Desktop/zac/ZAC_zzx/results/physical_ga_main_v1/protocol.json"", ""sha256"": ""9bb0ae97d2f3f1536a5c496a65fe2e21e2192ce20830979dd75b30b0a3148fc7""}","{""bytes"": 1285, ""path"": ""/Users/zhouzixiang/Desktop/zac/ZAC_zzx/results/physical_ga_main_v1/receipts/5b244278f3e4846b-s1-ga_h2.json"", ""sha256"": ""32c67700f70f3567c0dac1e8d2fa88939c4049447018a20c99a4d17e59393c86""}",9bb0ae97d2f3f1536a5c496a65fe2e21e2192ce20830979dd75b30b0a3148fc7,d1fab3aaa092939e281636e5182865245c839b6f137f7762fc773e601882716a,valid_fidelity,,,,,,,
qmap154,ising_model_16,2,5b244278f3e4846bba65a3a6be51e000292bc1c8260030ea3df81daab0b8542c,5b244278f3e4846b-s2-ga_h2,success,False,"{""fidelity"": 0.28061103349822125, ""idle_exposures"": 2.0, ""log_atom_transfer"": -0.20810406938537515, ""log_coherence_linear"": -0.23348334047278635, ""log_fidelity"": -1.2707857909955216, ""log_idle_excitation"": -0.005006260436236954, ""move_batches"": 81.0, ""move_time_us"": 10543.430421683861, ""transfers"": 208.0}",True,False,fresh,fresh,success,5b244278f3e4846bba65a3a6be51e000292bc1c8260030ea3df81daab0b8542c,"{""bytes"": 623467, ""path"": ""/Users/zhouzixiang/Desktop/zac/ZAC_zzx/results/physical_ga_main_v1/protocol.json"", ""sha256"": ""9bb0ae97d2f3f1536a5c496a65fe2e21e2192ce20830979dd75b30b0a3148fc7""}","{""bytes"": 1286, ""path"": ""/Users/zhouzixiang/Desktop/zac/ZAC_zzx/results/physical_ga_main_v1/receipts/5b244278f3e4846b-s2-ga_h2.json"", ""sha256"": ""d5facf221ef2fc56ccebdfd7626b9aba516c536d724216e3ccc917c893b14b96""}",9bb0ae97d2f3f1536a5c496a65fe2e21e2192ce20830979dd75b30b0a3148fc7,d1fab3aaa092939e281636e5182865245c839b6f137f7762fc773e601882716a,valid_fidelity,,,,,,,
qmap154,3_17_13,0,5c1c11e8fdb3c2c2275eee5df9f9f6294b3040059e1f7361e9a7e1e855ff38cc,5c1c11e8fdb3c2c2-s0-ga_h2,success,False,"{""fidelity"": 0.8415557772656526, ""idle_exposures"": 13.0, ""log_atom_transfer"": -0.040020013343341376, ""log_coherence_linear"": -0.0051276269367364746, ""log_fidelity"": -0.1725029844039347, ""log_idle_excitation"": -0.0325406928355402, ""move_batches"": 19.0, ""move_time_us"": 1869.582989180038, ""transfers"": 40.0}",True,False,fresh,fresh,success,5c1c11e8fdb3c2c2275eee5df9f9f6294b3040059e1f7361e9a7e1e855ff38cc,"{""bytes"": 623467, ""path"": ""/Users/zhouzixiang/Desktop/zac/ZAC_zzx/results/physical_ga_main_v1/protocol.json"", ""sha256"": ""9bb0ae97d2f3f1536a5c496a65fe2e21e2192ce20830979dd75b30b0a3148fc7""}","{""bytes"": 1279, ""path"": ""/Users/zhouzixiang/Desktop/zac/ZAC_zzx/results/physical_ga_main_v1/receipts/5c1c11e8fdb3c2c2-s0-ga_h2.json"", ""sha256"": ""d584a98d9a8bc105066d05f34cd002e40042339c2c0ffb8b93ce64e240dae56f""}",9bb0ae97d2f3f1536a5c496a65fe2e21e2192ce20830979dd75b30b0a3148fc7,d1fab3aaa092939e281636e5182865245c839b6f137f7762fc773e601882716a,valid_fidelity,,,,,,,
qmap154,3_17_13,1,5c1c11e8fdb3c2c2275eee5df9f9f6294b3040059e1f7361e9a7e1e855ff38cc,5c1c11e8fdb3c2c2-s1-ga_h2,success,False,"{""fidelity"": 0.8415557772656526, ""idle_exposures"": 13.0, ""log_atom_transfer"": -0.040020013343341376, ""log_coherence_linear"": -0.0051276269367364746, ""log_fidelity"": -0.1725029844039347, ""log_idle_excitation"": -0.0325406928355402, ""move_batches"": 19.0, ""move_time_us"": 1869.582989180038, ""transfers"": 40.0}",True,False,fresh,fresh,success,5c1c11e8fdb3c2c2275eee5df9f9f6294b3040059e1f7361e9a7e1e855ff38cc,"{""bytes"": 623467, ""path"": ""/Users/zhouzixiang/Desktop/zac/ZAC_zzx/results/physical_ga_main_v1/protocol.json"", ""sha256"": ""9bb0ae97d2f3f1536a5c496a65fe2e21e2192ce20830979dd75b30b0a3148fc7""}","{""bytes"": 1278, ""path"": ""/Users/zhouzixiang/Desktop/zac/ZAC_zzx/results/physical_ga_main_v1/receipts/5c1c11e8fdb3c2c2-s1-ga_h2.json"", ""sha256"": ""c4eee7dbd48414e396c93751ea0a91115b0d10282bb377fe97cc2897fec8a823""}",9bb0ae97d2f3f1536a5c496a65fe2e21e2192ce20830979dd75b30b0a3148fc7,d1fab3aaa092939e281636e5182865245c839b6f137f7762fc773e601882716a,valid_fidelity,,,,,,,
qmap154,3_17_13,2,5c1c11e8fdb3c2c2275eee5df9f9f6294b3040059e1f7361e9a7e1e855ff38cc,5c1c11e8fdb3c2c2-s2-ga_h2,success,False,"{""fidelity"": 0.8415557772656526, ""idle_exposures"": 13.0, ""log_atom_transfer"": -0.040020013343341376, ""log_coherence_linear"": -0.0051276269367364746, ""log_fidelity"": -0.1725029844039347, ""log_idle_excitation"": -0.0325406928355402, ""move_batches"": 19.0, ""move_time_us"": 1869.582989180038, ""transfers"": 40.0}",True,False,fresh,fresh,success,5c1c11e8fdb3c2c2275eee5df9f9f6294b3040059e1f7361e9a7e1e855ff38cc,"{""bytes"": 623467, ""path"": ""/Users/zhouzixiang/Desktop/zac/ZAC_zzx/results/physical_ga_main_v1/protocol.json"", ""sha256"": ""9bb0ae97d2f3f1536a5c496a65fe2e21e2192ce20830979dd75b30b0a3148fc7""}","{""bytes"": 1279, ""path"": ""/Users/zhouzixiang/Desktop/zac/ZAC_zzx/results/physical_ga_main_v1/receipts/5c1c11e8fdb3c2c2-s2-ga_h2.json"", ""sha256"": ""bd4c96eeffbd634f1899ab84588e21bf3a02014e15dcbd8b0f23ba5264c6718a""}",9bb0ae97d2f3f1536a5c496a65fe2e21e2192ce20830979dd75b30b0a3148fc7,d1fab3aaa092939e281636e5182865245c839b6f137f7762fc773e601882716a,valid_fidelity,,,,,,,
qmap154,urf5_280,0,5cf6399299cef926984e7c5cb768fb3ee0fa8a47a51b246a2188db42073e823c,5cf6399299cef926-s0-ga_h2,success,True,"{""fidelity"": null, ""idle_exposures"": 16413.0, ""log_atom_transfer"": -72.6903512361781, ""log_coherence_linear"": null, ""log_fidelity"": null, ""log_idle_excitation"": -41.08387626997856, ""move_batches"": 32251.0, ""move_time_us"": 3292860.747170894, ""transfers"": 72654.0}",False,False,fresh,fresh,success,5cf6399299cef926984e7c5cb768fb3ee0fa8a47a51b246a2188db42073e823c,"{""bytes"": 623467, ""path"": ""/Users/zhouzixiang/Desktop/zac/ZAC_zzx/results/physical_ga_main_v1/protocol.json"", ""sha256"": ""9bb0ae97d2f3f1536a5c496a65fe2e21e2192ce20830979dd75b30b0a3148fc7""}","{""bytes"": 1286, ""path"": ""/Users/zhouzixiang/Desktop/zac/ZAC_zzx/results/physical_ga_main_v1/receipts/5cf6399299cef926-s0-ga_h2.json"", ""sha256"": ""4528c06013646fbdd237943505536416118d6a51d0625ad98d07aa93ae547ee6""}",9bb0ae97d2f3f1536a5c496a65fe2e21e2192ce20830979dd75b30b0a3148fc7,d1fab3aaa092939e281636e5182865245c839b6f137f7762fc773e601882716a,model_out_of_domain,,,,,,,
qmap154,urf5_280,1,5cf6399299cef926984e7c5cb768fb3ee0fa8a47a51b246a2188db42073e823c,5cf6399299cef926-s1-ga_h2,success,True,"{""fidelity"": null, ""idle_exposures"": 16302.0, ""log_atom_transfer"": -72.64032621949893, ""log_coherence_linear"": null, ""log_fidelity"": null, ""log_idle_excitation"": -40.80602881576741, ""move_batches"": 32211.0, ""move_time_us"": 3280022.8404410197, ""transfers"": 72604.0}",False,False,fresh,fresh,success,5cf6399299cef926984e7c5cb768fb3ee0fa8a47a51b246a2188db42073e823c,"{""bytes"": 623467, ""path"": ""/Users/zhouzixiang/Desktop/zac/ZAC_zzx/results/physical_ga_main_v1/protocol.json"", ""sha256"": ""9bb0ae97d2f3f1536a5c496a65fe2e21e2192ce20830979dd75b30b0a3148fc7""}","{""bytes"": 1284, ""path"": ""/Users/zhouzixiang/Desktop/zac/ZAC_zzx/results/physical_ga_main_v1/receipts/5cf6399299cef926-s1-ga_h2.json"", ""sha256"": ""4550948e36465fdfa91623d1f5e24af40bad48126cfd544c42680984a32ed1e2""}",9bb0ae97d2f3f1536a5c496a65fe2e21e2192ce20830979dd75b30b0a3148fc7,d1fab3aaa092939e281636e5182865245c839b6f137f7762fc773e601882716a,model_out_of_domain,,,,,,,
qmap154,urf5_280,2,5cf6399299cef926984e7c5cb768fb3ee0fa8a47a51b246a2188db42073e823c,5cf6399299cef926-s2-ga_h2,success,True,"{""fidelity"": null, ""idle_exposures"": 16108.0, ""log_atom_transfer"": -72.85843529222014, ""log_coherence_linear"": null, ""log_fidelity"": null, ""log_idle_excitation"": -40.32042155345243, ""move_batches"": 32270.0, ""move_time_us"": 3313020.2496804465, ""transfers"": 72822.0}",False,False,fresh,fresh,success,5cf6399299cef926984e7c5cb768fb3ee0fa8a47a51b246a2188db42073e823c,"{""bytes"": 623467, ""path"": ""/Users/zhouzixiang/Desktop/zac/ZAC_zzx/results/physical_ga_main_v1/protocol.json"", ""sha256"": ""9bb0ae97d2f3f1536a5c496a65fe2e21e2192ce20830979dd75b30b0a3148fc7""}","{""bytes"": 1286, ""path"": ""/Users/zhouzixiang/Desktop/zac/ZAC_zzx/results/physical_ga_main_v1/receipts/5cf6399299cef926-s2-ga_h2.json"", ""sha256"": ""f83b51b36d59623925dd820af400ac3384706cbed56e5bfe0c54f06b4e83ec63""}",9bb0ae97d2f3f1536a5c496a65fe2e21e2192ce20830979dd75b30b0a3148fc7,d1fab3aaa092939e281636e5182865245c839b6f137f7762fc773e601882716a,model_out_of_domain,,,,,,,
qmap154,cnt3-5_180,0,5d572a80ef970ebda2c1a03568d33233b6101732d05e49d2e74bc63a1c1f2812,5d572a80ef970ebd-s0-ga_h2,success,False,"{""fidelity"": 0.0799402376008488, ""idle_exposures"": 149.0, ""log_atom_transfer"": -0.5722861908097816, ""log_coherence_linear"": -0.43873504787981016, ""log_fidelity"": -2.5264759534635868, ""log_idle_excitation"": -0.37296640249965307, ""move_batches"": 248.0, ""move_time_us"": 27204.795693588763, ""transfers"": 572.0}",True,False,fresh,fresh,success,5d572a80ef970ebda2c1a03568d33233b6101732d05e49d2e74bc63a1c1f2812,"{""bytes"": 623467, ""path"": ""/Users/zhouzixiang/Desktop/zac/ZAC_zzx/results/physical_ga_main_v1/protocol.json"", ""sha256"": ""9bb0ae97d2f3f1536a5c496a65fe2e21e2192ce20830979dd75b30b0a3148fc7""}","{""bytes"": 1281, ""path"": ""/Users/zhouzixiang/Desktop/zac/ZAC_zzx/results/physical_ga_main_v1/receipts/5d572a80ef970ebd-s0-ga_h2.json"", ""sha256"": ""7ae28bca811650d382d89fe4750f3ddcb4c8a9b4c9a12fbaf7eccc7a604aa564""}",9bb0ae97d2f3f1536a5c496a65fe2e21e2192ce20830979dd75b30b0a3148fc7,d1fab3aaa092939e281636e5182865245c839b6f137f7762fc773e601882716a,valid_fidelity,,,,,,,
qmap154,cnt3-5_180,1,5d572a80ef970ebda2c1a03568d33233b6101732d05e49d2e74bc63a1c1f2812,5d572a80ef970ebd-s1-ga_h2,success,False,"{""fidelity"": 0.08142367932026491, ""idle_exposures"": 149.0, ""log_atom_transfer"": -0.5742871914769487, ""log_coherence_linear"": -0.4183472412857601, ""log_fidelity"": -2.5080891475367038, ""log_idle_excitation"": -0.37296640249965307, ""move_batches"": 233.0, ""move_time_us"": 25315.889317294128, ""transfers"": 574.0}",True,False,fresh,fresh,success,5d572a80ef970ebda2c1a03568d33233b6101732d05e49d2e74bc63a1c1f2812,"{""bytes"": 623467, ""path"": ""/Users/zhouzixiang/Desktop/zac/ZAC_zzx/results/physical_ga_main_v1/protocol.json"", ""sha256"": ""9bb0ae97d2f3f1536a5c496a65fe2e21e2192ce20830979dd75b30b0a3148fc7""}","{""bytes"": 1281, ""path"": ""/Users/zhouzixiang/Desktop/zac/ZAC_zzx/results/physical_ga_main_v1/receipts/5d572a80ef970ebd-s1-ga_h2.json"", ""sha256"": ""b54c3ae88c7300e890f52d5fb39d262bc9403618455c304f3d7410c3bc7b9ad5""}",9bb0ae97d2f3f1536a5c496a65fe2e21e2192ce20830979dd75b30b0a3148fc7,d1fab3aaa092939e281636e5182865245c839b6f137f7762fc773e601882716a,valid_fidelity,,,,,,,
qmap154,cnt3-5_180,2,5d572a80ef970ebda2c1a03568d33233b6101732d05e49d2e74bc63a1c1f2812,5d572a80ef970ebd-s2-ga_h2,success,False,"{""fidelity"": 0.08032532274893284, ""idle_exposures"": 149.0, ""log_atom_transfer"": -0.5802901934784499, ""log_coherence_linear"": -0.42592544769746293, ""log_fidelity"": -2.5216703559499076, ""log_idle_excitation"": -0.37296640249965307, ""move_batches"": 242.0, ""move_time_us"": 26245.475921317677, ""transfers"": 580.0}",True,False,fresh,fresh,success,5d572a80ef970ebda2c1a03568d33233b6101732d05e49d2e74bc63a1c1f2812,"{""bytes"": 623467, ""path"": ""/Users/zhouzixiang/Desktop/zac/ZAC_zzx/results/physical_ga_main_v1/protocol.json"", ""sha256"": ""9bb0ae97d2f3f1536a5c496a65fe2e21e2192ce20830979dd75b30b0a3148fc7""}","{""bytes"": 1281, ""path"": ""/Users/zhouzixiang/Desktop/zac/ZAC_zzx/results/physical_ga_main_v1/receipts/5d572a80ef970ebd-s2-ga_h2.json"", ""sha256"": ""4b2696b61a51c4d0eb43ec81cf657003a77803296ab9e275853be162769fde4c""}",9bb0ae97d2f3f1536a5c496a65fe2e21e2192ce20830979dd75b30b0a3148fc7,d1fab3aaa092939e281636e5182865245c839b6f137f7762fc773e601882716a,valid_fidelity,,,,,,,
qmap154,sym10_262,0,5db52a7209dad55f0dc564044090c5a06872df68846f80b25e1a9ca1519f9cde,5db52a7209dad55f-s0-ga_h2,success,True,"{""fidelity"": null, ""idle_exposures"": 20159.0, ""log_atom_transfer"": -85.91096264415093, ""log_coherence_linear"": null, ""log_fidelity"": null, ""log_idle_excitation"": -50.460602067050374, ""move_batches"": 38261.0, ""move_time_us"": 3949169.1433774196, ""transfers"": 85868.0}",False,False,fresh,fresh,success,5db52a7209dad55f0dc564044090c5a06872df68846f80b25e1a9ca1519f9cde,"{""bytes"": 623467, ""path"": ""/Users/zhouzixiang/Desktop/zac/ZAC_zzx/results/physical_ga_main_v1/protocol.json"", ""sha256"": ""9bb0ae97d2f3f1536a5c496a65fe2e21e2192ce20830979dd75b30b0a3148fc7""}","{""bytes"": 1287, ""path"": ""/Users/zhouzixiang/Desktop/zac/ZAC_zzx/results/physical_ga_main_v1/receipts/5db52a7209dad55f-s0-ga_h2.json"", ""sha256"": ""1f5013a1201467923ea8848194d442acd60b5e0d6a0606330f3b0490d1da9541""}",9bb0ae97d2f3f1536a5c496a65fe2e21e2192ce20830979dd75b30b0a3148fc7,d1fab3aaa092939e281636e5182865245c839b6f137f7762fc773e601882716a,model_out_of_domain,,,,,,,
qmap154,sym10_262,1,5db52a7209dad55f0dc564044090c5a06872df68846f80b25e1a9ca1519f9cde,5db52a7209dad55f-s1-ga_h2,success,True,"{""fidelity"": null, ""idle_exposures"": 20244.0, ""log_atom_transfer"": -85.73687558610739, ""log_coherence_linear"": null, ""log_fidelity"": null, ""log_idle_excitation"": -50.67336813559045, ""move_batches"": 38220.0, ""move_time_us"": 3941162.805076529, ""transfers"": 85694.0}",False,False,fresh,fresh,success,5db52a7209dad55f0dc564044090c5a06872df68846f80b25e1a9ca1519f9cde,"{""bytes"": 623467, ""path"": ""/Users/zhouzixiang/Desktop/zac/ZAC_zzx/results/physical_ga_main_v1/protocol.json"", ""sha256"": ""9bb0ae97d2f3f1536a5c496a65fe2e21e2192ce20830979dd75b30b0a3148fc7""}","{""bytes"": 1287, ""path"": ""/Users/zhouzixiang/Desktop/zac/ZAC_zzx/results/physical_ga_main_v1/receipts/5db52a7209dad55f-s1-ga_h2.json"", ""sha256"": ""b9bd38704dda7804160585b6fe6506d85e6abfb08c76185462cfb7ebec50f154""}",9bb0ae97d2f3f1536a5c496a65fe2e21e2192ce20830979dd75b30b0a3148fc7,d1fab3aaa092939e281636e5182865245c839b6f137f7762fc773e601882716a,model_out_of_domain,,,,,,,
qmap154,sym10_262,2,5db52a7209dad55f0dc564044090c5a06872df68846f80b25e1a9ca1519f9cde,5db52a7209dad55f-s2-ga_h2,success,True,"{""fidelity"": null, ""idle_exposures"": 20239.0, ""log_atom_transfer"": -85.87894663347626, ""log_coherence_linear"": null, ""log_fidelity"": null, ""log_idle_excitation"": -50.660852484499856, ""move_batches"": 38234.0, ""move_time_us"": 3939396.1822310993, ""transfers"": 85836.0}",False,False,fresh,fresh,success,5db52a7209dad55f0dc564044090c5a06872df68846f80b25e1a9ca1519f9cde,"{""bytes"": 623467, ""path"": ""/Users/zhouzixiang/Desktop/zac/ZAC_zzx/results/physical_ga_main_v1/protocol.json"", ""sha256"": ""9bb0ae97d2f3f1536a5c496a65fe2e21e2192ce20830979dd75b30b0a3148fc7""}","{""bytes"": 1287, ""path"": ""/Users/zhouzixiang/Desktop/zac/ZAC_zzx/results/physical_ga_main_v1/receipts/5db52a7209dad55f-s2-ga_h2.json"", ""sha256"": ""cfc88a34359b972cf57df7628d533cf8f13e48a2bd91f6342ab194aa7c749858""}",9bb0ae97d2f3f1536a5c496a65fe2e21e2192ce20830979dd75b30b0a3148fc7,d1fab3aaa092939e281636e5182865245c839b6f137f7762fc773e601882716a,model_out_of_domain,,,,,,,
qmap154,hwb6_56,0,61bf78e6eb8fe2cb88b844a4608037f20080a920d6382321fb11614e9e3bb9ff,61bf78e6eb8fe2cb-s0-ga_h2,success,False,"{""fidelity"": 3.3525886356541556e-15, ""idle_exposures"": 1969.0, ""log_atom_transfer"": -8.570285857476556, ""log_coherence_linear"": -3.3930248811531527, ""log_fidelity"": -33.32904362041261, ""log_idle_excitation"": -4.9286633994752815, ""move_batches"": 3897.0, ""move_time_us"": 392406.59678518114, ""transfers"": 8566.0}",True,False,fresh,fresh,success,61bf78e6eb8fe2cb88b844a4608037f20080a920d6382321fb11614e9e3bb9ff,"{""bytes"": 623467, ""path"": ""/Users/zhouzixiang/Desktop/zac/ZAC_zzx/results/physical_ga_main_v1/protocol.json"", ""sha256"": ""9bb0ae97d2f3f1536a5c496a65fe2e21e2192ce20830979dd75b30b0a3148fc7""}","{""bytes"": 1278, ""path"": ""/Users/zhouzixiang/Desktop/zac/ZAC_zzx/results/physical_ga_main_v1/receipts/61bf78e6eb8fe2cb-s0-ga_h2.json"", ""sha256"": ""ba5e460fc675e7ce8dbb21e2c4b86633bdd22423ea0733593d2d30814c0e7638""}",9bb0ae97d2f3f1536a5c496a65fe2e21e2192ce20830979dd75b30b0a3148fc7,d1fab3aaa092939e281636e5182865245c839b6f137f7762fc773e601882716a,valid_fidelity,,,,,,,
qmap154,hwb6_56,1,61bf78e6eb8fe2cb88b844a4608037f20080a920d6382321fb11614e9e3bb9ff,61bf78e6eb8fe2cb-s1-ga_h2,success,False,"{""fidelity"": 3.3628172239388714e-15, ""idle_exposures"": 1969.0, ""log_atom_transfer"": -8.568284856809388, ""log_coherence_linear"": -3.391979574148476, ""log_fidelity"": -33.32599731274077, ""log_idle_excitation"": -4.9286633994752815, ""move_batches"": 3896.0, ""move_time_us"": 392281.3552896791, ""transfers"": 8564.0}",True,False,fresh,fresh,success,61bf78e6eb8fe2cb88b844a4608037f20080a920d6382321fb11614e9e3bb9ff,"{""bytes"": 623467, ""path"": ""/Users/zhouzixiang/Desktop/zac/ZAC_zzx/results/physical_ga_main_v1/protocol.json"", ""sha256"": ""9bb0ae97d2f3f1536a5c496a65fe2e21e2192ce20830979dd75b30b0a3148fc7""}","{""bytes"": 1279, ""path"": ""/Users/zhouzixiang/Desktop/zac/ZAC_zzx/results/physical_ga_main_v1/receipts/61bf78e6eb8fe2cb-s1-ga_h2.json"", ""sha256"": ""b8ad8803e8f30f2aba696f5b8142eb8ee95c39a41cb9f11ed90c35809fddc7b2""}",9bb0ae97d2f3f1536a5c496a65fe2e21e2192ce20830979dd75b30b0a3148fc7,d1fab3aaa092939e281636e5182865245c839b6f137f7762fc773e601882716a,valid_fidelity,,,,,,,
qmap154,hwb6_56,2,61bf78e6eb8fe2cb88b844a4608037f20080a920d6382321fb11614e9e3bb9ff,61bf78e6eb8fe2cb-s2-ga_h2,success,False,"{""fidelity"": 3.3518774215840438e-15, ""idle_exposures"": 1971.0, ""log_atom_transfer"": -8.56628385614222, ""log_coherence_linear"": -3.392232783337981, ""log_fidelity"": -33.329255781699345, ""log_idle_excitation"": -4.933669659911518, ""move_batches"": 3892.0, ""move_time_us"": 391962.6771313644, ""transfers"": 8562.0}",True,False,fresh,fresh,success,61bf78e6eb8fe2cb88b844a4608037f20080a920d6382321fb11614e9e3bb9ff,"{""bytes"": 623467, ""path"": ""/Users/zhouzixiang/Desktop/zac/ZAC_zzx/results/physical_ga_main_v1/protocol.json"", ""sha256"": ""9bb0ae97d2f3f1536a5c496a65fe2e21e2192ce20830979dd75b30b0a3148fc7""}","{""bytes"": 1278, ""path"": ""/Users/zhouzixiang/Desktop/zac/ZAC_zzx/results/physical_ga_main_v1/receipts/61bf78e6eb8fe2cb-s2-ga_h2.json"", ""sha256"": ""d52c02e99569da0d37889d99bfd607d090ae6335fd03920921293bea3bee9fd2""}",9bb0ae97d2f3f1536a5c496a65fe2e21e2192ce20830979dd75b30b0a3148fc7,d1fab3aaa092939e281636e5182865245c839b6f137f7762fc773e601882716a,valid_fidelity,,,,,,,
qmap154,4gt4-v0_73,0,620e145abef0b7fc3948370f538a464abbc77025fb86dcf2cd3ef23b08519a4a,620e145abef0b7fc-s0-ga_h2,success,False,"{""fidelity"": 0.14668068762746603, ""idle_exposures"": 114.0, ""log_atom_transfer"": -0.5042521681261013, ""log_coherence_linear"": -0.13482857550640567, ""log_fidelity"": -1.9194972478470902, ""log_idle_excitation"": -0.2853568448655064, ""move_batches"": 234.0, ""move_time_us"": 24114.74540412693, ""transfers"": 504.0}",True,False,fresh,fresh,success,620e145abef0b7fc3948370f538a464abbc77025fb86dcf2cd3ef23b08519a4a,"{""bytes"": 623467, ""path"": ""/Users/zhouzixiang/Desktop/zac/ZAC_zzx/results/physical_ga_main_v1/protocol.json"", ""sha256"": ""9bb0ae97d2f3f1536a5c496a65fe2e21e2192ce20830979dd75b30b0a3148fc7""}","{""bytes"": 1282, ""path"": ""/Users/zhouzixiang/Desktop/zac/ZAC_zzx/results/physical_ga_main_v1/receipts/620e145abef0b7fc-s0-ga_h2.json"", ""sha256"": ""7fd24cf721013a20b0e1d5c61faa922996f030ed3f7ddb1ba91000db50bb5139""}",9bb0ae97d2f3f1536a5c496a65fe2e21e2192ce20830979dd75b30b0a3148fc7,d1fab3aaa092939e281636e5182865245c839b6f137f7762fc773e601882716a,valid_fidelity,,,,,,,
qmap154,4gt4-v0_73,1,620e145abef0b7fc3948370f538a464abbc77025fb86dcf2cd3ef23b08519a4a,620e145abef0b7fc-s1-ga_h2,success,False,"{""fidelity"": 0.14667833305150146, ""idle_exposures"": 114.0, ""log_atom_transfer"": -0.5042521681261013, ""log_coherence_linear"": -0.13484462802770983, ""log_fidelity"": -1.9195133003683944, ""log_idle_excitation"": -0.2853568448655064, ""move_batches"": 234.0, ""move_time_us"": 24118.669352619603, ""transfers"": 504.0}",True,False,fresh,fresh,success,620e145abef0b7fc3948370f538a464abbc77025fb86dcf2cd3ef23b08519a4a,"{""bytes"": 623467, ""path"": ""/Users/zhouzixiang/Desktop/zac/ZAC_zzx/results/physical_ga_main_v1/protocol.json"", ""sha256"": ""9bb0ae97d2f3f1536a5c496a65fe2e21e2192ce20830979dd75b30b0a3148fc7""}","{""bytes"": 1282, ""path"": ""/Users/zhouzixiang/Desktop/zac/ZAC_zzx/results/physical_ga_main_v1/receipts/620e145abef0b7fc-s1-ga_h2.json"", ""sha256"": ""2369d71dcced1681af7bdd6d20313392bc9c85d658062056e59082ebf86f8a82""}",9bb0ae97d2f3f1536a5c496a65fe2e21e2192ce20830979dd75b30b0a3148fc7,d1fab3aaa092939e281636e5182865245c839b6f137f7762fc773e601882716a,valid_fidelity,,,,,,,
qmap154,4gt4-v0_73,2,620e145abef0b7fc3948370f538a464abbc77025fb86dcf2cd3ef23b08519a4a,620e145abef0b7fc-s2-ga_h2,success,False,"{""fidelity"": 0.14668152865420078, ""idle_exposures"": 114.0, ""log_atom_transfer"": -0.5042521681261013, ""log_coherence_linear"": -0.1348228417977815, ""log_fidelity"": -1.919491514138466, ""log_idle_excitation"": -0.2853568448655064, ""move_batches"": 234.0, ""move_time_us"": 24113.343828777244, ""transfers"": 504.0}",True,False,fresh,fresh,success,620e145abef0b7fc3948370f538a464abbc77025fb86dcf2cd3ef23b08519a4a,"{""bytes"": 623467, ""path"": ""/Users/zhouzixiang/Desktop/zac/ZAC_zzx/results/physical_ga_main_v1/protocol.json"", ""sha256"": ""9bb0ae97d2f3f1536a5c496a65fe2e21e2192ce20830979dd75b30b0a3148fc7""}","{""bytes"": 1282, ""path"": ""/Users/zhouzixiang/Desktop/zac/ZAC_zzx/results/physical_ga_main_v1/receipts/620e145abef0b7fc-s2-ga_h2.json"", ""sha256"": ""e56e870c202b80a5282e47719c67df67526fd050c66a98b1e8026fb13655152d""}",9bb0ae97d2f3f1536a5c496a65fe2e21e2192ce20830979dd75b30b0a3148fc7,d1fab3aaa092939e281636e5182865245c839b6f137f7762fc773e601882716a,valid_fidelity,,,,,,,
qmap154,4gt13_91,0,679c25ee91f79d2be3c2d27eabe3178ef82d031ac02f532a255f82d5b2e14470,679c25ee91f79d2b-s0-ga_h2,success,False,"{""fidelity"": 0.6100131568842252, ""idle_exposures"": 29.0, ""log_atom_transfer"": -0.13206604403302655, ""log_coherence_linear"": -0.02852464155450304, ""log_fidelity"": -0.4942747533847162, ""log_idle_excitation"": -0.07259077632543583, ""move_batches"": 62.0, ""move_time_us"": 6452.707049415122, ""transfers"": 132.0}",True,False,fresh,fresh,success,679c25ee91f79d2be3c2d27eabe3178ef82d031ac02f532a255f82d5b2e14470,"{""bytes"": 623467, ""path"": ""/Users/zhouzixiang/Desktop/zac/ZAC_zzx/results/physical_ga_main_v1/protocol.json"", ""sha256"": ""9bb0ae97d2f3f1536a5c496a65fe2e21e2192ce20830979dd75b30b0a3148fc7""}","{""bytes"": 1279, ""path"": ""/Users/zhouzixiang/Desktop/zac/ZAC_zzx/results/physical_ga_main_v1/receipts/679c25ee91f79d2b-s0-ga_h2.json"", ""sha256"": ""b063e4521b57712382156d9204ed5570e9beb10e1f4c7dedc60a42ea44ba0f94""}",9bb0ae97d2f3f1536a5c496a65fe2e21e2192ce20830979dd75b30b0a3148fc7,d1fab3aaa092939e281636e5182865245c839b6f137f7762fc773e601882716a,valid_fidelity,,,,,,,
qmap154,4gt13_91,1,679c25ee91f79d2be3c2d27eabe3178ef82d031ac02f532a255f82d5b2e14470,679c25ee91f79d2b-s1-ga_h2,success,False,"{""fidelity"": 0.6100131568842252, ""idle_exposures"": 29.0, ""log_atom_transfer"": -0.13206604403302655, ""log_coherence_linear"": -0.02852464155450304, ""log_fidelity"": -0.4942747533847162, ""log_idle_excitation"": -0.07259077632543583, ""move_batches"": 62.0, ""move_time_us"": 6452.707049415122, ""transfers"": 132.0}",True,False,fresh,fresh,success,679c25ee91f79d2be3c2d27eabe3178ef82d031ac02f532a255f82d5b2e14470,"{""bytes"": 623467, ""path"": ""/Users/zhouzixiang/Desktop/zac/ZAC_zzx/results/physical_ga_main_v1/protocol.json"", ""sha256"": ""9bb0ae97d2f3f1536a5c496a65fe2e21e2192ce20830979dd75b30b0a3148fc7""}","{""bytes"": 1279, ""path"": ""/Users/zhouzixiang/Desktop/zac/ZAC_zzx/results/physical_ga_main_v1/receipts/679c25ee91f79d2b-s1-ga_h2.json"", ""sha256"": ""a70f71c80d9cfb70426871637b92338ce64f787e048c6c6a6f80c627166390d9""}",9bb0ae97d2f3f1536a5c496a65fe2e21e2192ce20830979dd75b30b0a3148fc7,d1fab3aaa092939e281636e5182865245c839b6f137f7762fc773e601882716a,valid_fidelity,,,,,,,
qmap154,4gt13_91,2,679c25ee91f79d2be3c2d27eabe3178ef82d031ac02f532a255f82d5b2e14470,679c25ee91f79d2b-s2-ga_h2,success,False,"{""fidelity"": 0.6100131568842252, ""idle_exposures"": 29.0, ""log_atom_transfer"": -0.13206604403302655, ""log_coherence_linear"": -0.02852464155450304, ""log_fidelity"": -0.4942747533847162, ""log_idle_excitation"": -0.07259077632543583, ""move_batches"": 62.0, ""move_time_us"": 6452.707049415122, ""transfers"": 132.0}",True,False,fresh,fresh,success,679c25ee91f79d2be3c2d27eabe3178ef82d031ac02f532a255f82d5b2e14470,"{""bytes"": 623467, ""path"": ""/Users/zhouzixiang/Desktop/zac/ZAC_zzx/results/physical_ga_main_v1/protocol.json"", ""sha256"": ""9bb0ae97d2f3f1536a5c496a65fe2e21e2192ce20830979dd75b30b0a3148fc7""}","{""bytes"": 1279, ""path"": ""/Users/zhouzixiang/Desktop/zac/ZAC_zzx/results/physical_ga_main_v1/receipts/679c25ee91f79d2b-s2-ga_h2.json"", ""sha256"": ""1c37ab6411e3610126648364ca23c144f39086e3529a1b30fcadab63b633502f""}",9bb0ae97d2f3f1536a5c496a65fe2e21e2192ce20830979dd75b30b0a3148fc7,d1fab3aaa092939e281636e5182865245c839b6f137f7762fc773e601882716a,valid_fidelity,,,,,,,
qmap154,max46_240,0,67f3a2ba74dceba2bd89005348bd7f40e3b7118c9e378395e877d9f522f31d3b,67f3a2ba74dceba2-s0-ga_h2,success,True,"{""fidelity"": null, ""idle_exposures"": 9945.0, ""log_atom_transfer"": -35.72386491093368, ""log_coherence_linear"": null, ""log_fidelity"": null, ""log_idle_excitation"": -24.893630019188254, ""move_batches"": 15690.0, ""move_time_us"": 1601821.7842098675, ""transfers"": 35706.0}",False,False,fresh,fresh,success,67f3a2ba74dceba2bd89005348bd7f40e3b7118c9e378395e877d9f522f31d3b,"{""bytes"": 623467, ""path"": ""/Users/zhouzixiang/Desktop/zac/ZAC_zzx/results/physical_ga_main_v1/protocol.json"", ""sha256"": ""9bb0ae97d2f3f1536a5c496a65fe2e21e2192ce20830979dd75b30b0a3148fc7""}","{""bytes"": 1284, ""path"": ""/Users/zhouzixiang/Desktop/zac/ZAC_zzx/results/physical_ga_main_v1/receipts/67f3a2ba74dceba2-s0-ga_h2.json"", ""sha256"": ""938266c728d2e2048a2a170cea18655ead65e821822bb5cb7a9982b5dce7e5ff""}",9bb0ae97d2f3f1536a5c496a65fe2e21e2192ce20830979dd75b30b0a3148fc7,d1fab3aaa092939e281636e5182865245c839b6f137f7762fc773e601882716a,model_out_of_domain,,,,,,,
qmap154,max46_240,1,67f3a2ba74dceba2bd89005348bd7f40e3b7118c9e378395e877d9f522f31d3b,67f3a2ba74dceba2-s1-ga_h2,success,True,"{""fidelity"": null, ""idle_exposures"": 9781.0, ""log_atom_transfer"": -35.80590593828753, ""log_coherence_linear"": null, ""log_fidelity"": null, ""log_idle_excitation"": -24.483116663416823, ""move_batches"": 15688.0, ""move_time_us"": 1604816.0067959146, ""transfers"": 35788.0}",False,False,fresh,fresh,success,67f3a2ba74dceba2bd89005348bd7f40e3b7118c9e378395e877d9f522f31d3b,"{""bytes"": 623467, ""path"": ""/Users/zhouzixiang/Desktop/zac/ZAC_zzx/results/physical_ga_main_v1/protocol.json"", ""sha256"": ""9bb0ae97d2f3f1536a5c496a65fe2e21e2192ce20830979dd75b30b0a3148fc7""}","{""bytes"": 1284, ""path"": ""/Users/zhouzixiang/Desktop/zac/ZAC_zzx/results/physical_ga_main_v1/receipts/67f3a2ba74dceba2-s1-ga_h2.json"", ""sha256"": ""82ce1d645f48728bfc2046b5d55acd96fd6853bab87b61649e30ca48b91d1311""}",9bb0ae97d2f3f1536a5c496a65fe2e21e2192ce20830979dd75b30b0a3148fc7,d1fab3aaa092939e281636e5182865245c839b6f137f7762fc773e601882716a,model_out_of_domain,,,,,,,
qmap154,max46_240,2,67f3a2ba74dceba2bd89005348bd7f40e3b7118c9e378395e877d9f522f31d3b,67f3a2ba74dceba2-s2-ga_h2,success,True,"{""fidelity"": null, ""idle_exposures"": 9648.0, ""log_atom_transfer"": -35.83992294962937, ""log_coherence_linear"": null, ""log_fidelity"": null, ""log_idle_excitation"": -24.150200344407065, ""move_batches"": 15777.0, ""move_time_us"": 1625092.9466210266, ""transfers"": 35822.0}",False,False,fresh,fresh,success,67f3a2ba74dceba2bd89005348bd7f40e3b7118c9e378395e877d9f522f31d3b,"{""bytes"": 623467, ""path"": ""/Users/zhouzixiang/Desktop/zac/ZAC_zzx/results/physical_ga_main_v1/protocol.json"", ""sha256"": ""9bb0ae97d2f3f1536a5c496a65fe2e21e2192ce20830979dd75b30b0a3148fc7""}","{""bytes"": 1285, ""path"": ""/Users/zhouzixiang/Desktop/zac/ZAC_zzx/results/physical_ga_main_v1/receipts/67f3a2ba74dceba2-s2-ga_h2.json"", ""sha256"": ""4ab6a6e9353a9875971878a813fcc07ea34f3fe795a1306ad1e00f6c472bcb20""}",9bb0ae97d2f3f1536a5c496a65fe2e21e2192ce20830979dd75b30b0a3148fc7,d1fab3aaa092939e281636e5182865245c839b6f137f7762fc773e601882716a,model_out_of_domain,,,,,,,
qmap154,alu-v0_27,0,68e9a8451b3ea56f9d1e2f1c4ca665dc2432ed849ff554148d57480c48d3774f,68e9a8451b3ea56f-s0-ga_h2,success,False,"{""fidelity"": 0.8307843771289108, ""idle_exposures"": 12.0, ""log_atom_transfer"": -0.05002501667917672, ""log_coherence_linear"": -0.010807806192401024, ""log_fidelity"": -0.1853849917683141, ""log_idle_excitation"": -0.03003756261742172, ""move_batches"": 22.0, ""move_time_us"": 2304.645821243552, ""transfers"": 50.0}",True,False,fresh,fresh,success,68e9a8451b3ea56f9d1e2f1c4ca665dc2432ed849ff554148d57480c48d3774f,"{""bytes"": 623467, ""path"": ""/Users/zhouzixiang/Desktop/zac/ZAC_zzx/results/physical_ga_main_v1/protocol.json"", ""sha256"": ""9bb0ae97d2f3f1536a5c496a65fe2e21e2192ce20830979dd75b30b0a3148fc7""}","{""bytes"": 1280, ""path"": ""/Users/zhouzixiang/Desktop/zac/ZAC_zzx/results/physical_ga_main_v1/receipts/68e9a8451b3ea56f-s0-ga_h2.json"", ""sha256"": ""795d30821bebd6388907dba680666b47d9c526f9a6b7e4b6f7abfb43a702bb85""}",9bb0ae97d2f3f1536a5c496a65fe2e21e2192ce20830979dd75b30b0a3148fc7,d1fab3aaa092939e281636e5182865245c839b6f137f7762fc773e601882716a,valid_fidelity,,,,,,,
qmap154,alu-v0_27,1,68e9a8451b3ea56f9d1e2f1c4ca665dc2432ed849ff554148d57480c48d3774f,68e9a8451b3ea56f-s1-ga_h2,success,False,"{""fidelity"": 0.8309253665853521, ""idle_exposures"": 12.0, ""log_atom_transfer"": -0.05002501667917672, ""log_coherence_linear"": -0.010638114154049782, ""log_fidelity"": -0.18521529972996287, ""log_idle_excitation"": -0.03003756261742172, ""move_batches"": 22.0, ""move_time_us"": 2253.8468199013196, ""transfers"": 50.0}",True,False,fresh,fresh,success,68e9a8451b3ea56f9d1e2f1c4ca665dc2432ed849ff554148d57480c48d3774f,"{""bytes"": 623467, ""path"": ""/Users/zhouzixiang/Desktop/zac/ZAC_zzx/results/physical_ga_main_v1/protocol.json"", ""sha256"": ""9bb0ae97d2f3f1536a5c496a65fe2e21e2192ce20830979dd75b30b0a3148fc7""}","{""bytes"": 1280, ""path"": ""/Users/zhouzixiang/Desktop/zac/ZAC_zzx/results/physical_ga_main_v1/receipts/68e9a8451b3ea56f-s1-ga_h2.json"", ""sha256"": ""7424be048d0f1bfbf55bbd46e6cd230733f01179f6f71dc44304e7e71b1ae92a""}",9bb0ae97d2f3f1536a5c496a65fe2e21e2192ce20830979dd75b30b0a3148fc7,d1fab3aaa092939e281636e5182865245c839b6f137f7762fc773e601882716a,valid_fidelity,,,,,,,
qmap154,alu-v0_27,2,68e9a8451b3ea56f9d1e2f1c4ca665dc2432ed849ff554148d57480c48d3774f,68e9a8451b3ea56f-s2-ga_h2,success,False,"{""fidelity"": 0.8309253665853521, ""idle_exposures"": 12.0, ""log_atom_transfer"": -0.05002501667917672, ""log_coherence_linear"": -0.010638114154049782, ""log_fidelity"": -0.18521529972996287, ""log_idle_excitation"": -0.03003756261742172, ""move_batches"": 22.0, ""move_time_us"": 2253.8468199013196, ""transfers"": 50.0}",True,False,fresh,fresh,success,68e9a8451b3ea56f9d1e2f1c4ca665dc2432ed849ff554148d57480c48d3774f,"{""bytes"": 623467, ""path"": ""/Users/zhouzixiang/Desktop/zac/ZAC_zzx/results/physical_ga_main_v1/protocol.json"", ""sha256"": ""9bb0ae97d2f3f1536a5c496a65fe2e21e2192ce20830979dd75b30b0a3148fc7""}","{""bytes"": 1280, ""path"": ""/Users/zhouzixiang/Desktop/zac/ZAC_zzx/results/physical_ga_main_v1/receipts/68e9a8451b3ea56f-s2-ga_h2.json"", ""sha256"": ""9269c4e3d4935ff1310ddd1897ec6dcf8be72b8a3711c41e89ba26f301962250""}",9bb0ae97d2f3f1536a5c496a65fe2e21e2192ce20830979dd75b30b0a3148fc7,d1fab3aaa092939e281636e5182865245c839b6f137f7762fc773e601882716a,valid_fidelity,,,,,,,
zac18,ising_n98_transpiled,0,69c9ca8c5d772ffa553ccdd9fa59e2f844a8149741d3dc4180a51f3970bffc6c,69c9ca8c5d772ffa-s0-ga_h2,timeout,,{},False,False,fresh,fresh,timeout,69c9ca8c5d772ffa553ccdd9fa59e2f844a8149741d3dc4180a51f3970bffc6c,"{""bytes"": 623467, ""path"": ""/Users/zhouzixiang/Desktop/zac/ZAC_zzx/results/physical_ga_main_v1/protocol.json"", ""sha256"": ""9bb0ae97d2f3f1536a5c496a65fe2e21e2192ce20830979dd75b30b0a3148fc7""}","{""bytes"": 1019, ""path"": ""/Users/zhouzixiang/Desktop/zac/ZAC_zzx/results/physical_ga_main_v1/receipts/69c9ca8c5d772ffa-s0-ga_h2.json"", ""sha256"": ""cd76b1550870e7048de4925e62aee263cc5063bc7a23fb00eba8c2eb2b57b3c7""}",,,timeout,,,/Users/zhouzixiang/Desktop/zac/ZAC_zzx/results/physical_ga_main_v1/receipts/69c9ca8c5d772ffa-s0-ga_h2.json,cd76b1550870e7048de4925e62aee263cc5063bc7a23fb00eba8c2eb2b57b3c7,terminal_receipt,,
zac18,ising_n98_transpiled,1,69c9ca8c5d772ffa553ccdd9fa59e2f844a8149741d3dc4180a51f3970bffc6c,69c9ca8c5d772ffa-s1-ga_h2,timeout,,{},False,False,fresh,fresh,timeout,69c9ca8c5d772ffa553ccdd9fa59e2f844a8149741d3dc4180a51f3970bffc6c,"{""bytes"": 623467, ""path"": ""/Users/zhouzixiang/Desktop/zac/ZAC_zzx/results/physical_ga_main_v1/protocol.json"", ""sha256"": ""9bb0ae97d2f3f1536a5c496a65fe2e21e2192ce20830979dd75b30b0a3148fc7""}","{""bytes"": 1019, ""path"": ""/Users/zhouzixiang/Desktop/zac/ZAC_zzx/results/physical_ga_main_v1/receipts/69c9ca8c5d772ffa-s1-ga_h2.json"", ""sha256"": ""be897029feff08a38f1ab12780365424b5db274053d15fc7629364025796d423""}",,,timeout,,,/Users/zhouzixiang/Desktop/zac/ZAC_zzx/results/physical_ga_main_v1/receipts/69c9ca8c5d772ffa-s1-ga_h2.json,be897029feff08a38f1ab12780365424b5db274053d15fc7629364025796d423,terminal_receipt,,
zac18,ising_n98_transpiled,2,69c9ca8c5d772ffa553ccdd9fa59e2f844a8149741d3dc4180a51f3970bffc6c,69c9ca8c5d772ffa-s2-ga_h2,timeout,,{},False,False,fresh,fresh,timeout,69c9ca8c5d772ffa553ccdd9fa59e2f844a8149741d3dc4180a51f3970bffc6c,"{""bytes"": 623467, ""path"": ""/Users/zhouzixiang/Desktop/zac/ZAC_zzx/results/physical_ga_main_v1/protocol.json"", ""sha256"": ""9bb0ae97d2f3f1536a5c496a65fe2e21e2192ce20830979dd75b30b0a3148fc7""}","{""bytes"": 1019, ""path"": ""/Users/zhouzixiang/Desktop/zac/ZAC_zzx/results/physical_ga_main_v1/receipts/69c9ca8c5d772ffa-s2-ga_h2.json"", ""sha256"": ""548e81c60467cae58e9599a66ca3dea2faecf6172bad053e8d9332ea1b766ce8""}",,,timeout,,,/Users/zhouzixiang/Desktop/zac/ZAC_zzx/results/physical_ga_main_v1/receipts/69c9ca8c5d772ffa-s2-ga_h2.json,548e81c60467cae58e9599a66ca3dea2faecf6172bad053e8d9332ea1b766ce8,terminal_receipt,,
qmap154,sym9_148,0,6a854c802f048fc965ee3b2fea0772c5ebe941c837e8ea52c657829e243e25b5,6a854c802f048fc9-s0-ga_h2,success,True,"{""fidelity"": null, ""idle_exposures"": 6102.0, ""log_atom_transfer"": -28.17208839304516, ""log_coherence_linear"": null, ""log_fidelity"": null, ""log_idle_excitation"": -15.274100590958946, ""move_batches"": 12683.0, ""move_time_us"": 1315949.2679805302, ""transfers"": 28158.0}",False,False,fresh,fresh,success,6a854c802f048fc965ee3b2fea0772c5ebe941c837e8ea52c657829e243e25b5,"{""bytes"": 623467, ""path"": ""/Users/zhouzixiang/Desktop/zac/ZAC_zzx/results/physical_ga_main_v1/protocol.json"", ""sha256"": ""9bb0ae97d2f3f1536a5c496a65fe2e21e2192ce20830979dd75b30b0a3148fc7""}","{""bytes"": 1285, ""path"": ""/Users/zhouzixiang/Desktop/zac/ZAC_zzx/results/physical_ga_main_v1/receipts/6a854c802f048fc9-s0-ga_h2.json"", ""sha256"": ""81d7cc766be61fc59a49cb572c16449641050a8310f20dd5048ca0ccbaef1ec3""}",9bb0ae97d2f3f1536a5c496a65fe2e21e2192ce20830979dd75b30b0a3148fc7,d1fab3aaa092939e281636e5182865245c839b6f137f7762fc773e601882716a,model_out_of_domain,,,,,,,
qmap154,sym9_148,1,6a854c802f048fc965ee3b2fea0772c5ebe941c837e8ea52c657829e243e25b5,6a854c802f048fc9-s1-ga_h2,success,True,"{""fidelity"": null, ""idle_exposures"": 6087.0, ""log_atom_transfer"": -28.280142429072182, ""log_coherence_linear"": null, ""log_fidelity"": null, ""log_idle_excitation"": -15.23655363768717, ""move_batches"": 12683.0, ""move_time_us"": 1314041.5323533355, ""transfers"": 28266.0}",False,False,fresh,fresh,success,6a854c802f048fc965ee3b2fea0772c5ebe941c837e8ea52c657829e243e25b5,"{""bytes"": 623467, ""path"": ""/Users/zhouzixiang/Desktop/zac/ZAC_zzx/results/physical_ga_main_v1/protocol.json"", ""sha256"": ""9bb0ae97d2f3f1536a5c496a65fe2e21e2192ce20830979dd75b30b0a3148fc7""}","{""bytes"": 1284, ""path"": ""/Users/zhouzixiang/Desktop/zac/ZAC_zzx/results/physical_ga_main_v1/receipts/6a854c802f048fc9-s1-ga_h2.json"", ""sha256"": ""f373b4062d57c5ad8e7452c906892bd1e36762834eb011d07d472fb4f009f555""}",9bb0ae97d2f3f1536a5c496a65fe2e21e2192ce20830979dd75b30b0a3148fc7,d1fab3aaa092939e281636e5182865245c839b6f137f7762fc773e601882716a,model_out_of_domain,,,,,,,
qmap154,sym9_148,2,6a854c802f048fc965ee3b2fea0772c5ebe941c837e8ea52c657829e243e25b5,6a854c802f048fc9-s2-ga_h2,success,True,"{""fidelity"": null, ""idle_exposures"": 6114.0, ""log_atom_transfer"": -28.340172449087195, ""log_coherence_linear"": null, ""log_fidelity"": null, ""log_idle_excitation"": -15.304138153576368, ""move_batches"": 12710.0, ""move_time_us"": 1314895.768312965, ""transfers"": 28326.0}",False,False,fresh,fresh,success,6a854c802f048fc965ee3b2fea0772c5ebe941c837e8ea52c657829e243e25b5,"{""bytes"": 623467, ""path"": ""/Users/zhouzixiang/Desktop/zac/ZAC_zzx/results/physical_ga_main_v1/protocol.json"", ""sha256"": ""9bb0ae97d2f3f1536a5c496a65fe2e21e2192ce20830979dd75b30b0a3148fc7""}","{""bytes"": 1285, ""path"": ""/Users/zhouzixiang/Desktop/zac/ZAC_zzx/results/physical_ga_main_v1/receipts/6a854c802f048fc9-s2-ga_h2.json"", ""sha256"": ""4193c0437575b5dd3fa9c5dd106f90a90544c9680bcf4519961f971199c4b1eb""}",9bb0ae97d2f3f1536a5c496a65fe2e21e2192ce20830979dd75b30b0a3148fc7,d1fab3aaa092939e281636e5182865245c839b6f137f7762fc773e601882716a,model_out_of_domain,,,,,,,
qmap154,urf2_277,0,6b204da03ed7c6d4a702bf7e75e363c9521987069c738fe559f3b61d7a389ce5,6b204da03ed7c6d4-s0-ga_h2,success,True,"{""fidelity"": null, ""idle_exposures"": 5977.0, ""log_atom_transfer"": -31.623814543908352, ""log_coherence_linear"": null, ""log_fidelity"": null, ""log_idle_excitation"": -14.961209313694138, ""move_batches"": 13940.0, ""move_time_us"": 1421521.214782869, ""transfers"": 31608.0}",False,False,fresh,fresh,success,6b204da03ed7c6d4a702bf7e75e363c9521987069c738fe559f3b61d7a389ce5,"{""bytes"": 623467, ""path"": ""/Users/zhouzixiang/Desktop/zac/ZAC_zzx/results/physical_ga_main_v1/protocol.json"", ""sha256"": ""9bb0ae97d2f3f1536a5c496a65fe2e21e2192ce20830979dd75b30b0a3148fc7""}","{""bytes"": 1284, ""path"": ""/Users/zhouzixiang/Desktop/zac/ZAC_zzx/results/physical_ga_main_v1/receipts/6b204da03ed7c6d4-s0-ga_h2.json"", ""sha256"": ""d630adb45454067fb3e97676517d047ebf3494fc2b623dc23c914c686241d36d""}",9bb0ae97d2f3f1536a5c496a65fe2e21e2192ce20830979dd75b30b0a3148fc7,d1fab3aaa092939e281636e5182865245c839b6f137f7762fc773e601882716a,model_out_of_domain,,,,,,,
qmap154,urf2_277,1,6b204da03ed7c6d4a702bf7e75e363c9521987069c738fe559f3b61d7a389ce5,6b204da03ed7c6d4-s1-ga_h2,success,True,"{""fidelity"": null, ""idle_exposures"": 5953.0, ""log_atom_transfer"": -31.733869580602544, ""log_coherence_linear"": null, ""log_fidelity"": null, ""log_idle_excitation"": -14.901134188459293, ""move_batches"": 13993.0, ""move_time_us"": 1428524.393812511, ""transfers"": 31718.0}",False,False,fresh,fresh,success,6b204da03ed7c6d4a702bf7e75e363c9521987069c738fe559f3b61d7a389ce5,"{""bytes"": 623467, ""path"": ""/Users/zhouzixiang/Desktop/zac/ZAC_zzx/results/physical_ga_main_v1/protocol.json"", ""sha256"": ""9bb0ae97d2f3f1536a5c496a65fe2e21e2192ce20830979dd75b30b0a3148fc7""}","{""bytes"": 1285, ""path"": ""/Users/zhouzixiang/Desktop/zac/ZAC_zzx/results/physical_ga_main_v1/receipts/6b204da03ed7c6d4-s1-ga_h2.json"", ""sha256"": ""1742aa8e4ec8e720aa4d96bc5e7290d93af1f1a8283b0ba5085f42ab9e51f584""}",9bb0ae97d2f3f1536a5c496a65fe2e21e2192ce20830979dd75b30b0a3148fc7,d1fab3aaa092939e281636e5182865245c839b6f137f7762fc773e601882716a,model_out_of_domain,,,,,,,
qmap154,urf2_277,2,6b204da03ed7c6d4a702bf7e75e363c9521987069c738fe559f3b61d7a389ce5,6b204da03ed7c6d4-s2-ga_h2,success,True,"{""fidelity"": null, ""idle_exposures"": 5986.0, ""log_atom_transfer"": -31.63381954724419, ""log_coherence_linear"": null, ""log_fidelity"": null, ""log_idle_excitation"": -14.983737485657203, ""move_batches"": 13958.0, ""move_time_us"": 1428335.2937423452, ""transfers"": 31618.0}",False,False,fresh,fresh,success,6b204da03ed7c6d4a702bf7e75e363c9521987069c738fe559f3b61d7a389ce5,"{""bytes"": 623467, ""path"": ""/Users/zhouzixiang/Desktop/zac/ZAC_zzx/results/physical_ga_main_v1/protocol.json"", ""sha256"": ""9bb0ae97d2f3f1536a5c496a65fe2e21e2192ce20830979dd75b30b0a3148fc7""}","{""bytes"": 1284, ""path"": ""/Users/zhouzixiang/Desktop/zac/ZAC_zzx/results/physical_ga_main_v1/receipts/6b204da03ed7c6d4-s2-ga_h2.json"", ""sha256"": ""6d46471c0fb1cbaefc78f653928d2efba0210ad0c60a64abd29adfc907de1de5""}",9bb0ae97d2f3f1536a5c496a65fe2e21e2192ce20830979dd75b30b0a3148fc7,d1fab3aaa092939e281636e5182865245c839b6f137f7762fc773e601882716a,model_out_of_domain,,,,,,,
qmap154,one-two-three-v0_97,0,6bc06c9ebf9b722cea0f989fdc71fc87334708b05c6828266ddb11ced211db99,6bc06c9ebf9b722c-s0-ga_h2,success,False,"{""fidelity"": 0.2526923351075057, ""idle_exposures"": 87.0, ""log_atom_transfer"": -0.36618312209157355, ""log_coherence_linear"": -0.07861108040853276, ""log_fidelity"": -1.3755825970325566, ""log_idle_excitation"": -0.2177723289763075, ""move_batches"": 172.0, ""move_time_us"": 17410.11672188666, ""transfers"": 366.0}",True,False,fresh,fresh,success,6bc06c9ebf9b722cea0f989fdc71fc87334708b05c6828266ddb11ced211db99,"{""bytes"": 623467, ""path"": ""/Users/zhouzixiang/Desktop/zac/ZAC_zzx/results/physical_ga_main_v1/protocol.json"", ""sha256"": ""9bb0ae97d2f3f1536a5c496a65fe2e21e2192ce20830979dd75b30b0a3148fc7""}","{""bytes"": 1291, ""path"": ""/Users/zhouzixiang/Desktop/zac/ZAC_zzx/results/physical_ga_main_v1/receipts/6bc06c9ebf9b722c-s0-ga_h2.json"", ""sha256"": ""ab62094725bd81541b3da60fb7f8df810f66fa6a5a45277a0eb0d09dd5edc72a""}",9bb0ae97d2f3f1536a5c496a65fe2e21e2192ce20830979dd75b30b0a3148fc7,d1fab3aaa092939e281636e5182865245c839b6f137f7762fc773e601882716a,valid_fidelity,,,,,,,
qmap154,one-two-three-v0_97,1,6bc06c9ebf9b722cea0f989fdc71fc87334708b05c6828266ddb11ced211db99,6bc06c9ebf9b722c-s1-ga_h2,success,False,"{""fidelity"": 0.2536239381548391, ""idle_exposures"": 88.0, ""log_atom_transfer"": -0.3601801200900724, ""log_coherence_linear"": -0.0784310226781536, ""log_fidelity"": -1.3719026675187949, ""log_idle_excitation"": -0.22027545919442598, ""move_batches"": 167.0, ""move_time_us"": 17071.012496414634, ""transfers"": 360.0}",True,False,fresh,fresh,success,6bc06c9ebf9b722cea0f989fdc71fc87334708b05c6828266ddb11ced211db99,"{""bytes"": 623467, ""path"": ""/Users/zhouzixiang/Desktop/zac/ZAC_zzx/results/physical_ga_main_v1/protocol.json"", ""sha256"": ""9bb0ae97d2f3f1536a5c496a65fe2e21e2192ce20830979dd75b30b0a3148fc7""}","{""bytes"": 1291, ""path"": ""/Users/zhouzixiang/Desktop/zac/ZAC_zzx/results/physical_ga_main_v1/receipts/6bc06c9ebf9b722c-s1-ga_h2.json"", ""sha256"": ""6fb94ca4d86514dfe75f09d9bc8a2aec1f971b772a75ecf99f1567d9a31adb64""}",9bb0ae97d2f3f1536a5c496a65fe2e21e2192ce20830979dd75b30b0a3148fc7,d1fab3aaa092939e281636e5182865245c839b6f137f7762fc773e601882716a,valid_fidelity,,,,,,,
qmap154,one-two-three-v0_97,2,6bc06c9ebf9b722cea0f989fdc71fc87334708b05c6828266ddb11ced211db99,6bc06c9ebf9b722c-s2-ga_h2,success,False,"{""fidelity"": 0.2526832218490835, ""idle_exposures"": 87.0, ""log_atom_transfer"": -0.36618312209157355, ""log_coherence_linear"": -0.07864714570016697, ""log_fidelity"": -1.3756186623241908, ""log_idle_excitation"": -0.2177723289763075, ""move_batches"": 172.0, ""move_time_us"": 17420.76749191731, ""transfers"": 366.0}",True,False,fresh,fresh,success,6bc06c9ebf9b722cea0f989fdc71fc87334708b05c6828266ddb11ced211db99,"{""bytes"": 623467, ""path"": ""/Users/zhouzixiang/Desktop/zac/ZAC_zzx/results/physical_ga_main_v1/protocol.json"", ""sha256"": ""9bb0ae97d2f3f1536a5c496a65fe2e21e2192ce20830979dd75b30b0a3148fc7""}","{""bytes"": 1290, ""path"": ""/Users/zhouzixiang/Desktop/zac/ZAC_zzx/results/physical_ga_main_v1/receipts/6bc06c9ebf9b722c-s2-ga_h2.json"", ""sha256"": ""861ac1baa685377d29596d21d69597f8af20b73c62ca3c2d85d75abf71c926ee""}",9bb0ae97d2f3f1536a5c496a65fe2e21e2192ce20830979dd75b30b0a3148fc7,d1fab3aaa092939e281636e5182865245c839b6f137f7762fc773e601882716a,valid_fidelity,,,,,,,
qmap154,sym9_146,0,6ecd393a830744f5c1bbf3964bc813e7b8d940c7a39755f70e86d425b203bd44,6ecd393a830744f5-s0-ga_h2,success,False,"{""fidelity"": 0.18370468829925596, ""idle_exposures"": 112.0, ""log_atom_transfer"": -0.3721861240930748, ""log_coherence_linear"": -0.21662035467887328, ""log_fidelity"": -1.6944257655883257, ""log_idle_excitation"": -0.2803505844292694, ""move_batches"": 152.0, ""move_time_us"": 16840.156483170347, ""transfers"": 372.0}",True,False,fresh,fresh,success,6ecd393a830744f5c1bbf3964bc813e7b8d940c7a39755f70e86d425b203bd44,"{""bytes"": 623467, ""path"": ""/Users/zhouzixiang/Desktop/zac/ZAC_zzx/results/physical_ga_main_v1/protocol.json"", ""sha256"": ""9bb0ae97d2f3f1536a5c496a65fe2e21e2192ce20830979dd75b30b0a3148fc7""}","{""bytes"": 1280, ""path"": ""/Users/zhouzixiang/Desktop/zac/ZAC_zzx/results/physical_ga_main_v1/receipts/6ecd393a830744f5-s0-ga_h2.json"", ""sha256"": ""92558cc438c69513b0376ba946e979d5a5507fca452f324b6b66c53ba54ceaab""}",9bb0ae97d2f3f1536a5c496a65fe2e21e2192ce20830979dd75b30b0a3148fc7,d1fab3aaa092939e281636e5182865245c839b6f137f7762fc773e601882716a,valid_fidelity,,,,,,,
qmap154,sym9_146,1,6ecd393a830744f5c1bbf3964bc813e7b8d940c7a39755f70e86d425b203bd44,6ecd393a830744f5-s1-ga_h2,success,False,"{""fidelity"": 0.1788272370916502, ""idle_exposures"": 114.0, ""log_atom_transfer"": -0.378189126094576, ""log_coherence_linear"": -0.23252042176963425, ""log_fidelity"": -1.721335095116825, ""log_idle_excitation"": -0.2853568448655064, ""move_batches"": 163.0, ""move_time_us"": 20457.02558382835, ""transfers"": 378.0}",True,False,fresh,fresh,success,6ecd393a830744f5c1bbf3964bc813e7b8d940c7a39755f70e86d425b203bd44,"{""bytes"": 623467, ""path"": ""/Users/zhouzixiang/Desktop/zac/ZAC_zzx/results/physical_ga_main_v1/protocol.json"", ""sha256"": ""9bb0ae97d2f3f1536a5c496a65fe2e21e2192ce20830979dd75b30b0a3148fc7""}","{""bytes"": 1279, ""path"": ""/Users/zhouzixiang/Desktop/zac/ZAC_zzx/results/physical_ga_main_v1/receipts/6ecd393a830744f5-s1-ga_h2.json"", ""sha256"": ""47bd48e13c0c717fc712c65eaec634fb09ea140e20266be1c67ddf8af7c220cd""}",9bb0ae97d2f3f1536a5c496a65fe2e21e2192ce20830979dd75b30b0a3148fc7,d1fab3aaa092939e281636e5182865245c839b6f137f7762fc773e601882716a,valid_fidelity,,,,,,,
qmap154,sym9_146,2,6ecd393a830744f5c1bbf3964bc813e7b8d940c7a39755f70e86d425b203bd44,6ecd393a830744f5-s2-ga_h2,success,False,"{""fidelity"": 0.18304243735771117, ""idle_exposures"": 112.0, ""log_atom_transfer"": -0.37418712476024185, ""log_coherence_linear"": -0.21823084331874232, ""log_fidelity"": -1.698037254895362, ""log_idle_excitation"": -0.2803505844292694, ""move_batches"": 151.0, ""move_time_us"": 17140.907107844196, ""transfers"": 374.0}",True,False,fresh,fresh,success,6ecd393a830744f5c1bbf3964bc813e7b8d940c7a39755f70e86d425b203bd44,"{""bytes"": 623467, ""path"": ""/Users/zhouzixiang/Desktop/zac/ZAC_zzx/results/physical_ga_main_v1/protocol.json"", ""sha256"": ""9bb0ae97d2f3f1536a5c496a65fe2e21e2192ce20830979dd75b30b0a3148fc7""}","{""bytes"": 1279, ""path"": ""/Users/zhouzixiang/Desktop/zac/ZAC_zzx/results/physical_ga_main_v1/receipts/6ecd393a830744f5-s2-ga_h2.json"", ""sha256"": ""8f91c5bf6acc4b706ab99c086b2f9a63e0deb7614c75766b536d1ac68a88b218""}",9bb0ae97d2f3f1536a5c496a65fe2e21e2192ce20830979dd75b30b0a3148fc7,d1fab3aaa092939e281636e5182865245c839b6f137f7762fc773e601882716a,valid_fidelity,,,,,,,
qmap154,life_238,0,74b2946fa4cd4b5f2674d1d782198f9847a48610650465988696869ee07ab48b,74b2946fa4cd4b5f-s0-ga_h2,success,True,"{""fidelity"": null, ""idle_exposures"": 6409.0, ""log_atom_transfer"": -30.045025017513538, ""log_coherence_linear"": null, ""log_fidelity"": null, ""log_idle_excitation"": -16.042561567921318, ""move_batches"": 13380.0, ""move_time_us"": 1368708.9543551935, ""transfers"": 30030.0}",False,False,fresh,fresh,success,74b2946fa4cd4b5f2674d1d782198f9847a48610650465988696869ee07ab48b,"{""bytes"": 623467, ""path"": ""/Users/zhouzixiang/Desktop/zac/ZAC_zzx/results/physical_ga_main_v1/protocol.json"", ""sha256"": ""9bb0ae97d2f3f1536a5c496a65fe2e21e2192ce20830979dd75b30b0a3148fc7""}","{""bytes"": 1285, ""path"": ""/Users/zhouzixiang/Desktop/zac/ZAC_zzx/results/physical_ga_main_v1/receipts/74b2946fa4cd4b5f-s0-ga_h2.json"", ""sha256"": ""8fe9d5b8b8eda83d339ec82095048322670b781d2f1e3b1090d6d542ff88e3e1""}",9bb0ae97d2f3f1536a5c496a65fe2e21e2192ce20830979dd75b30b0a3148fc7,d1fab3aaa092939e281636e5182865245c839b6f137f7762fc773e601882716a,model_out_of_domain,,,,,,,
qmap154,life_238,1,74b2946fa4cd4b5f2674d1d782198f9847a48610650465988696869ee07ab48b,74b2946fa4cd4b5f-s1-ga_h2,success,True,"{""fidelity"": null, ""idle_exposures"": 6402.0, ""log_atom_transfer"": -29.972988993495523, ""log_coherence_linear"": null, ""log_fidelity"": null, ""log_idle_excitation"": -16.02503965639449, ""move_batches"": 13359.0, ""move_time_us"": 1363280.4262663117, ""transfers"": 29958.0}",False,False,fresh,fresh,success,74b2946fa4cd4b5f2674d1d782198f9847a48610650465988696869ee07ab48b,"{""bytes"": 623467, ""path"": ""/Users/zhouzixiang/Desktop/zac/ZAC_zzx/results/physical_ga_main_v1/protocol.json"", ""sha256"": ""9bb0ae97d2f3f1536a5c496a65fe2e21e2192ce20830979dd75b30b0a3148fc7""}","{""bytes"": 1284, ""path"": ""/Users/zhouzixiang/Desktop/zac/ZAC_zzx/results/physical_ga_main_v1/receipts/74b2946fa4cd4b5f-s1-ga_h2.json"", ""sha256"": ""9023054e31c10eac739990c14314c349bae4820713cb76db265c885a0a4f7142""}",9bb0ae97d2f3f1536a5c496a65fe2e21e2192ce20830979dd75b30b0a3148fc7,d1fab3aaa092939e281636e5182865245c839b6f137f7762fc773e601882716a,model_out_of_domain,,,,,,,
qmap154,life_238,2,74b2946fa4cd4b5f2674d1d782198f9847a48610650465988696869ee07ab48b,74b2946fa4cd4b5f-s2-ga_h2,success,True,"{""fidelity"": null, ""idle_exposures"": 6421.0, ""log_atom_transfer"": -30.005005004170197, ""log_coherence_linear"": null, ""log_fidelity"": null, ""log_idle_excitation"": -16.07259913053874, ""move_batches"": 13351.0, ""move_time_us"": 1360640.5397686171, ""transfers"": 29990.0}",False,False,fresh,fresh,success,74b2946fa4cd4b5f2674d1d782198f9847a48610650465988696869ee07ab48b,"{""bytes"": 623467, ""path"": ""/Users/zhouzixiang/Desktop/zac/ZAC_zzx/results/physical_ga_main_v1/protocol.json"", ""sha256"": ""9bb0ae97d2f3f1536a5c496a65fe2e21e2192ce20830979dd75b30b0a3148fc7""}","{""bytes"": 1285, ""path"": ""/Users/zhouzixiang/Desktop/zac/ZAC_zzx/results/physical_ga_main_v1/receipts/74b2946fa4cd4b5f-s2-ga_h2.json"", ""sha256"": ""57c9084ddf154568ba9206f24e803e076526a8de712a41545ced6de4f89e9c15""}",9bb0ae97d2f3f1536a5c496a65fe2e21e2192ce20830979dd75b30b0a3148fc7,d1fab3aaa092939e281636e5182865245c839b6f137f7762fc773e601882716a,model_out_of_domain,,,,,,,
qmap154,rd53_133,0,7568bb9bf97b4ad2d03827ff66ea80cbed58e1fa811c3c6924e3154f8ac015f0,7568bb9bf97b4ad2-s0-ga_h2,success,False,"{""fidelity"": 0.0627857986131772, ""idle_exposures"": 162.0, ""log_atom_transfer"": -0.7323662441831471, ""log_coherence_linear"": -0.2265714245491646, ""log_fidelity"": -2.7680263678135977, ""log_idle_excitation"": -0.40550709533519325, ""move_batches"": 334.0, ""move_time_us"": 34460.25675873846, ""transfers"": 732.0}",True,False,fresh,fresh,success,7568bb9bf97b4ad2d03827ff66ea80cbed58e1fa811c3c6924e3154f8ac015f0,"{""bytes"": 623467, ""path"": ""/Users/zhouzixiang/Desktop/zac/ZAC_zzx/results/physical_ga_main_v1/protocol.json"", ""sha256"": ""9bb0ae97d2f3f1536a5c496a65fe2e21e2192ce20830979dd75b30b0a3148fc7""}","{""bytes"": 1279, ""path"": ""/Users/zhouzixiang/Desktop/zac/ZAC_zzx/results/physical_ga_main_v1/receipts/7568bb9bf97b4ad2-s0-ga_h2.json"", ""sha256"": ""8eced0a0f19aa4b7767c89d7a64b9210addf60269f99f713ff4ce7801dde3610""}",9bb0ae97d2f3f1536a5c496a65fe2e21e2192ce20830979dd75b30b0a3148fc7,d1fab3aaa092939e281636e5182865245c839b6f137f7762fc773e601882716a,valid_fidelity,,,,,,,
qmap154,rd53_133,1,7568bb9bf97b4ad2d03827ff66ea80cbed58e1fa811c3c6924e3154f8ac015f0,7568bb9bf97b4ad2-s1-ga_h2,success,False,"{""fidelity"": 0.06252071898939594, ""idle_exposures"": 162.0, ""log_atom_transfer"": -0.7343672448503142, ""log_coherence_linear"": -0.22880132941310014, ""log_fidelity"": -2.7722572733447004, ""log_idle_excitation"": -0.40550709533519325, ""move_batches"": 337.0, ""move_time_us"": 35059.93828109463, ""transfers"": 734.0}",True,False,fresh,fresh,success,7568bb9bf97b4ad2d03827ff66ea80cbed58e1fa811c3c6924e3154f8ac015f0,"{""bytes"": 623467, ""path"": ""/Users/zhouzixiang/Desktop/zac/ZAC_zzx/results/physical_ga_main_v1/protocol.json"", ""sha256"": ""9bb0ae97d2f3f1536a5c496a65fe2e21e2192ce20830979dd75b30b0a3148fc7""}","{""bytes"": 1279, ""path"": ""/Users/zhouzixiang/Desktop/zac/ZAC_zzx/results/physical_ga_main_v1/receipts/7568bb9bf97b4ad2-s1-ga_h2.json"", ""sha256"": ""cb78d86ea475c6830c991ef5155cbbb4fcde536eba3677802c3052ffc65cf936""}",9bb0ae97d2f3f1536a5c496a65fe2e21e2192ce20830979dd75b30b0a3148fc7,d1fab3aaa092939e281636e5182865245c839b6f137f7762fc773e601882716a,valid_fidelity,,,,,,,
qmap154,rd53_133,2,7568bb9bf97b4ad2d03827ff66ea80cbed58e1fa811c3c6924e3154f8ac015f0,7568bb9bf97b4ad2-s2-ga_h2,success,False,"{""fidelity"": 0.06252071898939594, ""idle_exposures"": 162.0, ""log_atom_transfer"": -0.7343672448503142, ""log_coherence_linear"": -0.22880132941310014, ""log_fidelity"": -2.7722572733447004, ""log_idle_excitation"": -0.40550709533519325, ""move_batches"": 337.0, ""move_time_us"": 35059.93828109463, ""transfers"": 734.0}",True,False,fresh,fresh,success,7568bb9bf97b4ad2d03827ff66ea80cbed58e1fa811c3c6924e3154f8ac015f0,"{""bytes"": 623467, ""path"": ""/Users/zhouzixiang/Desktop/zac/ZAC_zzx/results/physical_ga_main_v1/protocol.json"", ""sha256"": ""9bb0ae97d2f3f1536a5c496a65fe2e21e2192ce20830979dd75b30b0a3148fc7""}","{""bytes"": 1280, ""path"": ""/Users/zhouzixiang/Desktop/zac/ZAC_zzx/results/physical_ga_main_v1/receipts/7568bb9bf97b4ad2-s2-ga_h2.json"", ""sha256"": ""7f36e46b44dbc62daced8d290bbfc913cf0b2771fc53d09db739a7cd65083e94""}",9bb0ae97d2f3f1536a5c496a65fe2e21e2192ce20830979dd75b30b0a3148fc7,d1fab3aaa092939e281636e5182865245c839b6f137f7762fc773e601882716a,valid_fidelity,,,,,,,
qmap154,alu-v1_28,0,7a422c31684da3e6854600d1c69901b391b2a7ddcf39fc3caada4e1000f7d33e,7a422c31684da3e6-s0-ga_h2,success,False,"{""fidelity"": 0.823697342432352, ""idle_exposures"": 11.0, ""log_atom_transfer"": -0.054027018013510855, ""log_coherence_linear"": -0.011963385875568264, ""log_fidelity"": -0.19395211941824725, ""log_idle_excitation"": -0.027534432399303248, ""move_batches"": 24.0, ""move_time_us"": 2485.5132454376667, ""transfers"": 54.0}",True,False,fresh,fresh,success,7a422c31684da3e6854600d1c69901b391b2a7ddcf39fc3caada4e1000f7d33e,"{""bytes"": 623467, ""path"": ""/Users/zhouzixiang/Desktop/zac/ZAC_zzx/results/physical_ga_main_v1/protocol.json"", ""sha256"": ""9bb0ae97d2f3f1536a5c496a65fe2e21e2192ce20830979dd75b30b0a3148fc7""}","{""bytes"": 1279, ""path"": ""/Users/zhouzixiang/Desktop/zac/ZAC_zzx/results/physical_ga_main_v1/receipts/7a422c31684da3e6-s0-ga_h2.json"", ""sha256"": ""64e9842aa05b4c55e4d68acc3b9e76897532bf06125e4c412041bba35dc3b199""}",9bb0ae97d2f3f1536a5c496a65fe2e21e2192ce20830979dd75b30b0a3148fc7,d1fab3aaa092939e281636e5182865245c839b6f137f7762fc773e601882716a,valid_fidelity,,,,,,,
qmap154,alu-v1_28,1,7a422c31684da3e6854600d1c69901b391b2a7ddcf39fc3caada4e1000f7d33e,7a422c31684da3e6-s1-ga_h2,success,False,"{""fidelity"": 0.8240134251559833, ""idle_exposures"": 11.0, ""log_atom_transfer"": -0.054027018013510855, ""log_coherence_linear"": -0.01157972299768203, ""log_fidelity"": -0.19356845654036103, ""log_idle_excitation"": -0.027534432399303248, ""move_batches"": 25.0, ""move_time_us"": 2602.138509286896, ""transfers"": 54.0}",True,False,fresh,fresh,success,7a422c31684da3e6854600d1c69901b391b2a7ddcf39fc3caada4e1000f7d33e,"{""bytes"": 623467, ""path"": ""/Users/zhouzixiang/Desktop/zac/ZAC_zzx/results/physical_ga_main_v1/protocol.json"", ""sha256"": ""9bb0ae97d2f3f1536a5c496a65fe2e21e2192ce20830979dd75b30b0a3148fc7""}","{""bytes"": 1281, ""path"": ""/Users/zhouzixiang/Desktop/zac/ZAC_zzx/results/physical_ga_main_v1/receipts/7a422c31684da3e6-s1-ga_h2.json"", ""sha256"": ""3c597e1a2b42d542d0b25dd5a1f94d5562e88aa72633b39295a39a3ccca4657f""}",9bb0ae97d2f3f1536a5c496a65fe2e21e2192ce20830979dd75b30b0a3148fc7,d1fab3aaa092939e281636e5182865245c839b6f137f7762fc773e601882716a,valid_fidelity,,,,,,,
qmap154,alu-v1_28,2,7a422c31684da3e6854600d1c69901b391b2a7ddcf39fc3caada4e1000f7d33e,7a422c31684da3e6-s2-ga_h2,success,False,"{""fidelity"": 0.8240117893245604, ""idle_exposures"": 11.0, ""log_atom_transfer"": -0.054027018013510855, ""log_coherence_linear"": -0.011581708199617794, ""log_fidelity"": -0.1935704417422968, ""log_idle_excitation"": -0.027534432399303248, ""move_batches"": 25.0, ""move_time_us"": 2602.7326920583464, ""transfers"": 54.0}",True,False,fresh,fresh,success,7a422c31684da3e6854600d1c69901b391b2a7ddcf39fc3caada4e1000f7d33e,"{""bytes"": 623467, ""path"": ""/Users/zhouzixiang/Desktop/zac/ZAC_zzx/results/physical_ga_main_v1/protocol.json"", ""sha256"": ""9bb0ae97d2f3f1536a5c496a65fe2e21e2192ce20830979dd75b30b0a3148fc7""}","{""bytes"": 1279, ""path"": ""/Users/zhouzixiang/Desktop/zac/ZAC_zzx/results/physical_ga_main_v1/receipts/7a422c31684da3e6-s2-ga_h2.json"", ""sha256"": ""727697d872b994beff74b9f56412ae4c0f1904fc86281ef050857461b49b986c""}",9bb0ae97d2f3f1536a5c496a65fe2e21e2192ce20830979dd75b30b0a3148fc7,d1fab3aaa092939e281636e5182865245c839b6f137f7762fc773e601882716a,valid_fidelity,,,,,,,
zac18,cat_n35_transpiled,0,7a6c0868d5e5299bb9152d872b95e55e6b2103d870f99ac53dcbcd1ab6718f7b,7a6c0868d5e5299b-s0-ga_h2,success,False,"{""fidelity"": 0.5724109444449164, ""idle_exposures"": 0.0, ""log_atom_transfer"": -0.13606804536736067, ""log_coherence_linear"": -0.23070053821948971, ""log_fidelity"": -0.5578981112084936, ""log_idle_excitation"": -0.0, ""move_batches"": 67.0, ""move_time_us"": 8131.911439008173, ""transfers"": 136.0}",True,False,fresh,fresh,success,7a6c0868d5e5299bb9152d872b95e55e6b2103d870f99ac53dcbcd1ab6718f7b,"{""bytes"": 623467, ""path"": ""/Users/zhouzixiang/Desktop/zac/ZAC_zzx/results/physical_ga_main_v1/protocol.json"", ""sha256"": ""9bb0ae97d2f3f1536a5c496a65fe2e21e2192ce20830979dd75b30b0a3148fc7""}","{""bytes"": 1288, ""path"": ""/Users/zhouzixiang/Desktop/zac/ZAC_zzx/results/physical_ga_main_v1/receipts/7a6c0868d5e5299b-s0-ga_h2.json"", ""sha256"": ""5270afd06c2c8226784761261248cf4e40604a5237e211b44c777e32a5b374ca""}",9bb0ae97d2f3f1536a5c496a65fe2e21e2192ce20830979dd75b30b0a3148fc7,d1fab3aaa092939e281636e5182865245c839b6f137f7762fc773e601882716a,valid_fidelity,,,,,,,
zac18,cat_n35_transpiled,1,7a6c0868d5e5299bb9152d872b95e55e6b2103d870f99ac53dcbcd1ab6718f7b,7a6c0868d5e5299b-s1-ga_h2,success,False,"{""fidelity"": 0.5741987097198705, ""idle_exposures"": 0.0, ""log_atom_transfer"": -0.13606804536736067, ""log_coherence_linear"": -0.22758218540052552, ""log_fidelity"": -0.5547797583895294, ""log_idle_excitation"": -0.0, ""move_batches"": 67.0, ""move_time_us"": 7999.139840219911, ""transfers"": 136.0}",True,False,fresh,fresh,success,7a6c0868d5e5299bb9152d872b95e55e6b2103d870f99ac53dcbcd1ab6718f7b,"{""bytes"": 623467, ""path"": ""/Users/zhouzixiang/Desktop/zac/ZAC_zzx/results/physical_ga_main_v1/protocol.json"", ""sha256"": ""9bb0ae97d2f3f1536a5c496a65fe2e21e2192ce20830979dd75b30b0a3148fc7""}","{""bytes"": 1288, ""path"": ""/Users/zhouzixiang/Desktop/zac/ZAC_zzx/results/physical_ga_main_v1/receipts/7a6c0868d5e5299b-s1-ga_h2.json"", ""sha256"": ""ba1f1599eacb869ce391edcdc5f9fe0e54543665de7c2e6a864b6252516e73da""}",9bb0ae97d2f3f1536a5c496a65fe2e21e2192ce20830979dd75b30b0a3148fc7,d1fab3aaa092939e281636e5182865245c839b6f137f7762fc773e601882716a,valid_fidelity,,,,,,,
zac18,cat_n35_transpiled,2,7a6c0868d5e5299bb9152d872b95e55e6b2103d870f99ac53dcbcd1ab6718f7b,7a6c0868d5e5299b-s2-ga_h2,success,False,"{""fidelity"": 0.5742913559203899, ""idle_exposures"": 0.0, ""log_atom_transfer"": -0.13606804536736067, ""log_coherence_linear"": -0.22742084974165983, ""log_fidelity"": -0.5546184227306638, ""log_idle_excitation"": -0.0, ""move_batches"": 67.0, ""move_time_us"": 7992.270252892533, ""transfers"": 136.0}",True,False,fresh,fresh,success,7a6c0868d5e5299bb9152d872b95e55e6b2103d870f99ac53dcbcd1ab6718f7b,"{""bytes"": 623467, ""path"": ""/Users/zhouzixiang/Desktop/zac/ZAC_zzx/results/physical_ga_main_v1/protocol.json"", ""sha256"": ""9bb0ae97d2f3f1536a5c496a65fe2e21e2192ce20830979dd75b30b0a3148fc7""}","{""bytes"": 1288, ""path"": ""/Users/zhouzixiang/Desktop/zac/ZAC_zzx/results/physical_ga_main_v1/receipts/7a6c0868d5e5299b-s2-ga_h2.json"", ""sha256"": ""390d07db0b755263b9357eba6172aaf6019e3cff487d85f2521dcdc2c3dd0f5d""}",9bb0ae97d2f3f1536a5c496a65fe2e21e2192ce20830979dd75b30b0a3148fc7,d1fab3aaa092939e281636e5182865245c839b6f137f7762fc773e601882716a,valid_fidelity,,,,,,,
qmap154,4mod5-v0_19,0,7d1896dcc5d2410f21980ed3439eddb034338ed3bc420cbd08732a56ab8a5acb,7d1896dcc5d2410f-s0-ga_h2,success,False,"{""fidelity"": 0.8416466527377409, ""idle_exposures"": 11.0, ""log_atom_transfer"": -0.04602301534484258, ""log_coherence_linear"": -0.009635537958051959, ""log_fidelity"": -0.17239500514896614, ""log_idle_excitation"": -0.027534432399303248, ""move_batches"": 22.0, ""move_time_us"": 2243.1227087147827, ""transfers"": 46.0}",True,False,fresh,fresh,success,7d1896dcc5d2410f21980ed3439eddb034338ed3bc420cbd08732a56ab8a5acb,"{""bytes"": 623467, ""path"": ""/Users/zhouzixiang/Desktop/zac/ZAC_zzx/results/physical_ga_main_v1/protocol.json"", ""sha256"": ""9bb0ae97d2f3f1536a5c496a65fe2e21e2192ce20830979dd75b30b0a3148fc7""}","{""bytes"": 1282, ""path"": ""/Users/zhouzixiang/Desktop/zac/ZAC_zzx/results/physical_ga_main_v1/receipts/7d1896dcc5d2410f-s0-ga_h2.json"", ""sha256"": ""6434c37d190f801682f57d52d9830ad2db14f56cf11b9cfc68da939824d4f72b""}",9bb0ae97d2f3f1536a5c496a65fe2e21e2192ce20830979dd75b30b0a3148fc7,d1fab3aaa092939e281636e5182865245c839b6f137f7762fc773e601882716a,valid_fidelity,,,,,,,
qmap154,4mod5-v0_19,1,7d1896dcc5d2410f21980ed3439eddb034338ed3bc420cbd08732a56ab8a5acb,7d1896dcc5d2410f-s1-ga_h2,success,False,"{""fidelity"": 0.8416466527377409, ""idle_exposures"": 11.0, ""log_atom_transfer"": -0.04602301534484258, ""log_coherence_linear"": -0.009635537958051959, ""log_fidelity"": -0.17239500514896614, ""log_idle_excitation"": -0.027534432399303248, ""move_batches"": 22.0, ""move_time_us"": 2243.1227087147827, ""transfers"": 46.0}",True,False,fresh,fresh,success,7d1896dcc5d2410f21980ed3439eddb034338ed3bc420cbd08732a56ab8a5acb,"{""bytes"": 623467, ""path"": ""/Users/zhouzixiang/Desktop/zac/ZAC_zzx/results/physical_ga_main_v1/protocol.json"", ""sha256"": ""9bb0ae97d2f3f1536a5c496a65fe2e21e2192ce20830979dd75b30b0a3148fc7""}","{""bytes"": 1282, ""path"": ""/Users/zhouzixiang/Desktop/zac/ZAC_zzx/results/physical_ga_main_v1/receipts/7d1896dcc5d2410f-s1-ga_h2.json"", ""sha256"": ""fe1f0213a025344d3630d11b96e8a3709caefa31ea4283eabea9153bb75794e4""}",9bb0ae97d2f3f1536a5c496a65fe2e21e2192ce20830979dd75b30b0a3148fc7,d1fab3aaa092939e281636e5182865245c839b6f137f7762fc773e601882716a,valid_fidelity,,,,,,,
qmap154,4mod5-v0_19,2,7d1896dcc5d2410f21980ed3439eddb034338ed3bc420cbd08732a56ab8a5acb,7d1896dcc5d2410f-s2-ga_h2,success,False,"{""fidelity"": 0.8416553934801384, ""idle_exposures"": 11.0, ""log_atom_transfer"": -0.04602301534484258, ""log_coherence_linear"": -0.009625152724555297, ""log_fidelity"": -0.17238461991546947, ""log_idle_excitation"": -0.027534432399303248, ""move_batches"": 22.0, ""move_time_us"": 2240.0131337334096, ""transfers"": 46.0}",True,False,fresh,fresh,success,7d1896dcc5d2410f21980ed3439eddb034338ed3bc420cbd08732a56ab8a5acb,"{""bytes"": 623467, ""path"": ""/Users/zhouzixiang/Desktop/zac/ZAC_zzx/results/physical_ga_main_v1/protocol.json"", ""sha256"": ""9bb0ae97d2f3f1536a5c496a65fe2e21e2192ce20830979dd75b30b0a3148fc7""}","{""bytes"": 1282, ""path"": ""/Users/zhouzixiang/Desktop/zac/ZAC_zzx/results/physical_ga_main_v1/receipts/7d1896dcc5d2410f-s2-ga_h2.json"", ""sha256"": ""a1ee9e933c817ed053f28e3f60ca57e6c1c7bd2f4b26ee06aa459b7c5e3c0a8b""}",9bb0ae97d2f3f1536a5c496a65fe2e21e2192ce20830979dd75b30b0a3148fc7,d1fab3aaa092939e281636e5182865245c839b6f137f7762fc773e601882716a,valid_fidelity,,,,,,,
qmap154,alu-v3_35,0,8005c69009fdf9618f28c60c160a00e576cac183c5a275d2382af5d76f812b14,8005c69009fdf961-s0-ga_h2,success,False,"{""fidelity"": 0.824560684441211, ""idle_exposures"": 13.0, ""log_atom_transfer"": -0.05002501667917672, ""log_coherence_linear"": -0.010811680567954986, ""log_fidelity"": -0.19290453818553083, ""log_idle_excitation"": -0.0325406928355402, ""move_batches"": 22.0, ""move_time_us"": 2201.2301597022324, ""transfers"": 50.0}",True,False,fresh,fresh,success,8005c69009fdf9618f28c60c160a00e576cac183c5a275d2382af5d76f812b14,"{""bytes"": 623467, ""path"": ""/Users/zhouzixiang/Desktop/zac/ZAC_zzx/results/physical_ga_main_v1/protocol.json"", ""sha256"": ""9bb0ae97d2f3f1536a5c496a65fe2e21e2192ce20830979dd75b30b0a3148fc7""}","{""bytes"": 1280, ""path"": ""/Users/zhouzixiang/Desktop/zac/ZAC_zzx/results/physical_ga_main_v1/receipts/8005c69009fdf961-s0-ga_h2.json"", ""sha256"": ""67682e0f229ea1d82ca0d7f773dc053e86473f5a3a998fdc7a7c282a90bfdd20""}",9bb0ae97d2f3f1536a5c496a65fe2e21e2192ce20830979dd75b30b0a3148fc7,d1fab3aaa092939e281636e5182865245c839b6f137f7762fc773e601882716a,valid_fidelity,,,,,,,
qmap154,alu-v3_35,1,8005c69009fdf9618f28c60c160a00e576cac183c5a275d2382af5d76f812b14,8005c69009fdf961-s1-ga_h2,success,False,"{""fidelity"": 0.8227325728230709, ""idle_exposures"": 13.0, ""log_atom_transfer"": -0.05202601734634379, ""log_coherence_linear"": -0.011030214717153135, ""log_fidelity"": -0.19512407300189605, ""log_idle_excitation"": -0.0325406928355402, ""move_batches"": 23.0, ""move_time_us"": 2325.0070312068524, ""transfers"": 52.0}",True,False,fresh,fresh,success,8005c69009fdf9618f28c60c160a00e576cac183c5a275d2382af5d76f812b14,"{""bytes"": 623467, ""path"": ""/Users/zhouzixiang/Desktop/zac/ZAC_zzx/results/physical_ga_main_v1/protocol.json"", ""sha256"": ""9bb0ae97d2f3f1536a5c496a65fe2e21e2192ce20830979dd75b30b0a3148fc7""}","{""bytes"": 1280, ""path"": ""/Users/zhouzixiang/Desktop/zac/ZAC_zzx/results/physical_ga_main_v1/receipts/8005c69009fdf961-s1-ga_h2.json"", ""sha256"": ""2ea05bf946559516add5d58ecf3a788f55fb5bb85bd03d251e57bf7af0b5e333""}",9bb0ae97d2f3f1536a5c496a65fe2e21e2192ce20830979dd75b30b0a3148fc7,d1fab3aaa092939e281636e5182865245c839b6f137f7762fc773e601882716a,valid_fidelity,,,,,,,
qmap154,alu-v3_35,2,8005c69009fdf9618f28c60c160a00e576cac183c5a275d2382af5d76f812b14,8005c69009fdf961-s2-ga_h2,success,False,"{""fidelity"": 0.8227325728230709, ""idle_exposures"": 13.0, ""log_atom_transfer"": -0.05202601734634379, ""log_coherence_linear"": -0.011030214717153135, ""log_fidelity"": -0.19512407300189605, ""log_idle_excitation"": -0.0325406928355402, ""move_batches"": 23.0, ""move_time_us"": 2325.0070312068524, ""transfers"": 52.0}",True,False,fresh,fresh,success,8005c69009fdf9618f28c60c160a00e576cac183c5a275d2382af5d76f812b14,"{""bytes"": 623467, ""path"": ""/Users/zhouzixiang/Desktop/zac/ZAC_zzx/results/physical_ga_main_v1/protocol.json"", ""sha256"": ""9bb0ae97d2f3f1536a5c496a65fe2e21e2192ce20830979dd75b30b0a3148fc7""}","{""bytes"": 1281, ""path"": ""/Users/zhouzixiang/Desktop/zac/ZAC_zzx/results/physical_ga_main_v1/receipts/8005c69009fdf961-s2-ga_h2.json"", ""sha256"": ""e47a0b4fc932d61a0c3945402c89dfc9e560652309be3b03ee37bbefb5fa85ef""}",9bb0ae97d2f3f1536a5c496a65fe2e21e2192ce20830979dd75b30b0a3148fc7,d1fab3aaa092939e281636e5182865245c839b6f137f7762fc773e601882716a,valid_fidelity,,,,,,,
qmap154,cm82a_208,0,8314441e90c48c8308a3339a2101e26dc418327808ac370bf91fb6603ef666dd,8314441e90c48c83-s0-ga_h2,success,False,"{""fidelity"": 0.042563391568949165, ""idle_exposures"": 192.0, ""log_atom_transfer"": -0.8124062708698299, ""log_coherence_linear"": -0.28678037443904875, ""log_fidelity"": -3.156760748003711, ""log_idle_excitation"": -0.48060100187874755, ""move_batches"": 357.0, ""move_time_us"": 36872.040144055965, ""transfers"": 812.0}",True,False,reused,fresh,success,8314441e90c48c8308a3339a2101e26dc418327808ac370bf91fb6603ef666dd,"{""bytes"": 120460, ""path"": ""/Users/zhouzixiang/Desktop/zac/ZAC_zzx/results/physical_ga_initial_v1/corrected_driver_v1/protocol.json"", ""sha256"": ""634fb00b81921a7f81494cbeaaf4749cf9fe3bcfffdbd34f6488c496ea0244d7""}","{""bytes"": 1358, ""path"": ""/Users/zhouzixiang/Desktop/zac/ZAC_zzx/results/physical_ga_initial_v1/corrected_driver_v1/receipts/8314441e90c48c83-s0-ga_h2.json"", ""sha256"": ""8b830662d0a74a315398da67ec956ff8d46ecace7897ace2cf656b3610f92986""}",634fb00b81921a7f81494cbeaaf4749cf9fe3bcfffdbd34f6488c496ea0244d7,715e166529a9198763afc2134df560a1133fc23906da0285528991c343baaa46,valid_fidelity,,,,,,,
qmap154,cm82a_208,1,8314441e90c48c8308a3339a2101e26dc418327808ac370bf91fb6603ef666dd,8314441e90c48c83-s1-ga_h2,success,False,"{""fidelity"": 0.0427264315935691, ""idle_exposures"": 192.0, ""log_atom_transfer"": -0.8104052702026628, ""log_coherence_linear"": -0.2849581704806393, ""log_fidelity"": -3.1529375433781346, ""log_idle_excitation"": -0.48060100187874755, ""move_batches"": 353.0, ""move_time_us"": 35886.21413272214, ""transfers"": 810.0}",True,False,reused,fresh,success,8314441e90c48c8308a3339a2101e26dc418327808ac370bf91fb6603ef666dd,"{""bytes"": 120460, ""path"": ""/Users/zhouzixiang/Desktop/zac/ZAC_zzx/results/physical_ga_initial_v1/corrected_driver_v1/protocol.json"", ""sha256"": ""634fb00b81921a7f81494cbeaaf4749cf9fe3bcfffdbd34f6488c496ea0244d7""}","{""bytes"": 1358, ""path"": ""/Users/zhouzixiang/Desktop/zac/ZAC_zzx/results/physical_ga_initial_v1/corrected_driver_v1/receipts/8314441e90c48c83-s1-ga_h2.json"", ""sha256"": ""32aaaef025672aa78bac1349dcdde7100006c5f20e3c8b5735e02efb58a3a119""}",634fb00b81921a7f81494cbeaaf4749cf9fe3bcfffdbd34f6488c496ea0244d7,715e166529a9198763afc2134df560a1133fc23906da0285528991c343baaa46,valid_fidelity,,,,,,,
qmap154,cm82a_208,2,8314441e90c48c8308a3339a2101e26dc418327808ac370bf91fb6603ef666dd,8314441e90c48c83-s2-ga_h2,success,False,"{""fidelity"": 0.042261557039854444, ""idle_exposures"": 194.0, ""log_atom_transfer"": -0.8124062708698299, ""log_coherence_linear"": -0.28889078917829786, ""log_fidelity"": -3.1638774231791973, ""log_idle_excitation"": -0.4856072623149845, ""move_batches"": 361.0, ""move_time_us"": 36900.2248792162, ""transfers"": 812.0}",True,False,reused,fresh,success,8314441e90c48c8308a3339a2101e26dc418327808ac370bf91fb6603ef666dd,"{""bytes"": 120460, ""path"": ""/Users/zhouzixiang/Desktop/zac/ZAC_zzx/results/physical_ga_initial_v1/corrected_driver_v1/protocol.json"", ""sha256"": ""634fb00b81921a7f81494cbeaaf4749cf9fe3bcfffdbd34f6488c496ea0244d7""}","{""bytes"": 1358, ""path"": ""/Users/zhouzixiang/Desktop/zac/ZAC_zzx/results/physical_ga_initial_v1/corrected_driver_v1/receipts/8314441e90c48c83-s2-ga_h2.json"", ""sha256"": ""a149325654fc4d0fba93ff307c22235f03fa28912ef208b6d0caa0c5eeef00bb""}",634fb00b81921a7f81494cbeaaf4749cf9fe3bcfffdbd34f6488c496ea0244d7,715e166529a9198763afc2134df560a1133fc23906da0285528991c343baaa46,valid_fidelity,,,,,,,
qmap154,4gt5_77,0,86f25b05a4edb7fc286f425c98d2846447278adb82c6989aeb115afe8cfdb2e0,86f25b05a4edb7fc-s0-ga_h2,success,False,"{""fidelity"": 0.5410040423204047, ""idle_exposures"": 36.0, ""log_atom_transfer"": -0.16408205470769963, ""log_coherence_linear"": -0.03670145391522161, ""log_fidelity"": -0.6143285282219721, ""log_idle_excitation"": -0.09011268785226517, ""move_batches"": 74.0, ""move_time_us"": 8305.62352739138, ""transfers"": 164.0}",True,False,fresh,fresh,success,86f25b05a4edb7fc286f425c98d2846447278adb82c6989aeb115afe8cfdb2e0,"{""bytes"": 623467, ""path"": ""/Users/zhouzixiang/Desktop/zac/ZAC_zzx/results/physical_ga_main_v1/protocol.json"", ""sha256"": ""9bb0ae97d2f3f1536a5c496a65fe2e21e2192ce20830979dd75b30b0a3148fc7""}","{""bytes"": 1279, ""path"": ""/Users/zhouzixiang/Desktop/zac/ZAC_zzx/results/physical_ga_main_v1/receipts/86f25b05a4edb7fc-s0-ga_h2.json"", ""sha256"": ""326bdc611724bf4d342d30fb806da5899072351721c892007e59de399ad17bff""}",9bb0ae97d2f3f1536a5c496a65fe2e21e2192ce20830979dd75b30b0a3148fc7,d1fab3aaa092939e281636e5182865245c839b6f137f7762fc773e601882716a,valid_fidelity,,,,,,,
qmap154,4gt5_77,1,86f25b05a4edb7fc286f425c98d2846447278adb82c6989aeb115afe8cfdb2e0,86f25b05a4edb7fc-s1-ga_h2,success,False,"{""fidelity"": 0.5410136105103285, ""idle_exposures"": 36.0, ""log_atom_transfer"": -0.16408205470769963, ""log_coherence_linear"": -0.036683768085606805, ""log_fidelity"": -0.6143108423923573, ""log_idle_excitation"": -0.09011268785226517, ""move_batches"": 74.0, ""move_time_us"": 8300.356572582721, ""transfers"": 164.0}",True,False,fresh,fresh,success,86f25b05a4edb7fc286f425c98d2846447278adb82c6989aeb115afe8cfdb2e0,"{""bytes"": 623467, ""path"": ""/Users/zhouzixiang/Desktop/zac/ZAC_zzx/results/physical_ga_main_v1/protocol.json"", ""sha256"": ""9bb0ae97d2f3f1536a5c496a65fe2e21e2192ce20830979dd75b30b0a3148fc7""}","{""bytes"": 1279, ""path"": ""/Users/zhouzixiang/Desktop/zac/ZAC_zzx/results/physical_ga_main_v1/receipts/86f25b05a4edb7fc-s1-ga_h2.json"", ""sha256"": ""64b85bc272b60853294f750b7e4cba8b342ced72be7806f6a6c0623e28b84aa1""}",9bb0ae97d2f3f1536a5c496a65fe2e21e2192ce20830979dd75b30b0a3148fc7,d1fab3aaa092939e281636e5182865245c839b6f137f7762fc773e601882716a,valid_fidelity,,,,,,,
qmap154,4gt5_77,2,86f25b05a4edb7fc286f425c98d2846447278adb82c6989aeb115afe8cfdb2e0,86f25b05a4edb7fc-s2-ga_h2,success,False,"{""fidelity"": 0.5403675622998884, ""idle_exposures"": 36.0, ""log_atom_transfer"": -0.16808405604203377, ""log_coherence_linear"": -0.03387662440840006, ""log_fidelity"": -0.6155057000494848, ""log_idle_excitation"": -0.09011268785226517, ""move_batches"": 76.0, ""move_time_us"": 7714.307102303112, ""transfers"": 168.0}",True,False,fresh,fresh,success,86f25b05a4edb7fc286f425c98d2846447278adb82c6989aeb115afe8cfdb2e0,"{""bytes"": 623467, ""path"": ""/Users/zhouzixiang/Desktop/zac/ZAC_zzx/results/physical_ga_main_v1/protocol.json"", ""sha256"": ""9bb0ae97d2f3f1536a5c496a65fe2e21e2192ce20830979dd75b30b0a3148fc7""}","{""bytes"": 1279, ""path"": ""/Users/zhouzixiang/Desktop/zac/ZAC_zzx/results/physical_ga_main_v1/receipts/86f25b05a4edb7fc-s2-ga_h2.json"", ""sha256"": ""f4528959fc9da92b6fd82bc09ad917273ec89efdc093eb42f32c320fb021b652""}",9bb0ae97d2f3f1536a5c496a65fe2e21e2192ce20830979dd75b30b0a3148fc7,d1fab3aaa092939e281636e5182865245c839b6f137f7762fc773e601882716a,valid_fidelity,,,,,,,
qmap154,urf6_160,0,880954c5d99eb11659dc5546165525c3911fe05965a70e40c276522a6acd69ab,880954c5d99eb116-s0-ga_h2,success,True,"{""fidelity"": null, ""idle_exposures"": 54819.0, ""log_atom_transfer"": -215.2296327611571, ""log_coherence_linear"": null, ""log_fidelity"": null, ""log_idle_excitation"": -137.2190954270368, ""move_batches"": 100466.0, ""move_time_us"": 10213896.926719407, ""transfers"": 215122.0}",False,False,fresh,fresh,success,880954c5d99eb11659dc5546165525c3911fe05965a70e40c276522a6acd69ab,"{""bytes"": 623467, ""path"": ""/Users/zhouzixiang/Desktop/zac/ZAC_zzx/results/physical_ga_main_v1/protocol.json"", ""sha256"": ""9bb0ae97d2f3f1536a5c496a65fe2e21e2192ce20830979dd75b30b0a3148fc7""}","{""bytes"": 1285, ""path"": ""/Users/zhouzixiang/Desktop/zac/ZAC_zzx/results/physical_ga_main_v1/receipts/880954c5d99eb116-s0-ga_h2.json"", ""sha256"": ""60d35a231fce3c2160b3316ad2ab3f0814d4efbca85d1a7588d4fce9e83091f1""}",9bb0ae97d2f3f1536a5c496a65fe2e21e2192ce20830979dd75b30b0a3148fc7,d1fab3aaa092939e281636e5182865245c839b6f137f7762fc773e601882716a,model_out_of_domain,,,,,,,
qmap154,urf6_160,1,880954c5d99eb11659dc5546165525c3911fe05965a70e40c276522a6acd69ab,880954c5d99eb116-s1-ga_h2,success,True,"{""fidelity"": null, ""idle_exposures"": 55177.0, ""log_atom_transfer"": -213.76690127345796, ""log_coherence_linear"": null, ""log_fidelity"": null, ""log_idle_excitation"": -138.1152160451232, ""move_batches"": 100085.0, ""move_time_us"": 10056700.653462369, ""transfers"": 213660.0}",False,False,fresh,fresh,success,880954c5d99eb11659dc5546165525c3911fe05965a70e40c276522a6acd69ab,"{""bytes"": 623467, ""path"": ""/Users/zhouzixiang/Desktop/zac/ZAC_zzx/results/physical_ga_main_v1/protocol.json"", ""sha256"": ""9bb0ae97d2f3f1536a5c496a65fe2e21e2192ce20830979dd75b30b0a3148fc7""}","{""bytes"": 1286, ""path"": ""/Users/zhouzixiang/Desktop/zac/ZAC_zzx/results/physical_ga_main_v1/receipts/880954c5d99eb116-s1-ga_h2.json"", ""sha256"": ""496db388902d423d1e580473b0634fae17d6f666645fe47a3000471fffd5c873""}",9bb0ae97d2f3f1536a5c496a65fe2e21e2192ce20830979dd75b30b0a3148fc7,d1fab3aaa092939e281636e5182865245c839b6f137f7762fc773e601882716a,model_out_of_domain,,,,,,,
qmap154,urf6_160,2,880954c5d99eb11659dc5546165525c3911fe05965a70e40c276522a6acd69ab,880954c5d99eb116-s2-ga_h2,success,True,"{""fidelity"": null, ""idle_exposures"": 54909.0, ""log_atom_transfer"": -214.13708639688386, ""log_coherence_linear"": null, ""log_fidelity"": null, ""log_idle_excitation"": -137.44437714666745, ""move_batches"": 100173.0, ""move_time_us"": 10107534.46559251, ""transfers"": 214030.0}",False,False,fresh,fresh,success,880954c5d99eb11659dc5546165525c3911fe05965a70e40c276522a6acd69ab,"{""bytes"": 623467, ""path"": ""/Users/zhouzixiang/Desktop/zac/ZAC_zzx/results/physical_ga_main_v1/protocol.json"", ""sha256"": ""9bb0ae97d2f3f1536a5c496a65fe2e21e2192ce20830979dd75b30b0a3148fc7""}","{""bytes"": 1286, ""path"": ""/Users/zhouzixiang/Desktop/zac/ZAC_zzx/results/physical_ga_main_v1/receipts/880954c5d99eb116-s2-ga_h2.json"", ""sha256"": ""cf6791a8ff404cdc7a794df5e47796a6bcd8658b9e80ed9b197f2df724cfac6e""}",9bb0ae97d2f3f1536a5c496a65fe2e21e2192ce20830979dd75b30b0a3148fc7,d1fab3aaa092939e281636e5182865245c839b6f137f7762fc773e601882716a,model_out_of_domain,,,,,,,
zac18,multiply_n13_transpiled,0,8a6d2f76bca6bb915cf3ac1f9aac19a83963cb57ca850c44065a081f61c03370,8a6d2f76bca6bb91-s0-ga_h2,success,False,"{""fidelity"": 0.6485322767157602, ""idle_exposures"": 19.0, ""log_atom_transfer"": -0.11405703802852292, ""log_coherence_linear"": -0.05502293452981001, ""log_fidelity"": -0.43304350512146106, ""log_idle_excitation"": -0.04755947414425106, ""move_batches"": 45.0, ""move_time_us"": 4974.943643499314, ""transfers"": 114.0}",True,False,fresh,fresh,success,8a6d2f76bca6bb915cf3ac1f9aac19a83963cb57ca850c44065a081f61c03370,"{""bytes"": 623467, ""path"": ""/Users/zhouzixiang/Desktop/zac/ZAC_zzx/results/physical_ga_main_v1/protocol.json"", ""sha256"": ""9bb0ae97d2f3f1536a5c496a65fe2e21e2192ce20830979dd75b30b0a3148fc7""}","{""bytes"": 1293, ""path"": ""/Users/zhouzixiang/Desktop/zac/ZAC_zzx/results/physical_ga_main_v1/receipts/8a6d2f76bca6bb91-s0-ga_h2.json"", ""sha256"": ""0d6133e39f8419a4a621bf5818aa7f53368cbaf22f6afa3d161b8567695e59e0""}",9bb0ae97d2f3f1536a5c496a65fe2e21e2192ce20830979dd75b30b0a3148fc7,d1fab3aaa092939e281636e5182865245c839b6f137f7762fc773e601882716a,valid_fidelity,,,,,,,
zac18,multiply_n13_transpiled,1,8a6d2f76bca6bb915cf3ac1f9aac19a83963cb57ca850c44065a081f61c03370,8a6d2f76bca6bb91-s1-ga_h2,success,False,"{""fidelity"": 0.6492431189081955, ""idle_exposures"": 17.0, ""log_atom_transfer"": -0.11405703802852292, ""log_coherence_linear"": -0.05893371686418001, ""log_fidelity"": -0.4319480270195941, ""log_idle_excitation"": -0.042553213708014105, ""move_batches"": 49.0, ""move_time_us"": 5169.557317522817, ""transfers"": 114.0}",True,False,fresh,fresh,success,8a6d2f76bca6bb915cf3ac1f9aac19a83963cb57ca850c44065a081f61c03370,"{""bytes"": 623467, ""path"": ""/Users/zhouzixiang/Desktop/zac/ZAC_zzx/results/physical_ga_main_v1/protocol.json"", ""sha256"": ""9bb0ae97d2f3f1536a5c496a65fe2e21e2192ce20830979dd75b30b0a3148fc7""}","{""bytes"": 1293, ""path"": ""/Users/zhouzixiang/Desktop/zac/ZAC_zzx/results/physical_ga_main_v1/receipts/8a6d2f76bca6bb91-s1-ga_h2.json"", ""sha256"": ""2022829d42a2f7008c6e724ee8af0c63a5f4f515e0ae17677e5f69ea08912e26""}",9bb0ae97d2f3f1536a5c496a65fe2e21e2192ce20830979dd75b30b0a3148fc7,d1fab3aaa092939e281636e5182865245c839b6f137f7762fc773e601882716a,valid_fidelity,,,,,,,
zac18,multiply_n13_transpiled,2,8a6d2f76bca6bb915cf3ac1f9aac19a83963cb57ca850c44065a081f61c03370,8a6d2f76bca6bb91-s2-ga_h2,success,False,"{""fidelity"": 0.6532141060428299, ""idle_exposures"": 17.0, ""log_atom_transfer"": -0.11405703802852292, ""log_coherence_linear"": -0.05283601267450338, ""log_fidelity"": -0.42585032282991747, ""log_idle_excitation"": -0.042553213708014105, ""move_batches"": 43.0, ""move_time_us"": 4649.564913171084, ""transfers"": 114.0}",True,False,fresh,fresh,success,8a6d2f76bca6bb915cf3ac1f9aac19a83963cb57ca850c44065a081f61c03370,"{""bytes"": 623467, ""path"": ""/Users/zhouzixiang/Desktop/zac/ZAC_zzx/results/physical_ga_main_v1/protocol.json"", ""sha256"": ""9bb0ae97d2f3f1536a5c496a65fe2e21e2192ce20830979dd75b30b0a3148fc7""}","{""bytes"": 1292, ""path"": ""/Users/zhouzixiang/Desktop/zac/ZAC_zzx/results/physical_ga_main_v1/receipts/8a6d2f76bca6bb91-s2-ga_h2.json"", ""sha256"": ""cb1116e4093d09ef947a1e9adb678778653622db05c67f4aeb4a298e1a3d8a52""}",9bb0ae97d2f3f1536a5c496a65fe2e21e2192ce20830979dd75b30b0a3148fc7,d1fab3aaa092939e281636e5182865245c839b6f137f7762fc773e601882716a,valid_fidelity,,,,,,,
qmap154,mod10_176,0,8dd641baf48f55eb172b86f9b05a182576f0a52226d20cb90648426e4be1ced7,8dd641baf48f55eb-s0-ga_h2,success,False,"{""fidelity"": 0.43341296776244687, ""idle_exposures"": 52.0, ""log_atom_transfer"": -0.22211107405554462, ""log_coherence_linear"": -0.04840550035863252, ""log_fidelity"": -0.8360642693250872, ""log_idle_excitation"": -0.1301627713421608, ""move_batches"": 101.0, ""move_time_us"": 10490.755274024792, ""transfers"": 222.0}",True,False,fresh,fresh,success,8dd641baf48f55eb172b86f9b05a182576f0a52226d20cb90648426e4be1ced7,"{""bytes"": 623467, ""path"": ""/Users/zhouzixiang/Desktop/zac/ZAC_zzx/results/physical_ga_main_v1/protocol.json"", ""sha256"": ""9bb0ae97d2f3f1536a5c496a65fe2e21e2192ce20830979dd75b30b0a3148fc7""}","{""bytes"": 1280, ""path"": ""/Users/zhouzixiang/Desktop/zac/ZAC_zzx/results/physical_ga_main_v1/receipts/8dd641baf48f55eb-s0-ga_h2.json"", ""sha256"": ""4e12a764ae4d5686911f66b326967fdc825a4ba3cebcc1e6728755a49c5ebcf7""}",9bb0ae97d2f3f1536a5c496a65fe2e21e2192ce20830979dd75b30b0a3148fc7,d1fab3aaa092939e281636e5182865245c839b6f137f7762fc773e601882716a,valid_fidelity,,,,,,,
qmap154,mod10_176,1,8dd641baf48f55eb172b86f9b05a182576f0a52226d20cb90648426e4be1ced7,8dd641baf48f55eb-s1-ga_h2,success,False,"{""fidelity"": 0.4314723413486703, ""idle_exposures"": 52.0, ""log_atom_transfer"": -0.22611307538987876, ""log_coherence_linear"": -0.04889109905661745, ""log_fidelity"": -0.8405518693574062, ""log_idle_excitation"": -0.1301627713421608, ""move_batches"": 105.0, ""move_time_us"": 10569.163106603915, ""transfers"": 226.0}",True,False,fresh,fresh,success,8dd641baf48f55eb172b86f9b05a182576f0a52226d20cb90648426e4be1ced7,"{""bytes"": 623467, ""path"": ""/Users/zhouzixiang/Desktop/zac/ZAC_zzx/results/physical_ga_main_v1/protocol.json"", ""sha256"": ""9bb0ae97d2f3f1536a5c496a65fe2e21e2192ce20830979dd75b30b0a3148fc7""}","{""bytes"": 1280, ""path"": ""/Users/zhouzixiang/Desktop/zac/ZAC_zzx/results/physical_ga_main_v1/receipts/8dd641baf48f55eb-s1-ga_h2.json"", ""sha256"": ""165607da37479f8c543ee289b42022e902e6ca0e4a73662d284c5b5c38e16472""}",9bb0ae97d2f3f1536a5c496a65fe2e21e2192ce20830979dd75b30b0a3148fc7,d1fab3aaa092939e281636e5182865245c839b6f137f7762fc773e601882716a,valid_fidelity,,,,,,,
qmap154,mod10_176,2,8dd641baf48f55eb172b86f9b05a182576f0a52226d20cb90648426e4be1ced7,8dd641baf48f55eb-s2-ga_h2,success,False,"{""fidelity"": 0.43341296776244687, ""idle_exposures"": 52.0, ""log_atom_transfer"": -0.22211107405554462, ""log_coherence_linear"": -0.04840550035863252, ""log_fidelity"": -0.8360642693250872, ""log_idle_excitation"": -0.1301627713421608, ""move_batches"": 101.0, ""move_time_us"": 10490.755274024792, ""transfers"": 222.0}",True,False,fresh,fresh,success,8dd641baf48f55eb172b86f9b05a182576f0a52226d20cb90648426e4be1ced7,"{""bytes"": 623467, ""path"": ""/Users/zhouzixiang/Desktop/zac/ZAC_zzx/results/physical_ga_main_v1/protocol.json"", ""sha256"": ""9bb0ae97d2f3f1536a5c496a65fe2e21e2192ce20830979dd75b30b0a3148fc7""}","{""bytes"": 1281, ""path"": ""/Users/zhouzixiang/Desktop/zac/ZAC_zzx/results/physical_ga_main_v1/receipts/8dd641baf48f55eb-s2-ga_h2.json"", ""sha256"": ""c1da8ebf923f3a07ed49c5211b27baa1b42c7f75738619e3e7e0da41b327d84a""}",9bb0ae97d2f3f1536a5c496a65fe2e21e2192ce20830979dd75b30b0a3148fc7,d1fab3aaa092939e281636e5182865245c839b6f137f7762fc773e601882716a,valid_fidelity,,,,,,,
qmap154,4gt11_83,0,8e33e885ddd96f3b57ede11f90be05bae3c461df4b9fb1670d222413068d2d44,8e33e885ddd96f3b-s0-ga_h2,success,False,"{""fidelity"": 0.8747681167700555, ""idle_exposures"": 6.0, ""log_atom_transfer"": -0.03401701134184017, ""log_coherence_linear"": -0.007684023764154207, ""log_fidelity"": -0.13379643715137107, ""log_idle_excitation"": -0.01501878130871086, ""move_batches"": 16.0, ""move_time_us"": 1653.96388511023, ""transfers"": 34.0}",True,False,fresh,fresh,success,8e33e885ddd96f3b57ede11f90be05bae3c461df4b9fb1670d222413068d2d44,"{""bytes"": 623467, ""path"": ""/Users/zhouzixiang/Desktop/zac/ZAC_zzx/results/physical_ga_main_v1/protocol.json"", ""sha256"": ""9bb0ae97d2f3f1536a5c496a65fe2e21e2192ce20830979dd75b30b0a3148fc7""}","{""bytes"": 1280, ""path"": ""/Users/zhouzixiang/Desktop/zac/ZAC_zzx/results/physical_ga_main_v1/receipts/8e33e885ddd96f3b-s0-ga_h2.json"", ""sha256"": ""564c04928bf1a3b735b6eef93495535661c09597a4b75e656445f133d91f6206""}",9bb0ae97d2f3f1536a5c496a65fe2e21e2192ce20830979dd75b30b0a3148fc7,d1fab3aaa092939e281636e5182865245c839b6f137f7762fc773e601882716a,valid_fidelity,,,,,,,
qmap154,4gt11_83,1,8e33e885ddd96f3b57ede11f90be05bae3c461df4b9fb1670d222413068d2d44,8e33e885ddd96f3b-s1-ga_h2,success,False,"{""fidelity"": 0.8747813105288627, ""idle_exposures"": 6.0, ""log_atom_transfer"": -0.03401701134184017, ""log_coherence_linear"": -0.007668941299376189, ""log_fidelity"": -0.13378135468659305, ""log_idle_excitation"": -0.01501878130871086, ""move_batches"": 16.0, ""move_time_us"": 1649.4460871901024, ""transfers"": 34.0}",True,False,fresh,fresh,success,8e33e885ddd96f3b57ede11f90be05bae3c461df4b9fb1670d222413068d2d44,"{""bytes"": 623467, ""path"": ""/Users/zhouzixiang/Desktop/zac/ZAC_zzx/results/physical_ga_main_v1/protocol.json"", ""sha256"": ""9bb0ae97d2f3f1536a5c496a65fe2e21e2192ce20830979dd75b30b0a3148fc7""}","{""bytes"": 1279, ""path"": ""/Users/zhouzixiang/Desktop/zac/ZAC_zzx/results/physical_ga_main_v1/receipts/8e33e885ddd96f3b-s1-ga_h2.json"", ""sha256"": ""eaf9fcadfc13efec433cd1d97322893d25de20cef765dfd7032a36eb03031325""}",9bb0ae97d2f3f1536a5c496a65fe2e21e2192ce20830979dd75b30b0a3148fc7,d1fab3aaa092939e281636e5182865245c839b6f137f7762fc773e601882716a,valid_fidelity,,,,,,,
qmap154,4gt11_83,2,8e33e885ddd96f3b57ede11f90be05bae3c461df4b9fb1670d222413068d2d44,8e33e885ddd96f3b-s2-ga_h2,success,False,"{""fidelity"": 0.8747681167700555, ""idle_exposures"": 6.0, ""log_atom_transfer"": -0.03401701134184017, ""log_coherence_linear"": -0.007684023764154207, ""log_fidelity"": -0.13379643715137107, ""log_idle_excitation"": -0.01501878130871086, ""move_batches"": 16.0, ""move_time_us"": 1653.96388511023, ""transfers"": 34.0}",True,False,fresh,fresh,success,8e33e885ddd96f3b57ede11f90be05bae3c461df4b9fb1670d222413068d2d44,"{""bytes"": 623467, ""path"": ""/Users/zhouzixiang/Desktop/zac/ZAC_zzx/results/physical_ga_main_v1/protocol.json"", ""sha256"": ""9bb0ae97d2f3f1536a5c496a65fe2e21e2192ce20830979dd75b30b0a3148fc7""}","{""bytes"": 1280, ""path"": ""/Users/zhouzixiang/Desktop/zac/ZAC_zzx/results/physical_ga_main_v1/receipts/8e33e885ddd96f3b-s2-ga_h2.json"", ""sha256"": ""9a798a073db626caac5e36cbab234e172e3808526bdfaaf893dc8f6467d4c3d0""}",9bb0ae97d2f3f1536a5c496a65fe2e21e2192ce20830979dd75b30b0a3148fc7,d1fab3aaa092939e281636e5182865245c839b6f137f7762fc773e601882716a,valid_fidelity,,,,,,,
qmap154,mod5d1_63,0,8f646fba050365ee2bd40785201080ab4d94bb85dfd7caae056eb74513b04579,8f646fba050365ee-s0-ga_h2,success,False,"{""fidelity"": 0.8721338210336594, ""idle_exposures"": 8.0, ""log_atom_transfer"": -0.03801901267617431, ""log_coherence_linear"": -0.007304359043246161, ""log_fidelity"": -0.13681240235948583, ""log_idle_excitation"": -0.020025041744947816, ""move_batches"": 16.0, ""move_time_us"": 1740.3650686677524, ""transfers"": 38.0}",True,False,fresh,fresh,success,8f646fba050365ee2bd40785201080ab4d94bb85dfd7caae056eb74513b04579,"{""bytes"": 623467, ""path"": ""/Users/zhouzixiang/Desktop/zac/ZAC_zzx/results/physical_ga_main_v1/protocol.json"", ""sha256"": ""9bb0ae97d2f3f1536a5c496a65fe2e21e2192ce20830979dd75b30b0a3148fc7""}","{""bytes"": 1280, ""path"": ""/Users/zhouzixiang/Desktop/zac/ZAC_zzx/results/physical_ga_main_v1/receipts/8f646fba050365ee-s0-ga_h2.json"", ""sha256"": ""ad2640c03924db436ea2001dae9f7b8099477f25a8abd796645d244ba8d3742d""}",9bb0ae97d2f3f1536a5c496a65fe2e21e2192ce20830979dd75b30b0a3148fc7,d1fab3aaa092939e281636e5182865245c839b6f137f7762fc773e601882716a,valid_fidelity,,,,,,,
qmap154,mod5d1_63,1,8f646fba050365ee2bd40785201080ab4d94bb85dfd7caae056eb74513b04579,8f646fba050365ee-s1-ga_h2,success,False,"{""fidelity"": 0.8721240829508582, ""idle_exposures"": 8.0, ""log_atom_transfer"": -0.03801901267617431, ""log_coherence_linear"": -0.007315524918176756, ""log_fidelity"": -0.13682356823441644, ""log_idle_excitation"": -0.020025041744947816, ""move_batches"": 17.0, ""move_time_us"": 1743.3504740162982, ""transfers"": 38.0}",True,False,fresh,fresh,success,8f646fba050365ee2bd40785201080ab4d94bb85dfd7caae056eb74513b04579,"{""bytes"": 623467, ""path"": ""/Users/zhouzixiang/Desktop/zac/ZAC_zzx/results/physical_ga_main_v1/protocol.json"", ""sha256"": ""9bb0ae97d2f3f1536a5c496a65fe2e21e2192ce20830979dd75b30b0a3148fc7""}","{""bytes"": 1280, ""path"": ""/Users/zhouzixiang/Desktop/zac/ZAC_zzx/results/physical_ga_main_v1/receipts/8f646fba050365ee-s1-ga_h2.json"", ""sha256"": ""6688407381cebf14803b9cee8ef3b71f1c97f97e92d86f44dd30e034fce20547""}",9bb0ae97d2f3f1536a5c496a65fe2e21e2192ce20830979dd75b30b0a3148fc7,d1fab3aaa092939e281636e5182865245c839b6f137f7762fc773e601882716a,valid_fidelity,,,,,,,
qmap154,mod5d1_63,2,8f646fba050365ee2bd40785201080ab4d94bb85dfd7caae056eb74513b04579,8f646fba050365ee-s2-ga_h2,success,False,"{""fidelity"": 0.8721334492757347, ""idle_exposures"": 8.0, ""log_atom_transfer"": -0.03801901267617431, ""log_coherence_linear"": -0.007304785305816205, ""log_fidelity"": -0.13681282862205588, ""log_idle_excitation"": -0.020025041744947816, ""move_batches"": 16.0, ""move_time_us"": 1740.4919838317242, ""transfers"": 38.0}",True,False,fresh,fresh,success,8f646fba050365ee2bd40785201080ab4d94bb85dfd7caae056eb74513b04579,"{""bytes"": 623467, ""path"": ""/Users/zhouzixiang/Desktop/zac/ZAC_zzx/results/physical_ga_main_v1/protocol.json"", ""sha256"": ""9bb0ae97d2f3f1536a5c496a65fe2e21e2192ce20830979dd75b30b0a3148fc7""}","{""bytes"": 1280, ""path"": ""/Users/zhouzixiang/Desktop/zac/ZAC_zzx/results/physical_ga_main_v1/receipts/8f646fba050365ee-s2-ga_h2.json"", ""sha256"": ""b4f1313fcbf93b8eddea04346300d35d6fa83394c698c37ff813f5df91004cc8""}",9bb0ae97d2f3f1536a5c496a65fe2e21e2192ce20830979dd75b30b0a3148fc7,d1fab3aaa092939e281636e5182865245c839b6f137f7762fc773e601882716a,valid_fidelity,,,,,,,
qmap154,rd84_142,0,905244f2543b366d276cc748f223b549e8c6712f4b686c6295e2e70e4df2d908,905244f2543b366d-s0-ga_h2,success,False,"{""fidelity"": 0.15753410139824353, ""idle_exposures"": 124.0, ""log_atom_transfer"": -0.40220113410058084, ""log_coherence_linear"": -0.27717964277292123, ""log_fidelity"": -1.8481133273385872, ""log_idle_excitation"": -0.31038814704669115, ""move_batches"": 159.0, ""move_time_us"": 18251.48459853233, ""transfers"": 402.0}",True,False,fresh,fresh,success,905244f2543b366d276cc748f223b549e8c6712f4b686c6295e2e70e4df2d908,"{""bytes"": 623467, ""path"": ""/Users/zhouzixiang/Desktop/zac/ZAC_zzx/results/physical_ga_main_v1/protocol.json"", ""sha256"": ""9bb0ae97d2f3f1536a5c496a65fe2e21e2192ce20830979dd75b30b0a3148fc7""}","{""bytes"": 1280, ""path"": ""/Users/zhouzixiang/Desktop/zac/ZAC_zzx/results/physical_ga_main_v1/receipts/905244f2543b366d-s0-ga_h2.json"", ""sha256"": ""23b9c150a6bb9cf878c6da4306272e01c177f4ae19d98320d499f4e2b5cc581d""}",9bb0ae97d2f3f1536a5c496a65fe2e21e2192ce20830979dd75b30b0a3148fc7,d1fab3aaa092939e281636e5182865245c839b6f137f7762fc773e601882716a,valid_fidelity,,,,,,,
qmap154,rd84_142,1,905244f2543b366d276cc748f223b549e8c6712f4b686c6295e2e70e4df2d908,905244f2543b366d-s1-ga_h2,success,False,"{""fidelity"": 0.15971327916499084, ""idle_exposures"": 122.0, ""log_atom_transfer"": -0.3981991327662467, ""log_coherence_linear"": -0.2724496537341682, ""log_fidelity"": -1.834375076529263, ""log_idle_excitation"": -0.3053818866104542, ""move_batches"": 148.0, ""move_time_us"": 16126.22160832996, ""transfers"": 398.0}",True,False,fresh,fresh,success,905244f2543b366d276cc748f223b549e8c6712f4b686c6295e2e70e4df2d908,"{""bytes"": 623467, ""path"": ""/Users/zhouzixiang/Desktop/zac/ZAC_zzx/results/physical_ga_main_v1/protocol.json"", ""sha256"": ""9bb0ae97d2f3f1536a5c496a65fe2e21e2192ce20830979dd75b30b0a3148fc7""}","{""bytes"": 1280, ""path"": ""/Users/zhouzixiang/Desktop/zac/ZAC_zzx/results/physical_ga_main_v1/receipts/905244f2543b366d-s1-ga_h2.json"", ""sha256"": ""31f9470fa7f99b76cb174043d16dc48a4726c421583a389aaf3489f364212963""}",9bb0ae97d2f3f1536a5c496a65fe2e21e2192ce20830979dd75b30b0a3148fc7,d1fab3aaa092939e281636e5182865245c839b6f137f7762fc773e601882716a,valid_fidelity,,,,,,,
qmap154,rd84_142,2,905244f2543b366d276cc748f223b549e8c6712f4b686c6295e2e70e4df2d908,905244f2543b366d-s2-ga_h2,success,False,"{""fidelity"": 0.1581132424279928, ""idle_exposures"": 120.0, ""log_atom_transfer"": -0.3981991327662467, ""log_coherence_linear"": -0.28752461609265967, ""log_fidelity"": -1.8444437784515175, ""log_idle_excitation"": -0.30037562617421726, ""move_batches"": 156.0, ""move_time_us"": 18746.61343066639, ""transfers"": 398.0}",True,False,fresh,fresh,success,905244f2543b366d276cc748f223b549e8c6712f4b686c6295e2e70e4df2d908,"{""bytes"": 623467, ""path"": ""/Users/zhouzixiang/Desktop/zac/ZAC_zzx/results/physical_ga_main_v1/protocol.json"", ""sha256"": ""9bb0ae97d2f3f1536a5c496a65fe2e21e2192ce20830979dd75b30b0a3148fc7""}","{""bytes"": 1280, ""path"": ""/Users/zhouzixiang/Desktop/zac/ZAC_zzx/results/physical_ga_main_v1/receipts/905244f2543b366d-s2-ga_h2.json"", ""sha256"": ""cec71de0b68bbf695fd7320e3ca44441ab3262d2f2561966ea5f071143062a63""}",9bb0ae97d2f3f1536a5c496a65fe2e21e2192ce20830979dd75b30b0a3148fc7,d1fab3aaa092939e281636e5182865245c839b6f137f7762fc773e601882716a,valid_fidelity,,,,,,,
qmap154,ham7_104,0,923c1c3fb38d5e8209a2560552ac8abb6166dacce97b433ca1b7f99201f12f48,923c1c3fb38d5e82-s0-ga_h2,success,False,"{""fidelity"": 0.19808474273799317, ""idle_exposures"": 93.0, ""log_atom_transfer"": -0.42421214143941854, ""log_coherence_linear"": -0.13237594030743563, ""log_fidelity"": -1.619060346224521, ""log_idle_excitation"": -0.23279111028501837, ""move_batches"": 196.0, ""move_time_us"": 20030.12642344052, ""transfers"": 424.0}",True,False,fresh,fresh,success,923c1c3fb38d5e8209a2560552ac8abb6166dacce97b433ca1b7f99201f12f48,"{""bytes"": 623467, ""path"": ""/Users/zhouzixiang/Desktop/zac/ZAC_zzx/results/physical_ga_main_v1/protocol.json"", ""sha256"": ""9bb0ae97d2f3f1536a5c496a65fe2e21e2192ce20830979dd75b30b0a3148fc7""}","{""bytes"": 1280, ""path"": ""/Users/zhouzixiang/Desktop/zac/ZAC_zzx/results/physical_ga_main_v1/receipts/923c1c3fb38d5e82-s0-ga_h2.json"", ""sha256"": ""39489f84ca37294a5782ece5e116add0b5ecc9f2838b6e966ce1104fd2351759""}",9bb0ae97d2f3f1536a5c496a65fe2e21e2192ce20830979dd75b30b0a3148fc7,d1fab3aaa092939e281636e5182865245c839b6f137f7762fc773e601882716a,valid_fidelity,,,,,,,
qmap154,ham7_104,1,923c1c3fb38d5e8209a2560552ac8abb6166dacce97b433ca1b7f99201f12f48,923c1c3fb38d5e82-s1-ga_h2,success,False,"{""fidelity"": 0.19782418812240382, ""idle_exposures"": 93.0, ""log_atom_transfer"": -0.4222111407722515, ""log_coherence_linear"": -0.1356931762645725, ""log_fidelity"": -1.620376581514491, ""log_idle_excitation"": -0.23279111028501837, ""move_batches"": 196.0, ""move_time_us"": 20675.794023518876, ""transfers"": 422.0}",True,False,fresh,fresh,success,923c1c3fb38d5e8209a2560552ac8abb6166dacce97b433ca1b7f99201f12f48,"{""bytes"": 623467, ""path"": ""/Users/zhouzixiang/Desktop/zac/ZAC_zzx/results/physical_ga_main_v1/protocol.json"", ""sha256"": ""9bb0ae97d2f3f1536a5c496a65fe2e21e2192ce20830979dd75b30b0a3148fc7""}","{""bytes"": 1280, ""path"": ""/Users/zhouzixiang/Desktop/zac/ZAC_zzx/results/physical_ga_main_v1/receipts/923c1c3fb38d5e82-s1-ga_h2.json"", ""sha256"": ""5758f8d5b0669a06cac45db3c34f296406a6e9e9284cf6e2b4ccc9b2250186eb""}",9bb0ae97d2f3f1536a5c496a65fe2e21e2192ce20830979dd75b30b0a3148fc7,d1fab3aaa092939e281636e5182865245c839b6f137f7762fc773e601882716a,valid_fidelity,,,,,,,
qmap154,ham7_104,2,923c1c3fb38d5e8209a2560552ac8abb6166dacce97b433ca1b7f99201f12f48,923c1c3fb38d5e82-s2-ga_h2,success,False,"{""fidelity"": 0.19786664120939426, ""idle_exposures"": 93.0, ""log_atom_transfer"": -0.4222111407722515, ""log_coherence_linear"": -0.13547859920588767, ""log_fidelity"": -1.620162004455806, ""log_idle_excitation"": -0.23279111028501837, ""move_batches"": 196.0, ""move_time_us"": 20590.25858773174, ""transfers"": 422.0}",True,False,fresh,fresh,success,923c1c3fb38d5e8209a2560552ac8abb6166dacce97b433ca1b7f99201f12f48,"{""bytes"": 623467, ""path"": ""/Users/zhouzixiang/Desktop/zac/ZAC_zzx/results/physical_ga_main_v1/protocol.json"", ""sha256"": ""9bb0ae97d2f3f1536a5c496a65fe2e21e2192ce20830979dd75b30b0a3148fc7""}","{""bytes"": 1280, ""path"": ""/Users/zhouzixiang/Desktop/zac/ZAC_zzx/results/physical_ga_main_v1/receipts/923c1c3fb38d5e82-s2-ga_h2.json"", ""sha256"": ""cebb82238d435fdf1e7bbdb0024121d1ef4bbfae8730fb9eb4a3000e99526fba""}",9bb0ae97d2f3f1536a5c496a65fe2e21e2192ce20830979dd75b30b0a3148fc7,d1fab3aaa092939e281636e5182865245c839b6f137f7762fc773e601882716a,valid_fidelity,,,,,,,
qmap154,qe_qft_5,0,9296c4d9d70d4b782022666728fc1ed6948b105b09cf991b52689a4556553f5f,9296c4d9d70d4b78-s0-ga_h2,success,False,"{""fidelity"": 0.8216253101388898, ""idle_exposures"": 1.0, ""log_atom_transfer"": -0.036018012009007234, ""log_coherence_linear"": -0.012321289829966213, ""log_fidelity"": -0.19647081492834498, ""log_idle_excitation"": -0.002503130218118477, ""move_batches"": 15.0, ""move_time_us"": 1944.4891763762755, ""transfers"": 36.0}",True,False,fresh,fresh,success,9296c4d9d70d4b782022666728fc1ed6948b105b09cf991b52689a4556553f5f,"{""bytes"": 623467, ""path"": ""/Users/zhouzixiang/Desktop/zac/ZAC_zzx/results/physical_ga_main_v1/protocol.json"", ""sha256"": ""9bb0ae97d2f3f1536a5c496a65fe2e21e2192ce20830979dd75b30b0a3148fc7""}","{""bytes"": 1279, ""path"": ""/Users/zhouzixiang/Desktop/zac/ZAC_zzx/results/physical_ga_main_v1/receipts/9296c4d9d70d4b78-s0-ga_h2.json"", ""sha256"": ""0025bb87d5003c0bf3b74013511631181cf7628bc400ea842906b3b863ce6909""}",9bb0ae97d2f3f1536a5c496a65fe2e21e2192ce20830979dd75b30b0a3148fc7,d1fab3aaa092939e281636e5182865245c839b6f137f7762fc773e601882716a,valid_fidelity,,,,,,,
qmap154,qe_qft_5,1,9296c4d9d70d4b782022666728fc1ed6948b105b09cf991b52689a4556553f5f,9296c4d9d70d4b78-s1-ga_h2,success,False,"{""fidelity"": 0.8216253101388898, ""idle_exposures"": 1.0, ""log_atom_transfer"": -0.036018012009007234, ""log_coherence_linear"": -0.012321289829966213, ""log_fidelity"": -0.19647081492834498, ""log_idle_excitation"": -0.002503130218118477, ""move_batches"": 15.0, ""move_time_us"": 1944.4891763762755, ""transfers"": 36.0}",True,False,fresh,fresh,success,9296c4d9d70d4b782022666728fc1ed6948b105b09cf991b52689a4556553f5f,"{""bytes"": 623467, ""path"": ""/Users/zhouzixiang/Desktop/zac/ZAC_zzx/results/physical_ga_main_v1/protocol.json"", ""sha256"": ""9bb0ae97d2f3f1536a5c496a65fe2e21e2192ce20830979dd75b30b0a3148fc7""}","{""bytes"": 1280, ""path"": ""/Users/zhouzixiang/Desktop/zac/ZAC_zzx/results/physical_ga_main_v1/receipts/9296c4d9d70d4b78-s1-ga_h2.json"", ""sha256"": ""f7079f74336212e15b6b562b03454e7463111d1c38d9ef199daee22e17c90caf""}",9bb0ae97d2f3f1536a5c496a65fe2e21e2192ce20830979dd75b30b0a3148fc7,d1fab3aaa092939e281636e5182865245c839b6f137f7762fc773e601882716a,valid_fidelity,,,,,,,
qmap154,qe_qft_5,2,9296c4d9d70d4b782022666728fc1ed6948b105b09cf991b52689a4556553f5f,9296c4d9d70d4b78-s2-ga_h2,success,False,"{""fidelity"": 0.8216336543185161, ""idle_exposures"": 1.0, ""log_atom_transfer"": -0.036018012009007234, ""log_coherence_linear"": -0.012311134182187267, ""log_fidelity"": -0.19646065928056602, ""log_idle_excitation"": -0.002503130218118477, ""move_batches"": 15.0, ""move_time_us"": 1941.4499775842626, ""transfers"": 36.0}",True,False,fresh,fresh,success,9296c4d9d70d4b782022666728fc1ed6948b105b09cf991b52689a4556553f5f,"{""bytes"": 623467, ""path"": ""/Users/zhouzixiang/Desktop/zac/ZAC_zzx/results/physical_ga_main_v1/protocol.json"", ""sha256"": ""9bb0ae97d2f3f1536a5c496a65fe2e21e2192ce20830979dd75b30b0a3148fc7""}","{""bytes"": 1279, ""path"": ""/Users/zhouzixiang/Desktop/zac/ZAC_zzx/results/physical_ga_main_v1/receipts/9296c4d9d70d4b78-s2-ga_h2.json"", ""sha256"": ""0052196c300666031d2bffd219fdd5d8c13ea5eccbbca86d57e43e77528f465a""}",9bb0ae97d2f3f1536a5c496a65fe2e21e2192ce20830979dd75b30b0a3148fc7,d1fab3aaa092939e281636e5182865245c839b6f137f7762fc773e601882716a,valid_fidelity,,,,,,,
qmap154,z4_268,0,935c1b731051464946985e7a4faa9c24b169fbff8324a41153a00492f1ffbfd9,935c1b7310514649-s0-ga_h2,success,False,"{""fidelity"": 1.4896437976237098e-07, ""idle_exposures"": 877.0, ""log_atom_transfer"": -3.933967311650457, ""log_coherence_linear"": -2.1101901871670288, ""log_fidelity"": -15.719558621578336, ""log_idle_excitation"": -2.195245201289904, ""move_batches"": 1753.0, ""move_time_us"": 177229.88131795957, ""transfers"": 3932.0}",True,False,fresh,fresh,success,935c1b731051464946985e7a4faa9c24b169fbff8324a41153a00492f1ffbfd9,"{""bytes"": 623467, ""path"": ""/Users/zhouzixiang/Desktop/zac/ZAC_zzx/results/physical_ga_main_v1/protocol.json"", ""sha256"": ""9bb0ae97d2f3f1536a5c496a65fe2e21e2192ce20830979dd75b30b0a3148fc7""}","{""bytes"": 1277, ""path"": ""/Users/zhouzixiang/Desktop/zac/ZAC_zzx/results/physical_ga_main_v1/receipts/935c1b7310514649-s0-ga_h2.json"", ""sha256"": ""c43efe1e1b90adad1702166ffff7c957d9bf6824bb8a8a42a60dc62789deecdf""}",9bb0ae97d2f3f1536a5c496a65fe2e21e2192ce20830979dd75b30b0a3148fc7,d1fab3aaa092939e281636e5182865245c839b6f137f7762fc773e601882716a,valid_fidelity,,,,,,,
qmap154,z4_268,1,935c1b731051464946985e7a4faa9c24b169fbff8324a41153a00492f1ffbfd9,935c1b7310514649-s1-ga_h2,success,False,"{""fidelity"": 1.4889158233943842e-07, ""idle_exposures"": 877.0, ""log_atom_transfer"": -3.9479743163206265, ""log_coherence_linear"": -2.0966719920803136, ""log_fidelity"": -15.72004743116179, ""log_idle_excitation"": -2.195245201289904, ""move_batches"": 1749.0, ""move_time_us"": 176103.8468235342, ""transfers"": 3946.0}",True,False,fresh,fresh,success,935c1b731051464946985e7a4faa9c24b169fbff8324a41153a00492f1ffbfd9,"{""bytes"": 623467, ""path"": ""/Users/zhouzixiang/Desktop/zac/ZAC_zzx/results/physical_ga_main_v1/protocol.json"", ""sha256"": ""9bb0ae97d2f3f1536a5c496a65fe2e21e2192ce20830979dd75b30b0a3148fc7""}","{""bytes"": 1278, ""path"": ""/Users/zhouzixiang/Desktop/zac/ZAC_zzx/results/physical_ga_main_v1/receipts/935c1b7310514649-s1-ga_h2.json"", ""sha256"": ""e3d541323720688888c042e784d4fc4d395c9fd8b778b3d20a79c0d54f86067b""}",9bb0ae97d2f3f1536a5c496a65fe2e21e2192ce20830979dd75b30b0a3148fc7,d1fab3aaa092939e281636e5182865245c839b6f137f7762fc773e601882716a,valid_fidelity,,,,,,,
qmap154,z4_268,2,935c1b731051464946985e7a4faa9c24b169fbff8324a41153a00492f1ffbfd9,935c1b7310514649-s2-ga_h2,success,False,"{""fidelity"": 1.4780830697975832e-07, ""idle_exposures"": 878.0, ""log_atom_transfer"": -3.9399703136519584, ""log_coherence_linear"": -2.109475059187557, ""log_fidelity"": -15.727349625818484, ""log_idle_excitation"": -2.1977483315080226, ""move_batches"": 1751.0, ""move_time_us"": 176886.0475718549, ""transfers"": 3938.0}",True,False,fresh,fresh,success,935c1b731051464946985e7a4faa9c24b169fbff8324a41153a00492f1ffbfd9,"{""bytes"": 623467, ""path"": ""/Users/zhouzixiang/Desktop/zac/ZAC_zzx/results/physical_ga_main_v1/protocol.json"", ""sha256"": ""9bb0ae97d2f3f1536a5c496a65fe2e21e2192ce20830979dd75b30b0a3148fc7""}","{""bytes"": 1277, ""path"": ""/Users/zhouzixiang/Desktop/zac/ZAC_zzx/results/physical_ga_main_v1/receipts/935c1b7310514649-s2-ga_h2.json"", ""sha256"": ""991c72e3ecc451e1c9619f493148b2d43026ad4332876e59d21ce43fa845dce8""}",9bb0ae97d2f3f1536a5c496a65fe2e21e2192ce20830979dd75b30b0a3148fc7,d1fab3aaa092939e281636e5182865245c839b6f137f7762fc773e601882716a,valid_fidelity,,,,,,,
qmap154,square_root_7,0,94334a0880d4a94503440956c484a2bfa59894baae72b5892bd249f94da01983,94334a0880d4a945-s0-ga_h2,success,False,"{""fidelity"": 9.770555455269219e-18, ""idle_exposures"": 1924.0, ""log_atom_transfer"": -9.414708139021059, ""log_coherence_linear"": -7.918255808659354, ""log_fidelity"": -39.16715835630485, ""log_idle_excitation"": -4.81602253965995, ""move_batches"": 4185.0, ""move_time_us"": 439680.7554492572, ""transfers"": 9410.0}",True,False,fresh,fresh,success,94334a0880d4a94503440956c484a2bfa59894baae72b5892bd249f94da01983,"{""bytes"": 623467, ""path"": ""/Users/zhouzixiang/Desktop/zac/ZAC_zzx/results/physical_ga_main_v1/protocol.json"", ""sha256"": ""9bb0ae97d2f3f1536a5c496a65fe2e21e2192ce20830979dd75b30b0a3148fc7""}","{""bytes"": 1285, ""path"": ""/Users/zhouzixiang/Desktop/zac/ZAC_zzx/results/physical_ga_main_v1/receipts/94334a0880d4a945-s0-ga_h2.json"", ""sha256"": ""e8f5c917535eda40cb6f57da29df233d02547930d4c2e11bbc8468f1ea598856""}",9bb0ae97d2f3f1536a5c496a65fe2e21e2192ce20830979dd75b30b0a3148fc7,d1fab3aaa092939e281636e5182865245c839b6f137f7762fc773e601882716a,valid_fidelity,,,,,,,
qmap154,square_root_7,1,94334a0880d4a94503440956c484a2bfa59894baae72b5892bd249f94da01983,94334a0880d4a945-s1-ga_h2,success,False,"{""fidelity"": 1.0667924844876925e-17, ""idle_exposures"": 1919.0, ""log_atom_transfer"": -9.388695130347886, ""log_coherence_linear"": -7.868916224628311, ""log_fidelity"": -39.079290112510044, ""log_idle_excitation"": -4.803506888569357, ""move_batches"": 4154.0, ""move_time_us"": 435375.96938739566, ""transfers"": 9384.0}",True,False,fresh,fresh,success,94334a0880d4a94503440956c484a2bfa59894baae72b5892bd249f94da01983,"{""bytes"": 623467, ""path"": ""/Users/zhouzixiang/Desktop/zac/ZAC_zzx/results/physical_ga_main_v1/protocol.json"", ""sha256"": ""9bb0ae97d2f3f1536a5c496a65fe2e21e2192ce20830979dd75b30b0a3148fc7""}","{""bytes"": 1285, ""path"": ""/Users/zhouzixiang/Desktop/zac/ZAC_zzx/results/physical_ga_main_v1/receipts/94334a0880d4a945-s1-ga_h2.json"", ""sha256"": ""9f80b55aa8c47f41d1eebc25c3c1c20b3796d79495c26e1bfe3b9c412f82c4f1""}",9bb0ae97d2f3f1536a5c496a65fe2e21e2192ce20830979dd75b30b0a3148fc7,d1fab3aaa092939e281636e5182865245c839b6f137f7762fc773e601882716a,valid_fidelity,,,,,,,
qmap154,square_root_7,2,94334a0880d4a94503440956c484a2bfa59894baae72b5892bd249f94da01983,94334a0880d4a945-s2-ga_h2,success,False,"{""fidelity"": 9.455199302823585e-18, ""idle_exposures"": 1922.0, ""log_atom_transfer"": -9.42671414302406, ""log_coherence_linear"": -7.9440646016993774, ""log_fidelity"": -39.19996689291164, ""log_idle_excitation"": -4.811016279223713, ""move_batches"": 4180.0, ""move_time_us"": 439454.64352066134, ""transfers"": 9422.0}",True,False,fresh,fresh,success,94334a0880d4a94503440956c484a2bfa59894baae72b5892bd249f94da01983,"{""bytes"": 623467, ""path"": ""/Users/zhouzixiang/Desktop/zac/ZAC_zzx/results/physical_ga_main_v1/protocol.json"", ""sha256"": ""9bb0ae97d2f3f1536a5c496a65fe2e21e2192ce20830979dd75b30b0a3148fc7""}","{""bytes"": 1285, ""path"": ""/Users/zhouzixiang/Desktop/zac/ZAC_zzx/results/physical_ga_main_v1/receipts/94334a0880d4a945-s2-ga_h2.json"", ""sha256"": ""61cba53631077fca59856a744310a3613a1ce3137b807985d18b72aea099401c""}",9bb0ae97d2f3f1536a5c496a65fe2e21e2192ce20830979dd75b30b0a3148fc7,d1fab3aaa092939e281636e5182865245c839b6f137f7762fc773e601882716a,valid_fidelity,,,,,,,
qmap154,hwb7_59,0,950a93cdf9ae6380467be0579e9ab37db18a441bb35be76d383f287ce0ec41b0,950a93cdf9ae6380-s0-ga_h2,success,True,"{""fidelity"": null, ""idle_exposures"": 7102.0, ""log_atom_transfer"": -31.875940627971406, ""log_coherence_linear"": null, ""log_fidelity"": null, ""log_idle_excitation"": -17.777230809077423, ""move_batches"": 14234.0, ""move_time_us"": 1454361.3003132003, ""transfers"": 31860.0}",False,False,fresh,fresh,success,950a93cdf9ae6380467be0579e9ab37db18a441bb35be76d383f287ce0ec41b0,"{""bytes"": 623467, ""path"": ""/Users/zhouzixiang/Desktop/zac/ZAC_zzx/results/physical_ga_main_v1/protocol.json"", ""sha256"": ""9bb0ae97d2f3f1536a5c496a65fe2e21e2192ce20830979dd75b30b0a3148fc7""}","{""bytes"": 1283, ""path"": ""/Users/zhouzixiang/Desktop/zac/ZAC_zzx/results/physical_ga_main_v1/receipts/950a93cdf9ae6380-s0-ga_h2.json"", ""sha256"": ""e58444f6e10cf7ded0a7c7603d7a9e25c07cd533e66168cd13a494d54b497a8c""}",9bb0ae97d2f3f1536a5c496a65fe2e21e2192ce20830979dd75b30b0a3148fc7,d1fab3aaa092939e281636e5182865245c839b6f137f7762fc773e601882716a,model_out_of_domain,,,,,,,
qmap154,hwb7_59,1,950a93cdf9ae6380467be0579e9ab37db18a441bb35be76d383f287ce0ec41b0,950a93cdf9ae6380-s1-ga_h2,success,True,"{""fidelity"": null, ""idle_exposures"": 7120.0, ""log_atom_transfer"": -31.998001668668596, ""log_coherence_linear"": null, ""log_fidelity"": null, ""log_idle_excitation"": -17.822287153003558, ""move_batches"": 14276.0, ""move_time_us"": 1466464.2847417828, ""transfers"": 31982.0}",False,False,fresh,fresh,success,950a93cdf9ae6380467be0579e9ab37db18a441bb35be76d383f287ce0ec41b0,"{""bytes"": 623467, ""path"": ""/Users/zhouzixiang/Desktop/zac/ZAC_zzx/results/physical_ga_main_v1/protocol.json"", ""sha256"": ""9bb0ae97d2f3f1536a5c496a65fe2e21e2192ce20830979dd75b30b0a3148fc7""}","{""bytes"": 1282, ""path"": ""/Users/zhouzixiang/Desktop/zac/ZAC_zzx/results/physical_ga_main_v1/receipts/950a93cdf9ae6380-s1-ga_h2.json"", ""sha256"": ""f57b96571af70db158cebb118f072265baecf60d8c690ab8dff8152fede6c6a6""}",9bb0ae97d2f3f1536a5c496a65fe2e21e2192ce20830979dd75b30b0a3148fc7,d1fab3aaa092939e281636e5182865245c839b6f137f7762fc773e601882716a,model_out_of_domain,,,,,,,
qmap154,hwb7_59,2,950a93cdf9ae6380467be0579e9ab37db18a441bb35be76d383f287ce0ec41b0,950a93cdf9ae6380-s2-ga_h2,success,True,"{""fidelity"": null, ""idle_exposures"": 7110.0, ""log_atom_transfer"": -31.909957639313244, ""log_coherence_linear"": null, ""log_fidelity"": null, ""log_idle_excitation"": -17.79725585082237, ""move_batches"": 14217.0, ""move_time_us"": 1448266.2684403285, ""transfers"": 31894.0}",False,False,fresh,fresh,success,950a93cdf9ae6380467be0579e9ab37db18a441bb35be76d383f287ce0ec41b0,"{""bytes"": 623467, ""path"": ""/Users/zhouzixiang/Desktop/zac/ZAC_zzx/results/physical_ga_main_v1/protocol.json"", ""sha256"": ""9bb0ae97d2f3f1536a5c496a65fe2e21e2192ce20830979dd75b30b0a3148fc7""}","{""bytes"": 1283, ""path"": ""/Users/zhouzixiang/Desktop/zac/ZAC_zzx/results/physical_ga_main_v1/receipts/950a93cdf9ae6380-s2-ga_h2.json"", ""sha256"": ""b24c878bdb45b4b2f7f913f3f5d779649dd4b37cfbd8742798e8653edf409573""}",9bb0ae97d2f3f1536a5c496a65fe2e21e2192ce20830979dd75b30b0a3148fc7,d1fab3aaa092939e281636e5182865245c839b6f137f7762fc773e601882716a,model_out_of_domain,,,,,,,
qmap154,4mod5-v0_20,0,96c783c9bca0ef85595484b3ce3d699b0387661d205d223d6e547c44bdd87c0a,96c783c9bca0ef85-s0-ga_h2,success,False,"{""fidelity"": 0.9013572081053971, ""idle_exposures"": 5.0, ""log_atom_transfer"": -0.030015010007506032, ""log_coherence_linear"": -0.005796753060008158, ""log_fidelity"": -0.10385364255558531, ""log_idle_excitation"": -0.012515651090592385, ""move_batches"": 13.0, ""move_time_us"": 1384.4822193010095, ""transfers"": 30.0}",True,False,fresh,fresh,success,96c783c9bca0ef85595484b3ce3d699b0387661d205d223d6e547c44bdd87c0a,"{""bytes"": 623467, ""path"": ""/Users/zhouzixiang/Desktop/zac/ZAC_zzx/results/physical_ga_main_v1/protocol.json"", ""sha256"": ""9bb0ae97d2f3f1536a5c496a65fe2e21e2192ce20830979dd75b30b0a3148fc7""}","{""bytes"": 1282, ""path"": ""/Users/zhouzixiang/Desktop/zac/ZAC_zzx/results/physical_ga_main_v1/receipts/96c783c9bca0ef85-s0-ga_h2.json"", ""sha256"": ""41d7031fe38218278425955e2834267b7f9da02d53e05e197679b79e1074ee0d""}",9bb0ae97d2f3f1536a5c496a65fe2e21e2192ce20830979dd75b30b0a3148fc7,d1fab3aaa092939e281636e5182865245c839b6f137f7762fc773e601882716a,valid_fidelity,,,,,,,
qmap154,4mod5-v0_20,1,96c783c9bca0ef85595484b3ce3d699b0387661d205d223d6e547c44bdd87c0a,96c783c9bca0ef85-s1-ga_h2,success,False,"{""fidelity"": 0.9013561761724829, ""idle_exposures"": 5.0, ""log_atom_transfer"": -0.030015010007506032, ""log_coherence_linear"": -0.005797897926322719, ""log_fidelity"": -0.10385478742189987, ""log_idle_excitation"": -0.012515651090592385, ""move_batches"": 13.0, ""move_time_us"": 1384.82528119435, ""transfers"": 30.0}",True,False,fresh,fresh,success,96c783c9bca0ef85595484b3ce3d699b0387661d205d223d6e547c44bdd87c0a,"{""bytes"": 623467, ""path"": ""/Users/zhouzixiang/Desktop/zac/ZAC_zzx/results/physical_ga_main_v1/protocol.json"", ""sha256"": ""9bb0ae97d2f3f1536a5c496a65fe2e21e2192ce20830979dd75b30b0a3148fc7""}","{""bytes"": 1282, ""path"": ""/Users/zhouzixiang/Desktop/zac/ZAC_zzx/results/physical_ga_main_v1/receipts/96c783c9bca0ef85-s1-ga_h2.json"", ""sha256"": ""47f4bda3ed24f87c8c986fd31fbcb42bc974045b79668f8d81beea74b4814ff4""}",9bb0ae97d2f3f1536a5c496a65fe2e21e2192ce20830979dd75b30b0a3148fc7,d1fab3aaa092939e281636e5182865245c839b6f137f7762fc773e601882716a,valid_fidelity,,,,,,,
qmap154,4mod5-v0_20,2,96c783c9bca0ef85595484b3ce3d699b0387661d205d223d6e547c44bdd87c0a,96c783c9bca0ef85-s2-ga_h2,success,False,"{""fidelity"": 0.9013453827378132, ""idle_exposures"": 5.0, ""log_atom_transfer"": -0.030015010007506032, ""log_coherence_linear"": -0.005809872659041411, ""log_fidelity"": -0.10386676215461856, ""log_idle_excitation"": -0.012515651090592385, ""move_batches"": 13.0, ""move_time_us"": 1383.1645196448044, ""transfers"": 30.0}",True,False,fresh,fresh,success,96c783c9bca0ef85595484b3ce3d699b0387661d205d223d6e547c44bdd87c0a,"{""bytes"": 623467, ""path"": ""/Users/zhouzixiang/Desktop/zac/ZAC_zzx/results/physical_ga_main_v1/protocol.json"", ""sha256"": ""9bb0ae97d2f3f1536a5c496a65fe2e21e2192ce20830979dd75b30b0a3148fc7""}","{""bytes"": 1282, ""path"": ""/Users/zhouzixiang/Desktop/zac/ZAC_zzx/results/physical_ga_main_v1/receipts/96c783c9bca0ef85-s2-ga_h2.json"", ""sha256"": ""ec416de45311c53400312abeadfc734586277552ff1bdc45fac6955db3673d2e""}",9bb0ae97d2f3f1536a5c496a65fe2e21e2192ce20830979dd75b30b0a3148fc7,d1fab3aaa092939e281636e5182865245c839b6f137f7762fc773e601882716a,valid_fidelity,,,,,,,
qmap154,ex2_227,0,983207e15135fbfdbac900dec7d7cc3f72d7bfe6a3ba36b5b188fdb8ecf12de1,983207e15135fbfd-s0-ga_h2,success,False,"{""fidelity"": 0.04804226684748006, ""idle_exposures"": 180.0, ""log_atom_transfer"": -0.8044022682011617, ""log_coherence_linear"": -0.24803625265247442, ""log_fidelity"": -3.0356740962166646, ""log_idle_excitation"": -0.45056343926132586, ""move_batches"": 368.0, ""move_time_us"": 37189.14909557343, ""transfers"": 804.0}",True,False,fresh,fresh,success,983207e15135fbfdbac900dec7d7cc3f72d7bfe6a3ba36b5b188fdb8ecf12de1,"{""bytes"": 623467, ""path"": ""/Users/zhouzixiang/Desktop/zac/ZAC_zzx/results/physical_ga_main_v1/protocol.json"", ""sha256"": ""9bb0ae97d2f3f1536a5c496a65fe2e21e2192ce20830979dd75b30b0a3148fc7""}","{""bytes"": 1278, ""path"": ""/Users/zhouzixiang/Desktop/zac/ZAC_zzx/results/physical_ga_main_v1/receipts/983207e15135fbfd-s0-ga_h2.json"", ""sha256"": ""4941c0296c29d7689aa1a83166a6b9fd6e81d5ef859808d0a108bff934ba9bc0""}",9bb0ae97d2f3f1536a5c496a65fe2e21e2192ce20830979dd75b30b0a3148fc7,d1fab3aaa092939e281636e5182865245c839b6f137f7762fc773e601882716a,valid_fidelity,,,,,,,
qmap154,ex2_227,1,983207e15135fbfdbac900dec7d7cc3f72d7bfe6a3ba36b5b188fdb8ecf12de1,983207e15135fbfd-s1-ga_h2,success,False,"{""fidelity"": 0.048081328145500854, ""idle_exposures"": 180.0, ""log_atom_transfer"": -0.8044022682011617, ""log_coherence_linear"": -0.24722352191401742, ""log_fidelity"": -3.0348613654782075, ""log_idle_excitation"": -0.45056343926132586, ""move_batches"": 367.0, ""move_time_us"": 36997.632178102554, ""transfers"": 804.0}",True,False,fresh,fresh,success,983207e15135fbfdbac900dec7d7cc3f72d7bfe6a3ba36b5b188fdb8ecf12de1,"{""bytes"": 623467, ""path"": ""/Users/zhouzixiang/Desktop/zac/ZAC_zzx/results/physical_ga_main_v1/protocol.json"", ""sha256"": ""9bb0ae97d2f3f1536a5c496a65fe2e21e2192ce20830979dd75b30b0a3148fc7""}","{""bytes"": 1279, ""path"": ""/Users/zhouzixiang/Desktop/zac/ZAC_zzx/results/physical_ga_main_v1/receipts/983207e15135fbfd-s1-ga_h2.json"", ""sha256"": ""df779fef9af8fba3e4838c523a513736264d0a0b5ba47ede220ebf5246d769b4""}",9bb0ae97d2f3f1536a5c496a65fe2e21e2192ce20830979dd75b30b0a3148fc7,d1fab3aaa092939e281636e5182865245c839b6f137f7762fc773e601882716a,valid_fidelity,,,,,,,
qmap154,ex2_227,2,983207e15135fbfdbac900dec7d7cc3f72d7bfe6a3ba36b5b188fdb8ecf12de1,983207e15135fbfd-s2-ga_h2,success,False,"{""fidelity"": 0.04809528812973512, ""idle_exposures"": 180.0, ""log_atom_transfer"": -0.8044022682011617, ""log_coherence_linear"": -0.24693322298538053, ""log_fidelity"": -3.034571066549571, ""log_idle_excitation"": -0.45056343926132586, ""move_batches"": 367.0, ""move_time_us"": 36935.29545635451, ""transfers"": 804.0}",True,False,fresh,fresh,success,983207e15135fbfdbac900dec7d7cc3f72d7bfe6a3ba36b5b188fdb8ecf12de1,"{""bytes"": 623467, ""path"": ""/Users/zhouzixiang/Desktop/zac/ZAC_zzx/results/physical_ga_main_v1/protocol.json"", ""sha256"": ""9bb0ae97d2f3f1536a5c496a65fe2e21e2192ce20830979dd75b30b0a3148fc7""}","{""bytes"": 1279, ""path"": ""/Users/zhouzixiang/Desktop/zac/ZAC_zzx/results/physical_ga_main_v1/receipts/983207e15135fbfd-s2-ga_h2.json"", ""sha256"": ""b13d2053db3f85a8fa7ed0512730d3868a37b06631f7d7877d0a28e1fcd8389d""}",9bb0ae97d2f3f1536a5c496a65fe2e21e2192ce20830979dd75b30b0a3148fc7,d1fab3aaa092939e281636e5182865245c839b6f137f7762fc773e601882716a,valid_fidelity,,,,,,,
qmap154,mini_alu_305,0,9884edf0a652dbcd3b12d359e9a7b9eee9032e6cd906954e05d636a7a12c59a4,9884edf0a652dbcd-s0-ga_h2,success,False,"{""fidelity"": 0.41713357942712415, ""idle_exposures"": 60.0, ""log_atom_transfer"": -0.20810406938537515, ""log_coherence_linear"": -0.08778482496714503, ""log_fidelity"": -0.8743487741218198, ""log_idle_excitation"": -0.15018781308710863, ""move_batches"": 79.0, ""move_time_us"": 8179.344032512367, ""transfers"": 208.0}",True,False,fresh,fresh,success,9884edf0a652dbcd3b12d359e9a7b9eee9032e6cd906954e05d636a7a12c59a4,"{""bytes"": 623467, ""path"": ""/Users/zhouzixiang/Desktop/zac/ZAC_zzx/results/physical_ga_main_v1/protocol.json"", ""sha256"": ""9bb0ae97d2f3f1536a5c496a65fe2e21e2192ce20830979dd75b30b0a3148fc7""}","{""bytes"": 1284, ""path"": ""/Users/zhouzixiang/Desktop/zac/ZAC_zzx/results/physical_ga_main_v1/receipts/9884edf0a652dbcd-s0-ga_h2.json"", ""sha256"": ""a0db99a2fcd5c587de8a021600f6a03eed3aafd5d0d041b9a8b7bd9dcaa68851""}",9bb0ae97d2f3f1536a5c496a65fe2e21e2192ce20830979dd75b30b0a3148fc7,d1fab3aaa092939e281636e5182865245c839b6f137f7762fc773e601882716a,valid_fidelity,,,,,,,
qmap154,mini_alu_305,1,9884edf0a652dbcd3b12d359e9a7b9eee9032e6cd906954e05d636a7a12c59a4,9884edf0a652dbcd-s1-ga_h2,success,False,"{""fidelity"": 0.4090348872429231, ""idle_exposures"": 60.0, ""log_atom_transfer"": -0.20810406938537515, ""log_coherence_linear"": -0.1073908785399508, ""log_fidelity"": -0.8939548276946255, ""log_idle_excitation"": -0.15018781308710863, ""move_batches"": 89.0, ""move_time_us"": 11735.987538085468, ""transfers"": 208.0}",True,False,fresh,fresh,success,9884edf0a652dbcd3b12d359e9a7b9eee9032e6cd906954e05d636a7a12c59a4,"{""bytes"": 623467, ""path"": ""/Users/zhouzixiang/Desktop/zac/ZAC_zzx/results/physical_ga_main_v1/protocol.json"", ""sha256"": ""9bb0ae97d2f3f1536a5c496a65fe2e21e2192ce20830979dd75b30b0a3148fc7""}","{""bytes"": 1284, ""path"": ""/Users/zhouzixiang/Desktop/zac/ZAC_zzx/results/physical_ga_main_v1/receipts/9884edf0a652dbcd-s1-ga_h2.json"", ""sha256"": ""bb38d78db81e01d944eb0a30b9ad2eaf2de86e575de9ac62aa6c5453567e3ad0""}",9bb0ae97d2f3f1536a5c496a65fe2e21e2192ce20830979dd75b30b0a3148fc7,d1fab3aaa092939e281636e5182865245c839b6f137f7762fc773e601882716a,valid_fidelity,,,,,,,
qmap154,mini_alu_305,2,9884edf0a652dbcd3b12d359e9a7b9eee9032e6cd906954e05d636a7a12c59a4,9884edf0a652dbcd-s2-ga_h2,success,False,"{""fidelity"": 0.41706253960491213, ""idle_exposures"": 60.0, ""log_atom_transfer"": -0.20810406938537515, ""log_coherence_linear"": -0.08795514420206586, ""log_fidelity"": -0.8745190933567406, ""log_idle_excitation"": -0.15018781308710863, ""move_batches"": 80.0, ""move_time_us"": 8204.720317807383, ""transfers"": 208.0}",True,False,fresh,fresh,success,9884edf0a652dbcd3b12d359e9a7b9eee9032e6cd906954e05d636a7a12c59a4,"{""bytes"": 623467, ""path"": ""/Users/zhouzixiang/Desktop/zac/ZAC_zzx/results/physical_ga_main_v1/protocol.json"", ""sha256"": ""9bb0ae97d2f3f1536a5c496a65fe2e21e2192ce20830979dd75b30b0a3148fc7""}","{""bytes"": 1284, ""path"": ""/Users/zhouzixiang/Desktop/zac/ZAC_zzx/results/physical_ga_main_v1/receipts/9884edf0a652dbcd-s2-ga_h2.json"", ""sha256"": ""735f169d32525cbef855b571cf680ad679e9e3ab39d5d5482c4d64f94057ffb1""}",9bb0ae97d2f3f1536a5c496a65fe2e21e2192ce20830979dd75b30b0a3148fc7,d1fab3aaa092939e281636e5182865245c839b6f137f7762fc773e601882716a,valid_fidelity,,,,,,,
qmap154,rd53_130,0,9986622748f143462cb57b994c62dface6274571ab108abe0d5da591993d56d7,9986622748f14346-s0-ga_h2,success,False,"{""fidelity"": 0.007032564903778292, ""idle_exposures"": 294.0, ""log_atom_transfer"": -1.31065543699443, ""log_coherence_linear"": -0.41387165792023245, ""log_fidelity"": -4.957203788524003, ""log_idle_excitation"": -0.7359202841268322, ""move_batches"": 595.0, ""move_time_us"": 61232.02766514346, ""transfers"": 1310.0}",True,False,fresh,fresh,success,9986622748f143462cb57b994c62dface6274571ab108abe0d5da591993d56d7,"{""bytes"": 623467, ""path"": ""/Users/zhouzixiang/Desktop/zac/ZAC_zzx/results/physical_ga_main_v1/protocol.json"", ""sha256"": ""9bb0ae97d2f3f1536a5c496a65fe2e21e2192ce20830979dd75b30b0a3148fc7""}","{""bytes"": 1279, ""path"": ""/Users/zhouzixiang/Desktop/zac/ZAC_zzx/results/physical_ga_main_v1/receipts/9986622748f14346-s0-ga_h2.json"", ""sha256"": ""f57997c0634b3862fdea31409adaaa64c12ede04cd7ba4ab9dba9385dd31d783""}",9bb0ae97d2f3f1536a5c496a65fe2e21e2192ce20830979dd75b30b0a3148fc7,d1fab3aaa092939e281636e5182865245c839b6f137f7762fc773e601882716a,valid_fidelity,,,,,,,
qmap154,rd53_130,1,9986622748f143462cb57b994c62dface6274571ab108abe0d5da591993d56d7,9986622748f14346-s1-ga_h2,success,False,"{""fidelity"": 0.007104850845885709, ""idle_exposures"": 294.0, ""log_atom_transfer"": -1.3066534356600958, ""log_coherence_linear"": -0.4076473812220318, ""log_fidelity"": -4.946977510491468, ""log_idle_excitation"": -0.7359202841268322, ""move_batches"": 590.0, ""move_time_us"": 59568.87503936068, ""transfers"": 1306.0}",True,False,fresh,fresh,success,9986622748f143462cb57b994c62dface6274571ab108abe0d5da591993d56d7,"{""bytes"": 623467, ""path"": ""/Users/zhouzixiang/Desktop/zac/ZAC_zzx/results/physical_ga_main_v1/protocol.json"", ""sha256"": ""9bb0ae97d2f3f1536a5c496a65fe2e21e2192ce20830979dd75b30b0a3148fc7""}","{""bytes"": 1279, ""path"": ""/Users/zhouzixiang/Desktop/zac/ZAC_zzx/results/physical_ga_main_v1/receipts/9986622748f14346-s1-ga_h2.json"", ""sha256"": ""7b3591000258aa3c8c1fa261160f34d532a791820a5f2a179e6c31a69e154126""}",9bb0ae97d2f3f1536a5c496a65fe2e21e2192ce20830979dd75b30b0a3148fc7,d1fab3aaa092939e281636e5182865245c839b6f137f7762fc773e601882716a,valid_fidelity,,,,,,,
qmap154,rd53_130,2,9986622748f143462cb57b994c62dface6274571ab108abe0d5da591993d56d7,9986622748f14346-s2-ga_h2,success,False,"{""fidelity"": 0.0070321486450521204, ""idle_exposures"": 294.0, ""log_atom_transfer"": -1.312656437661597, ""log_coherence_linear"": -0.41192984917686143, ""log_fidelity"": -4.957262980447799, ""log_idle_excitation"": -0.7359202841268322, ""move_batches"": 594.0, ""move_time_us"": 60531.47633836575, ""transfers"": 1312.0}",True,False,fresh,fresh,success,9986622748f143462cb57b994c62dface6274571ab108abe0d5da591993d56d7,"{""bytes"": 623467, ""path"": ""/Users/zhouzixiang/Desktop/zac/ZAC_zzx/results/physical_ga_main_v1/protocol.json"", ""sha256"": ""9bb0ae97d2f3f1536a5c496a65fe2e21e2192ce20830979dd75b30b0a3148fc7""}","{""bytes"": 1279, ""path"": ""/Users/zhouzixiang/Desktop/zac/ZAC_zzx/results/physical_ga_main_v1/receipts/9986622748f14346-s2-ga_h2.json"", ""sha256"": ""e577894adb43dda143354f908975ca55042d0bd2267e4ca735295445e927aeb2""}",9bb0ae97d2f3f1536a5c496a65fe2e21e2192ce20830979dd75b30b0a3148fc7,d1fab3aaa092939e281636e5182865245c839b6f137f7762fc773e601882716a,valid_fidelity,,,,,,,
qmap154,hwb5_53,0,9e3f053dbede7457444bf109616af357b3ab6d81a6a1537fd8fe7bc8559feb88,9e3f053dbede7457-s0-ga_h2,success,False,"{""fidelity"": 0.0015146632208157568, ""idle_exposures"": 397.0, ""log_atom_transfer"": -1.720860573763679, ""log_coherence_linear"": -0.4543099556022179, ""log_fidelity"": -6.4925621612235815, ""log_idle_excitation"": -0.9937426965930354, ""move_batches"": 793.0, ""move_time_us"": 79323.56699714356, ""transfers"": 1720.0}",True,False,reused,fresh,success,9e3f053dbede7457444bf109616af357b3ab6d81a6a1537fd8fe7bc8559feb88,"{""bytes"": 120460, ""path"": ""/Users/zhouzixiang/Desktop/zac/ZAC_zzx/results/physical_ga_initial_v1/corrected_driver_v1/protocol.json"", ""sha256"": ""634fb00b81921a7f81494cbeaaf4749cf9fe3bcfffdbd34f6488c496ea0244d7""}","{""bytes"": 1357, ""path"": ""/Users/zhouzixiang/Desktop/zac/ZAC_zzx/results/physical_ga_initial_v1/corrected_driver_v1/receipts/9e3f053dbede7457-s0-ga_h2.json"", ""sha256"": ""4baac14164603a1c5e2293674462a604ae4a713ffd88deac00233b831b32b3d5""}",634fb00b81921a7f81494cbeaaf4749cf9fe3bcfffdbd34f6488c496ea0244d7,715e166529a9198763afc2134df560a1133fc23906da0285528991c343baaa46,valid_fidelity,,,,,,,
qmap154,hwb5_53,1,9e3f053dbede7457444bf109616af357b3ab6d81a6a1537fd8fe7bc8559feb88,9e3f053dbede7457-s1-ga_h2,success,False,"{""fidelity"": 0.0015167276461219164, ""idle_exposures"": 397.0, ""log_atom_transfer"": -1.720860573763679, ""log_coherence_linear"": -0.4529479236400426, ""log_fidelity"": -6.491200129261406, ""log_idle_excitation"": -0.9937426965930354, ""move_batches"": 793.0, ""move_time_us"": 79005.58172638142, ""transfers"": 1720.0}",True,False,reused,fresh,success,9e3f053dbede7457444bf109616af357b3ab6d81a6a1537fd8fe7bc8559feb88,"{""bytes"": 120460, ""path"": ""/Users/zhouzixiang/Desktop/zac/ZAC_zzx/results/physical_ga_initial_v1/corrected_driver_v1/protocol.json"", ""sha256"": ""634fb00b81921a7f81494cbeaaf4749cf9fe3bcfffdbd34f6488c496ea0244d7""}","{""bytes"": 1357, ""path"": ""/Users/zhouzixiang/Desktop/zac/ZAC_zzx/results/physical_ga_initial_v1/corrected_driver_v1/receipts/9e3f053dbede7457-s1-ga_h2.json"", ""sha256"": ""69a87380daabc8b71ef0282fbb0079f335d104c068849e345cd65382ca4ce933""}",634fb00b81921a7f81494cbeaaf4749cf9fe3bcfffdbd34f6488c496ea0244d7,715e166529a9198763afc2134df560a1133fc23906da0285528991c343baaa46,valid_fidelity,,,,,,,
qmap154,hwb5_53,2,9e3f053dbede7457444bf109616af357b3ab6d81a6a1537fd8fe7bc8559feb88,9e3f053dbede7457-s2-ga_h2,success,False,"{""fidelity"": 0.0015121260393865757, ""idle_exposures"": 397.0, ""log_atom_transfer"": -1.720860573763679, ""log_coherence_linear"": -0.455986439694977, ""log_fidelity"": -6.49423864531634, ""log_idle_excitation"": -0.9937426965930354, ""move_batches"": 791.0, ""move_time_us"": 79485.20562260595, ""transfers"": 1720.0}",True,False,reused,fresh,success,9e3f053dbede7457444bf109616af357b3ab6d81a6a1537fd8fe7bc8559feb88,"{""bytes"": 120460, ""path"": ""/Users/zhouzixiang/Desktop/zac/ZAC_zzx/results/physical_ga_initial_v1/corrected_driver_v1/protocol.json"", ""sha256"": ""634fb00b81921a7f81494cbeaaf4749cf9fe3bcfffdbd34f6488c496ea0244d7""}","{""bytes"": 1356, ""path"": ""/Users/zhouzixiang/Desktop/zac/ZAC_zzx/results/physical_ga_initial_v1/corrected_driver_v1/receipts/9e3f053dbede7457-s2-ga_h2.json"", ""sha256"": ""6230202cc6f329ade2c964e6cc9adae0a260d90d092a954a48aefe11d326e5d0""}",634fb00b81921a7f81494cbeaaf4749cf9fe3bcfffdbd34f6488c496ea0244d7,715e166529a9198763afc2134df560a1133fc23906da0285528991c343baaa46,valid_fidelity,,,,,,,
qmap154,sqn_258,0,9e525b1d35ed9e69aaedcf8bd3fdf71ef4f7393c6838de0a4837f6c92a652f0d,9e525b1d35ed9e69-s0-ga_h2,success,False,"{""fidelity"": 2.2426586113014068e-24, ""idle_exposures"": 2945.0, ""log_atom_transfer"": -13.012507338587447, ""log_coherence_linear"": -9.233057423009335, ""log_fidelity"": -54.45438018973018, ""log_idle_excitation"": -7.371718492358915, ""move_batches"": 5843.0, ""move_time_us"": 595721.2970906273, ""transfers"": 13006.0}",True,False,fresh,fresh,success,9e525b1d35ed9e69aaedcf8bd3fdf71ef4f7393c6838de0a4837f6c92a652f0d,"{""bytes"": 623467, ""path"": ""/Users/zhouzixiang/Desktop/zac/ZAC_zzx/results/physical_ga_main_v1/protocol.json"", ""sha256"": ""9bb0ae97d2f3f1536a5c496a65fe2e21e2192ce20830979dd75b30b0a3148fc7""}","{""bytes"": 1279, ""path"": ""/Users/zhouzixiang/Desktop/zac/ZAC_zzx/results/physical_ga_main_v1/receipts/9e525b1d35ed9e69-s0-ga_h2.json"", ""sha256"": ""5dfcd2aa86fb8b236019f1ee44668f7fe2da710bb9bd704f4722939f5ea021aa""}",9bb0ae97d2f3f1536a5c496a65fe2e21e2192ce20830979dd75b30b0a3148fc7,d1fab3aaa092939e281636e5182865245c839b6f137f7762fc773e601882716a,valid_fidelity,,,,,,,
qmap154,sqn_258,1,9e525b1d35ed9e69aaedcf8bd3fdf71ef4f7393c6838de0a4837f6c92a652f0d,9e525b1d35ed9e69-s1-ga_h2,success,False,"{""fidelity"": 2.1461344516027125e-24, ""idle_exposures"": 2949.0, ""log_atom_transfer"": -13.022512341923283, ""log_coherence_linear"": -9.25703364649062, ""log_fidelity"": -54.49837393741977, ""log_idle_excitation"": -7.381731013231389, ""move_batches"": 5827.0, ""move_time_us"": 596956.5825054223, ""transfers"": 13016.0}",True,False,fresh,fresh,success,9e525b1d35ed9e69aaedcf8bd3fdf71ef4f7393c6838de0a4837f6c92a652f0d,"{""bytes"": 623467, ""path"": ""/Users/zhouzixiang/Desktop/zac/ZAC_zzx/results/physical_ga_main_v1/protocol.json"", ""sha256"": ""9bb0ae97d2f3f1536a5c496a65fe2e21e2192ce20830979dd75b30b0a3148fc7""}","{""bytes"": 1279, ""path"": ""/Users/zhouzixiang/Desktop/zac/ZAC_zzx/results/physical_ga_main_v1/receipts/9e525b1d35ed9e69-s1-ga_h2.json"", ""sha256"": ""cb393616a94bd9a5bef68d9b3f8b678d65edda4827ef295f94f70f72a9833fc0""}",9bb0ae97d2f3f1536a5c496a65fe2e21e2192ce20830979dd75b30b0a3148fc7,d1fab3aaa092939e281636e5182865245c839b6f137f7762fc773e601882716a,valid_fidelity,,,,,,,
qmap154,sqn_258,2,9e525b1d35ed9e69aaedcf8bd3fdf71ef4f7393c6838de0a4837f6c92a652f0d,9e525b1d35ed9e69-s2-ga_h2,success,False,"{""fidelity"": 2.3929710717026625e-24, ""idle_exposures"": 2942.0, ""log_atom_transfer"": -13.048525350596455, ""log_coherence_linear"": -9.139675123644416, ""log_fidelity"": -54.38950651171991, ""log_idle_excitation"": -7.364209101704559, ""move_batches"": 5794.0, ""move_time_us"": 590860.8228687443, ""transfers"": 13042.0}",True,False,fresh,fresh,success,9e525b1d35ed9e69aaedcf8bd3fdf71ef4f7393c6838de0a4837f6c92a652f0d,"{""bytes"": 623467, ""path"": ""/Users/zhouzixiang/Desktop/zac/ZAC_zzx/results/physical_ga_main_v1/protocol.json"", ""sha256"": ""9bb0ae97d2f3f1536a5c496a65fe2e21e2192ce20830979dd75b30b0a3148fc7""}","{""bytes"": 1279, ""path"": ""/Users/zhouzixiang/Desktop/zac/ZAC_zzx/results/physical_ga_main_v1/receipts/9e525b1d35ed9e69-s2-ga_h2.json"", ""sha256"": ""adbd1478079cfdec864b0d0e96ccf7c0f5a5192f9e65c498a1f2657c7a3e57d0""}",9bb0ae97d2f3f1536a5c496a65fe2e21e2192ce20830979dd75b30b0a3148fc7,d1fab3aaa092939e281636e5182865245c839b6f137f7762fc773e601882716a,valid_fidelity,,,,,,,
qmap154,rd53_251,0,a15dd882bbe53aea063fc08cb96e33fd774fc6763d90813aa5ed1415ffb775a2,a15dd882bbe53aea-s0-ga_h2,success,False,"{""fidelity"": 0.0018888106251127486, ""idle_exposures"": 377.0, ""log_atom_transfer"": -1.5887945297306525, ""log_coherence_linear"": -0.5978125670099976, ""log_fidelity"": -6.2718079468843815, ""log_idle_excitation"": -0.9436800922306658, ""move_batches"": 732.0, ""move_time_us"": 76228.88740154711, ""transfers"": 1588.0}",True,False,fresh,fresh,success,a15dd882bbe53aea063fc08cb96e33fd774fc6763d90813aa5ed1415ffb775a2,"{""bytes"": 623467, ""path"": ""/Users/zhouzixiang/Desktop/zac/ZAC_zzx/results/physical_ga_main_v1/protocol.json"", ""sha256"": ""9bb0ae97d2f3f1536a5c496a65fe2e21e2192ce20830979dd75b30b0a3148fc7""}","{""bytes"": 1280, ""path"": ""/Users/zhouzixiang/Desktop/zac/ZAC_zzx/results/physical_ga_main_v1/receipts/a15dd882bbe53aea-s0-ga_h2.json"", ""sha256"": ""24be522ad45280d421d526bd37452437e27c5b5cdd6f648495ac146ff580b8d6""}",9bb0ae97d2f3f1536a5c496a65fe2e21e2192ce20830979dd75b30b0a3148fc7,d1fab3aaa092939e281636e5182865245c839b6f137f7762fc773e601882716a,valid_fidelity,,,,,,,
qmap154,rd53_251,1,a15dd882bbe53aea063fc08cb96e33fd774fc6763d90813aa5ed1415ffb775a2,a15dd882bbe53aea-s1-ga_h2,success,False,"{""fidelity"": 0.001876779327556203, ""idle_exposures"": 376.0, ""log_atom_transfer"": -1.5967985323993208, ""log_coherence_linear"": -0.5987018425300108, ""log_fidelity"": -6.278198094854944, ""log_idle_excitation"": -0.9411769620125473, ""move_batches"": 737.0, ""move_time_us"": 76689.60804596271, ""transfers"": 1596.0}",True,False,fresh,fresh,success,a15dd882bbe53aea063fc08cb96e33fd774fc6763d90813aa5ed1415ffb775a2,"{""bytes"": 623467, ""path"": ""/Users/zhouzixiang/Desktop/zac/ZAC_zzx/results/physical_ga_main_v1/protocol.json"", ""sha256"": ""9bb0ae97d2f3f1536a5c496a65fe2e21e2192ce20830979dd75b30b0a3148fc7""}","{""bytes"": 1278, ""path"": ""/Users/zhouzixiang/Desktop/zac/ZAC_zzx/results/physical_ga_main_v1/receipts/a15dd882bbe53aea-s1-ga_h2.json"", ""sha256"": ""5ebedd15916c3028e2a1b9193447820e41f60908b752f17fa921fc9aedfe0584""}",9bb0ae97d2f3f1536a5c496a65fe2e21e2192ce20830979dd75b30b0a3148fc7,d1fab3aaa092939e281636e5182865245c839b6f137f7762fc773e601882716a,valid_fidelity,,,,,,,
qmap154,rd53_251,2,a15dd882bbe53aea063fc08cb96e33fd774fc6763d90813aa5ed1415ffb775a2,a15dd882bbe53aea-s2-ga_h2,success,False,"{""fidelity"": 0.0018881710863831774, ""idle_exposures"": 377.0, ""log_atom_transfer"": -1.5887945297306525, ""log_coherence_linear"": -0.5981512177022883, ""log_fidelity"": -6.272146597576672, ""log_idle_excitation"": -0.9436800922306658, ""move_batches"": 733.0, ""move_time_us"": 76287.4803200827, ""transfers"": 1588.0}",True,False,fresh,fresh,success,a15dd882bbe53aea063fc08cb96e33fd774fc6763d90813aa5ed1415ffb775a2,"{""bytes"": 623467, ""path"": ""/Users/zhouzixiang/Desktop/zac/ZAC_zzx/results/physical_ga_main_v1/protocol.json"", ""sha256"": ""9bb0ae97d2f3f1536a5c496a65fe2e21e2192ce20830979dd75b30b0a3148fc7""}","{""bytes"": 1279, ""path"": ""/Users/zhouzixiang/Desktop/zac/ZAC_zzx/results/physical_ga_main_v1/receipts/a15dd882bbe53aea-s2-ga_h2.json"", ""sha256"": ""d5d646cd1f4163c3a630f452d0512999dae39a5983ac4a0a13fc7528039ad08d""}",9bb0ae97d2f3f1536a5c496a65fe2e21e2192ce20830979dd75b30b0a3148fc7,d1fab3aaa092939e281636e5182865245c839b6f137f7762fc773e601882716a,valid_fidelity,,,,,,,
qmap154,4gt13-v1_93,0,a18c9f80ee68afee3443e316232d2f6de495ee5d68f0f3ff3c3605e2760916ed,a18c9f80ee68afee-s0-ga_h2,success,False,"{""fidelity"": 0.7257732770830404, ""idle_exposures"": 19.0, ""log_atom_transfer"": -0.08604302868818396, ""log_coherence_linear"": -0.019136235388528468, ""log_fidelity"": -0.32051760344940766, ""log_idle_excitation"": -0.04755947414425106, ""move_batches"": 39.0, ""move_time_us"": 4291.924762964825, ""transfers"": 86.0}",True,False,fresh,fresh,success,a18c9f80ee68afee3443e316232d2f6de495ee5d68f0f3ff3c3605e2760916ed,"{""bytes"": 623467, ""path"": ""/Users/zhouzixiang/Desktop/zac/ZAC_zzx/results/physical_ga_main_v1/protocol.json"", ""sha256"": ""9bb0ae97d2f3f1536a5c496a65fe2e21e2192ce20830979dd75b30b0a3148fc7""}","{""bytes"": 1282, ""path"": ""/Users/zhouzixiang/Desktop/zac/ZAC_zzx/results/physical_ga_main_v1/receipts/a18c9f80ee68afee-s0-ga_h2.json"", ""sha256"": ""117774d3cf0ee0a5e08486c1194554e84f316f7a65ebbe916e41e9d60a54adc4""}",9bb0ae97d2f3f1536a5c496a65fe2e21e2192ce20830979dd75b30b0a3148fc7,d1fab3aaa092939e281636e5182865245c839b6f137f7762fc773e601882716a,valid_fidelity,,,,,,,
qmap154,4gt13-v1_93,1,a18c9f80ee68afee3443e316232d2f6de495ee5d68f0f3ff3c3605e2760916ed,a18c9f80ee68afee-s1-ga_h2,success,False,"{""fidelity"": 0.7257732770830404, ""idle_exposures"": 19.0, ""log_atom_transfer"": -0.08604302868818396, ""log_coherence_linear"": -0.019136235388528468, ""log_fidelity"": -0.32051760344940766, ""log_idle_excitation"": -0.04755947414425106, ""move_batches"": 39.0, ""move_time_us"": 4291.924762964825, ""transfers"": 86.0}",True,False,fresh,fresh,success,a18c9f80ee68afee3443e316232d2f6de495ee5d68f0f3ff3c3605e2760916ed,"{""bytes"": 623467, ""path"": ""/Users/zhouzixiang/Desktop/zac/ZAC_zzx/results/physical_ga_main_v1/protocol.json"", ""sha256"": ""9bb0ae97d2f3f1536a5c496a65fe2e21e2192ce20830979dd75b30b0a3148fc7""}","{""bytes"": 1282, ""path"": ""/Users/zhouzixiang/Desktop/zac/ZAC_zzx/results/physical_ga_main_v1/receipts/a18c9f80ee68afee-s1-ga_h2.json"", ""sha256"": ""657fa2dbe1ccce587a39b96b957975218ce640f7406cf30145fc560eddf88730""}",9bb0ae97d2f3f1536a5c496a65fe2e21e2192ce20830979dd75b30b0a3148fc7,d1fab3aaa092939e281636e5182865245c839b6f137f7762fc773e601882716a,valid_fidelity,,,,,,,
qmap154,4gt13-v1_93,2,a18c9f80ee68afee3443e316232d2f6de495ee5d68f0f3ff3c3605e2760916ed,a18c9f80ee68afee-s2-ga_h2,success,False,"{""fidelity"": 0.7257732770830404, ""idle_exposures"": 19.0, ""log_atom_transfer"": -0.08604302868818396, ""log_coherence_linear"": -0.019136235388528468, ""log_fidelity"": -0.32051760344940766, ""log_idle_excitation"": -0.04755947414425106, ""move_batches"": 39.0, ""move_time_us"": 4291.924762964825, ""transfers"": 86.0}",True,False,fresh,fresh,success,a18c9f80ee68afee3443e316232d2f6de495ee5d68f0f3ff3c3605e2760916ed,"{""bytes"": 623467, ""path"": ""/Users/zhouzixiang/Desktop/zac/ZAC_zzx/results/physical_ga_main_v1/protocol.json"", ""sha256"": ""9bb0ae97d2f3f1536a5c496a65fe2e21e2192ce20830979dd75b30b0a3148fc7""}","{""bytes"": 1281, ""path"": ""/Users/zhouzixiang/Desktop/zac/ZAC_zzx/results/physical_ga_main_v1/receipts/a18c9f80ee68afee-s2-ga_h2.json"", ""sha256"": ""10191a0e99f348506bca5c7c07cc6a3e21dad39f2c504c93bc7586f8056ff7e8""}",9bb0ae97d2f3f1536a5c496a65fe2e21e2192ce20830979dd75b30b0a3148fc7,d1fab3aaa092939e281636e5182865245c839b6f137f7762fc773e601882716a,valid_fidelity,,,,,,,
qmap154,urf1_278,0,a1e792ad6dea65292c6f25330a00d88d427b32fa5d9a689ea1e6e25faaed858e,a1e792ad6dea6529-s0-ga_h2,success,True,"{""fidelity"": null, ""idle_exposures"": 17488.0, ""log_atom_transfer"": -82.77939660003446, ""log_coherence_linear"": null, ""log_fidelity"": null, ""log_idle_excitation"": -43.774741254455925, ""move_batches"": 36664.0, ""move_time_us"": 3756964.6106754667, ""transfers"": 82738.0}",False,False,fresh,fresh,success,a1e792ad6dea65292c6f25330a00d88d427b32fa5d9a689ea1e6e25faaed858e,"{""bytes"": 623467, ""path"": ""/Users/zhouzixiang/Desktop/zac/ZAC_zzx/results/physical_ga_main_v1/protocol.json"", ""sha256"": ""9bb0ae97d2f3f1536a5c496a65fe2e21e2192ce20830979dd75b30b0a3148fc7""}","{""bytes"": 1285, ""path"": ""/Users/zhouzixiang/Desktop/zac/ZAC_zzx/results/physical_ga_main_v1/receipts/a1e792ad6dea6529-s0-ga_h2.json"", ""sha256"": ""3bdadaa9cb2fdd0f51ccd34e420fa13ed72b079b8b044faa3b75428737d627eb""}",9bb0ae97d2f3f1536a5c496a65fe2e21e2192ce20830979dd75b30b0a3148fc7,d1fab3aaa092939e281636e5182865245c839b6f137f7762fc773e601882716a,model_out_of_domain,,,,,,,
qmap154,urf1_278,1,a1e792ad6dea65292c6f25330a00d88d427b32fa5d9a689ea1e6e25faaed858e,a1e792ad6dea6529-s1-ga_h2,success,True,"{""fidelity"": null, ""idle_exposures"": 17589.0, ""log_atom_transfer"": -82.50926150996692, ""log_coherence_linear"": null, ""log_fidelity"": null, ""log_idle_excitation"": -44.02755740648589, ""move_batches"": 36684.0, ""move_time_us"": 3747172.7537815175, ""transfers"": 82468.0}",False,False,fresh,fresh,success,a1e792ad6dea65292c6f25330a00d88d427b32fa5d9a689ea1e6e25faaed858e,"{""bytes"": 623467, ""path"": ""/Users/zhouzixiang/Desktop/zac/ZAC_zzx/results/physical_ga_main_v1/protocol.json"", ""sha256"": ""9bb0ae97d2f3f1536a5c496a65fe2e21e2192ce20830979dd75b30b0a3148fc7""}","{""bytes"": 1286, ""path"": ""/Users/zhouzixiang/Desktop/zac/ZAC_zzx/results/physical_ga_main_v1/receipts/a1e792ad6dea6529-s1-ga_h2.json"", ""sha256"": ""4bbe3805871c89f9dd88ffecb3c27f19e68e0b6976e0c2296e07ea01392df1ba""}",9bb0ae97d2f3f1536a5c496a65fe2e21e2192ce20830979dd75b30b0a3148fc7,d1fab3aaa092939e281636e5182865245c839b6f137f7762fc773e601882716a,model_out_of_domain,,,,,,,
qmap154,urf1_278,2,a1e792ad6dea65292c6f25330a00d88d427b32fa5d9a689ea1e6e25faaed858e,a1e792ad6dea6529-s2-ga_h2,success,True,"{""fidelity"": null, ""idle_exposures"": 17467.0, ""log_atom_transfer"": -82.88544963539432, ""log_coherence_linear"": null, ""log_fidelity"": null, ""log_idle_excitation"": -43.722175519875435, ""move_batches"": 36760.0, ""move_time_us"": 3758768.708977178, ""transfers"": 82844.0}",False,False,fresh,fresh,success,a1e792ad6dea65292c6f25330a00d88d427b32fa5d9a689ea1e6e25faaed858e,"{""bytes"": 623467, ""path"": ""/Users/zhouzixiang/Desktop/zac/ZAC_zzx/results/physical_ga_main_v1/protocol.json"", ""sha256"": ""9bb0ae97d2f3f1536a5c496a65fe2e21e2192ce20830979dd75b30b0a3148fc7""}","{""bytes"": 1285, ""path"": ""/Users/zhouzixiang/Desktop/zac/ZAC_zzx/results/physical_ga_main_v1/receipts/a1e792ad6dea6529-s2-ga_h2.json"", ""sha256"": ""d345c77b2a8019fc242e3e3e10e2dc0293ce5c779c2985162f1e347cd93e02b3""}",9bb0ae97d2f3f1536a5c496a65fe2e21e2192ce20830979dd75b30b0a3148fc7,d1fab3aaa092939e281636e5182865245c839b6f137f7762fc773e601882716a,model_out_of_domain,,,,,,,
qmap154,4gt4-v0_79,0,a349d8041680093f4e0e734c78665ba74fb201322af6505319a01c6838b887c3,a349d8041680093f-s0-ga_h2,success,False,"{""fidelity"": 0.33024053072228104, ""idle_exposures"": 67.0, ""log_atom_transfer"": -0.29014509673922495, ""log_coherence_linear"": -0.07827905320614154, ""log_fidelity"": -1.1079340090497345, ""log_idle_excitation"": -0.16770972461393796, ""move_batches"": 137.0, ""move_time_us"": 14607.368245534231, ""transfers"": 290.0}",True,False,fresh,fresh,success,a349d8041680093f4e0e734c78665ba74fb201322af6505319a01c6838b887c3,"{""bytes"": 623467, ""path"": ""/Users/zhouzixiang/Desktop/zac/ZAC_zzx/results/physical_ga_main_v1/protocol.json"", ""sha256"": ""9bb0ae97d2f3f1536a5c496a65fe2e21e2192ce20830979dd75b30b0a3148fc7""}","{""bytes"": 1282, ""path"": ""/Users/zhouzixiang/Desktop/zac/ZAC_zzx/results/physical_ga_main_v1/receipts/a349d8041680093f-s0-ga_h2.json"", ""sha256"": ""f5733eeef920494fdd56641177b71dbac9ce84c4aa1b2bf8fe969593ebb9c3fa""}",9bb0ae97d2f3f1536a5c496a65fe2e21e2192ce20830979dd75b30b0a3148fc7,d1fab3aaa092939e281636e5182865245c839b6f137f7762fc773e601882716a,valid_fidelity,,,,,,,
qmap154,4gt4-v0_79,1,a349d8041680093f4e0e734c78665ba74fb201322af6505319a01c6838b887c3,a349d8041680093f-s1-ga_h2,success,False,"{""fidelity"": 0.33023133157104756, ""idle_exposures"": 67.0, ""log_atom_transfer"": -0.29014509673922495, ""log_coherence_linear"": -0.0783069095063392, ""log_fidelity"": -1.1079618653499321, ""log_idle_excitation"": -0.16770972461393796, ""move_batches"": 137.0, ""move_time_us"": 14609.275789356701, ""transfers"": 290.0}",True,False,fresh,fresh,success,a349d8041680093f4e0e734c78665ba74fb201322af6505319a01c6838b887c3,"{""bytes"": 623467, ""path"": ""/Users/zhouzixiang/Desktop/zac/ZAC_zzx/results/physical_ga_main_v1/protocol.json"", ""sha256"": ""9bb0ae97d2f3f1536a5c496a65fe2e21e2192ce20830979dd75b30b0a3148fc7""}","{""bytes"": 1281, ""path"": ""/Users/zhouzixiang/Desktop/zac/ZAC_zzx/results/physical_ga_main_v1/receipts/a349d8041680093f-s1-ga_h2.json"", ""sha256"": ""8cb99a01d256e38d204fea0a80d9a89e7295bae81cda8b5839d0b2ff905e7c2f""}",9bb0ae97d2f3f1536a5c496a65fe2e21e2192ce20830979dd75b30b0a3148fc7,d1fab3aaa092939e281636e5182865245c839b6f137f7762fc773e601882716a,valid_fidelity,,,,,,,
qmap154,4gt4-v0_79,2,a349d8041680093f4e0e734c78665ba74fb201322af6505319a01c6838b887c3,a349d8041680093f-s2-ga_h2,success,False,"{""fidelity"": 0.33023644833283633, ""idle_exposures"": 67.0, ""log_atom_transfer"": -0.29014509673922495, ""log_coherence_linear"": -0.07829141514932582, ""log_fidelity"": -1.1079463709929187, ""log_idle_excitation"": -0.16770972461393796, ""move_batches"": 137.0, ""move_time_us"": 14609.18757921469, ""transfers"": 290.0}",True,False,fresh,fresh,success,a349d8041680093f4e0e734c78665ba74fb201322af6505319a01c6838b887c3,"{""bytes"": 623467, ""path"": ""/Users/zhouzixiang/Desktop/zac/ZAC_zzx/results/physical_ga_main_v1/protocol.json"", ""sha256"": ""9bb0ae97d2f3f1536a5c496a65fe2e21e2192ce20830979dd75b30b0a3148fc7""}","{""bytes"": 1282, ""path"": ""/Users/zhouzixiang/Desktop/zac/ZAC_zzx/results/physical_ga_main_v1/receipts/a349d8041680093f-s2-ga_h2.json"", ""sha256"": ""3586d254849906c3a72d57406ffd1ab4157e7d7a0c132fcb6df55f64085597e0""}",9bb0ae97d2f3f1536a5c496a65fe2e21e2192ce20830979dd75b30b0a3148fc7,d1fab3aaa092939e281636e5182865245c839b6f137f7762fc773e601882716a,valid_fidelity,,,,,,,
qmap154,aj-e11_165,0,a35a0cb5a5e80b130e60fa4e26dfdd940ac110073cf1e447d5f32ea63e0902b2,a35a0cb5a5e80b13-s0-ga_h2,success,False,"{""fidelity"": 0.48056287445990475, ""idle_exposures"": 49.0, ""log_atom_transfer"": -0.1860930620465374, ""log_coherence_linear"": -0.03977961726722457, ""log_fidelity"": -0.7327972069783781, ""log_idle_excitation"": -0.12265338068780537, ""move_batches"": 85.0, ""move_time_us"": 8437.175615703802, ""transfers"": 186.0}",True,False,fresh,fresh,success,a35a0cb5a5e80b130e60fa4e26dfdd940ac110073cf1e447d5f32ea63e0902b2,"{""bytes"": 623467, ""path"": ""/Users/zhouzixiang/Desktop/zac/ZAC_zzx/results/physical_ga_main_v1/protocol.json"", ""sha256"": ""9bb0ae97d2f3f1536a5c496a65fe2e21e2192ce20830979dd75b30b0a3148fc7""}","{""bytes"": 1282, ""path"": ""/Users/zhouzixiang/Desktop/zac/ZAC_zzx/results/physical_ga_main_v1/receipts/a35a0cb5a5e80b13-s0-ga_h2.json"", ""sha256"": ""b43b6ea0ef2e7156b98ca103d18924304301b89491d928e79546cc5f3fe42f60""}",9bb0ae97d2f3f1536a5c496a65fe2e21e2192ce20830979dd75b30b0a3148fc7,d1fab3aaa092939e281636e5182865245c839b6f137f7762fc773e601882716a,valid_fidelity,,,,,,,
qmap154,aj-e11_165,1,a35a0cb5a5e80b130e60fa4e26dfdd940ac110073cf1e447d5f32ea63e0902b2,a35a0cb5a5e80b13-s1-ga_h2,success,False,"{""fidelity"": 0.4825585784192956, ""idle_exposures"": 49.0, ""log_atom_transfer"": -0.18209106071220327, ""log_coherence_linear"": -0.03963737114504153, ""log_fidelity"": -0.7286529595218609, ""log_idle_excitation"": -0.12265338068780537, ""move_batches"": 88.0, ""move_time_us"": 8632.4168013689, ""transfers"": 182.0}",True,False,fresh,fresh,success,a35a0cb5a5e80b130e60fa4e26dfdd940ac110073cf1e447d5f32ea63e0902b2,"{""bytes"": 623467, ""path"": ""/Users/zhouzixiang/Desktop/zac/ZAC_zzx/results/physical_ga_main_v1/protocol.json"", ""sha256"": ""9bb0ae97d2f3f1536a5c496a65fe2e21e2192ce20830979dd75b30b0a3148fc7""}","{""bytes"": 1281, ""path"": ""/Users/zhouzixiang/Desktop/zac/ZAC_zzx/results/physical_ga_main_v1/receipts/a35a0cb5a5e80b13-s1-ga_h2.json"", ""sha256"": ""d2a7ffc72d551d98ec2c330bb970197662d8171c65a9efa69da042358ae4166f""}",9bb0ae97d2f3f1536a5c496a65fe2e21e2192ce20830979dd75b30b0a3148fc7,d1fab3aaa092939e281636e5182865245c839b6f137f7762fc773e601882716a,valid_fidelity,,,,,,,
qmap154,aj-e11_165,2,a35a0cb5a5e80b130e60fa4e26dfdd940ac110073cf1e447d5f32ea63e0902b2,a35a0cb5a5e80b13-s2-ga_h2,success,False,"{""fidelity"": 0.4825636200903634, ""idle_exposures"": 49.0, ""log_atom_transfer"": -0.18209106071220327, ""log_coherence_linear"": -0.03962692340883651, ""log_fidelity"": -0.7286425117856559, ""log_idle_excitation"": -0.12265338068780537, ""move_batches"": 88.0, ""move_time_us"": 8629.307226387526, ""transfers"": 182.0}",True,False,fresh,fresh,success,a35a0cb5a5e80b130e60fa4e26dfdd940ac110073cf1e447d5f32ea63e0902b2,"{""bytes"": 623467, ""path"": ""/Users/zhouzixiang/Desktop/zac/ZAC_zzx/results/physical_ga_main_v1/protocol.json"", ""sha256"": ""9bb0ae97d2f3f1536a5c496a65fe2e21e2192ce20830979dd75b30b0a3148fc7""}","{""bytes"": 1282, ""path"": ""/Users/zhouzixiang/Desktop/zac/ZAC_zzx/results/physical_ga_main_v1/receipts/a35a0cb5a5e80b13-s2-ga_h2.json"", ""sha256"": ""814b249e95e670311b8cb7f86874ad32def592c7e3d8ef119792c7a8b2615339""}",9bb0ae97d2f3f1536a5c496a65fe2e21e2192ce20830979dd75b30b0a3148fc7,d1fab3aaa092939e281636e5182865245c839b6f137f7762fc773e601882716a,valid_fidelity,,,,,,,
qmap154,sf_274,0,a6601aa8a2f26cecf967808159491730a5ec445ea7982d3bada3e769531cf1b0,a6601aa8a2f26cec-s0-ga_h2,success,False,"{""fidelity"": 0.02649486533707488, ""idle_exposures"": 228.0, ""log_atom_transfer"": -0.9344673115670211, ""log_coherence_linear"": -0.2532810509759576, ""log_fidelity"": -3.630804325629121, ""log_idle_excitation"": -0.5707136897310128, ""move_batches"": 439.0, ""move_time_us"": 45392.82239469227, ""transfers"": 934.0}",True,False,fresh,fresh,success,a6601aa8a2f26cecf967808159491730a5ec445ea7982d3bada3e769531cf1b0,"{""bytes"": 623467, ""path"": ""/Users/zhouzixiang/Desktop/zac/ZAC_zzx/results/physical_ga_main_v1/protocol.json"", ""sha256"": ""9bb0ae97d2f3f1536a5c496a65fe2e21e2192ce20830979dd75b30b0a3148fc7""}","{""bytes"": 1277, ""path"": ""/Users/zhouzixiang/Desktop/zac/ZAC_zzx/results/physical_ga_main_v1/receipts/a6601aa8a2f26cec-s0-ga_h2.json"", ""sha256"": ""023c0f01f0365d5f912b8ebdab18f86995df82cd14f8afc86e8a763a13457674""}",9bb0ae97d2f3f1536a5c496a65fe2e21e2192ce20830979dd75b30b0a3148fc7,d1fab3aaa092939e281636e5182865245c839b6f137f7762fc773e601882716a,valid_fidelity,,,,,,,
qmap154,sf_274,1,a6601aa8a2f26cecf967808159491730a5ec445ea7982d3bada3e769531cf1b0,a6601aa8a2f26cec-s1-ga_h2,success,False,"{""fidelity"": 0.02650446699504295, ""idle_exposures"": 228.0, ""log_atom_transfer"": -0.932466310899854, ""log_coherence_linear"": -0.2549197203589135, ""log_fidelity"": -3.6304419943449098, ""log_idle_excitation"": -0.5707136897310128, ""move_batches"": 438.0, ""move_time_us"": 45689.67078845509, ""transfers"": 932.0}",True,False,fresh,fresh,success,a6601aa8a2f26cecf967808159491730a5ec445ea7982d3bada3e769531cf1b0,"{""bytes"": 623467, ""path"": ""/Users/zhouzixiang/Desktop/zac/ZAC_zzx/results/physical_ga_main_v1/protocol.json"", ""sha256"": ""9bb0ae97d2f3f1536a5c496a65fe2e21e2192ce20830979dd75b30b0a3148fc7""}","{""bytes"": 1277, ""path"": ""/Users/zhouzixiang/Desktop/zac/ZAC_zzx/results/physical_ga_main_v1/receipts/a6601aa8a2f26cec-s1-ga_h2.json"", ""sha256"": ""d68ac1af59c10e649fcddf240aa795f3c9a20dd274b0c32996cff0a97f10a4bd""}",9bb0ae97d2f3f1536a5c496a65fe2e21e2192ce20830979dd75b30b0a3148fc7,d1fab3aaa092939e281636e5182865245c839b6f137f7762fc773e601882716a,valid_fidelity,,,,,,,
qmap154,sf_274,2,a6601aa8a2f26cecf967808159491730a5ec445ea7982d3bada3e769531cf1b0,a6601aa8a2f26cec-s2-ga_h2,success,False,"{""fidelity"": 0.026613243550878334, ""idle_exposures"": 228.0, ""log_atom_transfer"": -0.9264633088983528, ""log_coherence_linear"": -0.2568270372574744, ""log_fidelity"": -3.6263463092419697, ""log_idle_excitation"": -0.5707136897310128, ""move_batches"": 436.0, ""move_time_us"": 46163.59486941087, ""transfers"": 926.0}",True,False,fresh,fresh,success,a6601aa8a2f26cecf967808159491730a5ec445ea7982d3bada3e769531cf1b0,"{""bytes"": 623467, ""path"": ""/Users/zhouzixiang/Desktop/zac/ZAC_zzx/results/physical_ga_main_v1/protocol.json"", ""sha256"": ""9bb0ae97d2f3f1536a5c496a65fe2e21e2192ce20830979dd75b30b0a3148fc7""}","{""bytes"": 1277, ""path"": ""/Users/zhouzixiang/Desktop/zac/ZAC_zzx/results/physical_ga_main_v1/receipts/a6601aa8a2f26cec-s2-ga_h2.json"", ""sha256"": ""74b858bd8edfa68fb6a2a4fca3a514f3035afb9f495cec81c292fc1605597d80""}",9bb0ae97d2f3f1536a5c496a65fe2e21e2192ce20830979dd75b30b0a3148fc7,d1fab3aaa092939e281636e5182865245c839b6f137f7762fc773e601882716a,valid_fidelity,,,,,,,
qmap154,4mod5-bdd_287,0,a8f4097d0168378803725415aada0c52d1bc452c2a07d485204863fef857bf84,a8f4097d01683788-s0-ga_h2,success,False,"{""fidelity"": 0.7150220714737578, ""idle_exposures"": 23.0, ""log_atom_transfer"": -0.08004002668668275, ""log_coherence_linear"": -0.02563852883311415, ""log_fidelity"": -0.3354418675705063, ""log_idle_excitation"": -0.05757199501672497, ""move_batches"": 39.0, ""move_time_us"": 3869.8796628501927, ""transfers"": 80.0}",True,False,fresh,fresh,success,a8f4097d0168378803725415aada0c52d1bc452c2a07d485204863fef857bf84,"{""bytes"": 623467, ""path"": ""/Users/zhouzixiang/Desktop/zac/ZAC_zzx/results/physical_ga_main_v1/protocol.json"", ""sha256"": ""9bb0ae97d2f3f1536a5c496a65fe2e21e2192ce20830979dd75b30b0a3148fc7""}","{""bytes"": 1284, ""path"": ""/Users/zhouzixiang/Desktop/zac/ZAC_zzx/results/physical_ga_main_v1/receipts/a8f4097d01683788-s0-ga_h2.json"", ""sha256"": ""0aea14bec7b3d4d39e18527f312335bdc695931f8c67658d5f0d03e0c3451e09""}",9bb0ae97d2f3f1536a5c496a65fe2e21e2192ce20830979dd75b30b0a3148fc7,d1fab3aaa092939e281636e5182865245c839b6f137f7762fc773e601882716a,valid_fidelity,,,,,,,
qmap154,4mod5-bdd_287,1,a8f4097d0168378803725415aada0c52d1bc452c2a07d485204863fef857bf84,a8f4097d01683788-s1-ga_h2,success,False,"{""fidelity"": 0.7150754228597007, ""idle_exposures"": 23.0, ""log_atom_transfer"": -0.08004002668668275, ""log_coherence_linear"": -0.025563916596984718, ""log_fidelity"": -0.3353672553343769, ""log_idle_excitation"": -0.05757199501672497, ""move_batches"": 39.0, ""move_time_us"": 3853.949694616912, ""transfers"": 80.0}",True,False,fresh,fresh,success,a8f4097d0168378803725415aada0c52d1bc452c2a07d485204863fef857bf84,"{""bytes"": 623467, ""path"": ""/Users/zhouzixiang/Desktop/zac/ZAC_zzx/results/physical_ga_main_v1/protocol.json"", ""sha256"": ""9bb0ae97d2f3f1536a5c496a65fe2e21e2192ce20830979dd75b30b0a3148fc7""}","{""bytes"": 1284, ""path"": ""/Users/zhouzixiang/Desktop/zac/ZAC_zzx/results/physical_ga_main_v1/receipts/a8f4097d01683788-s1-ga_h2.json"", ""sha256"": ""1b9ff2d937228957909ba3bc7b692a3373ad710888c7419580ec73ed9296762c""}",9bb0ae97d2f3f1536a5c496a65fe2e21e2192ce20830979dd75b30b0a3148fc7,d1fab3aaa092939e281636e5182865245c839b6f137f7762fc773e601882716a,valid_fidelity,,,,,,,
qmap154,4mod5-bdd_287,2,a8f4097d0168378803725415aada0c52d1bc452c2a07d485204863fef857bf84,a8f4097d01683788-s2-ga_h2,success,False,"{""fidelity"": 0.7150729034182072, ""idle_exposures"": 23.0, ""log_atom_transfer"": -0.08004002668668275, ""log_coherence_linear"": -0.02556743992592517, ""log_fidelity"": -0.3353707786633173, ""log_idle_excitation"": -0.05757199501672497, ""move_batches"": 39.0, ""move_time_us"": 3858.6447323743073, ""transfers"": 80.0}",True,False,fresh,fresh,success,a8f4097d0168378803725415aada0c52d1bc452c2a07d485204863fef857bf84,"{""bytes"": 623467, ""path"": ""/Users/zhouzixiang/Desktop/zac/ZAC_zzx/results/physical_ga_main_v1/protocol.json"", ""sha256"": ""9bb0ae97d2f3f1536a5c496a65fe2e21e2192ce20830979dd75b30b0a3148fc7""}","{""bytes"": 1283, ""path"": ""/Users/zhouzixiang/Desktop/zac/ZAC_zzx/results/physical_ga_main_v1/receipts/a8f4097d01683788-s2-ga_h2.json"", ""sha256"": ""ed9495e21707101419cbbef856c839eaee508c63f702c34aeb280b411c705cde""}",9bb0ae97d2f3f1536a5c496a65fe2e21e2192ce20830979dd75b30b0a3148fc7,d1fab3aaa092939e281636e5182865245c839b6f137f7762fc773e601882716a,valid_fidelity,,,,,,,
qmap154,rd84_253,0,a9efde0279e6a63c1de865e8ae22b6b7bbb96a6b2ae2a58c3038bcafea2c08f4,a9efde0279e6a63c-s0-ga_h2,success,False,"{""fidelity"": 9.098050630490525e-36, ""idle_exposures"": 3973.0, ""log_atom_transfer"": -17.716859907097227, ""log_coherence_linear"": -19.82725943699113, ""log_fidelity"": -80.68500317364007, ""log_idle_excitation"": -9.944936356584709, ""move_batches"": 7789.0, ""move_time_us"": 795027.1200482501, ""transfers"": 17708.0}",True,False,fresh,fresh,success,a9efde0279e6a63c1de865e8ae22b6b7bbb96a6b2ae2a58c3038bcafea2c08f4,"{""bytes"": 623467, ""path"": ""/Users/zhouzixiang/Desktop/zac/ZAC_zzx/results/physical_ga_main_v1/protocol.json"", ""sha256"": ""9bb0ae97d2f3f1536a5c496a65fe2e21e2192ce20830979dd75b30b0a3148fc7""}","{""bytes"": 1280, ""path"": ""/Users/zhouzixiang/Desktop/zac/ZAC_zzx/results/physical_ga_main_v1/receipts/a9efde0279e6a63c-s0-ga_h2.json"", ""sha256"": ""9f0fc48783154def21aee17685e4f35921cff399141581100b1f6fd5a5c1e8b5""}",9bb0ae97d2f3f1536a5c496a65fe2e21e2192ce20830979dd75b30b0a3148fc7,d1fab3aaa092939e281636e5182865245c839b6f137f7762fc773e601882716a,valid_fidelity,,,,,,,
qmap154,rd84_253,1,a9efde0279e6a63c1de865e8ae22b6b7bbb96a6b2ae2a58c3038bcafea2c08f4,a9efde0279e6a63c-s1-ga_h2,success,False,"{""fidelity"": 6.740651623405769e-36, ""idle_exposures"": 3977.0, ""log_atom_transfer"": -17.64682488374638, ""log_coherence_linear"": -20.187185513333553, ""log_fidelity"": -80.98490674750411, ""log_idle_excitation"": -9.954948877457182, ""move_batches"": 7870.0, ""move_time_us"": 805345.6889287073, ""transfers"": 17638.0}",True,False,fresh,fresh,success,a9efde0279e6a63c1de865e8ae22b6b7bbb96a6b2ae2a58c3038bcafea2c08f4,"{""bytes"": 623467, ""path"": ""/Users/zhouzixiang/Desktop/zac/ZAC_zzx/results/physical_ga_main_v1/protocol.json"", ""sha256"": ""9bb0ae97d2f3f1536a5c496a65fe2e21e2192ce20830979dd75b30b0a3148fc7""}","{""bytes"": 1280, ""path"": ""/Users/zhouzixiang/Desktop/zac/ZAC_zzx/results/physical_ga_main_v1/receipts/a9efde0279e6a63c-s1-ga_h2.json"", ""sha256"": ""3bd46136863b1907ce86032c6351ab0ffeebf1148758e7c80423dfee6da1111f""}",9bb0ae97d2f3f1536a5c496a65fe2e21e2192ce20830979dd75b30b0a3148fc7,d1fab3aaa092939e281636e5182865245c839b6f137f7762fc773e601882716a,valid_fidelity,,,,,,,
qmap154,rd84_253,2,a9efde0279e6a63c1de865e8ae22b6b7bbb96a6b2ae2a58c3038bcafea2c08f4,a9efde0279e6a63c-s2-ga_h2,success,False,"{""fidelity"": 6.388137439752175e-36, ""idle_exposures"": 3982.0, ""log_atom_transfer"": -17.71485890643006, ""log_coherence_linear"": -20.160349694417018, ""log_fidelity"": -81.03862060236186, ""log_idle_excitation"": -9.967464528547776, ""move_batches"": 7893.0, ""move_time_us"": 807439.0160102906, ""transfers"": 17706.0}",True,False,fresh,fresh,success,a9efde0279e6a63c1de865e8ae22b6b7bbb96a6b2ae2a58c3038bcafea2c08f4,"{""bytes"": 623467, ""path"": ""/Users/zhouzixiang/Desktop/zac/ZAC_zzx/results/physical_ga_main_v1/protocol.json"", ""sha256"": ""9bb0ae97d2f3f1536a5c496a65fe2e21e2192ce20830979dd75b30b0a3148fc7""}","{""bytes"": 1280, ""path"": ""/Users/zhouzixiang/Desktop/zac/ZAC_zzx/results/physical_ga_main_v1/receipts/a9efde0279e6a63c-s2-ga_h2.json"", ""sha256"": ""d19d253cbf0d8617b3dbe29e84d41be29936a163769eff30b453ff55ecc429bb""}",9bb0ae97d2f3f1536a5c496a65fe2e21e2192ce20830979dd75b30b0a3148fc7,d1fab3aaa092939e281636e5182865245c839b6f137f7762fc773e601882716a,valid_fidelity,,,,,,,
zac18,bv_n14_transpiled,0,a9f1ef0f566a3cc1a347e8cb7bf74983b239326618f114a908e46c6e37c67752,a9f1ef0f566a3cc1-s0-ga_h2,success,False,"{""fidelity"": 0.8490145960933787, ""idle_exposures"": 0.0, ""log_atom_transfer"": -0.05202601734634379, ""log_coherence_linear"": -0.0377885344045311, ""log_fidelity"": -0.1636789007180084, ""log_idle_excitation"": -0.0, ""move_batches"": 25.0, ""move_time_us"": 2694.7293774857235, ""transfers"": 52.0}",True,False,reused,fresh,success,a9f1ef0f566a3cc1a347e8cb7bf74983b239326618f114a908e46c6e37c67752,"{""bytes"": 120460, ""path"": ""/Users/zhouzixiang/Desktop/zac/ZAC_zzx/results/physical_ga_initial_v1/corrected_driver_v1/protocol.json"", ""sha256"": ""634fb00b81921a7f81494cbeaaf4749cf9fe3bcfffdbd34f6488c496ea0244d7""}","{""bytes"": 1365, ""path"": ""/Users/zhouzixiang/Desktop/zac/ZAC_zzx/results/physical_ga_initial_v1/corrected_driver_v1/receipts/a9f1ef0f566a3cc1-s0-ga_h2.json"", ""sha256"": ""bbf16fce0c6a69527454867df4979199cf007d84a8db31c39731a8868c0eaf96""}",634fb00b81921a7f81494cbeaaf4749cf9fe3bcfffdbd34f6488c496ea0244d7,715e166529a9198763afc2134df560a1133fc23906da0285528991c343baaa46,valid_fidelity,,,,,,,
zac18,bv_n14_transpiled,1,a9f1ef0f566a3cc1a347e8cb7bf74983b239326618f114a908e46c6e37c67752,a9f1ef0f566a3cc1-s1-ga_h2,success,False,"{""fidelity"": 0.8491460613822811, ""idle_exposures"": 0.0, ""log_atom_transfer"": -0.05202601734634379, ""log_coherence_linear"": -0.03763370183484894, ""log_fidelity"": -0.16352406814832623, ""log_idle_excitation"": -0.0, ""move_batches"": 25.0, ""move_time_us"": 2678.1847989924654, ""transfers"": 52.0}",True,False,reused,fresh,success,a9f1ef0f566a3cc1a347e8cb7bf74983b239326618f114a908e46c6e37c67752,"{""bytes"": 120460, ""path"": ""/Users/zhouzixiang/Desktop/zac/ZAC_zzx/results/physical_ga_initial_v1/corrected_driver_v1/protocol.json"", ""sha256"": ""634fb00b81921a7f81494cbeaaf4749cf9fe3bcfffdbd34f6488c496ea0244d7""}","{""bytes"": 1364, ""path"": ""/Users/zhouzixiang/Desktop/zac/ZAC_zzx/results/physical_ga_initial_v1/corrected_driver_v1/receipts/a9f1ef0f566a3cc1-s1-ga_h2.json"", ""sha256"": ""35a0738c790fe4b0ab5aa7904272693385d69a3fe67f363b6b7d5c684f67b77b""}",634fb00b81921a7f81494cbeaaf4749cf9fe3bcfffdbd34f6488c496ea0244d7,715e166529a9198763afc2134df560a1133fc23906da0285528991c343baaa46,valid_fidelity,,,,,,,
zac18,bv_n14_transpiled,2,a9f1ef0f566a3cc1a347e8cb7bf74983b239326618f114a908e46c6e37c67752,a9f1ef0f566a3cc1-s2-ga_h2,success,False,"{""fidelity"": 0.8491382866280057, ""idle_exposures"": 0.0, ""log_atom_transfer"": -0.05202601734634379, ""log_coherence_linear"": -0.03764285784489461, ""log_fidelity"": -0.1635332241583719, ""log_idle_excitation"": -0.0, ""move_batches"": 25.0, ""move_time_us"": 2679.1631662398745, ""transfers"": 52.0}",True,False,reused,fresh,success,a9f1ef0f566a3cc1a347e8cb7bf74983b239326618f114a908e46c6e37c67752,"{""bytes"": 120460, ""path"": ""/Users/zhouzixiang/Desktop/zac/ZAC_zzx/results/physical_ga_initial_v1/corrected_driver_v1/protocol.json"", ""sha256"": ""634fb00b81921a7f81494cbeaaf4749cf9fe3bcfffdbd34f6488c496ea0244d7""}","{""bytes"": 1365, ""path"": ""/Users/zhouzixiang/Desktop/zac/ZAC_zzx/results/physical_ga_initial_v1/corrected_driver_v1/receipts/a9f1ef0f566a3cc1-s2-ga_h2.json"", ""sha256"": ""9d0aa8da0df96aa58d796cf05db15a915c4a0da23e2f0dcf50757ca5a3cb72bf""}",634fb00b81921a7f81494cbeaaf4749cf9fe3bcfffdbd34f6488c496ea0244d7,715e166529a9198763afc2134df560a1133fc23906da0285528991c343baaa46,valid_fidelity,,,,,,,
qmap154,4gt11_82,0,aacab69f698e7b9ecb3ad3698004174062167964aebd93c4efcbe624131bff1d,aacab69f698e7b9e-s0-ga_h2,success,False,"{""fidelity"": 0.85905448566101, ""idle_exposures"": 5.0, ""log_atom_transfer"": -0.042021014010508444, ""log_coherence_linear"": -0.009084380313930282, ""log_fidelity"": -0.1519229298347935, ""log_idle_excitation"": -0.012515651090592385, ""move_batches"": 19.0, ""move_time_us"": 2021.2044533353703, ""transfers"": 42.0}",True,False,fresh,fresh,success,aacab69f698e7b9ecb3ad3698004174062167964aebd93c4efcbe624131bff1d,"{""bytes"": 623467, ""path"": ""/Users/zhouzixiang/Desktop/zac/ZAC_zzx/results/physical_ga_main_v1/protocol.json"", ""sha256"": ""9bb0ae97d2f3f1536a5c496a65fe2e21e2192ce20830979dd75b30b0a3148fc7""}","{""bytes"": 1280, ""path"": ""/Users/zhouzixiang/Desktop/zac/ZAC_zzx/results/physical_ga_main_v1/receipts/aacab69f698e7b9e-s0-ga_h2.json"", ""sha256"": ""d47ca54cf364b5006b6b960b3dc5aac424462726cc1b45f78ef10671c72ce714""}",9bb0ae97d2f3f1536a5c496a65fe2e21e2192ce20830979dd75b30b0a3148fc7,d1fab3aaa092939e281636e5182865245c839b6f137f7762fc773e601882716a,valid_fidelity,,,,,,,
qmap154,4gt11_82,1,aacab69f698e7b9ecb3ad3698004174062167964aebd93c4efcbe624131bff1d,aacab69f698e7b9e-s1-ga_h2,success,False,"{""fidelity"": 0.85905448566101, ""idle_exposures"": 5.0, ""log_atom_transfer"": -0.042021014010508444, ""log_coherence_linear"": -0.009084380313930282, ""log_fidelity"": -0.1519229298347935, ""log_idle_excitation"": -0.012515651090592385, ""move_batches"": 19.0, ""move_time_us"": 2021.2044533353703, ""transfers"": 42.0}",True,False,fresh,fresh,success,aacab69f698e7b9ecb3ad3698004174062167964aebd93c4efcbe624131bff1d,"{""bytes"": 623467, ""path"": ""/Users/zhouzixiang/Desktop/zac/ZAC_zzx/results/physical_ga_main_v1/protocol.json"", ""sha256"": ""9bb0ae97d2f3f1536a5c496a65fe2e21e2192ce20830979dd75b30b0a3148fc7""}","{""bytes"": 1279, ""path"": ""/Users/zhouzixiang/Desktop/zac/ZAC_zzx/results/physical_ga_main_v1/receipts/aacab69f698e7b9e-s1-ga_h2.json"", ""sha256"": ""da6940172d5c04eabfdd5f59be4662de30972d493527ecff0906775867012ec1""}",9bb0ae97d2f3f1536a5c496a65fe2e21e2192ce20830979dd75b30b0a3148fc7,d1fab3aaa092939e281636e5182865245c839b6f137f7762fc773e601882716a,valid_fidelity,,,,,,,
qmap154,4gt11_82,2,aacab69f698e7b9ecb3ad3698004174062167964aebd93c4efcbe624131bff1d,aacab69f698e7b9e-s2-ga_h2,success,False,"{""fidelity"": 0.8590692543641438, ""idle_exposures"": 5.0, ""log_atom_transfer"": -0.042021014010508444, ""log_coherence_linear"": -0.009067188649802447, ""log_fidelity"": -0.15190573817066566, ""log_idle_excitation"": -0.012515651090592385, ""move_batches"": 19.0, ""move_time_us"": 2016.0563072816187, ""transfers"": 42.0}",True,False,fresh,fresh,success,aacab69f698e7b9ecb3ad3698004174062167964aebd93c4efcbe624131bff1d,"{""bytes"": 623467, ""path"": ""/Users/zhouzixiang/Desktop/zac/ZAC_zzx/results/physical_ga_main_v1/protocol.json"", ""sha256"": ""9bb0ae97d2f3f1536a5c496a65fe2e21e2192ce20830979dd75b30b0a3148fc7""}","{""bytes"": 1279, ""path"": ""/Users/zhouzixiang/Desktop/zac/ZAC_zzx/results/physical_ga_main_v1/receipts/aacab69f698e7b9e-s2-ga_h2.json"", ""sha256"": ""aeeba9a14b1749a708aa7f18a2e8349be695628e114d29464a682a8cc1cf7eaa""}",9bb0ae97d2f3f1536a5c496a65fe2e21e2192ce20830979dd75b30b0a3148fc7,d1fab3aaa092939e281636e5182865245c839b6f137f7762fc773e601882716a,valid_fidelity,,,,,,,
qmap154,4gt4-v0_80,0,aacd9d461d97474d739216de7842190ad2c493eec99d4613f395da4a2c442559,aacd9d461d97474d-s0-ga_h2,success,False,"{""fidelity"": 0.42572095664975795, ""idle_exposures"": 53.0, ""log_atom_transfer"": -0.22011007338837757, ""log_coherence_linear"": -0.06079773833716993, ""log_fidelity"": -0.8539711786781202, ""log_idle_excitation"": -0.13266590156027927, ""move_batches"": 105.0, ""move_time_us"": 11022.369752528451, ""transfers"": 220.0}",True,False,fresh,fresh,success,aacd9d461d97474d739216de7842190ad2c493eec99d4613f395da4a2c442559,"{""bytes"": 623467, ""path"": ""/Users/zhouzixiang/Desktop/zac/ZAC_zzx/results/physical_ga_main_v1/protocol.json"", ""sha256"": ""9bb0ae97d2f3f1536a5c496a65fe2e21e2192ce20830979dd75b30b0a3148fc7""}","{""bytes"": 1282, ""path"": ""/Users/zhouzixiang/Desktop/zac/ZAC_zzx/results/physical_ga_main_v1/receipts/aacd9d461d97474d-s0-ga_h2.json"", ""sha256"": ""965bdaba5da91ba889f000f516aacf49b53e77fcb917fc5414f07e60ab77a736""}",9bb0ae97d2f3f1536a5c496a65fe2e21e2192ce20830979dd75b30b0a3148fc7,d1fab3aaa092939e281636e5182865245c839b6f137f7762fc773e601882716a,valid_fidelity,,,,,,,
qmap154,4gt4-v0_80,1,aacd9d461d97474d739216de7842190ad2c493eec99d4613f395da4a2c442559,aacd9d461d97474d-s1-ga_h2,success,False,"{""fidelity"": 0.4260731821907115, ""idle_exposures"": 53.0, ""log_atom_transfer"": -0.22011007338837757, ""log_coherence_linear"": -0.0599707179458138, ""log_fidelity"": -0.8531441582867642, ""log_idle_excitation"": -0.13266590156027927, ""move_batches"": 105.0, ""move_time_us"": 10815.309780330326, ""transfers"": 220.0}",True,False,fresh,fresh,success,aacd9d461d97474d739216de7842190ad2c493eec99d4613f395da4a2c442559,"{""bytes"": 623467, ""path"": ""/Users/zhouzixiang/Desktop/zac/ZAC_zzx/results/physical_ga_main_v1/protocol.json"", ""sha256"": ""9bb0ae97d2f3f1536a5c496a65fe2e21e2192ce20830979dd75b30b0a3148fc7""}","{""bytes"": 1281, ""path"": ""/Users/zhouzixiang/Desktop/zac/ZAC_zzx/results/physical_ga_main_v1/receipts/aacd9d461d97474d-s1-ga_h2.json"", ""sha256"": ""eb0100c9663e07f2655e3822a7d49dcb1efff16dda3cf15008391ca8160fa3a1""}",9bb0ae97d2f3f1536a5c496a65fe2e21e2192ce20830979dd75b30b0a3148fc7,d1fab3aaa092939e281636e5182865245c839b6f137f7762fc773e601882716a,valid_fidelity,,,,,,,
qmap154,4gt4-v0_80,2,aacd9d461d97474d739216de7842190ad2c493eec99d4613f395da4a2c442559,aacd9d461d97474d-s2-ga_h2,success,False,"{""fidelity"": 0.4260731821907115, ""idle_exposures"": 53.0, ""log_atom_transfer"": -0.22011007338837757, ""log_coherence_linear"": -0.0599707179458138, ""log_fidelity"": -0.8531441582867642, ""log_idle_excitation"": -0.13266590156027927, ""move_batches"": 105.0, ""move_time_us"": 10815.309780330326, ""transfers"": 220.0}",True,False,fresh,fresh,success,aacd9d461d97474d739216de7842190ad2c493eec99d4613f395da4a2c442559,"{""bytes"": 623467, ""path"": ""/Users/zhouzixiang/Desktop/zac/ZAC_zzx/results/physical_ga_main_v1/protocol.json"", ""sha256"": ""9bb0ae97d2f3f1536a5c496a65fe2e21e2192ce20830979dd75b30b0a3148fc7""}","{""bytes"": 1281, ""path"": ""/Users/zhouzixiang/Desktop/zac/ZAC_zzx/results/physical_ga_main_v1/receipts/aacd9d461d97474d-s2-ga_h2.json"", ""sha256"": ""203698274be2596b42fcdd0bb3217140092da3af5311c2733b8fc545d3315376""}",9bb0ae97d2f3f1536a5c496a65fe2e21e2192ce20830979dd75b30b0a3148fc7,d1fab3aaa092939e281636e5182865245c839b6f137f7762fc773e601882716a,valid_fidelity,,,,,,,
qmap154,co14_215,0,ad531fd39cdc47fc29e5c2641e1df1875cbe7cb0b067c9bf22f2ac428ceb8119,ad531fd39cdc47fc-s0-ga_h2,success,True,"{""fidelity"": null, ""idle_exposures"": 5279.0, ""log_atom_transfer"": -23.983993996664484, ""log_coherence_linear"": null, ""log_fidelity"": null, ""log_idle_excitation"": -13.214024421447439, ""move_batches"": 10182.0, ""move_time_us"": 1062201.7640919054, ""transfers"": 23972.0}",False,False,fresh,fresh,success,ad531fd39cdc47fc29e5c2641e1df1875cbe7cb0b067c9bf22f2ac428ceb8119,"{""bytes"": 623467, ""path"": ""/Users/zhouzixiang/Desktop/zac/ZAC_zzx/results/physical_ga_main_v1/protocol.json"", ""sha256"": ""9bb0ae97d2f3f1536a5c496a65fe2e21e2192ce20830979dd75b30b0a3148fc7""}","{""bytes"": 1284, ""path"": ""/Users/zhouzixiang/Desktop/zac/ZAC_zzx/results/physical_ga_main_v1/receipts/ad531fd39cdc47fc-s0-ga_h2.json"", ""sha256"": ""dca82cf2e77e0ca5709c9ff6b6ad71798122e0c04a77e2ae63f8d5a55fa43bae""}",9bb0ae97d2f3f1536a5c496a65fe2e21e2192ce20830979dd75b30b0a3148fc7,d1fab3aaa092939e281636e5182865245c839b6f137f7762fc773e601882716a,model_out_of_domain,,,,,,,
qmap154,co14_215,1,ad531fd39cdc47fc29e5c2641e1df1875cbe7cb0b067c9bf22f2ac428ceb8119,ad531fd39cdc47fc-s1-ga_h2,success,True,"{""fidelity"": null, ""idle_exposures"": 5277.0, ""log_atom_transfer"": -24.00000200200182, ""log_coherence_linear"": null, ""log_fidelity"": null, ""log_idle_excitation"": -13.209018161011203, ""move_batches"": 10130.0, ""move_time_us"": 1057838.5225990042, ""transfers"": 23988.0}",False,False,fresh,fresh,success,ad531fd39cdc47fc29e5c2641e1df1875cbe7cb0b067c9bf22f2ac428ceb8119,"{""bytes"": 623467, ""path"": ""/Users/zhouzixiang/Desktop/zac/ZAC_zzx/results/physical_ga_main_v1/protocol.json"", ""sha256"": ""9bb0ae97d2f3f1536a5c496a65fe2e21e2192ce20830979dd75b30b0a3148fc7""}","{""bytes"": 1284, ""path"": ""/Users/zhouzixiang/Desktop/zac/ZAC_zzx/results/physical_ga_main_v1/receipts/ad531fd39cdc47fc-s1-ga_h2.json"", ""sha256"": ""081d036b78b46a8e6f34c93e38aa94772b0a79e68d4bc951a3db17e5a47cd799""}",9bb0ae97d2f3f1536a5c496a65fe2e21e2192ce20830979dd75b30b0a3148fc7,d1fab3aaa092939e281636e5182865245c839b6f137f7762fc773e601882716a,model_out_of_domain,,,,,,,
qmap154,co14_215,2,ad531fd39cdc47fc29e5c2641e1df1875cbe7cb0b067c9bf22f2ac428ceb8119,ad531fd39cdc47fc-s2-ga_h2,success,True,"{""fidelity"": null, ""idle_exposures"": 5286.0, ""log_atom_transfer"": -23.869936958635964, ""log_coherence_linear"": null, ""log_fidelity"": null, ""log_idle_excitation"": -13.231546332974268, ""move_batches"": 10169.0, ""move_time_us"": 1063739.9898853912, ""transfers"": 23858.0}",False,False,fresh,fresh,success,ad531fd39cdc47fc29e5c2641e1df1875cbe7cb0b067c9bf22f2ac428ceb8119,"{""bytes"": 623467, ""path"": ""/Users/zhouzixiang/Desktop/zac/ZAC_zzx/results/physical_ga_main_v1/protocol.json"", ""sha256"": ""9bb0ae97d2f3f1536a5c496a65fe2e21e2192ce20830979dd75b30b0a3148fc7""}","{""bytes"": 1284, ""path"": ""/Users/zhouzixiang/Desktop/zac/ZAC_zzx/results/physical_ga_main_v1/receipts/ad531fd39cdc47fc-s2-ga_h2.json"", ""sha256"": ""69cf5d0213796c340ba091de2e3e3dffa09a18d46561f4e2d98b70419de80ad6""}",9bb0ae97d2f3f1536a5c496a65fe2e21e2192ce20830979dd75b30b0a3148fc7,d1fab3aaa092939e281636e5182865245c839b6f137f7762fc773e601882716a,model_out_of_domain,,,,,,,
zac18,bv_n70_transpiled,0,b0b7114a0df2cf06b93931990669c2490dfc66245eaaed7ea956f3a4fb02967a,b0b7114a0df2cf06-s0-ga_h2,success,False,"{""fidelity"": 0.3690417190004539, ""idle_exposures"": 8.0, ""log_atom_transfer"": -0.15607805203903136, ""log_coherence_linear"": -0.617787606603818, ""log_fidelity"": -0.9968455817105409, ""log_idle_excitation"": -0.020025041744947816, ""move_batches"": 73.0, ""move_time_us"": 9669.330121037336, ""transfers"": 156.0}",True,False,fresh,fresh,success,b0b7114a0df2cf06b93931990669c2490dfc66245eaaed7ea956f3a4fb02967a,"{""bytes"": 623467, ""path"": ""/Users/zhouzixiang/Desktop/zac/ZAC_zzx/results/physical_ga_main_v1/protocol.json"", ""sha256"": ""9bb0ae97d2f3f1536a5c496a65fe2e21e2192ce20830979dd75b30b0a3148fc7""}","{""bytes"": 1287, ""path"": ""/Users/zhouzixiang/Desktop/zac/ZAC_zzx/results/physical_ga_main_v1/receipts/b0b7114a0df2cf06-s0-ga_h2.json"", ""sha256"": ""7dd09f1e3bdff513c548712e4d6ade4d7a1d427bdfbc3101035b03a889b60f67""}",9bb0ae97d2f3f1536a5c496a65fe2e21e2192ce20830979dd75b30b0a3148fc7,d1fab3aaa092939e281636e5182865245c839b6f137f7762fc773e601882716a,valid_fidelity,,,,,,,
zac18,bv_n70_transpiled,1,b0b7114a0df2cf06b93931990669c2490dfc66245eaaed7ea956f3a4fb02967a,b0b7114a0df2cf06-s1-ga_h2,success,False,"{""fidelity"": 0.3908457998619749, ""idle_exposures"": 3.0, ""log_atom_transfer"": -0.1480740493703631, ""log_coherence_linear"": -0.5809038491896299, ""log_fidelity"": -0.9394421705370921, ""log_idle_excitation"": -0.00750939065435543, ""move_batches"": 71.0, ""move_time_us"": 8675.628295943065, ""transfers"": 148.0}",True,False,fresh,fresh,success,b0b7114a0df2cf06b93931990669c2490dfc66245eaaed7ea956f3a4fb02967a,"{""bytes"": 623467, ""path"": ""/Users/zhouzixiang/Desktop/zac/ZAC_zzx/results/physical_ga_main_v1/protocol.json"", ""sha256"": ""9bb0ae97d2f3f1536a5c496a65fe2e21e2192ce20830979dd75b30b0a3148fc7""}","{""bytes"": 1286, ""path"": ""/Users/zhouzixiang/Desktop/zac/ZAC_zzx/results/physical_ga_main_v1/receipts/b0b7114a0df2cf06-s1-ga_h2.json"", ""sha256"": ""f5dbde5f0accaff98fdea915de8a0c4956cf85c8ecf987dcc75912680ab15720""}",9bb0ae97d2f3f1536a5c496a65fe2e21e2192ce20830979dd75b30b0a3148fc7,d1fab3aaa092939e281636e5182865245c839b6f137f7762fc773e601882716a,valid_fidelity,,,,,,,
zac18,bv_n70_transpiled,2,b0b7114a0df2cf06b93931990669c2490dfc66245eaaed7ea956f3a4fb02967a,b0b7114a0df2cf06-s2-ga_h2,success,False,"{""fidelity"": 0.36989129655201547, ""idle_exposures"": 4.0, ""log_atom_transfer"": -0.15007505003753016, ""log_coherence_linear"": -0.6315036573794284, ""log_fidelity"": -0.9945461096121762, ""log_idle_excitation"": -0.010012520872473908, ""move_batches"": 74.0, ""move_time_us"": 9855.349008346151, ""transfers"": 150.0}",True,False,fresh,fresh,success,b0b7114a0df2cf06b93931990669c2490dfc66245eaaed7ea956f3a4fb02967a,"{""bytes"": 623467, ""path"": ""/Users/zhouzixiang/Desktop/zac/ZAC_zzx/results/physical_ga_main_v1/protocol.json"", ""sha256"": ""9bb0ae97d2f3f1536a5c496a65fe2e21e2192ce20830979dd75b30b0a3148fc7""}","{""bytes"": 1287, ""path"": ""/Users/zhouzixiang/Desktop/zac/ZAC_zzx/results/physical_ga_main_v1/receipts/b0b7114a0df2cf06-s2-ga_h2.json"", ""sha256"": ""32d7e8c5ae656344054849c801d8f924bfdd9d087e2f3b0ba890354255fb8ebe""}",9bb0ae97d2f3f1536a5c496a65fe2e21e2192ce20830979dd75b30b0a3148fc7,d1fab3aaa092939e281636e5182865245c839b6f137f7762fc773e601882716a,valid_fidelity,,,,,,,
zac18,swap_test_n25_transpiled,0,b1c5bd70a94288185fa82fe0b7255b6824cc2bbcf26a896a1d770cd7041d56c3,b1c5bd70a9428818-s0-ga_h2,success,False,"{""fidelity"": 0.32086501686046215, ""idle_exposures"": 52.0, ""log_atom_transfer"": -0.29014509673922495, ""log_coherence_linear"": -0.258767880156008, ""log_fidelity"": -1.1367347525133569, ""log_idle_excitation"": -0.1301627713421608, ""move_batches"": 102.0, ""move_time_us"": 10964.462211284013, ""transfers"": 290.0}",True,False,fresh,fresh,success,b1c5bd70a94288185fa82fe0b7255b6824cc2bbcf26a896a1d770cd7041d56c3,"{""bytes"": 623467, ""path"": ""/Users/zhouzixiang/Desktop/zac/ZAC_zzx/results/physical_ga_main_v1/protocol.json"", ""sha256"": ""9bb0ae97d2f3f1536a5c496a65fe2e21e2192ce20830979dd75b30b0a3148fc7""}","{""bytes"": 1294, ""path"": ""/Users/zhouzixiang/Desktop/zac/ZAC_zzx/results/physical_ga_main_v1/receipts/b1c5bd70a9428818-s0-ga_h2.json"", ""sha256"": ""ec2e4cba04c0a09ba709d12b530ae45523654e9f1f1dc6ac5e7b91ffaca28cb5""}",9bb0ae97d2f3f1536a5c496a65fe2e21e2192ce20830979dd75b30b0a3148fc7,d1fab3aaa092939e281636e5182865245c839b6f137f7762fc773e601882716a,valid_fidelity,,,,,,,
zac18,swap_test_n25_transpiled,1,b1c5bd70a94288185fa82fe0b7255b6824cc2bbcf26a896a1d770cd7041d56c3,b1c5bd70a9428818-s1-ga_h2,success,False,"{""fidelity"": 0.32019146556304584, ""idle_exposures"": 54.0, ""log_atom_transfer"": -0.29014509673922495, ""log_coherence_linear"": -0.25586299943821755, ""log_fidelity"": -1.1388361322318035, ""log_idle_excitation"": -0.13516903177839776, ""move_batches"": 102.0, ""move_time_us"": 10939.820937273942, ""transfers"": 290.0}",True,False,fresh,fresh,success,b1c5bd70a94288185fa82fe0b7255b6824cc2bbcf26a896a1d770cd7041d56c3,"{""bytes"": 623467, ""path"": ""/Users/zhouzixiang/Desktop/zac/ZAC_zzx/results/physical_ga_main_v1/protocol.json"", ""sha256"": ""9bb0ae97d2f3f1536a5c496a65fe2e21e2192ce20830979dd75b30b0a3148fc7""}","{""bytes"": 1294, ""path"": ""/Users/zhouzixiang/Desktop/zac/ZAC_zzx/results/physical_ga_main_v1/receipts/b1c5bd70a9428818-s1-ga_h2.json"", ""sha256"": ""04ae79a9c03e705a7b9013fa112a2dcec90f4f1f14325da2d7e4b9732e7b5868""}",9bb0ae97d2f3f1536a5c496a65fe2e21e2192ce20830979dd75b30b0a3148fc7,d1fab3aaa092939e281636e5182865245c839b6f137f7762fc773e601882716a,valid_fidelity,,,,,,,
zac18,swap_test_n25_transpiled,2,b1c5bd70a94288185fa82fe0b7255b6824cc2bbcf26a896a1d770cd7041d56c3,b1c5bd70a9428818-s2-ga_h2,success,False,"{""fidelity"": 0.32019146556304584, ""idle_exposures"": 54.0, ""log_atom_transfer"": -0.29014509673922495, ""log_coherence_linear"": -0.25586299943821755, ""log_fidelity"": -1.1388361322318035, ""log_idle_excitation"": -0.13516903177839776, ""move_batches"": 102.0, ""move_time_us"": 10939.820937273942, ""transfers"": 290.0}",True,False,fresh,fresh,success,b1c5bd70a94288185fa82fe0b7255b6824cc2bbcf26a896a1d770cd7041d56c3,"{""bytes"": 623467, ""path"": ""/Users/zhouzixiang/Desktop/zac/ZAC_zzx/results/physical_ga_main_v1/protocol.json"", ""sha256"": ""9bb0ae97d2f3f1536a5c496a65fe2e21e2192ce20830979dd75b30b0a3148fc7""}","{""bytes"": 1294, ""path"": ""/Users/zhouzixiang/Desktop/zac/ZAC_zzx/results/physical_ga_main_v1/receipts/b1c5bd70a9428818-s2-ga_h2.json"", ""sha256"": ""70dbe2a647d81aac673a8ac1b3349e8cf64e57002aef26becdd5bd4a4f0617d2""}",9bb0ae97d2f3f1536a5c496a65fe2e21e2192ce20830979dd75b30b0a3148fc7,d1fab3aaa092939e281636e5182865245c839b6f137f7762fc773e601882716a,valid_fidelity,,,,,,,
qmap154,dc2_222,0,b6787eae10fc7c244a9b1621619d00f4646acefe46c270fedb276296d642a776,b6787eae10fc7c24-s0-ga_h2,success,False,"{""fidelity"": 2.238377855607372e-24, ""idle_exposures"": 2686.0, ""log_atom_transfer"": -12.118060040363769, ""log_coherence_linear"": -12.604567186533172, ""log_fidelity"": -54.456290799932916, ""log_idle_excitation"": -6.723407765866229, ""move_batches"": 5502.0, ""move_time_us"": 559402.2991648111, ""transfers"": 12112.0}",True,False,fresh,fresh,success,b6787eae10fc7c244a9b1621619d00f4646acefe46c270fedb276296d642a776,"{""bytes"": 623467, ""path"": ""/Users/zhouzixiang/Desktop/zac/ZAC_zzx/results/physical_ga_main_v1/protocol.json"", ""sha256"": ""9bb0ae97d2f3f1536a5c496a65fe2e21e2192ce20830979dd75b30b0a3148fc7""}","{""bytes"": 1278, ""path"": ""/Users/zhouzixiang/Desktop/zac/ZAC_zzx/results/physical_ga_main_v1/receipts/b6787eae10fc7c24-s0-ga_h2.json"", ""sha256"": ""f25607e3e05b655a4f223d451bbf2808f637884cd3c72dde09a49085a3cf58cf""}",9bb0ae97d2f3f1536a5c496a65fe2e21e2192ce20830979dd75b30b0a3148fc7,d1fab3aaa092939e281636e5182865245c839b6f137f7762fc773e601882716a,valid_fidelity,,,,,,,
qmap154,dc2_222,1,b6787eae10fc7c244a9b1621619d00f4646acefe46c270fedb276296d642a776,b6787eae10fc7c24-s1-ga_h2,success,False,"{""fidelity"": 2.1660010339407717e-24, ""idle_exposures"": 2686.0, ""log_atom_transfer"": -12.146074049704108, ""log_coherence_linear"": -12.609421983188021, ""log_fidelity"": -54.4891596059281, ""log_idle_excitation"": -6.723407765866229, ""move_batches"": 5483.0, ""move_time_us"": 559357.6484253525, ""transfers"": 12140.0}",True,False,fresh,fresh,success,b6787eae10fc7c244a9b1621619d00f4646acefe46c270fedb276296d642a776,"{""bytes"": 623467, ""path"": ""/Users/zhouzixiang/Desktop/zac/ZAC_zzx/results/physical_ga_main_v1/protocol.json"", ""sha256"": ""9bb0ae97d2f3f1536a5c496a65fe2e21e2192ce20830979dd75b30b0a3148fc7""}","{""bytes"": 1279, ""path"": ""/Users/zhouzixiang/Desktop/zac/ZAC_zzx/results/physical_ga_main_v1/receipts/b6787eae10fc7c24-s1-ga_h2.json"", ""sha256"": ""5f737478e40323782521d90f277164d0f21dc92e5e559b775fecbd65388d76f7""}",9bb0ae97d2f3f1536a5c496a65fe2e21e2192ce20830979dd75b30b0a3148fc7,d1fab3aaa092939e281636e5182865245c839b6f137f7762fc773e601882716a,valid_fidelity,,,,,,,
qmap154,dc2_222,2,b6787eae10fc7c244a9b1621619d00f4646acefe46c270fedb276296d642a776,b6787eae10fc7c24-s2-ga_h2,success,False,"{""fidelity"": 2.02885545755362e-24, ""idle_exposures"": 2685.0, ""log_atom_transfer"": -12.116059039696601, ""log_coherence_linear"": -12.707350929304832, ""log_fidelity"": -54.554570411819284, ""log_idle_excitation"": -6.720904635648111, ""move_batches"": 5532.0, ""move_time_us"": 564453.4978396774, ""transfers"": 12110.0}",True,False,fresh,fresh,success,b6787eae10fc7c244a9b1621619d00f4646acefe46c270fedb276296d642a776,"{""bytes"": 623467, ""path"": ""/Users/zhouzixiang/Desktop/zac/ZAC_zzx/results/physical_ga_main_v1/protocol.json"", ""sha256"": ""9bb0ae97d2f3f1536a5c496a65fe2e21e2192ce20830979dd75b30b0a3148fc7""}","{""bytes"": 1277, ""path"": ""/Users/zhouzixiang/Desktop/zac/ZAC_zzx/results/physical_ga_main_v1/receipts/b6787eae10fc7c24-s2-ga_h2.json"", ""sha256"": ""a782f0bc6ccb1f37ce198f86d97ec04469e714b5b6ddab397f4536c27d9254f4""}",9bb0ae97d2f3f1536a5c496a65fe2e21e2192ce20830979dd75b30b0a3148fc7,d1fab3aaa092939e281636e5182865245c839b6f137f7762fc773e601882716a,valid_fidelity,,,,,,,
qmap154,plus63mod4096_163,0,b808153d3b91e8ede62618c77815e00a84c28c8cbfd9940412cd60a74686cfc3,b808153d3b91e8ed-s0-ga_h2,success,True,"{""fidelity"": null, ""idle_exposures"": 39238.0, ""log_atom_transfer"": -170.877452973399, ""log_coherence_linear"": null, ""log_fidelity"": null, ""log_idle_excitation"": -98.2178234985328, ""move_batches"": 76818.0, ""move_time_us"": 7898241.46865215, ""transfers"": 170792.0}",False,False,fresh,fresh,success,b808153d3b91e8ede62618c77815e00a84c28c8cbfd9940412cd60a74686cfc3,"{""bytes"": 623467, ""path"": ""/Users/zhouzixiang/Desktop/zac/ZAC_zzx/results/physical_ga_main_v1/protocol.json"", ""sha256"": ""9bb0ae97d2f3f1536a5c496a65fe2e21e2192ce20830979dd75b30b0a3148fc7""}","{""bytes"": 1294, ""path"": ""/Users/zhouzixiang/Desktop/zac/ZAC_zzx/results/physical_ga_main_v1/receipts/b808153d3b91e8ed-s0-ga_h2.json"", ""sha256"": ""8d6ae14474cc11dae94b15e3edb6ce762738bebacb2f5f301b0893e6b279a4d3""}",9bb0ae97d2f3f1536a5c496a65fe2e21e2192ce20830979dd75b30b0a3148fc7,d1fab3aaa092939e281636e5182865245c839b6f137f7762fc773e601882716a,model_out_of_domain,,,,,,,
qmap154,plus63mod4096_163,1,b808153d3b91e8ede62618c77815e00a84c28c8cbfd9940412cd60a74686cfc3,b808153d3b91e8ed-s1-ga_h2,success,True,"{""fidelity"": null, ""idle_exposures"": 39130.0, ""log_atom_transfer"": -170.75939393403615, ""log_coherence_linear"": null, ""log_fidelity"": null, ""log_idle_excitation"": -97.947485434976, ""move_batches"": 76908.0, ""move_time_us"": 7907240.151419147, ""transfers"": 170674.0}",False,False,fresh,fresh,success,b808153d3b91e8ede62618c77815e00a84c28c8cbfd9940412cd60a74686cfc3,"{""bytes"": 623467, ""path"": ""/Users/zhouzixiang/Desktop/zac/ZAC_zzx/results/physical_ga_main_v1/protocol.json"", ""sha256"": ""9bb0ae97d2f3f1536a5c496a65fe2e21e2192ce20830979dd75b30b0a3148fc7""}","{""bytes"": 1295, ""path"": ""/Users/zhouzixiang/Desktop/zac/ZAC_zzx/results/physical_ga_main_v1/receipts/b808153d3b91e8ed-s1-ga_h2.json"", ""sha256"": ""e355cec177964967b7cbe7a7ad620e766c0479988b0b53797294f6b43cbfa452""}",9bb0ae97d2f3f1536a5c496a65fe2e21e2192ce20830979dd75b30b0a3148fc7,d1fab3aaa092939e281636e5182865245c839b6f137f7762fc773e601882716a,model_out_of_domain,,,,,,,
qmap154,plus63mod4096_163,2,b808153d3b91e8ede62618c77815e00a84c28c8cbfd9940412cd60a74686cfc3,b808153d3b91e8ed-s2-ga_h2,success,True,"{""fidelity"": null, ""idle_exposures"": 39085.0, ""log_atom_transfer"": -170.84543696272434, ""log_coherence_linear"": null, ""log_fidelity"": null, ""log_idle_excitation"": -97.83484457516067, ""move_batches"": 76945.0, ""move_time_us"": 7912164.581169718, ""transfers"": 170760.0}",False,False,fresh,fresh,success,b808153d3b91e8ede62618c77815e00a84c28c8cbfd9940412cd60a74686cfc3,"{""bytes"": 623467, ""path"": ""/Users/zhouzixiang/Desktop/zac/ZAC_zzx/results/physical_ga_main_v1/protocol.json"", ""sha256"": ""9bb0ae97d2f3f1536a5c496a65fe2e21e2192ce20830979dd75b30b0a3148fc7""}","{""bytes"": 1294, ""path"": ""/Users/zhouzixiang/Desktop/zac/ZAC_zzx/results/physical_ga_main_v1/receipts/b808153d3b91e8ed-s2-ga_h2.json"", ""sha256"": ""1c577d6a5cdb42b0c77e0c65e5fb63beac309513bd9691d58f7ba4fa78b365e5""}",9bb0ae97d2f3f1536a5c496a65fe2e21e2192ce20830979dd75b30b0a3148fc7,d1fab3aaa092939e281636e5182865245c839b6f137f7762fc773e601882716a,model_out_of_domain,,,,,,,
qmap154,0410184_169,0,be58b162bd8a9700b69db3a25381397ae6cdfc255448c9843b1455ef0304c168,be58b162bd8a9700-s0-ga_h2,success,False,"{""fidelity"": 0.29579207875674596, ""idle_exposures"": 52.0, ""log_atom_transfer"": -0.320160106746731, ""log_coherence_linear"": -0.2018881723861237, ""log_fidelity"": -1.2180985081148954, ""log_idle_excitation"": -0.1301627713421608, ""move_batches"": 132.0, ""move_time_us"": 14944.989385929697, ""transfers"": 320.0}",True,False,fresh,fresh,success,be58b162bd8a9700b69db3a25381397ae6cdfc255448c9843b1455ef0304c168,"{""bytes"": 623467, ""path"": ""/Users/zhouzixiang/Desktop/zac/ZAC_zzx/results/physical_ga_main_v1/protocol.json"", ""sha256"": ""9bb0ae97d2f3f1536a5c496a65fe2e21e2192ce20830979dd75b30b0a3148fc7""}","{""bytes"": 1283, ""path"": ""/Users/zhouzixiang/Desktop/zac/ZAC_zzx/results/physical_ga_main_v1/receipts/be58b162bd8a9700-s0-ga_h2.json"", ""sha256"": ""27d82805d6eaa23010199c469087a10883e0bc90a1056100c16e985e9d53fbba""}",9bb0ae97d2f3f1536a5c496a65fe2e21e2192ce20830979dd75b30b0a3148fc7,d1fab3aaa092939e281636e5182865245c839b6f137f7762fc773e601882716a,valid_fidelity,,,,,,,
qmap154,0410184_169,1,be58b162bd8a9700b69db3a25381397ae6cdfc255448c9843b1455ef0304c168,be58b162bd8a9700-s1-ga_h2,success,False,"{""fidelity"": 0.29900229449721566, ""idle_exposures"": 50.0, ""log_atom_transfer"": -0.3141571047452298, ""log_coherence_linear"": -0.20210295842613, ""log_fidelity"": -1.2073040317171635, ""log_idle_excitation"": -0.12515651090592383, ""move_batches"": 133.0, ""move_time_us"": 15076.964749175875, ""transfers"": 314.0}",True,False,fresh,fresh,success,be58b162bd8a9700b69db3a25381397ae6cdfc255448c9843b1455ef0304c168,"{""bytes"": 623467, ""path"": ""/Users/zhouzixiang/Desktop/zac/ZAC_zzx/results/physical_ga_main_v1/protocol.json"", ""sha256"": ""9bb0ae97d2f3f1536a5c496a65fe2e21e2192ce20830979dd75b30b0a3148fc7""}","{""bytes"": 1282, ""path"": ""/Users/zhouzixiang/Desktop/zac/ZAC_zzx/results/physical_ga_main_v1/receipts/be58b162bd8a9700-s1-ga_h2.json"", ""sha256"": ""fbeadc34729860e39f0ab2295ba8f75abea483409e5d457574c1228b3e6f8378""}",9bb0ae97d2f3f1536a5c496a65fe2e21e2192ce20830979dd75b30b0a3148fc7,d1fab3aaa092939e281636e5182865245c839b6f137f7762fc773e601882716a,valid_fidelity,,,,,,,
qmap154,0410184_169,2,be58b162bd8a9700b69db3a25381397ae6cdfc255448c9843b1455ef0304c168,be58b162bd8a9700-s2-ga_h2,success,False,"{""fidelity"": 0.300220879687202, ""idle_exposures"": 50.0, ""log_atom_transfer"": -0.31615810541239686, ""log_coherence_linear"": -0.1960347356542968, ""log_fidelity"": -1.2032368096124972, ""log_idle_excitation"": -0.12515651090592383, ""move_batches"": 136.0, ""move_time_us"": 14342.252076632174, ""transfers"": 316.0}",True,False,fresh,fresh,success,be58b162bd8a9700b69db3a25381397ae6cdfc255448c9843b1455ef0304c168,"{""bytes"": 623467, ""path"": ""/Users/zhouzixiang/Desktop/zac/ZAC_zzx/results/physical_ga_main_v1/protocol.json"", ""sha256"": ""9bb0ae97d2f3f1536a5c496a65fe2e21e2192ce20830979dd75b30b0a3148fc7""}","{""bytes"": 1282, ""path"": ""/Users/zhouzixiang/Desktop/zac/ZAC_zzx/results/physical_ga_main_v1/receipts/be58b162bd8a9700-s2-ga_h2.json"", ""sha256"": ""3917f0a67a148480ef2f65950536280fc147d4ef03545d8c68d1044730ac6b51""}",9bb0ae97d2f3f1536a5c496a65fe2e21e2192ce20830979dd75b30b0a3148fc7,d1fab3aaa092939e281636e5182865245c839b6f137f7762fc773e601882716a,valid_fidelity,,,,,,,
qmap154,rd53_131,0,be9e69cdeacc1bca8baee7df907061733b8c0c8ee5f5400f69c299d861a6c725,be9e69cdeacc1bca-s0-ga_h2,success,False,"{""fidelity"": 0.11004170729709677, ""idle_exposures"": 132.0, ""log_atom_transfer"": -0.5942971981486194, ""log_coherence_linear"": -0.17928559649057121, ""log_fidelity"": -2.2068958278053312, ""log_idle_excitation"": -0.33041318879163895, ""move_batches"": 268.0, ""move_time_us"": 27443.0954687454, ""transfers"": 594.0}",True,False,fresh,fresh,success,be9e69cdeacc1bca8baee7df907061733b8c0c8ee5f5400f69c299d861a6c725,"{""bytes"": 623467, ""path"": ""/Users/zhouzixiang/Desktop/zac/ZAC_zzx/results/physical_ga_main_v1/protocol.json"", ""sha256"": ""9bb0ae97d2f3f1536a5c496a65fe2e21e2192ce20830979dd75b30b0a3148fc7""}","{""bytes"": 1279, ""path"": ""/Users/zhouzixiang/Desktop/zac/ZAC_zzx/results/physical_ga_main_v1/receipts/be9e69cdeacc1bca-s0-ga_h2.json"", ""sha256"": ""ecee306ca3feb747d2b40998803b9ebe61ba228a1b77e9ba46f8d3cf0620b08c""}",9bb0ae97d2f3f1536a5c496a65fe2e21e2192ce20830979dd75b30b0a3148fc7,d1fab3aaa092939e281636e5182865245c839b6f137f7762fc773e601882716a,valid_fidelity,,,,,,,
qmap154,rd53_131,1,be9e69cdeacc1bca8baee7df907061733b8c0c8ee5f5400f69c299d861a6c725,be9e69cdeacc1bca-s1-ga_h2,success,False,"{""fidelity"": 0.10988564777494254, ""idle_exposures"": 132.0, ""log_atom_transfer"": -0.5942971981486194, ""log_coherence_linear"": -0.1807047882804823, ""log_fidelity"": -2.2083150195952426, ""log_idle_excitation"": -0.33041318879163895, ""move_batches"": 266.0, ""move_time_us"": 27694.723403710337, ""transfers"": 594.0}",True,False,fresh,fresh,success,be9e69cdeacc1bca8baee7df907061733b8c0c8ee5f5400f69c299d861a6c725,"{""bytes"": 623467, ""path"": ""/Users/zhouzixiang/Desktop/zac/ZAC_zzx/results/physical_ga_main_v1/protocol.json"", ""sha256"": ""9bb0ae97d2f3f1536a5c496a65fe2e21e2192ce20830979dd75b30b0a3148fc7""}","{""bytes"": 1280, ""path"": ""/Users/zhouzixiang/Desktop/zac/ZAC_zzx/results/physical_ga_main_v1/receipts/be9e69cdeacc1bca-s1-ga_h2.json"", ""sha256"": ""e2439670b5ee396ebd1f6d5cbc842e513f3f40e41b5fa617b1ae925ed482dbff""}",9bb0ae97d2f3f1536a5c496a65fe2e21e2192ce20830979dd75b30b0a3148fc7,d1fab3aaa092939e281636e5182865245c839b6f137f7762fc773e601882716a,valid_fidelity,,,,,,,
qmap154,rd53_131,2,be9e69cdeacc1bca8baee7df907061733b8c0c8ee5f5400f69c299d861a6c725,be9e69cdeacc1bca-s2-ga_h2,success,False,"{""fidelity"": 0.10966103503895802, ""idle_exposures"": 128.0, ""log_atom_transfer"": -0.6043022014844548, ""log_coherence_linear"": -0.18275845665367016, ""log_fidelity"": -2.210361170431792, ""log_idle_excitation"": -0.32040066791916505, ""move_batches"": 274.0, ""move_time_us"": 28250.22330347482, ""transfers"": 604.0}",True,False,fresh,fresh,success,be9e69cdeacc1bca8baee7df907061733b8c0c8ee5f5400f69c299d861a6c725,"{""bytes"": 623467, ""path"": ""/Users/zhouzixiang/Desktop/zac/ZAC_zzx/results/physical_ga_main_v1/protocol.json"", ""sha256"": ""9bb0ae97d2f3f1536a5c496a65fe2e21e2192ce20830979dd75b30b0a3148fc7""}","{""bytes"": 1279, ""path"": ""/Users/zhouzixiang/Desktop/zac/ZAC_zzx/results/physical_ga_main_v1/receipts/be9e69cdeacc1bca-s2-ga_h2.json"", ""sha256"": ""93254fb6c1c57217ee0da6e1e700874574e3c91eaefa5175ec65527f1c25241f""}",9bb0ae97d2f3f1536a5c496a65fe2e21e2192ce20830979dd75b30b0a3148fc7,d1fab3aaa092939e281636e5182865245c839b6f137f7762fc773e601882716a,valid_fidelity,,,,,,,
qmap154,4gt4-v0_72,0,bfa75e9edbb6ab94cd64844561c0745f471f23c85dfd068594d38324267ec989,bfa75e9edbb6ab94-s0-ga_h2,success,False,"{""fidelity"": 0.29632778094505463, ""idle_exposures"": 76.0, ""log_atom_transfer"": -0.3121561040780627, ""log_coherence_linear"": -0.0841683456652091, ""log_fidelity"": -1.2162890692802009, ""log_idle_excitation"": -0.19023789657700424, ""move_batches"": 145.0, ""move_time_us"": 15348.863209479516, ""transfers"": 312.0}",True,False,fresh,fresh,success,bfa75e9edbb6ab94cd64844561c0745f471f23c85dfd068594d38324267ec989,"{""bytes"": 623467, ""path"": ""/Users/zhouzixiang/Desktop/zac/ZAC_zzx/results/physical_ga_main_v1/protocol.json"", ""sha256"": ""9bb0ae97d2f3f1536a5c496a65fe2e21e2192ce20830979dd75b30b0a3148fc7""}","{""bytes"": 1281, ""path"": ""/Users/zhouzixiang/Desktop/zac/ZAC_zzx/results/physical_ga_main_v1/receipts/bfa75e9edbb6ab94-s0-ga_h2.json"", ""sha256"": ""01144f3473c8f80bf574c4508d5143555a16c5a4fce9d5d55579656a80966ad0""}",9bb0ae97d2f3f1536a5c496a65fe2e21e2192ce20830979dd75b30b0a3148fc7,d1fab3aaa092939e281636e5182865245c839b6f137f7762fc773e601882716a,valid_fidelity,,,,,,,
qmap154,4gt4-v0_72,1,bfa75e9edbb6ab94cd64844561c0745f471f23c85dfd068594d38324267ec989,bfa75e9edbb6ab94-s1-ga_h2,success,False,"{""fidelity"": 0.2969679856311394, ""idle_exposures"": 76.0, ""log_atom_transfer"": -0.31015510341089564, ""log_coherence_linear"": -0.08401121552938658, ""log_fidelity"": -1.2141309384772112, ""log_idle_excitation"": -0.19023789657700424, ""move_batches"": 145.0, ""move_time_us"": 15181.785929593028, ""transfers"": 310.0}",True,False,fresh,fresh,success,bfa75e9edbb6ab94cd64844561c0745f471f23c85dfd068594d38324267ec989,"{""bytes"": 623467, ""path"": ""/Users/zhouzixiang/Desktop/zac/ZAC_zzx/results/physical_ga_main_v1/protocol.json"", ""sha256"": ""9bb0ae97d2f3f1536a5c496a65fe2e21e2192ce20830979dd75b30b0a3148fc7""}","{""bytes"": 1281, ""path"": ""/Users/zhouzixiang/Desktop/zac/ZAC_zzx/results/physical_ga_main_v1/receipts/bfa75e9edbb6ab94-s1-ga_h2.json"", ""sha256"": ""bbd580ceea6cf60777d3b46c83a45ef94a9f7fe6cd71635b113a1da14264d603""}",9bb0ae97d2f3f1536a5c496a65fe2e21e2192ce20830979dd75b30b0a3148fc7,d1fab3aaa092939e281636e5182865245c839b6f137f7762fc773e601882716a,valid_fidelity,,,,,,,
qmap154,4gt4-v0_72,2,bfa75e9edbb6ab94cd64844561c0745f471f23c85dfd068594d38324267ec989,bfa75e9edbb6ab94-s2-ga_h2,success,False,"{""fidelity"": 0.29675227625877915, ""idle_exposures"": 76.0, ""log_atom_transfer"": -0.31015510341089564, ""log_coherence_linear"": -0.08473785194622302, ""log_fidelity"": -1.2148575748940478, ""log_idle_excitation"": -0.19023789657700424, ""move_batches"": 145.0, ""move_time_us"": 15648.887810505403, ""transfers"": 310.0}",True,False,fresh,fresh,success,bfa75e9edbb6ab94cd64844561c0745f471f23c85dfd068594d38324267ec989,"{""bytes"": 623467, ""path"": ""/Users/zhouzixiang/Desktop/zac/ZAC_zzx/results/physical_ga_main_v1/protocol.json"", ""sha256"": ""9bb0ae97d2f3f1536a5c496a65fe2e21e2192ce20830979dd75b30b0a3148fc7""}","{""bytes"": 1281, ""path"": ""/Users/zhouzixiang/Desktop/zac/ZAC_zzx/results/physical_ga_main_v1/receipts/bfa75e9edbb6ab94-s2-ga_h2.json"", ""sha256"": ""6c3a10b4bd964cc764bb407f77ddc56046d37f7be39d866aa6bfa4d908a4e46c""}",9bb0ae97d2f3f1536a5c496a65fe2e21e2192ce20830979dd75b30b0a3148fc7,d1fab3aaa092939e281636e5182865245c839b6f137f7762fc773e601882716a,valid_fidelity,,,,,,,
qmap154,urf1_149,0,bfb4a038a3fbac9ef336ae9bb1049d6eecf898f1b0288765c45315abd7388a4b,bfb4a038a3fbac9e-s0-ga_h2,memory_limit,,{},False,False,fresh,fresh,memory_limit,bfb4a038a3fbac9ef336ae9bb1049d6eecf898f1b0288765c45315abd7388a4b,"{""bytes"": 623467, ""path"": ""/Users/zhouzixiang/Desktop/zac/ZAC_zzx/results/physical_ga_main_v1/protocol.json"", ""sha256"": ""9bb0ae97d2f3f1536a5c496a65fe2e21e2192ce20830979dd75b30b0a3148fc7""}","{""bytes"": 1016, ""path"": ""/Users/zhouzixiang/Desktop/zac/ZAC_zzx/results/physical_ga_main_v1/receipts/bfb4a038a3fbac9e-s0-ga_h2.json"", ""sha256"": ""fe4fb5c132d632abf07e274f5e23f7924e8e6f8f37b4618ce8d9da33d2d6f1fd""}",,,memory_limit,,,/Users/zhouzixiang/Desktop/zac/ZAC_zzx/results/physical_ga_main_v1/receipts/bfb4a038a3fbac9e-s0-ga_h2.json,fe4fb5c132d632abf07e274f5e23f7924e8e6f8f37b4618ce8d9da33d2d6f1fd,terminal_receipt,,
qmap154,urf1_149,1,bfb4a038a3fbac9ef336ae9bb1049d6eecf898f1b0288765c45315abd7388a4b,bfb4a038a3fbac9e-s1-ga_h2,memory_limit,,{},False,False,fresh,fresh,memory_limit,bfb4a038a3fbac9ef336ae9bb1049d6eecf898f1b0288765c45315abd7388a4b,"{""bytes"": 623467, ""path"": ""/Users/zhouzixiang/Desktop/zac/ZAC_zzx/results/physical_ga_main_v1/protocol.json"", ""sha256"": ""9bb0ae97d2f3f1536a5c496a65fe2e21e2192ce20830979dd75b30b0a3148fc7""}","{""bytes"": 1015, ""path"": ""/Users/zhouzixiang/Desktop/zac/ZAC_zzx/results/physical_ga_main_v1/receipts/bfb4a038a3fbac9e-s1-ga_h2.json"", ""sha256"": ""2e296bbc98ba13b881c0ef7aa60ce12cde04118f7ca30a4f572a0036692822dd""}",,,memory_limit,,,/Users/zhouzixiang/Desktop/zac/ZAC_zzx/results/physical_ga_main_v1/receipts/bfb4a038a3fbac9e-s1-ga_h2.json,2e296bbc98ba13b881c0ef7aa60ce12cde04118f7ca30a4f572a0036692822dd,terminal_receipt,,
qmap154,urf1_149,2,bfb4a038a3fbac9ef336ae9bb1049d6eecf898f1b0288765c45315abd7388a4b,bfb4a038a3fbac9e-s2-ga_h2,memory_limit,,{},False,False,fresh,fresh,memory_limit,bfb4a038a3fbac9ef336ae9bb1049d6eecf898f1b0288765c45315abd7388a4b,"{""bytes"": 623467, ""path"": ""/Users/zhouzixiang/Desktop/zac/ZAC_zzx/results/physical_ga_main_v1/protocol.json"", ""sha256"": ""9bb0ae97d2f3f1536a5c496a65fe2e21e2192ce20830979dd75b30b0a3148fc7""}","{""bytes"": 1015, ""path"": ""/Users/zhouzixiang/Desktop/zac/ZAC_zzx/results/physical_ga_main_v1/receipts/bfb4a038a3fbac9e-s2-ga_h2.json"", ""sha256"": ""c56ed1587016ab161fadb5273a460fcaa66c14a92d20041bd5a0a2d3b458391b""}",,,memory_limit,,,/Users/zhouzixiang/Desktop/zac/ZAC_zzx/results/physical_ga_main_v1/receipts/bfb4a038a3fbac9e-s2-ga_h2.json,c56ed1587016ab161fadb5273a460fcaa66c14a92d20041bd5a0a2d3b458391b,terminal_receipt,,
qmap154,qft_10,0,c254705763939d7764422ef5dd7203e07ed12ba332697bed4093e8e8f77534dc,c254705763939d77-s0-ga_h2,program_error,,{},False,False,fresh,fresh,program_error,c254705763939d7764422ef5dd7203e07ed12ba332697bed4093e8e8f77534dc,"{""bytes"": 623467, ""path"": ""/Users/zhouzixiang/Desktop/zac/ZAC_zzx/results/physical_ga_main_v1/protocol.json"", ""sha256"": ""9bb0ae97d2f3f1536a5c496a65fe2e21e2192ce20830979dd75b30b0a3148fc7""}","{""bytes"": 1240, ""path"": ""/Users/zhouzixiang/Desktop/zac/ZAC_zzx/results/physical_ga_main_v1/receipts/c254705763939d77-s0-ga_h2.json"", ""sha256"": ""5f0545aa9be21f2dd9bfe0d16074923b55ff55c232ce0c0db1fe3c42465c5e5f""}",,,program_error,"{""bytes"": 812, ""path"": ""/Users/zhouzixiang/Desktop/zac/ZAC_zzx/results/physical_ga_main_v1/jobs/c254705763939d77-s0-ga_h2/failure.json"", ""sha256"": ""d709c1478531ced2331adb821c6dc545a7b4db7b4fde4f25627e0f09fcf647c5""}",空门序列导致初始化报告字段缺失,/Users/zhouzixiang/Desktop/zac/ZAC_zzx/results/physical_ga_main_v1/jobs/c254705763939d77-s0-ga_h2/failure.json,d709c1478531ced2331adb821c6dc545a7b4db7b4fde4f25627e0f09fcf647c5,failure_artifact,AttributeError,'ZAC_zzx' object has no attribute 'zzx_initial_lookahead_report'
qmap154,qft_10,1,c254705763939d7764422ef5dd7203e07ed12ba332697bed4093e8e8f77534dc,c254705763939d77-s1-ga_h2,program_error,,{},False,False,fresh,fresh,program_error,c254705763939d7764422ef5dd7203e07ed12ba332697bed4093e8e8f77534dc,"{""bytes"": 623467, ""path"": ""/Users/zhouzixiang/Desktop/zac/ZAC_zzx/results/physical_ga_main_v1/protocol.json"", ""sha256"": ""9bb0ae97d2f3f1536a5c496a65fe2e21e2192ce20830979dd75b30b0a3148fc7""}","{""bytes"": 1238, ""path"": ""/Users/zhouzixiang/Desktop/zac/ZAC_zzx/results/physical_ga_main_v1/receipts/c254705763939d77-s1-ga_h2.json"", ""sha256"": ""967564f4fa873028d532a8e117b9edcf66b6469875daefc5d3dd9be829cbc21d""}",,,program_error,"{""bytes"": 812, ""path"": ""/Users/zhouzixiang/Desktop/zac/ZAC_zzx/results/physical_ga_main_v1/jobs/c254705763939d77-s1-ga_h2/failure.json"", ""sha256"": ""0d68af0763d48327a86e92ab39c978a77c42379ad04b7d5f02c883653267f81b""}",空门序列导致初始化报告字段缺失,/Users/zhouzixiang/Desktop/zac/ZAC_zzx/results/physical_ga_main_v1/jobs/c254705763939d77-s1-ga_h2/failure.json,0d68af0763d48327a86e92ab39c978a77c42379ad04b7d5f02c883653267f81b,failure_artifact,AttributeError,'ZAC_zzx' object has no attribute 'zzx_initial_lookahead_report'
qmap154,qft_10,2,c254705763939d7764422ef5dd7203e07ed12ba332697bed4093e8e8f77534dc,c254705763939d77-s2-ga_h2,program_error,,{},False,False,fresh,fresh,program_error,c254705763939d7764422ef5dd7203e07ed12ba332697bed4093e8e8f77534dc,"{""bytes"": 623467, ""path"": ""/Users/zhouzixiang/Desktop/zac/ZAC_zzx/results/physical_ga_main_v1/protocol.json"", ""sha256"": ""9bb0ae97d2f3f1536a5c496a65fe2e21e2192ce20830979dd75b30b0a3148fc7""}","{""bytes"": 1240, ""path"": ""/Users/zhouzixiang/Desktop/zac/ZAC_zzx/results/physical_ga_main_v1/receipts/c254705763939d77-s2-ga_h2.json"", ""sha256"": ""77d99c89529b1fe12c73a6d545f2c222532a352519add17d2152ada181c9c3f6""}",,,program_error,"{""bytes"": 812, ""path"": ""/Users/zhouzixiang/Desktop/zac/ZAC_zzx/results/physical_ga_main_v1/jobs/c254705763939d77-s2-ga_h2/failure.json"", ""sha256"": ""ba6026e4ce49b7dba8f58c3222d51c5abe5cdff46691eeb5f86ad8109847eb51""}",空门序列导致初始化报告字段缺失,/Users/zhouzixiang/Desktop/zac/ZAC_zzx/results/physical_ga_main_v1/jobs/c254705763939d77-s2-ga_h2/failure.json,ba6026e4ce49b7dba8f58c3222d51c5abe5cdff46691eeb5f86ad8109847eb51,failure_artifact,AttributeError,'ZAC_zzx' object has no attribute 'zzx_initial_lookahead_report'
qmap154,C17_204,0,c6a370a3fd82cb35caac5770d763a98a341d78297bfc3c07d9c74ed215b9b620,c6a370a3fd82cb35-s0-ga_h2,success,False,"{""fidelity"": 0.10465286137593142, ""idle_exposures"": 133.0, ""log_atom_transfer"": -0.5962981988157865, ""log_coherence_linear"": -0.18570370303255762, ""log_fidelity"": -2.2571064881234415, ""log_idle_excitation"": -0.33291631900975743, ""move_batches"": 273.0, ""move_time_us"": 28213.00661042024, ""transfers"": 596.0}",True,False,fresh,fresh,success,c6a370a3fd82cb35caac5770d763a98a341d78297bfc3c07d9c74ed215b9b620,"{""bytes"": 623467, ""path"": ""/Users/zhouzixiang/Desktop/zac/ZAC_zzx/results/physical_ga_main_v1/protocol.json"", ""sha256"": ""9bb0ae97d2f3f1536a5c496a65fe2e21e2192ce20830979dd75b30b0a3148fc7""}","{""bytes"": 1278, ""path"": ""/Users/zhouzixiang/Desktop/zac/ZAC_zzx/results/physical_ga_main_v1/receipts/c6a370a3fd82cb35-s0-ga_h2.json"", ""sha256"": ""731c4d0943ca9e7133ac5abcc389b512993f81f68b1e3dae840796fa5053e79b""}",9bb0ae97d2f3f1536a5c496a65fe2e21e2192ce20830979dd75b30b0a3148fc7,d1fab3aaa092939e281636e5182865245c839b6f137f7762fc773e601882716a,valid_fidelity,,,,,,,
qmap154,C17_204,1,c6a370a3fd82cb35caac5770d763a98a341d78297bfc3c07d9c74ed215b9b620,c6a370a3fd82cb35-s1-ga_h2,success,False,"{""fidelity"": 0.10552667930183217, ""idle_exposures"": 133.0, ""log_atom_transfer"": -0.5882941961471182, ""log_coherence_linear"": -0.18539269123610883, ""log_fidelity"": -2.2487914736583243, ""log_idle_excitation"": -0.33291631900975743, ""move_batches"": 270.0, ""move_time_us"": 27801.08242538, ""transfers"": 588.0}",True,False,fresh,fresh,success,c6a370a3fd82cb35caac5770d763a98a341d78297bfc3c07d9c74ed215b9b620,"{""bytes"": 623467, ""path"": ""/Users/zhouzixiang/Desktop/zac/ZAC_zzx/results/physical_ga_main_v1/protocol.json"", ""sha256"": ""9bb0ae97d2f3f1536a5c496a65fe2e21e2192ce20830979dd75b30b0a3148fc7""}","{""bytes"": 1279, ""path"": ""/Users/zhouzixiang/Desktop/zac/ZAC_zzx/results/physical_ga_main_v1/receipts/c6a370a3fd82cb35-s1-ga_h2.json"", ""sha256"": ""e191b18fd3e415aa84a4b2c882f2c02d395d3019059cea244e5c68e673e55d2c""}",9bb0ae97d2f3f1536a5c496a65fe2e21e2192ce20830979dd75b30b0a3148fc7,d1fab3aaa092939e281636e5182865245c839b6f137f7762fc773e601882716a,valid_fidelity,,,,,,,
qmap154,C17_204,2,c6a370a3fd82cb35caac5770d763a98a341d78297bfc3c07d9c74ed215b9b620,c6a370a3fd82cb35-s2-ga_h2,success,False,"{""fidelity"": 0.10465298022506539, ""idle_exposures"": 133.0, ""log_atom_transfer"": -0.5962981988157865, ""log_coherence_linear"": -0.18570256738213298, ""log_fidelity"": -2.2571053524730167, ""log_idle_excitation"": -0.33291631900975743, ""move_batches"": 273.0, ""move_time_us"": 28212.769627843292, ""transfers"": 596.0}",True,False,fresh,fresh,success,c6a370a3fd82cb35caac5770d763a98a341d78297bfc3c07d9c74ed215b9b620,"{""bytes"": 623467, ""path"": ""/Users/zhouzixiang/Desktop/zac/ZAC_zzx/results/physical_ga_main_v1/protocol.json"", ""sha256"": ""9bb0ae97d2f3f1536a5c496a65fe2e21e2192ce20830979dd75b30b0a3148fc7""}","{""bytes"": 1278, ""path"": ""/Users/zhouzixiang/Desktop/zac/ZAC_zzx/results/physical_ga_main_v1/receipts/c6a370a3fd82cb35-s2-ga_h2.json"", ""sha256"": ""c6982aa4fef0470761b2f52b31da3c1e16fef841dc94850e8cc692e9d0446754""}",9bb0ae97d2f3f1536a5c496a65fe2e21e2192ce20830979dd75b30b0a3148fc7,d1fab3aaa092939e281636e5182865245c839b6f137f7762fc773e601882716a,valid_fidelity,,,,,,,
qmap154,mod8-10_178,0,c8416c44c0070c3fb15d442644a2d57645ab8eacb8876b7384d5baca60842315,c8416c44c0070c3f-s0-ga_h2,success,False,"{""fidelity"": 0.19414726593563056, ""idle_exposures"": 103.0, ""log_atom_transfer"": -0.4182091394379174, ""log_coherence_linear"": -0.11598761349118483, ""log_fidelity"": -1.6391383051306028, ""log_idle_excitation"": -0.25782241246620313, ""move_batches"": 195.0, ""move_time_us"": 20704.044212224646, ""transfers"": 418.0}",True,False,fresh,fresh,success,c8416c44c0070c3fb15d442644a2d57645ab8eacb8876b7384d5baca60842315,"{""bytes"": 623467, ""path"": ""/Users/zhouzixiang/Desktop/zac/ZAC_zzx/results/physical_ga_main_v1/protocol.json"", ""sha256"": ""9bb0ae97d2f3f1536a5c496a65fe2e21e2192ce20830979dd75b30b0a3148fc7""}","{""bytes"": 1283, ""path"": ""/Users/zhouzixiang/Desktop/zac/ZAC_zzx/results/physical_ga_main_v1/receipts/c8416c44c0070c3f-s0-ga_h2.json"", ""sha256"": ""2cf645d438dc748e5e664fbbe77f893a51f1656b77bd88b9f69a4c320edbbf04""}",9bb0ae97d2f3f1536a5c496a65fe2e21e2192ce20830979dd75b30b0a3148fc7,d1fab3aaa092939e281636e5182865245c839b6f137f7762fc773e601882716a,valid_fidelity,,,,,,,
qmap154,mod8-10_178,1,c8416c44c0070c3fb15d442644a2d57645ab8eacb8876b7384d5baca60842315,c8416c44c0070c3f-s1-ga_h2,success,False,"{""fidelity"": 0.1941456069534229, ""idle_exposures"": 103.0, ""log_atom_transfer"": -0.4182091394379174, ""log_coherence_linear"": -0.11599615849586305, ""log_fidelity"": -1.639146850135281, ""log_idle_excitation"": -0.25782241246620313, ""move_batches"": 195.0, ""move_time_us"": 20706.13956123428, ""transfers"": 418.0}",True,False,fresh,fresh,success,c8416c44c0070c3fb15d442644a2d57645ab8eacb8876b7384d5baca60842315,"{""bytes"": 623467, ""path"": ""/Users/zhouzixiang/Desktop/zac/ZAC_zzx/results/physical_ga_main_v1/protocol.json"", ""sha256"": ""9bb0ae97d2f3f1536a5c496a65fe2e21e2192ce20830979dd75b30b0a3148fc7""}","{""bytes"": 1282, ""path"": ""/Users/zhouzixiang/Desktop/zac/ZAC_zzx/results/physical_ga_main_v1/receipts/c8416c44c0070c3f-s1-ga_h2.json"", ""sha256"": ""cdfcef80d3637edec9ecd3c0fa74fcc4773ee217fa1300e22ee9b002c88eeb2e""}",9bb0ae97d2f3f1536a5c496a65fe2e21e2192ce20830979dd75b30b0a3148fc7,d1fab3aaa092939e281636e5182865245c839b6f137f7762fc773e601882716a,valid_fidelity,,,,,,,
qmap154,mod8-10_178,2,c8416c44c0070c3fb15d442644a2d57645ab8eacb8876b7384d5baca60842315,c8416c44c0070c3f-s2-ga_h2,success,False,"{""fidelity"": 0.1941481339114992, ""idle_exposures"": 103.0, ""log_atom_transfer"": -0.4182091394379174, ""log_coherence_linear"": -0.11598314279249002, ""log_fidelity"": -1.639133834431908, ""log_idle_excitation"": -0.25782241246620313, ""move_batches"": 195.0, ""move_time_us"": 20702.947936143362, ""transfers"": 418.0}",True,False,fresh,fresh,success,c8416c44c0070c3fb15d442644a2d57645ab8eacb8876b7384d5baca60842315,"{""bytes"": 623467, ""path"": ""/Users/zhouzixiang/Desktop/zac/ZAC_zzx/results/physical_ga_main_v1/protocol.json"", ""sha256"": ""9bb0ae97d2f3f1536a5c496a65fe2e21e2192ce20830979dd75b30b0a3148fc7""}","{""bytes"": 1283, ""path"": ""/Users/zhouzixiang/Desktop/zac/ZAC_zzx/results/physical_ga_main_v1/receipts/c8416c44c0070c3f-s2-ga_h2.json"", ""sha256"": ""b30d58cd27a0483ec165f749e62a666dc50e835ae36c37bf745a244bbc7c6907""}",9bb0ae97d2f3f1536a5c496a65fe2e21e2192ce20830979dd75b30b0a3148fc7,d1fab3aaa092939e281636e5182865245c839b6f137f7762fc773e601882716a,valid_fidelity,,,,,,,
qmap154,mod10_171,0,c8d56b244118432388e76545f2d8c01bfa8f43508c1f8ae17157e79bf41289da,c8d56b2441184323-s0-ga_h2,success,False,"{""fidelity"": 0.3175704771614072, ""idle_exposures"": 73.0, ""log_atom_transfer"": -0.2961480987407262, ""log_coherence_linear"": -0.06651534155518787, ""log_fidelity"": -1.1470555099707462, ""log_idle_excitation"": -0.1827285059226488, ""move_batches"": 140.0, ""move_time_us"": 14884.871011371228, ""transfers"": 296.0}",True,False,fresh,fresh,success,c8d56b244118432388e76545f2d8c01bfa8f43508c1f8ae17157e79bf41289da,"{""bytes"": 623467, ""path"": ""/Users/zhouzixiang/Desktop/zac/ZAC_zzx/results/physical_ga_main_v1/protocol.json"", ""sha256"": ""9bb0ae97d2f3f1536a5c496a65fe2e21e2192ce20830979dd75b30b0a3148fc7""}","{""bytes"": 1281, ""path"": ""/Users/zhouzixiang/Desktop/zac/ZAC_zzx/results/physical_ga_main_v1/receipts/c8d56b2441184323-s0-ga_h2.json"", ""sha256"": ""8557bb83dcb611d1be013c477dc3d65780b49426d73a1f7c1f81881b222ddaa2""}",9bb0ae97d2f3f1536a5c496a65fe2e21e2192ce20830979dd75b30b0a3148fc7,d1fab3aaa092939e281636e5182865245c839b6f137f7762fc773e601882716a,valid_fidelity,,,,,,,
qmap154,mod10_171,1,c8d56b244118432388e76545f2d8c01bfa8f43508c1f8ae17157e79bf41289da,c8d56b2441184323-s1-ga_h2,success,False,"{""fidelity"": 0.31717588315082695, ""idle_exposures"": 73.0, ""log_atom_transfer"": -0.2961480987407262, ""log_coherence_linear"": -0.0677586541161839, ""log_fidelity"": -1.1482988225317423, ""log_idle_excitation"": -0.1827285059226488, ""move_batches"": 141.0, ""move_time_us"": 15443.416215122743, ""transfers"": 296.0}",True,False,fresh,fresh,success,c8d56b244118432388e76545f2d8c01bfa8f43508c1f8ae17157e79bf41289da,"{""bytes"": 623467, ""path"": ""/Users/zhouzixiang/Desktop/zac/ZAC_zzx/results/physical_ga_main_v1/protocol.json"", ""sha256"": ""9bb0ae97d2f3f1536a5c496a65fe2e21e2192ce20830979dd75b30b0a3148fc7""}","{""bytes"": 1280, ""path"": ""/Users/zhouzixiang/Desktop/zac/ZAC_zzx/results/physical_ga_main_v1/receipts/c8d56b2441184323-s1-ga_h2.json"", ""sha256"": ""ec9968be8ebeac487fb0d3eeaf6651b1b65df50b30e4ff3c84361251db40f358""}",9bb0ae97d2f3f1536a5c496a65fe2e21e2192ce20830979dd75b30b0a3148fc7,d1fab3aaa092939e281636e5182865245c839b6f137f7762fc773e601882716a,valid_fidelity,,,,,,,
qmap154,mod10_171,2,c8d56b244118432388e76545f2d8c01bfa8f43508c1f8ae17157e79bf41289da,c8d56b2441184323-s2-ga_h2,success,False,"{""fidelity"": 0.3175704771614072, ""idle_exposures"": 73.0, ""log_atom_transfer"": -0.2961480987407262, ""log_coherence_linear"": -0.06651534155518787, ""log_fidelity"": -1.1470555099707462, ""log_idle_excitation"": -0.1827285059226488, ""move_batches"": 140.0, ""move_time_us"": 14884.871011371228, ""transfers"": 296.0}",True,False,fresh,fresh,success,c8d56b244118432388e76545f2d8c01bfa8f43508c1f8ae17157e79bf41289da,"{""bytes"": 623467, ""path"": ""/Users/zhouzixiang/Desktop/zac/ZAC_zzx/results/physical_ga_main_v1/protocol.json"", ""sha256"": ""9bb0ae97d2f3f1536a5c496a65fe2e21e2192ce20830979dd75b30b0a3148fc7""}","{""bytes"": 1281, ""path"": ""/Users/zhouzixiang/Desktop/zac/ZAC_zzx/results/physical_ga_main_v1/receipts/c8d56b2441184323-s2-ga_h2.json"", ""sha256"": ""f466ef03c29776d04f7dbda67481cf3f349fb6e22af9d967dc0d141345522ead""}",9bb0ae97d2f3f1536a5c496a65fe2e21e2192ce20830979dd75b30b0a3148fc7,d1fab3aaa092939e281636e5182865245c839b6f137f7762fc773e601882716a,valid_fidelity,,,,,,,
qmap154,4mod5-v0_18,0,c99d557b492a18a7a3de36a4531d517c18f9e2dac5eba9a2a992076e0c8093b0,c99d557b492a18a7-s0-ga_h2,success,False,"{""fidelity"": 0.7242330760230336, ""idle_exposures"": 20.0, ""log_atom_transfer"": -0.08004002668668275, ""log_coherence_linear"": -0.018847837067531265, ""log_fidelity"": -0.322642010195578, ""log_idle_excitation"": -0.05006260436236954, ""move_batches"": 39.0, ""move_time_us"": 4016.8339337141556, ""transfers"": 80.0}",True,False,fresh,fresh,success,c99d557b492a18a7a3de36a4531d517c18f9e2dac5eba9a2a992076e0c8093b0,"{""bytes"": 623467, ""path"": ""/Users/zhouzixiang/Desktop/zac/ZAC_zzx/results/physical_ga_main_v1/protocol.json"", ""sha256"": ""9bb0ae97d2f3f1536a5c496a65fe2e21e2192ce20830979dd75b30b0a3148fc7""}","{""bytes"": 1282, ""path"": ""/Users/zhouzixiang/Desktop/zac/ZAC_zzx/results/physical_ga_main_v1/receipts/c99d557b492a18a7-s0-ga_h2.json"", ""sha256"": ""26cfaf01ba652a14ca540987df235f19120ccb7468418fbf46cdf5d08d21e905""}",9bb0ae97d2f3f1536a5c496a65fe2e21e2192ce20830979dd75b30b0a3148fc7,d1fab3aaa092939e281636e5182865245c839b6f137f7762fc773e601882716a,valid_fidelity,,,,,,,
qmap154,4mod5-v0_18,1,c99d557b492a18a7a3de36a4531d517c18f9e2dac5eba9a2a992076e0c8093b0,c99d557b492a18a7-s1-ga_h2,success,False,"{""fidelity"": 0.7242426741444168, ""idle_exposures"": 20.0, ""log_atom_transfer"": -0.08004002668668275, ""log_coherence_linear"": -0.01883458434806769, ""log_fidelity"": -0.3226287574761144, ""log_idle_excitation"": -0.05006260436236954, ""move_batches"": 39.0, ""move_time_us"": 4012.8730715656466, ""transfers"": 80.0}",True,False,fresh,fresh,success,c99d557b492a18a7a3de36a4531d517c18f9e2dac5eba9a2a992076e0c8093b0,"{""bytes"": 623467, ""path"": ""/Users/zhouzixiang/Desktop/zac/ZAC_zzx/results/physical_ga_main_v1/protocol.json"", ""sha256"": ""9bb0ae97d2f3f1536a5c496a65fe2e21e2192ce20830979dd75b30b0a3148fc7""}","{""bytes"": 1282, ""path"": ""/Users/zhouzixiang/Desktop/zac/ZAC_zzx/results/physical_ga_main_v1/receipts/c99d557b492a18a7-s1-ga_h2.json"", ""sha256"": ""67bc9396b1952f963b058065ef8ada0bec2aee70c1f4a14fec968d679ab152bb""}",9bb0ae97d2f3f1536a5c496a65fe2e21e2192ce20830979dd75b30b0a3148fc7,d1fab3aaa092939e281636e5182865245c839b6f137f7762fc773e601882716a,valid_fidelity,,,,,,,
qmap154,4mod5-v0_18,2,c99d557b492a18a7a3de36a4531d517c18f9e2dac5eba9a2a992076e0c8093b0,c99d557b492a18a7-s2-ga_h2,success,False,"{""fidelity"": 0.7242355113674598, ""idle_exposures"": 20.0, ""log_atom_transfer"": -0.08004002668668275, ""log_coherence_linear"": -0.0188444744203224, ""log_fidelity"": -0.3226386475483691, ""log_idle_excitation"": -0.05006260436236954, ""move_batches"": 39.0, ""move_time_us"": 4015.828934784508, ""transfers"": 80.0}",True,False,fresh,fresh,success,c99d557b492a18a7a3de36a4531d517c18f9e2dac5eba9a2a992076e0c8093b0,"{""bytes"": 623467, ""path"": ""/Users/zhouzixiang/Desktop/zac/ZAC_zzx/results/physical_ga_main_v1/protocol.json"", ""sha256"": ""9bb0ae97d2f3f1536a5c496a65fe2e21e2192ce20830979dd75b30b0a3148fc7""}","{""bytes"": 1282, ""path"": ""/Users/zhouzixiang/Desktop/zac/ZAC_zzx/results/physical_ga_main_v1/receipts/c99d557b492a18a7-s2-ga_h2.json"", ""sha256"": ""b6957f3ba248d61b91e8101759693c948f657e1e422e8753aba8ac2a0fefbf53""}",9bb0ae97d2f3f1536a5c496a65fe2e21e2192ce20830979dd75b30b0a3148fc7,d1fab3aaa092939e281636e5182865245c839b6f137f7762fc773e601882716a,valid_fidelity,,,,,,,
qmap154,alu-v0_26,0,ce47031e36a06fb4b5256a25a448d4bcf007a6037c20645310dce86c4bd08620,ce47031e36a06fb4-s0-ga_h2,success,False,"{""fidelity"": 0.6652401764810946, ""idle_exposures"": 24.0, ""log_atom_transfer"": -0.11205603736135585, ""log_coherence_linear"": -0.023996233369850305, ""log_fidelity"": -0.40760713589087194, ""log_idle_excitation"": -0.06007512523484344, ""move_batches"": 52.0, ""move_time_us"": 5462.463399474102, ""transfers"": 112.0}",True,False,fresh,fresh,success,ce47031e36a06fb4b5256a25a448d4bcf007a6037c20645310dce86c4bd08620,"{""bytes"": 623467, ""path"": ""/Users/zhouzixiang/Desktop/zac/ZAC_zzx/results/physical_ga_main_v1/protocol.json"", ""sha256"": ""9bb0ae97d2f3f1536a5c496a65fe2e21e2192ce20830979dd75b30b0a3148fc7""}","{""bytes"": 1281, ""path"": ""/Users/zhouzixiang/Desktop/zac/ZAC_zzx/results/physical_ga_main_v1/receipts/ce47031e36a06fb4-s0-ga_h2.json"", ""sha256"": ""d3e8cc329708edeb540f954823fc341ea49425bed63e85039b045c60d369c79d""}",9bb0ae97d2f3f1536a5c496a65fe2e21e2192ce20830979dd75b30b0a3148fc7,d1fab3aaa092939e281636e5182865245c839b6f137f7762fc773e601882716a,valid_fidelity,,,,,,,
qmap154,alu-v0_26,1,ce47031e36a06fb4b5256a25a448d4bcf007a6037c20645310dce86c4bd08620,ce47031e36a06fb4-s1-ga_h2,success,False,"{""fidelity"": 0.6652452897602323, ""idle_exposures"": 24.0, ""log_atom_transfer"": -0.11205603736135585, ""log_coherence_linear"": -0.02398854703389624, ""log_fidelity"": -0.4075994495549179, ""log_idle_excitation"": -0.06007512523484344, ""move_batches"": 52.0, ""move_time_us"": 5460.16853704984, ""transfers"": 112.0}",True,False,fresh,fresh,success,ce47031e36a06fb4b5256a25a448d4bcf007a6037c20645310dce86c4bd08620,"{""bytes"": 623467, ""path"": ""/Users/zhouzixiang/Desktop/zac/ZAC_zzx/results/physical_ga_main_v1/protocol.json"", ""sha256"": ""9bb0ae97d2f3f1536a5c496a65fe2e21e2192ce20830979dd75b30b0a3148fc7""}","{""bytes"": 1281, ""path"": ""/Users/zhouzixiang/Desktop/zac/ZAC_zzx/results/physical_ga_main_v1/receipts/ce47031e36a06fb4-s1-ga_h2.json"", ""sha256"": ""9c7888783d0a7a9145e4bc497d8c3b8d793a5112bb565c2a66338d6716ed42d5""}",9bb0ae97d2f3f1536a5c496a65fe2e21e2192ce20830979dd75b30b0a3148fc7,d1fab3aaa092939e281636e5182865245c839b6f137f7762fc773e601882716a,valid_fidelity,,,,,,,
qmap154,alu-v0_26,2,ce47031e36a06fb4b5256a25a448d4bcf007a6037c20645310dce86c4bd08620,ce47031e36a06fb4-s2-ga_h2,success,False,"{""fidelity"": 0.6652383611934667, ""idle_exposures"": 24.0, ""log_atom_transfer"": -0.11205603736135585, ""log_coherence_linear"": -0.023998962143861272, ""log_fidelity"": -0.4076098646648829, ""log_idle_excitation"": -0.06007512523484344, ""move_batches"": 52.0, ""move_time_us"": 5463.278112031213, ""transfers"": 112.0}",True,False,fresh,fresh,success,ce47031e36a06fb4b5256a25a448d4bcf007a6037c20645310dce86c4bd08620,"{""bytes"": 623467, ""path"": ""/Users/zhouzixiang/Desktop/zac/ZAC_zzx/results/physical_ga_main_v1/protocol.json"", ""sha256"": ""9bb0ae97d2f3f1536a5c496a65fe2e21e2192ce20830979dd75b30b0a3148fc7""}","{""bytes"": 1281, ""path"": ""/Users/zhouzixiang/Desktop/zac/ZAC_zzx/results/physical_ga_main_v1/receipts/ce47031e36a06fb4-s2-ga_h2.json"", ""sha256"": ""88a9c98b523a36c64494095d7f0b3ecacb719bf8beb0bcf9f82b3fdd73d0506f""}",9bb0ae97d2f3f1536a5c496a65fe2e21e2192ce20830979dd75b30b0a3148fc7,d1fab3aaa092939e281636e5182865245c839b6f137f7762fc773e601882716a,valid_fidelity,,,,,,,
qmap154,radd_250,0,cf4a8e6ee6f9677f920d283d31ac6cc79f4dc8ed011444457d1fd4be4aa0fb9d,cf4a8e6ee6f9677f-s0-ga_h2,success,False,"{""fidelity"": 4.4813290622925366e-08, ""idle_exposures"": 914.0, ""log_atom_transfer"": -4.122061374364161, ""log_coherence_linear"": -2.6844998565143614, ""log_fidelity"": -16.920761075831738, ""log_idle_excitation"": -2.287861019360288, ""move_batches"": 1869.0, ""move_time_us"": 189210.87122614065, ""transfers"": 4120.0}",True,False,fresh,fresh,success,cf4a8e6ee6f9677f920d283d31ac6cc79f4dc8ed011444457d1fd4be4aa0fb9d,"{""bytes"": 623467, ""path"": ""/Users/zhouzixiang/Desktop/zac/ZAC_zzx/results/physical_ga_main_v1/protocol.json"", ""sha256"": ""9bb0ae97d2f3f1536a5c496a65fe2e21e2192ce20830979dd75b30b0a3148fc7""}","{""bytes"": 1279, ""path"": ""/Users/zhouzixiang/Desktop/zac/ZAC_zzx/results/physical_ga_main_v1/receipts/cf4a8e6ee6f9677f-s0-ga_h2.json"", ""sha256"": ""930adbd8709d82843a59ad92f816e5928ad7240aeeb292df0d6414096719427d""}",9bb0ae97d2f3f1536a5c496a65fe2e21e2192ce20830979dd75b30b0a3148fc7,d1fab3aaa092939e281636e5182865245c839b6f137f7762fc773e601882716a,valid_fidelity,,,,,,,
qmap154,radd_250,1,cf4a8e6ee6f9677f920d283d31ac6cc79f4dc8ed011444457d1fd4be4aa0fb9d,cf4a8e6ee6f9677f-s1-ga_h2,success,False,"{""fidelity"": 4.551325554645305e-08, ""idle_exposures"": 914.0, ""log_atom_transfer"": -4.1380693797014985, ""log_coherence_linear"": -2.6529929980720652, ""log_fidelity"": -16.905262222726776, ""log_idle_excitation"": -2.287861019360288, ""move_batches"": 1859.0, ""move_time_us"": 186686.5879356602, ""transfers"": 4136.0}",True,False,fresh,fresh,success,cf4a8e6ee6f9677f920d283d31ac6cc79f4dc8ed011444457d1fd4be4aa0fb9d,"{""bytes"": 623467, ""path"": ""/Users/zhouzixiang/Desktop/zac/ZAC_zzx/results/physical_ga_main_v1/protocol.json"", ""sha256"": ""9bb0ae97d2f3f1536a5c496a65fe2e21e2192ce20830979dd75b30b0a3148fc7""}","{""bytes"": 1280, ""path"": ""/Users/zhouzixiang/Desktop/zac/ZAC_zzx/results/physical_ga_main_v1/receipts/cf4a8e6ee6f9677f-s1-ga_h2.json"", ""sha256"": ""980d7cd889019fbf2031fe1ac530a808d0aa403f5bc65fa716c975b24839cfd9""}",9bb0ae97d2f3f1536a5c496a65fe2e21e2192ce20830979dd75b30b0a3148fc7,d1fab3aaa092939e281636e5182865245c839b6f137f7762fc773e601882716a,valid_fidelity,,,,,,,
qmap154,radd_250,2,cf4a8e6ee6f9677f920d283d31ac6cc79f4dc8ed011444457d1fd4be4aa0fb9d,cf4a8e6ee6f9677f-s2-ga_h2,success,False,"{""fidelity"": 4.561839117870344e-08, ""idle_exposures"": 915.0, ""log_atom_transfer"": -4.132066377699997, ""log_coherence_linear"": -2.65418553354206, ""log_fidelity"": -16.90295488641339, ""log_idle_excitation"": -2.2903641495784064, ""move_batches"": 1859.0, ""move_time_us"": 187369.15598317585, ""transfers"": 4130.0}",True,False,fresh,fresh,success,cf4a8e6ee6f9677f920d283d31ac6cc79f4dc8ed011444457d1fd4be4aa0fb9d,"{""bytes"": 623467, ""path"": ""/Users/zhouzixiang/Desktop/zac/ZAC_zzx/results/physical_ga_main_v1/protocol.json"", ""sha256"": ""9bb0ae97d2f3f1536a5c496a65fe2e21e2192ce20830979dd75b30b0a3148fc7""}","{""bytes"": 1279, ""path"": ""/Users/zhouzixiang/Desktop/zac/ZAC_zzx/results/physical_ga_main_v1/receipts/cf4a8e6ee6f9677f-s2-ga_h2.json"", ""sha256"": ""5971290f9aa8ecbf3dfb93b0ed2af44ef35ca8c521a80f55b77a8f6a692d8bc6""}",9bb0ae97d2f3f1536a5c496a65fe2e21e2192ce20830979dd75b30b0a3148fc7,d1fab3aaa092939e281636e5182865245c839b6f137f7762fc773e601882716a,valid_fidelity,,,,,,,
qmap154,sym6_145,0,cfc7a9ef5d3d73772fa0a79c64272948d4d312053c89a7c95c3799d068f28b2a,cfc7a9ef5d3d7377-s0-ga_h2,success,False,"{""fidelity"": 6.153255619889992e-09, ""idle_exposures"": 1129.0, ""log_atom_transfer"": -4.936468645901159, ""log_coherence_linear"": -1.6693059936545203, ""log_fidelity"": -18.906284526106568, ""log_idle_excitation"": -2.8260340162557607, ""move_batches"": 2250.0, ""move_time_us"": 224653.3857006911, ""transfers"": 4934.0}",True,False,fresh,fresh,success,cfc7a9ef5d3d73772fa0a79c64272948d4d312053c89a7c95c3799d068f28b2a,"{""bytes"": 623467, ""path"": ""/Users/zhouzixiang/Desktop/zac/ZAC_zzx/results/physical_ga_main_v1/protocol.json"", ""sha256"": ""9bb0ae97d2f3f1536a5c496a65fe2e21e2192ce20830979dd75b30b0a3148fc7""}","{""bytes"": 1279, ""path"": ""/Users/zhouzixiang/Desktop/zac/ZAC_zzx/results/physical_ga_main_v1/receipts/cfc7a9ef5d3d7377-s0-ga_h2.json"", ""sha256"": ""8123cd0ca0b1a3a9dc67d63af1bbaaa5fed1b336e747ea4ab4779cb830ca1163""}",9bb0ae97d2f3f1536a5c496a65fe2e21e2192ce20830979dd75b30b0a3148fc7,d1fab3aaa092939e281636e5182865245c839b6f137f7762fc773e601882716a,valid_fidelity,,,,,,,
qmap154,sym6_145,1,cfc7a9ef5d3d73772fa0a79c64272948d4d312053c89a7c95c3799d068f28b2a,cfc7a9ef5d3d7377-s1-ga_h2,success,False,"{""fidelity"": 6.1211186643998286e-09, ""idle_exposures"": 1127.0, ""log_atom_transfer"": -4.948474649904161, ""log_coherence_linear"": -1.6675426928064867, ""log_fidelity"": -18.911520968825297, ""log_idle_excitation"": -2.8210277558195234, ""move_batches"": 2260.0, ""move_time_us"": 224361.89339443485, ""transfers"": 4946.0}",True,False,fresh,fresh,success,cfc7a9ef5d3d73772fa0a79c64272948d4d312053c89a7c95c3799d068f28b2a,"{""bytes"": 623467, ""path"": ""/Users/zhouzixiang/Desktop/zac/ZAC_zzx/results/physical_ga_main_v1/protocol.json"", ""sha256"": ""9bb0ae97d2f3f1536a5c496a65fe2e21e2192ce20830979dd75b30b0a3148fc7""}","{""bytes"": 1280, ""path"": ""/Users/zhouzixiang/Desktop/zac/ZAC_zzx/results/physical_ga_main_v1/receipts/cfc7a9ef5d3d7377-s1-ga_h2.json"", ""sha256"": ""4e59986011811c766e6a8bad4c391803bd3004f76b51a58777d9f5aa3f381197""}",9bb0ae97d2f3f1536a5c496a65fe2e21e2192ce20830979dd75b30b0a3148fc7,d1fab3aaa092939e281636e5182865245c839b6f137f7762fc773e601882716a,valid_fidelity,,,,,,,
qmap154,sym6_145,2,cfc7a9ef5d3d73772fa0a79c64272948d4d312053c89a7c95c3799d068f28b2a,cfc7a9ef5d3d7377-s2-ga_h2,success,False,"{""fidelity"": 6.137660605729184e-09, ""idle_exposures"": 1129.0, ""log_atom_transfer"": -4.940470647235493, ""log_coherence_linear"": -1.6678416424421842, ""log_fidelity"": -18.908822176228565, ""log_idle_excitation"": -2.8260340162557607, ""move_batches"": 2262.0, ""move_time_us"": 224711.2018673036, ""transfers"": 4938.0}",True,False,fresh,fresh,success,cfc7a9ef5d3d73772fa0a79c64272948d4d312053c89a7c95c3799d068f28b2a,"{""bytes"": 623467, ""path"": ""/Users/zhouzixiang/Desktop/zac/ZAC_zzx/results/physical_ga_main_v1/protocol.json"", ""sha256"": ""9bb0ae97d2f3f1536a5c496a65fe2e21e2192ce20830979dd75b30b0a3148fc7""}","{""bytes"": 1278, ""path"": ""/Users/zhouzixiang/Desktop/zac/ZAC_zzx/results/physical_ga_main_v1/receipts/cfc7a9ef5d3d7377-s2-ga_h2.json"", ""sha256"": ""a738bc9417bd1fb3cee22aad877f10dfdc7ce6bfdd4b3f07af10be8c488cef11""}",9bb0ae97d2f3f1536a5c496a65fe2e21e2192ce20830979dd75b30b0a3148fc7,d1fab3aaa092939e281636e5182865245c839b6f137f7762fc773e601882716a,valid_fidelity,,,,,,,
qmap154,cycle10_2_110,0,d0e9f326652454eb85d198aecf5ad7c0c22d1cd6f56afa8c33cecacfaf6bf9cd,d0e9f326652454eb-s0-ga_h2,success,False,"{""fidelity"": 1.5297112489023074e-14, ""idle_exposures"": 1713.0, ""log_atom_transfer"": -7.711856571261883, ""log_coherence_linear"": -5.08531214499026, ""log_fidelity"": -31.81111231053097, ""log_idle_excitation"": -4.287862063636951, ""move_batches"": 3495.0, ""move_time_us"": 352830.9951822843, ""transfers"": 7708.0}",True,False,fresh,fresh,success,d0e9f326652454eb85d198aecf5ad7c0c22d1cd6f56afa8c33cecacfaf6bf9cd,"{""bytes"": 623467, ""path"": ""/Users/zhouzixiang/Desktop/zac/ZAC_zzx/results/physical_ga_main_v1/protocol.json"", ""sha256"": ""9bb0ae97d2f3f1536a5c496a65fe2e21e2192ce20830979dd75b30b0a3148fc7""}","{""bytes"": 1284, ""path"": ""/Users/zhouzixiang/Desktop/zac/ZAC_zzx/results/physical_ga_main_v1/receipts/d0e9f326652454eb-s0-ga_h2.json"", ""sha256"": ""5792b1bd7323390a22fa48ac0cc51e320fd1e1b3fa85437f97b82c2c533bf9c5""}",9bb0ae97d2f3f1536a5c496a65fe2e21e2192ce20830979dd75b30b0a3148fc7,d1fab3aaa092939e281636e5182865245c839b6f137f7762fc773e601882716a,valid_fidelity,,,,,,,
qmap154,cycle10_2_110,1,d0e9f326652454eb85d198aecf5ad7c0c22d1cd6f56afa8c33cecacfaf6bf9cd,d0e9f326652454eb-s1-ga_h2,success,False,"{""fidelity"": 1.566423587956226e-14, ""idle_exposures"": 1713.0, ""log_atom_transfer"": -7.7378695799350545, ""log_coherence_linear"": -5.035583076316577, ""log_fidelity"": -31.787396250530456, ""log_idle_excitation"": -4.287862063636951, ""move_batches"": 3479.0, ""move_time_us"": 350406.04413465614, ""transfers"": 7734.0}",True,False,fresh,fresh,success,d0e9f326652454eb85d198aecf5ad7c0c22d1cd6f56afa8c33cecacfaf6bf9cd,"{""bytes"": 623467, ""path"": ""/Users/zhouzixiang/Desktop/zac/ZAC_zzx/results/physical_ga_main_v1/protocol.json"", ""sha256"": ""9bb0ae97d2f3f1536a5c496a65fe2e21e2192ce20830979dd75b30b0a3148fc7""}","{""bytes"": 1283, ""path"": ""/Users/zhouzixiang/Desktop/zac/ZAC_zzx/results/physical_ga_main_v1/receipts/d0e9f326652454eb-s1-ga_h2.json"", ""sha256"": ""fe33095d573b71d2463ffd3346562f488186b28178402baead5001d4ca261f8b""}",9bb0ae97d2f3f1536a5c496a65fe2e21e2192ce20830979dd75b30b0a3148fc7,d1fab3aaa092939e281636e5182865245c839b6f137f7762fc773e601882716a,valid_fidelity,,,,,,,
qmap154,cycle10_2_110,2,d0e9f326652454eb85d198aecf5ad7c0c22d1cd6f56afa8c33cecacfaf6bf9cd,d0e9f326652454eb-s2-ga_h2,success,False,"{""fidelity"": 1.6058717885684513e-14, ""idle_exposures"": 1712.0, ""log_atom_transfer"": -7.683842561921544, ""log_coherence_linear"": -5.06724149636845, ""log_fidelity"": -31.7625245223507, ""log_idle_excitation"": -4.2853589334188325, ""move_batches"": 3483.0, ""move_time_us"": 352562.19015974924, ""transfers"": 7680.0}",True,False,fresh,fresh,success,d0e9f326652454eb85d198aecf5ad7c0c22d1cd6f56afa8c33cecacfaf6bf9cd,"{""bytes"": 623467, ""path"": ""/Users/zhouzixiang/Desktop/zac/ZAC_zzx/results/physical_ga_main_v1/protocol.json"", ""sha256"": ""9bb0ae97d2f3f1536a5c496a65fe2e21e2192ce20830979dd75b30b0a3148fc7""}","{""bytes"": 1284, ""path"": ""/Users/zhouzixiang/Desktop/zac/ZAC_zzx/results/physical_ga_main_v1/receipts/d0e9f326652454eb-s2-ga_h2.json"", ""sha256"": ""9eba79f72e0a33446de5c08f7b1167b55cd6a357c0d7a088cae0f34de6bec790""}",9bb0ae97d2f3f1536a5c496a65fe2e21e2192ce20830979dd75b30b0a3148fc7,d1fab3aaa092939e281636e5182865245c839b6f137f7762fc773e601882716a,valid_fidelity,,,,,,,
qmap154,alu-v3_34,0,d25f1e6ffaf065bfaada147783bc65850a972bf0e1d238430518d6f2f854fcc2,d25f1e6ffaf065bf-s0-ga_h2,success,False,"{""fidelity"": 0.7691521591910445, ""idle_exposures"": 17.0, ""log_atom_transfer"": -0.07003502335084741, ""log_coherence_linear"": -0.015775151503182813, ""log_fidelity"": -0.26246646274119884, ""log_idle_excitation"": -0.042553213708014105, ""move_batches"": 33.0, ""move_time_us"": 3329.3737933082, ""transfers"": 70.0}",True,False,fresh,fresh,success,d25f1e6ffaf065bfaada147783bc65850a972bf0e1d238430518d6f2f854fcc2,"{""bytes"": 623467, ""path"": ""/Users/zhouzixiang/Desktop/zac/ZAC_zzx/results/physical_ga_main_v1/protocol.json"", ""sha256"": ""9bb0ae97d2f3f1536a5c496a65fe2e21e2192ce20830979dd75b30b0a3148fc7""}","{""bytes"": 1280, ""path"": ""/Users/zhouzixiang/Desktop/zac/ZAC_zzx/results/physical_ga_main_v1/receipts/d25f1e6ffaf065bf-s0-ga_h2.json"", ""sha256"": ""97b965c045a643fa9d1ccda6c5a4fb02018fbdbd27f6baa1a24a7101c35f54f3""}",9bb0ae97d2f3f1536a5c496a65fe2e21e2192ce20830979dd75b30b0a3148fc7,d1fab3aaa092939e281636e5182865245c839b6f137f7762fc773e601882716a,valid_fidelity,,,,,,,
qmap154,alu-v3_34,1,d25f1e6ffaf065bfaada147783bc65850a972bf0e1d238430518d6f2f854fcc2,d25f1e6ffaf065bf-s1-ga_h2,success,False,"{""fidelity"": 0.7691521591910445, ""idle_exposures"": 17.0, ""log_atom_transfer"": -0.07003502335084741, ""log_coherence_linear"": -0.015775151503182813, ""log_fidelity"": -0.26246646274119884, ""log_idle_excitation"": -0.042553213708014105, ""move_batches"": 33.0, ""move_time_us"": 3329.3737933082, ""transfers"": 70.0}",True,False,fresh,fresh,success,d25f1e6ffaf065bfaada147783bc65850a972bf0e1d238430518d6f2f854fcc2,"{""bytes"": 623467, ""path"": ""/Users/zhouzixiang/Desktop/zac/ZAC_zzx/results/physical_ga_main_v1/protocol.json"", ""sha256"": ""9bb0ae97d2f3f1536a5c496a65fe2e21e2192ce20830979dd75b30b0a3148fc7""}","{""bytes"": 1280, ""path"": ""/Users/zhouzixiang/Desktop/zac/ZAC_zzx/results/physical_ga_main_v1/receipts/d25f1e6ffaf065bf-s1-ga_h2.json"", ""sha256"": ""3fd5c8841741daa6d13c2e95f8d0a54066888caaa465518603ad2819ab09f6df""}",9bb0ae97d2f3f1536a5c496a65fe2e21e2192ce20830979dd75b30b0a3148fc7,d1fab3aaa092939e281636e5182865245c839b6f137f7762fc773e601882716a,valid_fidelity,,,,,,,
qmap154,alu-v3_34,2,d25f1e6ffaf065bfaada147783bc65850a972bf0e1d238430518d6f2f854fcc2,d25f1e6ffaf065bf-s2-ga_h2,success,False,"{""fidelity"": 0.7691442614269077, ""idle_exposures"": 17.0, ""log_atom_transfer"": -0.07003502335084741, ""log_coherence_linear"": -0.015785419698611195, ""log_fidelity"": -0.2624767309366272, ""log_idle_excitation"": -0.042553213708014105, ""move_batches"": 33.0, ""move_time_us"": 3332.4445451387505, ""transfers"": 70.0}",True,False,fresh,fresh,success,d25f1e6ffaf065bfaada147783bc65850a972bf0e1d238430518d6f2f854fcc2,"{""bytes"": 623467, ""path"": ""/Users/zhouzixiang/Desktop/zac/ZAC_zzx/results/physical_ga_main_v1/protocol.json"", ""sha256"": ""9bb0ae97d2f3f1536a5c496a65fe2e21e2192ce20830979dd75b30b0a3148fc7""}","{""bytes"": 1280, ""path"": ""/Users/zhouzixiang/Desktop/zac/ZAC_zzx/results/physical_ga_main_v1/receipts/d25f1e6ffaf065bf-s2-ga_h2.json"", ""sha256"": ""87f0ef46e51e0121fd6fd298052076f3eb04aae234715164b122d787ef7916f4""}",9bb0ae97d2f3f1536a5c496a65fe2e21e2192ce20830979dd75b30b0a3148fc7,d1fab3aaa092939e281636e5182865245c839b6f137f7762fc773e601882716a,valid_fidelity,,,,,,,
zac18,wstate_n27_transpiled,0,d2cb39ae9b321e8f9cffdc461f673280c0304eb8cfe4803fa00b765f7c2e324d,d2cb39ae9b321e8f-s0-ga_h2,success,False,"{""fidelity"": 0.49201002020584367, ""idle_exposures"": 4.0, ""log_atom_transfer"": -0.15807905270619843, ""log_coherence_linear"": -0.24900772207699426, ""log_fidelity"": -0.7092561964251787, ""log_idle_excitation"": -0.010012520872473908, ""move_batches"": 77.0, ""move_time_us"": 8904.193228635759, ""transfers"": 158.0}",True,False,reused,fresh,success,d2cb39ae9b321e8f9cffdc461f673280c0304eb8cfe4803fa00b765f7c2e324d,"{""bytes"": 120460, ""path"": ""/Users/zhouzixiang/Desktop/zac/ZAC_zzx/results/physical_ga_initial_v1/corrected_driver_v1/protocol.json"", ""sha256"": ""634fb00b81921a7f81494cbeaaf4749cf9fe3bcfffdbd34f6488c496ea0244d7""}","{""bytes"": 1369, ""path"": ""/Users/zhouzixiang/Desktop/zac/ZAC_zzx/results/physical_ga_initial_v1/corrected_driver_v1/receipts/d2cb39ae9b321e8f-s0-ga_h2.json"", ""sha256"": ""08a9301f07f84cb99f0dfce1f5c7fc2d56b20e04f278473a14f25accf096360b""}",634fb00b81921a7f81494cbeaaf4749cf9fe3bcfffdbd34f6488c496ea0244d7,715e166529a9198763afc2134df560a1133fc23906da0285528991c343baaa46,valid_fidelity,,,,,,,
zac18,wstate_n27_transpiled,1,d2cb39ae9b321e8f9cffdc461f673280c0304eb8cfe4803fa00b765f7c2e324d,d2cb39ae9b321e8f-s1-ga_h2,success,False,"{""fidelity"": 0.4911789614833925, ""idle_exposures"": 5.0, ""log_atom_transfer"": -0.1600800533733655, ""log_coherence_linear"": -0.2461941286892872, ""log_fidelity"": -0.7109467339227572, ""log_idle_excitation"": -0.012515651090592385, ""move_batches"": 70.0, ""move_time_us"": 8727.661418445125, ""transfers"": 160.0}",True,False,reused,fresh,success,d2cb39ae9b321e8f9cffdc461f673280c0304eb8cfe4803fa00b765f7c2e324d,"{""bytes"": 120460, ""path"": ""/Users/zhouzixiang/Desktop/zac/ZAC_zzx/results/physical_ga_initial_v1/corrected_driver_v1/protocol.json"", ""sha256"": ""634fb00b81921a7f81494cbeaaf4749cf9fe3bcfffdbd34f6488c496ea0244d7""}","{""bytes"": 1369, ""path"": ""/Users/zhouzixiang/Desktop/zac/ZAC_zzx/results/physical_ga_initial_v1/corrected_driver_v1/receipts/d2cb39ae9b321e8f-s1-ga_h2.json"", ""sha256"": ""27c30a5626a0a84b1ae1e6f1c3d9a913c8d8f14d4c01d758543220278e91b865""}",634fb00b81921a7f81494cbeaaf4749cf9fe3bcfffdbd34f6488c496ea0244d7,715e166529a9198763afc2134df560a1133fc23906da0285528991c343baaa46,valid_fidelity,,,,,,,
zac18,wstate_n27_transpiled,2,d2cb39ae9b321e8f9cffdc461f673280c0304eb8cfe4803fa00b765f7c2e324d,d2cb39ae9b321e8f-s2-ga_h2,success,False,"{""fidelity"": 0.4976139580186141, ""idle_exposures"": 3.0, ""log_atom_transfer"": -0.15807905270619843, ""log_coherence_linear"": -0.2401853431400198, ""log_fidelity"": -0.6979306872700858, ""log_idle_excitation"": -0.00750939065435543, ""move_batches"": 66.0, ""move_time_us"": 8262.121160973533, ""transfers"": 158.0}",True,False,reused,fresh,success,d2cb39ae9b321e8f9cffdc461f673280c0304eb8cfe4803fa00b765f7c2e324d,"{""bytes"": 120460, ""path"": ""/Users/zhouzixiang/Desktop/zac/ZAC_zzx/results/physical_ga_initial_v1/corrected_driver_v1/protocol.json"", ""sha256"": ""634fb00b81921a7f81494cbeaaf4749cf9fe3bcfffdbd34f6488c496ea0244d7""}","{""bytes"": 1369, ""path"": ""/Users/zhouzixiang/Desktop/zac/ZAC_zzx/results/physical_ga_initial_v1/corrected_driver_v1/receipts/d2cb39ae9b321e8f-s2-ga_h2.json"", ""sha256"": ""a481458941ddc40fd95716b4dad15641bbed3cdf1b7d8c6adfa3440fa453d3e0""}",634fb00b81921a7f81494cbeaaf4749cf9fe3bcfffdbd34f6488c496ea0244d7,715e166529a9198763afc2134df560a1133fc23906da0285528991c343baaa46,valid_fidelity,,,,,,,
qmap154,mini-alu_167,0,d6706fe265e77c9974b4e2ee29fd782d6b5f06dab44521e835b1d2c32e7da411,d6706fe265e77c99-s0-ga_h2,success,False,"{""fidelity"": 0.2600207221764516, ""idle_exposures"": 83.0, ""log_atom_transfer"": -0.3581791194229053, ""log_coherence_linear"": -0.07866413104609038, ""log_fidelity"": -1.3469939504638797, ""log_idle_excitation"": -0.2077598081038336, ""move_batches"": 166.0, ""move_time_us"": 17427.226544392986, ""transfers"": 358.0}",True,False,fresh,fresh,success,d6706fe265e77c9974b4e2ee29fd782d6b5f06dab44521e835b1d2c32e7da411,"{""bytes"": 623467, ""path"": ""/Users/zhouzixiang/Desktop/zac/ZAC_zzx/results/physical_ga_main_v1/protocol.json"", ""sha256"": ""9bb0ae97d2f3f1536a5c496a65fe2e21e2192ce20830979dd75b30b0a3148fc7""}","{""bytes"": 1284, ""path"": ""/Users/zhouzixiang/Desktop/zac/ZAC_zzx/results/physical_ga_main_v1/receipts/d6706fe265e77c99-s0-ga_h2.json"", ""sha256"": ""9b522363d9f9d6e2bc3357cb8f1f430784ff870def580cf4e69232a1227121d4""}",9bb0ae97d2f3f1536a5c496a65fe2e21e2192ce20830979dd75b30b0a3148fc7,d1fab3aaa092939e281636e5182865245c839b6f137f7762fc773e601882716a,valid_fidelity,,,,,,,
qmap154,mini-alu_167,1,d6706fe265e77c9974b4e2ee29fd782d6b5f06dab44521e835b1d2c32e7da411,d6706fe265e77c99-s1-ga_h2,success,False,"{""fidelity"": 0.26101602739551677, ""idle_exposures"": 83.0, ""log_atom_transfer"": -0.3521761174214041, ""log_coherence_linear"": -0.0808466484828699, ""log_fidelity"": -1.3431734658991579, ""log_idle_excitation"": -0.2077598081038336, ""move_batches"": 165.0, ""move_time_us"": 17901.759578025914, ""transfers"": 352.0}",True,False,fresh,fresh,success,d6706fe265e77c9974b4e2ee29fd782d6b5f06dab44521e835b1d2c32e7da411,"{""bytes"": 623467, ""path"": ""/Users/zhouzixiang/Desktop/zac/ZAC_zzx/results/physical_ga_main_v1/protocol.json"", ""sha256"": ""9bb0ae97d2f3f1536a5c496a65fe2e21e2192ce20830979dd75b30b0a3148fc7""}","{""bytes"": 1283, ""path"": ""/Users/zhouzixiang/Desktop/zac/ZAC_zzx/results/physical_ga_main_v1/receipts/d6706fe265e77c99-s1-ga_h2.json"", ""sha256"": ""0b6937cce067a592d09bac88e6c38d62244c054a97267326e34876e4bec131d2""}",9bb0ae97d2f3f1536a5c496a65fe2e21e2192ce20830979dd75b30b0a3148fc7,d1fab3aaa092939e281636e5182865245c839b6f137f7762fc773e601882716a,valid_fidelity,,,,,,,
qmap154,mini-alu_167,2,d6706fe265e77c9974b4e2ee29fd782d6b5f06dab44521e835b1d2c32e7da411,d6706fe265e77c99-s2-ga_h2,success,False,"{""fidelity"": 0.26101919846829325, ""idle_exposures"": 83.0, ""log_atom_transfer"": -0.3521761174214041, ""log_coherence_linear"": -0.08083449959858224, ""log_fidelity"": -1.3431613170148702, ""log_idle_excitation"": -0.2077598081038336, ""move_batches"": 165.0, ""move_time_us"": 17898.17336667343, ""transfers"": 352.0}",True,False,fresh,fresh,success,d6706fe265e77c9974b4e2ee29fd782d6b5f06dab44521e835b1d2c32e7da411,"{""bytes"": 623467, ""path"": ""/Users/zhouzixiang/Desktop/zac/ZAC_zzx/results/physical_ga_main_v1/protocol.json"", ""sha256"": ""9bb0ae97d2f3f1536a5c496a65fe2e21e2192ce20830979dd75b30b0a3148fc7""}","{""bytes"": 1282, ""path"": ""/Users/zhouzixiang/Desktop/zac/ZAC_zzx/results/physical_ga_main_v1/receipts/d6706fe265e77c99-s2-ga_h2.json"", ""sha256"": ""75235681506c7990af17adeb060a536937741aacc220c1a82d04e614ab1c0615""}",9bb0ae97d2f3f1536a5c496a65fe2e21e2192ce20830979dd75b30b0a3148fc7,d1fab3aaa092939e281636e5182865245c839b6f137f7762fc773e601882716a,valid_fidelity,,,,,,,
qmap154,cm42a_207,0,d800bdc1387d38e9d43ce4de7c660bcce7f9dfc81455c7ac955f18408479de3d,d800bdc1387d38e9-s0-ga_h2,success,False,"{""fidelity"": 9.785849462865117e-05, ""idle_exposures"": 507.0, ""log_atom_transfer"": -2.181090727212105, ""log_coherence_linear"": -1.487176063478655, ""log_fidelity"": -9.231988055129328, ""log_idle_excitation"": -1.2690870205860678, ""move_batches"": 979.0, ""move_time_us"": 102099.90535963928, ""transfers"": 2180.0}",True,False,fresh,fresh,success,d800bdc1387d38e9d43ce4de7c660bcce7f9dfc81455c7ac955f18408479de3d,"{""bytes"": 623467, ""path"": ""/Users/zhouzixiang/Desktop/zac/ZAC_zzx/results/physical_ga_main_v1/protocol.json"", ""sha256"": ""9bb0ae97d2f3f1536a5c496a65fe2e21e2192ce20830979dd75b30b0a3148fc7""}","{""bytes"": 1279, ""path"": ""/Users/zhouzixiang/Desktop/zac/ZAC_zzx/results/physical_ga_main_v1/receipts/d800bdc1387d38e9-s0-ga_h2.json"", ""sha256"": ""a77480392f9df497f7620f2420bf83248b2307a8f4fcfda342c6e082cedaa95a""}",9bb0ae97d2f3f1536a5c496a65fe2e21e2192ce20830979dd75b30b0a3148fc7,d1fab3aaa092939e281636e5182865245c839b6f137f7762fc773e601882716a,valid_fidelity,,,,,,,
qmap154,cm42a_207,1,d800bdc1387d38e9d43ce4de7c660bcce7f9dfc81455c7ac955f18408479de3d,d800bdc1387d38e9-s1-ga_h2,success,False,"{""fidelity"": 9.87055026365387e-05, ""idle_exposures"": 509.0, ""log_atom_transfer"": -2.1690847232091026, ""log_coherence_linear"": -1.4855576138648896, ""log_fidelity"": -9.223369861948797, ""log_idle_excitation"": -1.2740932810223047, ""move_batches"": 964.0, ""move_time_us"": 100807.69624119907, ""transfers"": 2168.0}",True,False,fresh,fresh,success,d800bdc1387d38e9d43ce4de7c660bcce7f9dfc81455c7ac955f18408479de3d,"{""bytes"": 623467, ""path"": ""/Users/zhouzixiang/Desktop/zac/ZAC_zzx/results/physical_ga_main_v1/protocol.json"", ""sha256"": ""9bb0ae97d2f3f1536a5c496a65fe2e21e2192ce20830979dd75b30b0a3148fc7""}","{""bytes"": 1280, ""path"": ""/Users/zhouzixiang/Desktop/zac/ZAC_zzx/results/physical_ga_main_v1/receipts/d800bdc1387d38e9-s1-ga_h2.json"", ""sha256"": ""48ffe5bd8597ea33331babc39593f6a259380d455ea7150ecfc0c32cedab51aa""}",9bb0ae97d2f3f1536a5c496a65fe2e21e2192ce20830979dd75b30b0a3148fc7,d1fab3aaa092939e281636e5182865245c839b6f137f7762fc773e601882716a,valid_fidelity,,,,,,,
qmap154,cm42a_207,2,d800bdc1387d38e9d43ce4de7c660bcce7f9dfc81455c7ac955f18408479de3d,d800bdc1387d38e9-s2-ga_h2,success,False,"{""fidelity"": 0.00010006212900541311, ""idle_exposures"": 505.0, ""log_atom_transfer"": -2.1710857238762697, ""log_coherence_linear"": -1.4799185469642135, ""log_fidelity"": -9.209719274842815, ""log_idle_excitation"": -1.264080760149831, ""move_batches"": 967.0, ""move_time_us"": 100426.08684485535, ""transfers"": 2170.0}",True,False,fresh,fresh,success,d800bdc1387d38e9d43ce4de7c660bcce7f9dfc81455c7ac955f18408479de3d,"{""bytes"": 623467, ""path"": ""/Users/zhouzixiang/Desktop/zac/ZAC_zzx/results/physical_ga_main_v1/protocol.json"", ""sha256"": ""9bb0ae97d2f3f1536a5c496a65fe2e21e2192ce20830979dd75b30b0a3148fc7""}","{""bytes"": 1280, ""path"": ""/Users/zhouzixiang/Desktop/zac/ZAC_zzx/results/physical_ga_main_v1/receipts/d800bdc1387d38e9-s2-ga_h2.json"", ""sha256"": ""2af9c0f05eb5abb106e7c52d6564105ff1b80dc80f7c0e6a8b66e9ca99b68b61""}",9bb0ae97d2f3f1536a5c496a65fe2e21e2192ce20830979dd75b30b0a3148fc7,d1fab3aaa092939e281636e5182865245c839b6f137f7762fc773e601882716a,valid_fidelity,,,,,,,
zac18,cat_n22_transpiled,0,db18092cb4f75992883d38c951468535ffe87a4953127995ec4c404b63a4671a,db18092cb4f75992-s0-ga_h2,success,False,"{""fidelity"": 0.7537011041094589, ""idle_exposures"": 0.0, ""log_atom_transfer"": -0.08404202802101689, ""log_coherence_linear"": -0.08055206151224184, ""log_fidelity"": -0.28275940321477444, ""log_idle_excitation"": -0.0, ""move_batches"": 41.0, ""move_time_us"": 4438.179873220883, ""transfers"": 84.0}",True,False,fresh,fresh,success,db18092cb4f75992883d38c951468535ffe87a4953127995ec4c404b63a4671a,"{""bytes"": 623467, ""path"": ""/Users/zhouzixiang/Desktop/zac/ZAC_zzx/results/physical_ga_main_v1/protocol.json"", ""sha256"": ""9bb0ae97d2f3f1536a5c496a65fe2e21e2192ce20830979dd75b30b0a3148fc7""}","{""bytes"": 1287, ""path"": ""/Users/zhouzixiang/Desktop/zac/ZAC_zzx/results/physical_ga_main_v1/receipts/db18092cb4f75992-s0-ga_h2.json"", ""sha256"": ""6bbe0d1d1d1395b34be1f7a1eba359298bdb5b633e6b84d24b7678c299cc438b""}",9bb0ae97d2f3f1536a5c496a65fe2e21e2192ce20830979dd75b30b0a3148fc7,d1fab3aaa092939e281636e5182865245c839b6f137f7762fc773e601882716a,valid_fidelity,,,,,,,
zac18,cat_n22_transpiled,1,db18092cb4f75992883d38c951468535ffe87a4953127995ec4c404b63a4671a,db18092cb4f75992-s1-ga_h2,success,False,"{""fidelity"": 0.7541662512029603, ""idle_exposures"": 0.0, ""log_atom_transfer"": -0.08404202802101689, ""log_coherence_linear"": -0.079935101264887, ""log_fidelity"": -0.2821424429674196, ""log_idle_excitation"": -0.0, ""move_batches"": 41.0, ""move_time_us"": 4396.267553430022, ""transfers"": 84.0}",True,False,fresh,fresh,success,db18092cb4f75992883d38c951468535ffe87a4953127995ec4c404b63a4671a,"{""bytes"": 623467, ""path"": ""/Users/zhouzixiang/Desktop/zac/ZAC_zzx/results/physical_ga_main_v1/protocol.json"", ""sha256"": ""9bb0ae97d2f3f1536a5c496a65fe2e21e2192ce20830979dd75b30b0a3148fc7""}","{""bytes"": 1288, ""path"": ""/Users/zhouzixiang/Desktop/zac/ZAC_zzx/results/physical_ga_main_v1/receipts/db18092cb4f75992-s1-ga_h2.json"", ""sha256"": ""892469a34156700cc1051b403a758f29f0ae56920368b377e942bf39451f16a2""}",9bb0ae97d2f3f1536a5c496a65fe2e21e2192ce20830979dd75b30b0a3148fc7,d1fab3aaa092939e281636e5182865245c839b6f137f7762fc773e601882716a,valid_fidelity,,,,,,,
zac18,cat_n22_transpiled,2,db18092cb4f75992883d38c951468535ffe87a4953127995ec4c404b63a4671a,db18092cb4f75992-s2-ga_h2,success,False,"{""fidelity"": 0.7536846077235282, ""idle_exposures"": 0.0, ""log_atom_transfer"": -0.08404202802101689, ""log_coherence_linear"": -0.08057394892407266, ""log_fidelity"": -0.28278129062660523, ""log_idle_excitation"": -0.0, ""move_batches"": 41.0, ""move_time_us"": 4439.666741927202, ""transfers"": 84.0}",True,False,fresh,fresh,success,db18092cb4f75992883d38c951468535ffe87a4953127995ec4c404b63a4671a,"{""bytes"": 623467, ""path"": ""/Users/zhouzixiang/Desktop/zac/ZAC_zzx/results/physical_ga_main_v1/protocol.json"", ""sha256"": ""9bb0ae97d2f3f1536a5c496a65fe2e21e2192ce20830979dd75b30b0a3148fc7""}","{""bytes"": 1287, ""path"": ""/Users/zhouzixiang/Desktop/zac/ZAC_zzx/results/physical_ga_main_v1/receipts/db18092cb4f75992-s2-ga_h2.json"", ""sha256"": ""7995d48e4117d57cc4342e83327c7621d500280d26d30d10643cc8cfcee7d0e5""}",9bb0ae97d2f3f1536a5c496a65fe2e21e2192ce20830979dd75b30b0a3148fc7,d1fab3aaa092939e281636e5182865245c839b6f137f7762fc773e601882716a,valid_fidelity,,,,,,,
qmap154,4mod5-v1_24,0,dfcfb0f66a9df92dbce2a4f1948cc61f5cb144f7acf0e867f59c81b20574a24e,dfcfb0f66a9df92d-s0-ga_h2,success,False,"{""fidelity"": 0.83785930550984, ""idle_exposures"": 11.0, ""log_atom_transfer"": -0.05002501667917672, ""log_coherence_linear"": -0.01044366226579485, ""log_fidelity"": -0.17690508578204117, ""log_idle_excitation"": -0.027534432399303248, ""move_batches"": 22.0, ""move_time_us"": 2330.676054965848, ""transfers"": 50.0}",True,False,fresh,fresh,success,dfcfb0f66a9df92dbce2a4f1948cc61f5cb144f7acf0e867f59c81b20574a24e,"{""bytes"": 623467, ""path"": ""/Users/zhouzixiang/Desktop/zac/ZAC_zzx/results/physical_ga_main_v1/protocol.json"", ""sha256"": ""9bb0ae97d2f3f1536a5c496a65fe2e21e2192ce20830979dd75b30b0a3148fc7""}","{""bytes"": 1283, ""path"": ""/Users/zhouzixiang/Desktop/zac/ZAC_zzx/results/physical_ga_main_v1/receipts/dfcfb0f66a9df92d-s0-ga_h2.json"", ""sha256"": ""c424c3eb841778cdb13ff1a44277ec8888eb015fe8ddad65824f498783b2e3ef""}",9bb0ae97d2f3f1536a5c496a65fe2e21e2192ce20830979dd75b30b0a3148fc7,d1fab3aaa092939e281636e5182865245c839b6f137f7762fc773e601882716a,valid_fidelity,,,,,,,
qmap154,4mod5-v1_24,1,dfcfb0f66a9df92dbce2a4f1948cc61f5cb144f7acf0e867f59c81b20574a24e,dfcfb0f66a9df92d-s1-ga_h2,success,False,"{""fidelity"": 0.8378284112959344, ""idle_exposures"": 11.0, ""log_atom_transfer"": -0.05002501667917672, ""log_coherence_linear"": -0.010480535740009869, ""log_fidelity"": -0.1769419592562562, ""log_idle_excitation"": -0.027534432399303248, ""move_batches"": 22.0, ""move_time_us"": 2341.715634990764, ""transfers"": 50.0}",True,False,fresh,fresh,success,dfcfb0f66a9df92dbce2a4f1948cc61f5cb144f7acf0e867f59c81b20574a24e,"{""bytes"": 623467, ""path"": ""/Users/zhouzixiang/Desktop/zac/ZAC_zzx/results/physical_ga_main_v1/protocol.json"", ""sha256"": ""9bb0ae97d2f3f1536a5c496a65fe2e21e2192ce20830979dd75b30b0a3148fc7""}","{""bytes"": 1282, ""path"": ""/Users/zhouzixiang/Desktop/zac/ZAC_zzx/results/physical_ga_main_v1/receipts/dfcfb0f66a9df92d-s1-ga_h2.json"", ""sha256"": ""5ed3d40afde7b91b0921d35226830138d0e9c1488cd32795196001a0e6bcc9f6""}",9bb0ae97d2f3f1536a5c496a65fe2e21e2192ce20830979dd75b30b0a3148fc7,d1fab3aaa092939e281636e5182865245c839b6f137f7762fc773e601882716a,valid_fidelity,,,,,,,
qmap154,4mod5-v1_24,2,dfcfb0f66a9df92dbce2a4f1948cc61f5cb144f7acf0e867f59c81b20574a24e,dfcfb0f66a9df92d-s2-ga_h2,success,False,"{""fidelity"": 0.83785930550984, ""idle_exposures"": 11.0, ""log_atom_transfer"": -0.05002501667917672, ""log_coherence_linear"": -0.01044366226579485, ""log_fidelity"": -0.17690508578204117, ""log_idle_excitation"": -0.027534432399303248, ""move_batches"": 22.0, ""move_time_us"": 2330.676054965848, ""transfers"": 50.0}",True,False,fresh,fresh,success,dfcfb0f66a9df92dbce2a4f1948cc61f5cb144f7acf0e867f59c81b20574a24e,"{""bytes"": 623467, ""path"": ""/Users/zhouzixiang/Desktop/zac/ZAC_zzx/results/physical_ga_main_v1/protocol.json"", ""sha256"": ""9bb0ae97d2f3f1536a5c496a65fe2e21e2192ce20830979dd75b30b0a3148fc7""}","{""bytes"": 1281, ""path"": ""/Users/zhouzixiang/Desktop/zac/ZAC_zzx/results/physical_ga_main_v1/receipts/dfcfb0f66a9df92d-s2-ga_h2.json"", ""sha256"": ""115206d2bd13789aa3cd4c01da2e5c1539d38802e95d9f034d27c39437794b16""}",9bb0ae97d2f3f1536a5c496a65fe2e21e2192ce20830979dd75b30b0a3148fc7,d1fab3aaa092939e281636e5182865245c839b6f137f7762fc773e601882716a,valid_fidelity,,,,,,,
qmap154,4gt5_75,0,e039b9c3db8f1e80604503cd9a889b8734bb4401c1182c75a38b1832e598b5aa,e039b9c3db8f1e80-s0-ga_h2,success,False,"{""fidelity"": 0.6630895791690458, ""idle_exposures"": 24.0, ""log_atom_transfer"": -0.11605803869568998, ""log_coherence_linear"": -0.02293223718985598, ""log_fidelity"": -0.4108451860542138, ""log_idle_excitation"": -0.06007512523484344, ""move_batches"": 53.0, ""move_time_us"": 5250.709146275504, ""transfers"": 116.0}",True,False,fresh,fresh,success,e039b9c3db8f1e80604503cd9a889b8734bb4401c1182c75a38b1832e598b5aa,"{""bytes"": 623467, ""path"": ""/Users/zhouzixiang/Desktop/zac/ZAC_zzx/results/physical_ga_main_v1/protocol.json"", ""sha256"": ""9bb0ae97d2f3f1536a5c496a65fe2e21e2192ce20830979dd75b30b0a3148fc7""}","{""bytes"": 1279, ""path"": ""/Users/zhouzixiang/Desktop/zac/ZAC_zzx/results/physical_ga_main_v1/receipts/e039b9c3db8f1e80-s0-ga_h2.json"", ""sha256"": ""dc05513dbbc7397e8886a4348a5a18246402f8576fbe02aa1b98ae581f8303ad""}",9bb0ae97d2f3f1536a5c496a65fe2e21e2192ce20830979dd75b30b0a3148fc7,d1fab3aaa092939e281636e5182865245c839b6f137f7762fc773e601882716a,valid_fidelity,,,,,,,
qmap154,4gt5_75,1,e039b9c3db8f1e80604503cd9a889b8734bb4401c1182c75a38b1832e598b5aa,e039b9c3db8f1e80-s1-ga_h2,success,False,"{""fidelity"": 0.663100488815686, ""idle_exposures"": 24.0, ""log_atom_transfer"": -0.11605803869568998, ""log_coherence_linear"": -0.022915784575854685, ""log_fidelity"": -0.4108287334402125, ""log_idle_excitation"": -0.06007512523484344, ""move_batches"": 53.0, ""move_time_us"": 5245.795939907172, ""transfers"": 116.0}",True,False,fresh,fresh,success,e039b9c3db8f1e80604503cd9a889b8734bb4401c1182c75a38b1832e598b5aa,"{""bytes"": 623467, ""path"": ""/Users/zhouzixiang/Desktop/zac/ZAC_zzx/results/physical_ga_main_v1/protocol.json"", ""sha256"": ""9bb0ae97d2f3f1536a5c496a65fe2e21e2192ce20830979dd75b30b0a3148fc7""}","{""bytes"": 1279, ""path"": ""/Users/zhouzixiang/Desktop/zac/ZAC_zzx/results/physical_ga_main_v1/receipts/e039b9c3db8f1e80-s1-ga_h2.json"", ""sha256"": ""2d43326449d6bee2acc826ac117b202dbc6c5184d5b52307abcfce7477797059""}",9bb0ae97d2f3f1536a5c496a65fe2e21e2192ce20830979dd75b30b0a3148fc7,d1fab3aaa092939e281636e5182865245c839b6f137f7762fc773e601882716a,valid_fidelity,,,,,,,
qmap154,4gt5_75,2,e039b9c3db8f1e80604503cd9a889b8734bb4401c1182c75a38b1832e598b5aa,e039b9c3db8f1e80-s2-ga_h2,success,False,"{""fidelity"": 0.6630895791690458, ""idle_exposures"": 24.0, ""log_atom_transfer"": -0.11605803869568998, ""log_coherence_linear"": -0.02293223718985598, ""log_fidelity"": -0.4108451860542138, ""log_idle_excitation"": -0.06007512523484344, ""move_batches"": 53.0, ""move_time_us"": 5250.709146275504, ""transfers"": 116.0}",True,False,fresh,fresh,success,e039b9c3db8f1e80604503cd9a889b8734bb4401c1182c75a38b1832e598b5aa,"{""bytes"": 623467, ""path"": ""/Users/zhouzixiang/Desktop/zac/ZAC_zzx/results/physical_ga_main_v1/protocol.json"", ""sha256"": ""9bb0ae97d2f3f1536a5c496a65fe2e21e2192ce20830979dd75b30b0a3148fc7""}","{""bytes"": 1279, ""path"": ""/Users/zhouzixiang/Desktop/zac/ZAC_zzx/results/physical_ga_main_v1/receipts/e039b9c3db8f1e80-s2-ga_h2.json"", ""sha256"": ""2be0f8b4af5b7185f2b405ffd3378bb9e34f69dde2af03bb4dd0018dccefe849""}",9bb0ae97d2f3f1536a5c496a65fe2e21e2192ce20830979dd75b30b0a3148fc7,d1fab3aaa092939e281636e5182865245c839b6f137f7762fc773e601882716a,valid_fidelity,,,,,,,
qmap154,rd32-v1_68,0,e0b103d516baa0b7f6568f867dab262f2f66620405eb887fb0a4bc2b3b83db45,e0b103d516baa0b7-s0-ga_h2,success,False,"{""fidelity"": 0.8786856388486878, ""idle_exposures"": 9.0, ""log_atom_transfer"": -0.03401701134184017, ""log_coherence_linear"": -0.005731359853547011, ""log_fidelity"": -0.12932808024803072, ""log_idle_excitation"": -0.022528171963066293, ""move_batches"": 16.0, ""move_time_us"": 1636.775749067719, ""transfers"": 34.0}",True,False,fresh,fresh,success,e0b103d516baa0b7f6568f867dab262f2f66620405eb887fb0a4bc2b3b83db45,"{""bytes"": 623467, ""path"": ""/Users/zhouzixiang/Desktop/zac/ZAC_zzx/results/physical_ga_main_v1/protocol.json"", ""sha256"": ""9bb0ae97d2f3f1536a5c496a65fe2e21e2192ce20830979dd75b30b0a3148fc7""}","{""bytes"": 1281, ""path"": ""/Users/zhouzixiang/Desktop/zac/ZAC_zzx/results/physical_ga_main_v1/receipts/e0b103d516baa0b7-s0-ga_h2.json"", ""sha256"": ""e61ee88f1662c130fe5046d2ccf89e08aade5d227ec89928320e79a954271212""}",9bb0ae97d2f3f1536a5c496a65fe2e21e2192ce20830979dd75b30b0a3148fc7,d1fab3aaa092939e281636e5182865245c839b6f137f7762fc773e601882716a,valid_fidelity,,,,,,,
qmap154,rd32-v1_68,1,e0b103d516baa0b7f6568f867dab262f2f66620405eb887fb0a4bc2b3b83db45,e0b103d516baa0b7-s1-ga_h2,success,False,"{""fidelity"": 0.8786856388486878, ""idle_exposures"": 9.0, ""log_atom_transfer"": -0.03401701134184017, ""log_coherence_linear"": -0.005731359853547011, ""log_fidelity"": -0.12932808024803072, ""log_idle_excitation"": -0.022528171963066293, ""move_batches"": 16.0, ""move_time_us"": 1636.775749067719, ""transfers"": 34.0}",True,False,fresh,fresh,success,e0b103d516baa0b7f6568f867dab262f2f66620405eb887fb0a4bc2b3b83db45,"{""bytes"": 623467, ""path"": ""/Users/zhouzixiang/Desktop/zac/ZAC_zzx/results/physical_ga_main_v1/protocol.json"", ""sha256"": ""9bb0ae97d2f3f1536a5c496a65fe2e21e2192ce20830979dd75b30b0a3148fc7""}","{""bytes"": 1282, ""path"": ""/Users/zhouzixiang/Desktop/zac/ZAC_zzx/results/physical_ga_main_v1/receipts/e0b103d516baa0b7-s1-ga_h2.json"", ""sha256"": ""bf3b30ed208341125c205d96640a69f4bd6492302a321b020c54d4f8e47d8b73""}",9bb0ae97d2f3f1536a5c496a65fe2e21e2192ce20830979dd75b30b0a3148fc7,d1fab3aaa092939e281636e5182865245c839b6f137f7762fc773e601882716a,valid_fidelity,,,,,,,
qmap154,rd32-v1_68,2,e0b103d516baa0b7f6568f867dab262f2f66620405eb887fb0a4bc2b3b83db45,e0b103d516baa0b7-s2-ga_h2,success,False,"{""fidelity"": 0.8786856388486878, ""idle_exposures"": 9.0, ""log_atom_transfer"": -0.03401701134184017, ""log_coherence_linear"": -0.005731359853547011, ""log_fidelity"": -0.12932808024803072, ""log_idle_excitation"": -0.022528171963066293, ""move_batches"": 16.0, ""move_time_us"": 1636.775749067719, ""transfers"": 34.0}",True,False,fresh,fresh,success,e0b103d516baa0b7f6568f867dab262f2f66620405eb887fb0a4bc2b3b83db45,"{""bytes"": 623467, ""path"": ""/Users/zhouzixiang/Desktop/zac/ZAC_zzx/results/physical_ga_main_v1/protocol.json"", ""sha256"": ""9bb0ae97d2f3f1536a5c496a65fe2e21e2192ce20830979dd75b30b0a3148fc7""}","{""bytes"": 1281, ""path"": ""/Users/zhouzixiang/Desktop/zac/ZAC_zzx/results/physical_ga_main_v1/receipts/e0b103d516baa0b7-s2-ga_h2.json"", ""sha256"": ""064221d31da29aa869e7c00b7a8be0ab5d2460c23716160b6f8aa27daffd9301""}",9bb0ae97d2f3f1536a5c496a65fe2e21e2192ce20830979dd75b30b0a3148fc7,d1fab3aaa092939e281636e5182865245c839b6f137f7762fc773e601882716a,valid_fidelity,,,,,,,
qmap154,alu-v4_37,0,e0dd04c87b06b77340c2ea5884b0d7aa8c08bc173a7ad4a394604075fca77d6e,e0dd04c87b06b773-s0-ga_h2,success,False,"{""fidelity"": 0.8225929625536393, ""idle_exposures"": 13.0, ""log_atom_transfer"": -0.05202601734634379, ""log_coherence_linear"": -0.011199920063316982, ""log_fidelity"": -0.1952937783480599, ""log_idle_excitation"": -0.0325406928355402, ""move_batches"": 23.0, ""move_time_us"": 2375.8060325490846, ""transfers"": 52.0}",True,False,fresh,fresh,success,e0dd04c87b06b77340c2ea5884b0d7aa8c08bc173a7ad4a394604075fca77d6e,"{""bytes"": 623467, ""path"": ""/Users/zhouzixiang/Desktop/zac/ZAC_zzx/results/physical_ga_main_v1/protocol.json"", ""sha256"": ""9bb0ae97d2f3f1536a5c496a65fe2e21e2192ce20830979dd75b30b0a3148fc7""}","{""bytes"": 1279, ""path"": ""/Users/zhouzixiang/Desktop/zac/ZAC_zzx/results/physical_ga_main_v1/receipts/e0dd04c87b06b773-s0-ga_h2.json"", ""sha256"": ""f86dafbaccfe615afdbb089e19e4aa1cab8a184b70b1d2ec46401924757d8f34""}",9bb0ae97d2f3f1536a5c496a65fe2e21e2192ce20830979dd75b30b0a3148fc7,d1fab3aaa092939e281636e5182865245c839b6f137f7762fc773e601882716a,valid_fidelity,,,,,,,
qmap154,alu-v4_37,1,e0dd04c87b06b77340c2ea5884b0d7aa8c08bc173a7ad4a394604075fca77d6e,e0dd04c87b06b773-s1-ga_h2,success,False,"{""fidelity"": 0.8227325728230709, ""idle_exposures"": 13.0, ""log_atom_transfer"": -0.05202601734634379, ""log_coherence_linear"": -0.011030214717153135, ""log_fidelity"": -0.19512407300189605, ""log_idle_excitation"": -0.0325406928355402, ""move_batches"": 23.0, ""move_time_us"": 2325.0070312068524, ""transfers"": 52.0}",True,False,fresh,fresh,success,e0dd04c87b06b77340c2ea5884b0d7aa8c08bc173a7ad4a394604075fca77d6e,"{""bytes"": 623467, ""path"": ""/Users/zhouzixiang/Desktop/zac/ZAC_zzx/results/physical_ga_main_v1/protocol.json"", ""sha256"": ""9bb0ae97d2f3f1536a5c496a65fe2e21e2192ce20830979dd75b30b0a3148fc7""}","{""bytes"": 1279, ""path"": ""/Users/zhouzixiang/Desktop/zac/ZAC_zzx/results/physical_ga_main_v1/receipts/e0dd04c87b06b773-s1-ga_h2.json"", ""sha256"": ""bb1f9779f144de4aa8fbb0ef666c0cf94d56557a1da88014acbcae9452cc240a""}",9bb0ae97d2f3f1536a5c496a65fe2e21e2192ce20830979dd75b30b0a3148fc7,d1fab3aaa092939e281636e5182865245c839b6f137f7762fc773e601882716a,valid_fidelity,,,,,,,
qmap154,alu-v4_37,2,e0dd04c87b06b77340c2ea5884b0d7aa8c08bc173a7ad4a394604075fca77d6e,e0dd04c87b06b773-s2-ga_h2,success,False,"{""fidelity"": 0.8227325728230709, ""idle_exposures"": 13.0, ""log_atom_transfer"": -0.05202601734634379, ""log_coherence_linear"": -0.011030214717153135, ""log_fidelity"": -0.19512407300189605, ""log_idle_excitation"": -0.0325406928355402, ""move_batches"": 23.0, ""move_time_us"": 2325.0070312068524, ""transfers"": 52.0}",True,False,fresh,fresh,success,e0dd04c87b06b77340c2ea5884b0d7aa8c08bc173a7ad4a394604075fca77d6e,"{""bytes"": 623467, ""path"": ""/Users/zhouzixiang/Desktop/zac/ZAC_zzx/results/physical_ga_main_v1/protocol.json"", ""sha256"": ""9bb0ae97d2f3f1536a5c496a65fe2e21e2192ce20830979dd75b30b0a3148fc7""}","{""bytes"": 1280, ""path"": ""/Users/zhouzixiang/Desktop/zac/ZAC_zzx/results/physical_ga_main_v1/receipts/e0dd04c87b06b773-s2-ga_h2.json"", ""sha256"": ""6b886abebed6e95d41497705289a731a345e2b77bf1437fddb7dcf574cf3f465""}",9bb0ae97d2f3f1536a5c496a65fe2e21e2192ce20830979dd75b30b0a3148fc7,d1fab3aaa092939e281636e5182865245c839b6f137f7762fc773e601882716a,valid_fidelity,,,,,,,
qmap154,mod5mils_65,0,e20660c789713938e6f9c85c8aab18f2cf88dd5e6ecb77cb136fab96c9497ff9,e20660c789713938-s0-ga_h2,success,False,"{""fidelity"": 0.8413441146496914, ""idle_exposures"": 11.0, ""log_atom_transfer"": -0.04602301534484258, ""log_coherence_linear"": -0.00999506232047949, ""log_fidelity"": -0.17275452951139367, ""log_idle_excitation"": -0.027534432399303248, ""move_batches"": 22.0, ""move_time_us"": 2350.767212642707, ""transfers"": 46.0}",True,False,fresh,fresh,success,e20660c789713938e6f9c85c8aab18f2cf88dd5e6ecb77cb136fab96c9497ff9,"{""bytes"": 623467, ""path"": ""/Users/zhouzixiang/Desktop/zac/ZAC_zzx/results/physical_ga_main_v1/protocol.json"", ""sha256"": ""9bb0ae97d2f3f1536a5c496a65fe2e21e2192ce20830979dd75b30b0a3148fc7""}","{""bytes"": 1282, ""path"": ""/Users/zhouzixiang/Desktop/zac/ZAC_zzx/results/physical_ga_main_v1/receipts/e20660c789713938-s0-ga_h2.json"", ""sha256"": ""0e0a6066e840476d8243124d7223f2b8e6a39ff06c0ab77e565be0253e928312""}",9bb0ae97d2f3f1536a5c496a65fe2e21e2192ce20830979dd75b30b0a3148fc7,d1fab3aaa092939e281636e5182865245c839b6f137f7762fc773e601882716a,valid_fidelity,,,,,,,
qmap154,mod5mils_65,1,e20660c789713938e6f9c85c8aab18f2cf88dd5e6ecb77cb136fab96c9497ff9,e20660c789713938-s1-ga_h2,success,False,"{""fidelity"": 0.8413495164787599, ""idle_exposures"": 11.0, ""log_atom_transfer"": -0.04602301534484258, ""log_coherence_linear"": -0.009988641865836381, ""log_fidelity"": -0.17274810905675056, ""log_idle_excitation"": -0.027534432399303248, ""move_batches"": 22.0, ""move_time_us"": 2348.844921566577, ""transfers"": 46.0}",True,False,fresh,fresh,success,e20660c789713938e6f9c85c8aab18f2cf88dd5e6ecb77cb136fab96c9497ff9,"{""bytes"": 623467, ""path"": ""/Users/zhouzixiang/Desktop/zac/ZAC_zzx/results/physical_ga_main_v1/protocol.json"", ""sha256"": ""9bb0ae97d2f3f1536a5c496a65fe2e21e2192ce20830979dd75b30b0a3148fc7""}","{""bytes"": 1282, ""path"": ""/Users/zhouzixiang/Desktop/zac/ZAC_zzx/results/physical_ga_main_v1/receipts/e20660c789713938-s1-ga_h2.json"", ""sha256"": ""2551e9d3bf507a0508418c9b49d3bc8b3a0866c994a993c591a7171e1e49c103""}",9bb0ae97d2f3f1536a5c496a65fe2e21e2192ce20830979dd75b30b0a3148fc7,d1fab3aaa092939e281636e5182865245c839b6f137f7762fc773e601882716a,valid_fidelity,,,,,,,
qmap154,mod5mils_65,2,e20660c789713938e6f9c85c8aab18f2cf88dd5e6ecb77cb136fab96c9497ff9,e20660c789713938-s2-ga_h2,success,False,"{""fidelity"": 0.8413441146496914, ""idle_exposures"": 11.0, ""log_atom_transfer"": -0.04602301534484258, ""log_coherence_linear"": -0.00999506232047949, ""log_fidelity"": -0.17275452951139367, ""log_idle_excitation"": -0.027534432399303248, ""move_batches"": 22.0, ""move_time_us"": 2350.767212642707, ""transfers"": 46.0}",True,False,fresh,fresh,success,e20660c789713938e6f9c85c8aab18f2cf88dd5e6ecb77cb136fab96c9497ff9,"{""bytes"": 623467, ""path"": ""/Users/zhouzixiang/Desktop/zac/ZAC_zzx/results/physical_ga_main_v1/protocol.json"", ""sha256"": ""9bb0ae97d2f3f1536a5c496a65fe2e21e2192ce20830979dd75b30b0a3148fc7""}","{""bytes"": 1283, ""path"": ""/Users/zhouzixiang/Desktop/zac/ZAC_zzx/results/physical_ga_main_v1/receipts/e20660c789713938-s2-ga_h2.json"", ""sha256"": ""b95330415b3a59ee1334d1420e0b626ed5631fee6faa9bc4455ff5bb7eff3808""}",9bb0ae97d2f3f1536a5c496a65fe2e21e2192ce20830979dd75b30b0a3148fc7,d1fab3aaa092939e281636e5182865245c839b6f137f7762fc773e601882716a,valid_fidelity,,,,,,,
qmap154,dist_223,0,e47341dbc1d6f08e02097b6d62cd49c6395fef428823e3dd1508710d582799fb,e47341dbc1d6f08e-s0-ga_h2,success,True,"{""fidelity"": null, ""idle_exposures"": 13072.0, ""log_atom_transfer"": -50.039023683846885, ""log_coherence_linear"": null, ""log_fidelity"": null, ""log_idle_excitation"": -32.72091821124473, ""move_batches"": 21825.0, ""move_time_us"": 2254921.5212163855, ""transfers"": 50014.0}",False,False,fresh,fresh,success,e47341dbc1d6f08e02097b6d62cd49c6395fef428823e3dd1508710d582799fb,"{""bytes"": 623467, ""path"": ""/Users/zhouzixiang/Desktop/zac/ZAC_zzx/results/physical_ga_main_v1/protocol.json"", ""sha256"": ""9bb0ae97d2f3f1536a5c496a65fe2e21e2192ce20830979dd75b30b0a3148fc7""}","{""bytes"": 1285, ""path"": ""/Users/zhouzixiang/Desktop/zac/ZAC_zzx/results/physical_ga_main_v1/receipts/e47341dbc1d6f08e-s0-ga_h2.json"", ""sha256"": ""08b7f5ff64e158b4518b9d67ca8f6be0f8fa3151bda5ce49d29123b393165a60""}",9bb0ae97d2f3f1536a5c496a65fe2e21e2192ce20830979dd75b30b0a3148fc7,d1fab3aaa092939e281636e5182865245c839b6f137f7762fc773e601882716a,model_out_of_domain,,,,,,,
qmap154,dist_223,1,e47341dbc1d6f08e02097b6d62cd49c6395fef428823e3dd1508710d582799fb,e47341dbc1d6f08e-s1-ga_h2,success,True,"{""fidelity"": null, ""idle_exposures"": 13146.0, ""log_atom_transfer"": -49.936972649821364, ""log_coherence_linear"": null, ""log_fidelity"": null, ""log_idle_excitation"": -32.9061498473855, ""move_batches"": 21858.0, ""move_time_us"": 2260819.499328941, ""transfers"": 49912.0}",False,False,fresh,fresh,success,e47341dbc1d6f08e02097b6d62cd49c6395fef428823e3dd1508710d582799fb,"{""bytes"": 623467, ""path"": ""/Users/zhouzixiang/Desktop/zac/ZAC_zzx/results/physical_ga_main_v1/protocol.json"", ""sha256"": ""9bb0ae97d2f3f1536a5c496a65fe2e21e2192ce20830979dd75b30b0a3148fc7""}","{""bytes"": 1285, ""path"": ""/Users/zhouzixiang/Desktop/zac/ZAC_zzx/results/physical_ga_main_v1/receipts/e47341dbc1d6f08e-s1-ga_h2.json"", ""sha256"": ""e846fc69d93f04e1ee8a50d1332981159dd79ba43bf161000cdc971fc9324bff""}",9bb0ae97d2f3f1536a5c496a65fe2e21e2192ce20830979dd75b30b0a3148fc7,d1fab3aaa092939e281636e5182865245c839b6f137f7762fc773e601882716a,model_out_of_domain,,,,,,,
qmap154,dist_223,2,e47341dbc1d6f08e02097b6d62cd49c6395fef428823e3dd1508710d582799fb,e47341dbc1d6f08e-s2-ga_h2,success,True,"{""fidelity"": null, ""idle_exposures"": 13395.0, ""log_atom_transfer"": -49.86093462446902, ""log_coherence_linear"": null, ""log_fidelity"": null, ""log_idle_excitation"": -33.529429271697, ""move_batches"": 21902.0, ""move_time_us"": 2257896.0060296124, ""transfers"": 49836.0}",False,False,fresh,fresh,success,e47341dbc1d6f08e02097b6d62cd49c6395fef428823e3dd1508710d582799fb,"{""bytes"": 623467, ""path"": ""/Users/zhouzixiang/Desktop/zac/ZAC_zzx/results/physical_ga_main_v1/protocol.json"", ""sha256"": ""9bb0ae97d2f3f1536a5c496a65fe2e21e2192ce20830979dd75b30b0a3148fc7""}","{""bytes"": 1285, ""path"": ""/Users/zhouzixiang/Desktop/zac/ZAC_zzx/results/physical_ga_main_v1/receipts/e47341dbc1d6f08e-s2-ga_h2.json"", ""sha256"": ""f25936bc792279804c9aa0adb25925ccede2dc297e2d1f2c7ce1321090c72d1a""}",9bb0ae97d2f3f1536a5c496a65fe2e21e2192ce20830979dd75b30b0a3148fc7,d1fab3aaa092939e281636e5182865245c839b6f137f7762fc773e601882716a,model_out_of_domain,,,,,,,
qmap154,4mod7-v1_96,0,e681b288918d9cc524f0c1d7c1a8a165a6636b4125d31d13e102129be7eb25b0,e681b288918d9cc5-s0-ga_h2,success,False,"{""fidelity"": 0.47607940712406766, ""idle_exposures"": 46.0, ""log_atom_transfer"": -0.19209606404803858, ""log_coherence_linear"": -0.044746739065840424, ""log_fidelity"": -0.74217061697469, ""log_idle_excitation"": -0.11514399003344994, ""move_batches"": 89.0, ""move_time_us"": 10061.262334474937, ""transfers"": 192.0}",True,False,fresh,fresh,success,e681b288918d9cc524f0c1d7c1a8a165a6636b4125d31d13e102129be7eb25b0,"{""bytes"": 623467, ""path"": ""/Users/zhouzixiang/Desktop/zac/ZAC_zzx/results/physical_ga_main_v1/protocol.json"", ""sha256"": ""9bb0ae97d2f3f1536a5c496a65fe2e21e2192ce20830979dd75b30b0a3148fc7""}","{""bytes"": 1283, ""path"": ""/Users/zhouzixiang/Desktop/zac/ZAC_zzx/results/physical_ga_main_v1/receipts/e681b288918d9cc5-s0-ga_h2.json"", ""sha256"": ""c3dba3a107824a32de2b811ab0231f3ca64a2066666a61621eea348a24fd05a8""}",9bb0ae97d2f3f1536a5c496a65fe2e21e2192ce20830979dd75b30b0a3148fc7,d1fab3aaa092939e281636e5182865245c839b6f137f7762fc773e601882716a,valid_fidelity,,,,,,,
qmap154,4mod7-v1_96,1,e681b288918d9cc524f0c1d7c1a8a165a6636b4125d31d13e102129be7eb25b0,e681b288918d9cc5-s1-ga_h2,success,False,"{""fidelity"": 0.47649904319506375, ""idle_exposures"": 46.0, ""log_atom_transfer"": -0.19209606404803858, ""log_coherence_linear"": -0.04386568596622244, ""log_fidelity"": -0.741289563875072, ""log_idle_excitation"": -0.11514399003344994, ""move_batches"": 89.0, ""move_time_us"": 9801.499711870505, ""transfers"": 192.0}",True,False,fresh,fresh,success,e681b288918d9cc524f0c1d7c1a8a165a6636b4125d31d13e102129be7eb25b0,"{""bytes"": 623467, ""path"": ""/Users/zhouzixiang/Desktop/zac/ZAC_zzx/results/physical_ga_main_v1/protocol.json"", ""sha256"": ""9bb0ae97d2f3f1536a5c496a65fe2e21e2192ce20830979dd75b30b0a3148fc7""}","{""bytes"": 1283, ""path"": ""/Users/zhouzixiang/Desktop/zac/ZAC_zzx/results/physical_ga_main_v1/receipts/e681b288918d9cc5-s1-ga_h2.json"", ""sha256"": ""7bdc6affa3a74bd21c69c7e67799289b41b6e49820c1381ea5a7c7a284e71f4b""}",9bb0ae97d2f3f1536a5c496a65fe2e21e2192ce20830979dd75b30b0a3148fc7,d1fab3aaa092939e281636e5182865245c839b6f137f7762fc773e601882716a,valid_fidelity,,,,,,,
qmap154,4mod7-v1_96,2,e681b288918d9cc524f0c1d7c1a8a165a6636b4125d31d13e102129be7eb25b0,e681b288918d9cc5-s2-ga_h2,success,False,"{""fidelity"": 0.476078047331375, ""idle_exposures"": 46.0, ""log_atom_transfer"": -0.19209606404803858, ""log_coherence_linear"": -0.04474959530077561, ""log_fidelity"": -0.7421734732096252, ""log_idle_excitation"": -0.11514399003344994, ""move_batches"": 89.0, ""move_time_us"": 10062.111570456771, ""transfers"": 192.0}",True,False,fresh,fresh,success,e681b288918d9cc524f0c1d7c1a8a165a6636b4125d31d13e102129be7eb25b0,"{""bytes"": 623467, ""path"": ""/Users/zhouzixiang/Desktop/zac/ZAC_zzx/results/physical_ga_main_v1/protocol.json"", ""sha256"": ""9bb0ae97d2f3f1536a5c496a65fe2e21e2192ce20830979dd75b30b0a3148fc7""}","{""bytes"": 1283, ""path"": ""/Users/zhouzixiang/Desktop/zac/ZAC_zzx/results/physical_ga_main_v1/receipts/e681b288918d9cc5-s2-ga_h2.json"", ""sha256"": ""7d236dc3617adfc5d8163f7756ca94fa1245687e6cae5419ba05aea50d67448e""}",9bb0ae97d2f3f1536a5c496a65fe2e21e2192ce20830979dd75b30b0a3148fc7,d1fab3aaa092939e281636e5182865245c839b6f137f7762fc773e601882716a,valid_fidelity,,,,,,,
qmap154,one-two-three-v2_100,0,e73d2832157ee147f3cbb3f3ebebd285b8fda1cbf0b6e8f4627f21cf488be333,e73d2832157ee147-s0-ga_h2,success,False,"{""fidelity"": 0.7094131149725944, ""idle_exposures"": 22.0, ""log_atom_transfer"": -0.09204603068968516, ""log_coherence_linear"": -0.018698450043128794, ""log_fidelity"": -0.34331724939795116, ""log_idle_excitation"": -0.055068864798606496, ""move_batches"": 43.0, ""move_time_us"": 4319.6595106788845, ""transfers"": 92.0}",True,False,fresh,fresh,success,e73d2832157ee147f3cbb3f3ebebd285b8fda1cbf0b6e8f4627f21cf488be333,"{""bytes"": 623467, ""path"": ""/Users/zhouzixiang/Desktop/zac/ZAC_zzx/results/physical_ga_main_v1/protocol.json"", ""sha256"": ""9bb0ae97d2f3f1536a5c496a65fe2e21e2192ce20830979dd75b30b0a3148fc7""}","{""bytes"": 1291, ""path"": ""/Users/zhouzixiang/Desktop/zac/ZAC_zzx/results/physical_ga_main_v1/receipts/e73d2832157ee147-s0-ga_h2.json"", ""sha256"": ""8a556dcb349732e51e80936a43ee2290ffe916e44171cfe9dcef5200b169c41c""}",9bb0ae97d2f3f1536a5c496a65fe2e21e2192ce20830979dd75b30b0a3148fc7,d1fab3aaa092939e281636e5182865245c839b6f137f7762fc773e601882716a,valid_fidelity,,,,,,,
qmap154,one-two-three-v2_100,1,e73d2832157ee147f3cbb3f3ebebd285b8fda1cbf0b6e8f4627f21cf488be333,e73d2832157ee147-s1-ga_h2,success,False,"{""fidelity"": 0.7109602580071503, ""idle_exposures"": 22.0, ""log_atom_transfer"": -0.0900450300225181, ""log_coherence_linear"": -0.018520947964656486, ""log_fidelity"": -0.3411387466523118, ""log_idle_excitation"": -0.055068864798606496, ""move_batches"": 41.0, ""move_time_us"": 4168.0273642043885, ""transfers"": 90.0}",True,False,fresh,fresh,success,e73d2832157ee147f3cbb3f3ebebd285b8fda1cbf0b6e8f4627f21cf488be333,"{""bytes"": 623467, ""path"": ""/Users/zhouzixiang/Desktop/zac/ZAC_zzx/results/physical_ga_main_v1/protocol.json"", ""sha256"": ""9bb0ae97d2f3f1536a5c496a65fe2e21e2192ce20830979dd75b30b0a3148fc7""}","{""bytes"": 1292, ""path"": ""/Users/zhouzixiang/Desktop/zac/ZAC_zzx/results/physical_ga_main_v1/receipts/e73d2832157ee147-s1-ga_h2.json"", ""sha256"": ""fe067f20e28d1c9c17328c40531c35eead54253bebcc9953c2eda9fac538f5d3""}",9bb0ae97d2f3f1536a5c496a65fe2e21e2192ce20830979dd75b30b0a3148fc7,d1fab3aaa092939e281636e5182865245c839b6f137f7762fc773e601882716a,valid_fidelity,,,,,,,
qmap154,one-two-three-v2_100,2,e73d2832157ee147f3cbb3f3ebebd285b8fda1cbf0b6e8f4627f21cf488be333,e73d2832157ee147-s2-ga_h2,success,False,"{""fidelity"": 0.7096307462071042, ""idle_exposures"": 22.0, ""log_atom_transfer"": -0.09204603068968516, ""log_coherence_linear"": -0.01839172064290419, ""log_fidelity"": -0.3430105199977266, ""log_idle_excitation"": -0.055068864798606496, ""move_batches"": 42.0, ""move_time_us"": 4227.981359615324, ""transfers"": 92.0}",True,False,fresh,fresh,success,e73d2832157ee147f3cbb3f3ebebd285b8fda1cbf0b6e8f4627f21cf488be333,"{""bytes"": 623467, ""path"": ""/Users/zhouzixiang/Desktop/zac/ZAC_zzx/results/physical_ga_main_v1/protocol.json"", ""sha256"": ""9bb0ae97d2f3f1536a5c496a65fe2e21e2192ce20830979dd75b30b0a3148fc7""}","{""bytes"": 1292, ""path"": ""/Users/zhouzixiang/Desktop/zac/ZAC_zzx/results/physical_ga_main_v1/receipts/e73d2832157ee147-s2-ga_h2.json"", ""sha256"": ""e2729ab23af4ed1383799af43521e3d04d14b080a0e1e772aa79e2187373e7a8""}",9bb0ae97d2f3f1536a5c496a65fe2e21e2192ce20830979dd75b30b0a3148fc7,d1fab3aaa092939e281636e5182865245c839b6f137f7762fc773e601882716a,valid_fidelity,,,,,,,
qmap154,ising_model_13,0,e86d670b4294ec453133e6dd18dfac6f90a9459e0c10d6fd7754d621e9f262fe,e86d670b4294ec45-s0-ga_h2,timeout,,{},False,False,fresh,fresh,timeout,e86d670b4294ec453133e6dd18dfac6f90a9459e0c10d6fd7754d621e9f262fe,"{""bytes"": 623467, ""path"": ""/Users/zhouzixiang/Desktop/zac/ZAC_zzx/results/physical_ga_main_v1/protocol.json"", ""sha256"": ""9bb0ae97d2f3f1536a5c496a65fe2e21e2192ce20830979dd75b30b0a3148fc7""}","{""bytes"": 1015, ""path"": ""/Users/zhouzixiang/Desktop/zac/ZAC_zzx/results/physical_ga_main_v1/receipts/e86d670b4294ec45-s0-ga_h2.json"", ""sha256"": ""84951b052e18b433c0e26c46ff869a6f0a1730d5544acbc31dd73122d5a5b5bd""}",,,timeout,,,/Users/zhouzixiang/Desktop/zac/ZAC_zzx/results/physical_ga_main_v1/receipts/e86d670b4294ec45-s0-ga_h2.json,84951b052e18b433c0e26c46ff869a6f0a1730d5544acbc31dd73122d5a5b5bd,terminal_receipt,,
qmap154,ising_model_13,1,e86d670b4294ec453133e6dd18dfac6f90a9459e0c10d6fd7754d621e9f262fe,e86d670b4294ec45-s1-ga_h2,success,False,"{""fidelity"": 0.38392457181271206, ""idle_exposures"": 0.0, ""log_atom_transfer"": -0.15207605070469724, ""log_coherence_linear"": -0.1458194169924985, ""log_fidelity"": -0.9573091732598946, ""log_idle_excitation"": -0.0, ""move_batches"": 69.0, ""move_time_us"": 7642.128943867235, ""transfers"": 152.0}",True,False,fresh,fresh,success,e86d670b4294ec453133e6dd18dfac6f90a9459e0c10d6fd7754d621e9f262fe,"{""bytes"": 623467, ""path"": ""/Users/zhouzixiang/Desktop/zac/ZAC_zzx/results/physical_ga_main_v1/protocol.json"", ""sha256"": ""9bb0ae97d2f3f1536a5c496a65fe2e21e2192ce20830979dd75b30b0a3148fc7""}","{""bytes"": 1285, ""path"": ""/Users/zhouzixiang/Desktop/zac/ZAC_zzx/results/physical_ga_main_v1/receipts/e86d670b4294ec45-s1-ga_h2.json"", ""sha256"": ""cc4fff456b133025dacd42a306b5038da988ee57b31affe0ed67d877c1cb38dc""}",9bb0ae97d2f3f1536a5c496a65fe2e21e2192ce20830979dd75b30b0a3148fc7,d1fab3aaa092939e281636e5182865245c839b6f137f7762fc773e601882716a,valid_fidelity,,,,,,,
qmap154,ising_model_13,2,e86d670b4294ec453133e6dd18dfac6f90a9459e0c10d6fd7754d621e9f262fe,e86d670b4294ec45-s2-ga_h2,success,False,"{""fidelity"": 0.37679785894898965, ""idle_exposures"": 6.0, ""log_atom_transfer"": -0.15607805203903136, ""log_coherence_linear"": -0.14553587958045738, ""log_fidelity"": -0.9760464184908986, ""log_idle_excitation"": -0.01501878130871086, ""move_batches"": 69.0, ""move_time_us"": 7763.555356044825, ""transfers"": 156.0}",True,False,fresh,fresh,success,e86d670b4294ec453133e6dd18dfac6f90a9459e0c10d6fd7754d621e9f262fe,"{""bytes"": 623467, ""path"": ""/Users/zhouzixiang/Desktop/zac/ZAC_zzx/results/physical_ga_main_v1/protocol.json"", ""sha256"": ""9bb0ae97d2f3f1536a5c496a65fe2e21e2192ce20830979dd75b30b0a3148fc7""}","{""bytes"": 1285, ""path"": ""/Users/zhouzixiang/Desktop/zac/ZAC_zzx/results/physical_ga_main_v1/receipts/e86d670b4294ec45-s2-ga_h2.json"", ""sha256"": ""6d2b5e42119ea5b7422e22d2386b94bd3669f50a492cfe10bc2f0a37a57a93fe""}",9bb0ae97d2f3f1536a5c496a65fe2e21e2192ce20830979dd75b30b0a3148fc7,d1fab3aaa092939e281636e5182865245c839b6f137f7762fc773e601882716a,valid_fidelity,,,,,,,
qmap154,alu-v2_31,0,e88e32620ce6fb291b6b742761a195ada2487c3a63177d4cb5041b1265b848a3,e88e32620ce6fb29-s0-ga_h2,success,False,"{""fidelity"": 0.12130555759609112, ""idle_exposures"": 132.0, ""log_atom_transfer"": -0.552276184138111, ""log_coherence_linear"": -0.12385342982698265, ""log_fidelity"": -2.1094426471312344, ""log_idle_excitation"": -0.33041318879163895, ""move_batches"": 255.0, ""move_time_us"": 26892.773183055382, ""transfers"": 552.0}",True,False,fresh,fresh,success,e88e32620ce6fb291b6b742761a195ada2487c3a63177d4cb5041b1265b848a3,"{""bytes"": 623467, ""path"": ""/Users/zhouzixiang/Desktop/zac/ZAC_zzx/results/physical_ga_main_v1/protocol.json"", ""sha256"": ""9bb0ae97d2f3f1536a5c496a65fe2e21e2192ce20830979dd75b30b0a3148fc7""}","{""bytes"": 1280, ""path"": ""/Users/zhouzixiang/Desktop/zac/ZAC_zzx/results/physical_ga_main_v1/receipts/e88e32620ce6fb29-s0-ga_h2.json"", ""sha256"": ""432e58dd75465c733dfeb2244b896726aa9c850d302db7ad46444edf8715f515""}",9bb0ae97d2f3f1536a5c496a65fe2e21e2192ce20830979dd75b30b0a3148fc7,d1fab3aaa092939e281636e5182865245c839b6f137f7762fc773e601882716a,valid_fidelity,,,,,,,
qmap154,alu-v2_31,1,e88e32620ce6fb291b6b742761a195ada2487c3a63177d4cb5041b1265b848a3,e88e32620ce6fb29-s1-ga_h2,success,False,"{""fidelity"": 0.1213042197051479, ""idle_exposures"": 132.0, ""log_atom_transfer"": -0.552276184138111, ""log_coherence_linear"": -0.12386445898630266, ""log_fidelity"": -2.1094536762905545, ""log_idle_excitation"": -0.33041318879163895, ""move_batches"": 255.0, ""move_time_us"": 26896.000973508468, ""transfers"": 552.0}",True,False,fresh,fresh,success,e88e32620ce6fb291b6b742761a195ada2487c3a63177d4cb5041b1265b848a3,"{""bytes"": 623467, ""path"": ""/Users/zhouzixiang/Desktop/zac/ZAC_zzx/results/physical_ga_main_v1/protocol.json"", ""sha256"": ""9bb0ae97d2f3f1536a5c496a65fe2e21e2192ce20830979dd75b30b0a3148fc7""}","{""bytes"": 1281, ""path"": ""/Users/zhouzixiang/Desktop/zac/ZAC_zzx/results/physical_ga_main_v1/receipts/e88e32620ce6fb29-s1-ga_h2.json"", ""sha256"": ""fbf8c6b9c93c129ccc66389e10abfb1ecee45580553fdcb5efe0767e64e6e33d""}",9bb0ae97d2f3f1536a5c496a65fe2e21e2192ce20830979dd75b30b0a3148fc7,d1fab3aaa092939e281636e5182865245c839b6f137f7762fc773e601882716a,valid_fidelity,,,,,,,
qmap154,alu-v2_31,2,e88e32620ce6fb291b6b742761a195ada2487c3a63177d4cb5041b1265b848a3,e88e32620ce6fb29-s2-ga_h2,success,False,"{""fidelity"": 0.12130433241615546, ""idle_exposures"": 132.0, ""log_atom_transfer"": -0.552276184138111, ""log_coherence_linear"": -0.12386352982690944, ""log_fidelity"": -2.109452747131161, ""log_idle_excitation"": -0.33041318879163895, ""move_batches"": 255.0, ""move_time_us"": 26895.729046274246, ""transfers"": 552.0}",True,False,fresh,fresh,success,e88e32620ce6fb291b6b742761a195ada2487c3a63177d4cb5041b1265b848a3,"{""bytes"": 623467, ""path"": ""/Users/zhouzixiang/Desktop/zac/ZAC_zzx/results/physical_ga_main_v1/protocol.json"", ""sha256"": ""9bb0ae97d2f3f1536a5c496a65fe2e21e2192ce20830979dd75b30b0a3148fc7""}","{""bytes"": 1280, ""path"": ""/Users/zhouzixiang/Desktop/zac/ZAC_zzx/results/physical_ga_main_v1/receipts/e88e32620ce6fb29-s2-ga_h2.json"", ""sha256"": ""c5c993deec229ca7e09e858d46ba7b844c3f6a0ccd92f7a7822ae7e41065695d""}",9bb0ae97d2f3f1536a5c496a65fe2e21e2192ce20830979dd75b30b0a3148fc7,d1fab3aaa092939e281636e5182865245c839b6f137f7762fc773e601882716a,valid_fidelity,,,,,,,
qmap154,ex-1_166,0,e89bcbd9bbde57b6c42fa552af0bbed91f62d8fcc42c2861bc6203eec7d7c811,e89bcbd9bbde57b6-s0-ga_h2,success,False,"{""fidelity"": 0.9100362806244251, ""idle_exposures"": 7.0, ""log_atom_transfer"": -0.024012008006004823, ""log_coherence_linear"": -0.002823295359167356, ""log_fidelity"": -0.09427081144793197, ""log_idle_excitation"": -0.017521911526829338, ""move_batches"": 11.0, ""move_time_us"": 1131.5967668430003, ""transfers"": 24.0}",True,False,fresh,fresh,success,e89bcbd9bbde57b6c42fa552af0bbed91f62d8fcc42c2861bc6203eec7d7c811,"{""bytes"": 623467, ""path"": ""/Users/zhouzixiang/Desktop/zac/ZAC_zzx/results/physical_ga_main_v1/protocol.json"", ""sha256"": ""9bb0ae97d2f3f1536a5c496a65fe2e21e2192ce20830979dd75b30b0a3148fc7""}","{""bytes"": 1279, ""path"": ""/Users/zhouzixiang/Desktop/zac/ZAC_zzx/results/physical_ga_main_v1/receipts/e89bcbd9bbde57b6-s0-ga_h2.json"", ""sha256"": ""56e5f2608e2b4e02e391d49b6b464c982f960ff66ca81824629e8e7dc4d66df9""}",9bb0ae97d2f3f1536a5c496a65fe2e21e2192ce20830979dd75b30b0a3148fc7,d1fab3aaa092939e281636e5182865245c839b6f137f7762fc773e601882716a,valid_fidelity,,,,,,,
qmap154,ex-1_166,1,e89bcbd9bbde57b6c42fa552af0bbed91f62d8fcc42c2861bc6203eec7d7c811,e89bcbd9bbde57b6-s1-ga_h2,success,False,"{""fidelity"": 0.9100362806244251, ""idle_exposures"": 7.0, ""log_atom_transfer"": -0.024012008006004823, ""log_coherence_linear"": -0.002823295359167356, ""log_fidelity"": -0.09427081144793197, ""log_idle_excitation"": -0.017521911526829338, ""move_batches"": 11.0, ""move_time_us"": 1131.5967668430003, ""transfers"": 24.0}",True,False,fresh,fresh,success,e89bcbd9bbde57b6c42fa552af0bbed91f62d8fcc42c2861bc6203eec7d7c811,"{""bytes"": 623467, ""path"": ""/Users/zhouzixiang/Desktop/zac/ZAC_zzx/results/physical_ga_main_v1/protocol.json"", ""sha256"": ""9bb0ae97d2f3f1536a5c496a65fe2e21e2192ce20830979dd75b30b0a3148fc7""}","{""bytes"": 1280, ""path"": ""/Users/zhouzixiang/Desktop/zac/ZAC_zzx/results/physical_ga_main_v1/receipts/e89bcbd9bbde57b6-s1-ga_h2.json"", ""sha256"": ""9a69231a00507d5dc7cf2dc67da1e101053dafb4055477392fce975a3a874582""}",9bb0ae97d2f3f1536a5c496a65fe2e21e2192ce20830979dd75b30b0a3148fc7,d1fab3aaa092939e281636e5182865245c839b6f137f7762fc773e601882716a,valid_fidelity,,,,,,,
qmap154,ex-1_166,2,e89bcbd9bbde57b6c42fa552af0bbed91f62d8fcc42c2861bc6203eec7d7c811,e89bcbd9bbde57b6-s2-ga_h2,success,False,"{""fidelity"": 0.9100362806244251, ""idle_exposures"": 7.0, ""log_atom_transfer"": -0.024012008006004823, ""log_coherence_linear"": -0.002823295359167356, ""log_fidelity"": -0.09427081144793197, ""log_idle_excitation"": -0.017521911526829338, ""move_batches"": 11.0, ""move_time_us"": 1131.5967668430003, ""transfers"": 24.0}",True,False,fresh,fresh,success,e89bcbd9bbde57b6c42fa552af0bbed91f62d8fcc42c2861bc6203eec7d7c811,"{""bytes"": 623467, ""path"": ""/Users/zhouzixiang/Desktop/zac/ZAC_zzx/results/physical_ga_main_v1/protocol.json"", ""sha256"": ""9bb0ae97d2f3f1536a5c496a65fe2e21e2192ce20830979dd75b30b0a3148fc7""}","{""bytes"": 1279, ""path"": ""/Users/zhouzixiang/Desktop/zac/ZAC_zzx/results/physical_ga_main_v1/receipts/e89bcbd9bbde57b6-s2-ga_h2.json"", ""sha256"": ""6fb254a847c5e6475d7080257fc6cc43fa4118a48e0e0d09404a99b97f595e4e""}",9bb0ae97d2f3f1536a5c496a65fe2e21e2192ce20830979dd75b30b0a3148fc7,d1fab3aaa092939e281636e5182865245c839b6f137f7762fc773e601882716a,valid_fidelity,,,,,,,
qmap154,rd53_135,0,eb832c5f8f923061439d844842c8a7876f763051b9241b753ac772e69888a63c,eb832c5f8f923061-s0-ga_h2,success,False,"{""fidelity"": 0.229860015042898, ""idle_exposures"": 88.0, ""log_atom_transfer"": -0.38619312876324424, ""log_coherence_linear"": -0.11802447606169017, ""log_fidelity"": -1.470284785597787, ""log_idle_excitation"": -0.22027545919442598, ""move_batches"": 180.0, ""move_time_us"": 18505.041918308347, ""transfers"": 386.0}",True,False,fresh,fresh,success,eb832c5f8f923061439d844842c8a7876f763051b9241b753ac772e69888a63c,"{""bytes"": 623467, ""path"": ""/Users/zhouzixiang/Desktop/zac/ZAC_zzx/results/physical_ga_main_v1/protocol.json"", ""sha256"": ""9bb0ae97d2f3f1536a5c496a65fe2e21e2192ce20830979dd75b30b0a3148fc7""}","{""bytes"": 1280, ""path"": ""/Users/zhouzixiang/Desktop/zac/ZAC_zzx/results/physical_ga_main_v1/receipts/eb832c5f8f923061-s0-ga_h2.json"", ""sha256"": ""7a28bb66d75c7d5076530d884e99cd6e2d508139f0b2a10e1e4a07e41ee0e364""}",9bb0ae97d2f3f1536a5c496a65fe2e21e2192ce20830979dd75b30b0a3148fc7,d1fab3aaa092939e281636e5182865245c839b6f137f7762fc773e601882716a,valid_fidelity,,,,,,,
qmap154,rd53_135,1,eb832c5f8f923061439d844842c8a7876f763051b9241b753ac772e69888a63c,eb832c5f8f923061-s1-ga_h2,success,False,"{""fidelity"": 0.22952239585166648, ""idle_exposures"": 88.0, ""log_atom_transfer"": -0.3881941294304113, ""log_coherence_linear"": -0.11749335862910841, ""log_fidelity"": -1.4717546688323722, ""log_idle_excitation"": -0.22027545919442598, ""move_batches"": 179.0, ""move_time_us"": 18435.770905464822, ""transfers"": 388.0}",True,False,fresh,fresh,success,eb832c5f8f923061439d844842c8a7876f763051b9241b753ac772e69888a63c,"{""bytes"": 623467, ""path"": ""/Users/zhouzixiang/Desktop/zac/ZAC_zzx/results/physical_ga_main_v1/protocol.json"", ""sha256"": ""9bb0ae97d2f3f1536a5c496a65fe2e21e2192ce20830979dd75b30b0a3148fc7""}","{""bytes"": 1280, ""path"": ""/Users/zhouzixiang/Desktop/zac/ZAC_zzx/results/physical_ga_main_v1/receipts/eb832c5f8f923061-s1-ga_h2.json"", ""sha256"": ""a0c666dc04da82bb39f37e7c97ca4b7a53f6cfd96726e4582111574b671ea8f1""}",9bb0ae97d2f3f1536a5c496a65fe2e21e2192ce20830979dd75b30b0a3148fc7,d1fab3aaa092939e281636e5182865245c839b6f137f7762fc773e601882716a,valid_fidelity,,,,,,,
qmap154,rd53_135,2,eb832c5f8f923061439d844842c8a7876f763051b9241b753ac772e69888a63c,eb832c5f8f923061-s2-ga_h2,success,False,"{""fidelity"": 0.23026796427610755, ""idle_exposures"": 88.0, ""log_atom_transfer"": -0.3881941294304113, ""log_coherence_linear"": -0.1142502759437787, ""log_fidelity"": -1.4685115861470426, ""log_idle_excitation"": -0.22027545919442598, ""move_batches"": 174.0, ""move_time_us"": 17328.911909071, ""transfers"": 388.0}",True,False,fresh,fresh,success,eb832c5f8f923061439d844842c8a7876f763051b9241b753ac772e69888a63c,"{""bytes"": 623467, ""path"": ""/Users/zhouzixiang/Desktop/zac/ZAC_zzx/results/physical_ga_main_v1/protocol.json"", ""sha256"": ""9bb0ae97d2f3f1536a5c496a65fe2e21e2192ce20830979dd75b30b0a3148fc7""}","{""bytes"": 1280, ""path"": ""/Users/zhouzixiang/Desktop/zac/ZAC_zzx/results/physical_ga_main_v1/receipts/eb832c5f8f923061-s2-ga_h2.json"", ""sha256"": ""e6c94f6e975c3b6d4ff42d34e4965fd72ecc0f7980872cd4850452f58647ab17""}",9bb0ae97d2f3f1536a5c496a65fe2e21e2192ce20830979dd75b30b0a3148fc7,d1fab3aaa092939e281636e5182865245c839b6f137f7762fc773e601882716a,valid_fidelity,,,,,,,
qmap154,rd73_140,0,f0db956c320d40de51858d908aa0fe247112cd2c9c82085581052b79ba123d2c,f0db956c320d40de-s0-ga_h2,success,False,"{""fidelity"": 0.30823861343959497, ""idle_exposures"": 82.0, ""log_atom_transfer"": -0.2681340894003872, ""log_coherence_linear"": -0.12367718329857265, ""log_fidelity"": -1.1768810769886693, ""log_idle_excitation"": -0.2052566778857151, ""move_batches"": 125.0, ""move_time_us"": 13380.615892266262, ""transfers"": 268.0}",True,False,fresh,fresh,success,f0db956c320d40de51858d908aa0fe247112cd2c9c82085581052b79ba123d2c,"{""bytes"": 623467, ""path"": ""/Users/zhouzixiang/Desktop/zac/ZAC_zzx/results/physical_ga_main_v1/protocol.json"", ""sha256"": ""9bb0ae97d2f3f1536a5c496a65fe2e21e2192ce20830979dd75b30b0a3148fc7""}","{""bytes"": 1279, ""path"": ""/Users/zhouzixiang/Desktop/zac/ZAC_zzx/results/physical_ga_main_v1/receipts/f0db956c320d40de-s0-ga_h2.json"", ""sha256"": ""55dbc082f3ca0a2bd03c0b630f8f142c11ea7ff3e3191b8fdfc37ea9ed2fb46a""}",9bb0ae97d2f3f1536a5c496a65fe2e21e2192ce20830979dd75b30b0a3148fc7,d1fab3aaa092939e281636e5182865245c839b6f137f7762fc773e601882716a,valid_fidelity,,,,,,,
qmap154,rd73_140,1,f0db956c320d40de51858d908aa0fe247112cd2c9c82085581052b79ba123d2c,f0db956c320d40de-s1-ga_h2,success,False,"{""fidelity"": 0.31205224503065476, ""idle_exposures"": 80.0, ""log_atom_transfer"": -0.25812908606455187, ""log_coherence_linear"": -0.1263920232518258, ""log_fidelity"": -1.16458465316985, ""log_idle_excitation"": -0.20025041744947816, ""move_batches"": 105.0, ""move_time_us"": 12093.898708207169, ""transfers"": 258.0}",True,False,fresh,fresh,success,f0db956c320d40de51858d908aa0fe247112cd2c9c82085581052b79ba123d2c,"{""bytes"": 623467, ""path"": ""/Users/zhouzixiang/Desktop/zac/ZAC_zzx/results/physical_ga_main_v1/protocol.json"", ""sha256"": ""9bb0ae97d2f3f1536a5c496a65fe2e21e2192ce20830979dd75b30b0a3148fc7""}","{""bytes"": 1280, ""path"": ""/Users/zhouzixiang/Desktop/zac/ZAC_zzx/results/physical_ga_main_v1/receipts/f0db956c320d40de-s1-ga_h2.json"", ""sha256"": ""0c3a3a0e097f24751e418481773b56fe45212e2a72d0659fe7534bc610e30bad""}",9bb0ae97d2f3f1536a5c496a65fe2e21e2192ce20830979dd75b30b0a3148fc7,d1fab3aaa092939e281636e5182865245c839b6f137f7762fc773e601882716a,valid_fidelity,,,,,,,
qmap154,rd73_140,2,f0db956c320d40de51858d908aa0fe247112cd2c9c82085581052b79ba123d2c,f0db956c320d40de-s2-ga_h2,success,False,"{""fidelity"": 0.309149084725414, ""idle_exposures"": 82.0, ""log_atom_transfer"": -0.2661330887332201, ""log_coherence_linear"": -0.12272875057549613, ""log_fidelity"": -1.1739316435984257, ""log_idle_excitation"": -0.2052566778857151, ""move_batches"": 122.0, ""move_time_us"": 12973.894019585747, ""transfers"": 266.0}",True,False,fresh,fresh,success,f0db956c320d40de51858d908aa0fe247112cd2c9c82085581052b79ba123d2c,"{""bytes"": 623467, ""path"": ""/Users/zhouzixiang/Desktop/zac/ZAC_zzx/results/physical_ga_main_v1/protocol.json"", ""sha256"": ""9bb0ae97d2f3f1536a5c496a65fe2e21e2192ce20830979dd75b30b0a3148fc7""}","{""bytes"": 1280, ""path"": ""/Users/zhouzixiang/Desktop/zac/ZAC_zzx/results/physical_ga_main_v1/receipts/f0db956c320d40de-s2-ga_h2.json"", ""sha256"": ""aab44c49a5c85aac8aa147608224f03173868b4d66b1394d334c15fb569bd3c8""}",9bb0ae97d2f3f1536a5c496a65fe2e21e2192ce20830979dd75b30b0a3148fc7,d1fab3aaa092939e281636e5182865245c839b6f137f7762fc773e601882716a,valid_fidelity,,,,,,,
qmap154,wim_266,0,f2f31e619d116aed7be5fcda1e0a22222bbb82cc6791249a4dd8f7fb7ceeefe3,f2f31e619d116aed-s0-ga_h2,success,False,"{""fidelity"": 0.00711473823052147, ""idle_exposures"": 283.0, ""log_atom_transfer"": -1.2106054036360765, ""log_coherence_linear"": -0.6477044431562593, ""log_fidelity"": -4.9455868393298585, ""log_idle_excitation"": -0.708385851727529, ""move_batches"": 550.0, ""move_time_us"": 59644.51582558994, ""transfers"": 1210.0}",True,False,fresh,fresh,success,f2f31e619d116aed7be5fcda1e0a22222bbb82cc6791249a4dd8f7fb7ceeefe3,"{""bytes"": 623467, ""path"": ""/Users/zhouzixiang/Desktop/zac/ZAC_zzx/results/physical_ga_main_v1/protocol.json"", ""sha256"": ""9bb0ae97d2f3f1536a5c496a65fe2e21e2192ce20830979dd75b30b0a3148fc7""}","{""bytes"": 1278, ""path"": ""/Users/zhouzixiang/Desktop/zac/ZAC_zzx/results/physical_ga_main_v1/receipts/f2f31e619d116aed-s0-ga_h2.json"", ""sha256"": ""94f34e0587d01b439e74641b35cabc180fd28b8ae79a208fb6f77955dc85b020""}",9bb0ae97d2f3f1536a5c496a65fe2e21e2192ce20830979dd75b30b0a3148fc7,d1fab3aaa092939e281636e5182865245c839b6f137f7762fc773e601882716a,valid_fidelity,,,,,,,
qmap154,wim_266,1,f2f31e619d116aed7be5fcda1e0a22222bbb82cc6791249a4dd8f7fb7ceeefe3,f2f31e619d116aed-s1-ga_h2,success,False,"{""fidelity"": 0.007334006772381487, ""idle_exposures"": 283.0, ""log_atom_transfer"": -1.2126064043032436, ""log_coherence_linear"": -0.6153498890700437, ""log_fidelity"": -4.91523328591081, ""log_idle_excitation"": -0.708385851727529, ""move_batches"": 531.0, ""move_time_us"": 54653.25699396227, ""transfers"": 1212.0}",True,False,fresh,fresh,success,f2f31e619d116aed7be5fcda1e0a22222bbb82cc6791249a4dd8f7fb7ceeefe3,"{""bytes"": 623467, ""path"": ""/Users/zhouzixiang/Desktop/zac/ZAC_zzx/results/physical_ga_main_v1/protocol.json"", ""sha256"": ""9bb0ae97d2f3f1536a5c496a65fe2e21e2192ce20830979dd75b30b0a3148fc7""}","{""bytes"": 1278, ""path"": ""/Users/zhouzixiang/Desktop/zac/ZAC_zzx/results/physical_ga_main_v1/receipts/f2f31e619d116aed-s1-ga_h2.json"", ""sha256"": ""3ab2384037e203fa5a2aa68c47302617a4d624f0aae37fb0241de19b13197409""}",9bb0ae97d2f3f1536a5c496a65fe2e21e2192ce20830979dd75b30b0a3148fc7,d1fab3aaa092939e281636e5182865245c839b6f137f7762fc773e601882716a,valid_fidelity,,,,,,,
qmap154,wim_266,2,f2f31e619d116aed7be5fcda1e0a22222bbb82cc6791249a4dd8f7fb7ceeefe3,f2f31e619d116aed-s2-ga_h2,success,False,"{""fidelity"": 0.007160705533078859, ""idle_exposures"": 283.0, ""log_atom_transfer"": -1.2166084056375779, ""log_coherence_linear"": -0.6352613665495402, ""log_fidelity"": -4.939146764724641, ""log_idle_excitation"": -0.708385851727529, ""move_batches"": 543.0, ""move_time_us"": 58299.271168950385, ""transfers"": 1216.0}",True,False,fresh,fresh,success,f2f31e619d116aed7be5fcda1e0a22222bbb82cc6791249a4dd8f7fb7ceeefe3,"{""bytes"": 623467, ""path"": ""/Users/zhouzixiang/Desktop/zac/ZAC_zzx/results/physical_ga_main_v1/protocol.json"", ""sha256"": ""9bb0ae97d2f3f1536a5c496a65fe2e21e2192ce20830979dd75b30b0a3148fc7""}","{""bytes"": 1278, ""path"": ""/Users/zhouzixiang/Desktop/zac/ZAC_zzx/results/physical_ga_main_v1/receipts/f2f31e619d116aed-s2-ga_h2.json"", ""sha256"": ""7e359ec9bf25d211396f3f4c4ba97c3bb17ec27f9d1c57124059223b7f7553c0""}",9bb0ae97d2f3f1536a5c496a65fe2e21e2192ce20830979dd75b30b0a3148fc7,d1fab3aaa092939e281636e5182865245c839b6f137f7762fc773e601882716a,valid_fidelity,,,,,,,
qmap154,f2_232,0,f3c46f00d6661f719aed8ae0269c2cf50e895946566ba9a84f25a54ea134911d,f3c46f00d6661f71-s0-ga_h2,success,False,"{""fidelity"": 0.0029504318268102157, ""idle_exposures"": 342.0, ""log_atom_transfer"": -1.4987494997081345, ""log_coherence_linear"": -0.5459552269042867, ""log_fidelity"": -5.825803737373639, ""log_idle_excitation"": -0.8560705345965192, ""move_batches"": 681.0, ""move_time_us"": 70431.4680537674, ""transfers"": 1498.0}",True,False,fresh,fresh,success,f3c46f00d6661f719aed8ae0269c2cf50e895946566ba9a84f25a54ea134911d,"{""bytes"": 623467, ""path"": ""/Users/zhouzixiang/Desktop/zac/ZAC_zzx/results/physical_ga_main_v1/protocol.json"", ""sha256"": ""9bb0ae97d2f3f1536a5c496a65fe2e21e2192ce20830979dd75b30b0a3148fc7""}","{""bytes"": 1277, ""path"": ""/Users/zhouzixiang/Desktop/zac/ZAC_zzx/results/physical_ga_main_v1/receipts/f3c46f00d6661f71-s0-ga_h2.json"", ""sha256"": ""cbe2672db97ea5ecad3802ca44b201260b47dddabb4762b160a2031249cb1ffb""}",9bb0ae97d2f3f1536a5c496a65fe2e21e2192ce20830979dd75b30b0a3148fc7,d1fab3aaa092939e281636e5182865245c839b6f137f7762fc773e601882716a,valid_fidelity,,,,,,,
qmap154,f2_232,1,f3c46f00d6661f719aed8ae0269c2cf50e895946566ba9a84f25a54ea134911d,f3c46f00d6661f71-s1-ga_h2,success,False,"{""fidelity"": 0.0029559490962495945, ""idle_exposures"": 340.0, ""log_atom_transfer"": -1.4907454970394662, ""log_coherence_linear"": -0.5570972491639078, ""log_fidelity"": -5.823935496528355, ""log_idle_excitation"": -0.8510642741602822, ""move_batches"": 680.0, ""move_time_us"": 71231.98276008377, ""transfers"": 1490.0}",True,False,fresh,fresh,success,f3c46f00d6661f719aed8ae0269c2cf50e895946566ba9a84f25a54ea134911d,"{""bytes"": 623467, ""path"": ""/Users/zhouzixiang/Desktop/zac/ZAC_zzx/results/physical_ga_main_v1/protocol.json"", ""sha256"": ""9bb0ae97d2f3f1536a5c496a65fe2e21e2192ce20830979dd75b30b0a3148fc7""}","{""bytes"": 1276, ""path"": ""/Users/zhouzixiang/Desktop/zac/ZAC_zzx/results/physical_ga_main_v1/receipts/f3c46f00d6661f71-s1-ga_h2.json"", ""sha256"": ""011504c1d1ccb90c3fcd85a64933640ca28d577512c29eea67cb06bf8e0a53f8""}",9bb0ae97d2f3f1536a5c496a65fe2e21e2192ce20830979dd75b30b0a3148fc7,d1fab3aaa092939e281636e5182865245c839b6f137f7762fc773e601882716a,valid_fidelity,,,,,,,
qmap154,f2_232,2,f3c46f00d6661f719aed8ae0269c2cf50e895946566ba9a84f25a54ea134911d,f3c46f00d6661f71-s2-ga_h2,success,False,"{""fidelity"": 0.0029227268968424432, ""idle_exposures"": 340.0, ""log_atom_transfer"": -1.5087545030439697, ""log_coherence_linear"": -0.5503909763354985, ""log_fidelity"": -5.83523822970445, ""log_idle_excitation"": -0.8510642741602822, ""move_batches"": 687.0, ""move_time_us"": 70802.10028577446, ""transfers"": 1508.0}",True,False,fresh,fresh,success,f3c46f00d6661f719aed8ae0269c2cf50e895946566ba9a84f25a54ea134911d,"{""bytes"": 623467, ""path"": ""/Users/zhouzixiang/Desktop/zac/ZAC_zzx/results/physical_ga_main_v1/protocol.json"", ""sha256"": ""9bb0ae97d2f3f1536a5c496a65fe2e21e2192ce20830979dd75b30b0a3148fc7""}","{""bytes"": 1277, ""path"": ""/Users/zhouzixiang/Desktop/zac/ZAC_zzx/results/physical_ga_main_v1/receipts/f3c46f00d6661f71-s2-ga_h2.json"", ""sha256"": ""7d2b842f872b965572643d5816607e66be8e95a35353ba43e79c0f5509185276""}",9bb0ae97d2f3f1536a5c496a65fe2e21e2192ce20830979dd75b30b0a3148fc7,d1fab3aaa092939e281636e5182865245c839b6f137f7762fc773e601882716a,valid_fidelity,,,,,,,
qmap154,mod5adder_127,0,f42ebeaf660df39d4e1ffb31f0acaa52f76b35b6cae60b9e161b163b3a0ef143,f42ebeaf660df39d-s0-ga_h2,success,False,"{""fidelity"": 0.07541529505067557, ""idle_exposures"": 163.0, ""log_atom_transfer"": -0.6623312208322998, ""log_coherence_linear"": -0.1822861111723757, ""log_fidelity"": -2.5847451724089625, ""log_idle_excitation"": -0.40801022555331173, ""move_batches"": 306.0, ""move_time_us"": 32453.70252982425, ""transfers"": 662.0}",True,False,fresh,fresh,success,f42ebeaf660df39d4e1ffb31f0acaa52f76b35b6cae60b9e161b163b3a0ef143,"{""bytes"": 623467, ""path"": ""/Users/zhouzixiang/Desktop/zac/ZAC_zzx/results/physical_ga_main_v1/protocol.json"", ""sha256"": ""9bb0ae97d2f3f1536a5c496a65fe2e21e2192ce20830979dd75b30b0a3148fc7""}","{""bytes"": 1285, ""path"": ""/Users/zhouzixiang/Desktop/zac/ZAC_zzx/results/physical_ga_main_v1/receipts/f42ebeaf660df39d-s0-ga_h2.json"", ""sha256"": ""67c2391808c0f423eed728173bc946ab48554bf001775fe41998d9af0e236f6d""}",9bb0ae97d2f3f1536a5c496a65fe2e21e2192ce20830979dd75b30b0a3148fc7,d1fab3aaa092939e281636e5182865245c839b6f137f7762fc773e601882716a,valid_fidelity,,,,,,,
qmap154,mod5adder_127,1,f42ebeaf660df39d4e1ffb31f0acaa52f76b35b6cae60b9e161b163b3a0ef143,f42ebeaf660df39d-s1-ga_h2,success,False,"{""fidelity"": 0.07541454964168005, ""idle_exposures"": 163.0, ""log_atom_transfer"": -0.6623312208322998, ""log_coherence_linear"": -0.18229599527717014, ""log_fidelity"": -2.5847550565137567, ""log_idle_excitation"": -0.40801022555331173, ""move_batches"": 306.0, ""move_time_us"": 32456.09960843352, ""transfers"": 662.0}",True,False,fresh,fresh,success,f42ebeaf660df39d4e1ffb31f0acaa52f76b35b6cae60b9e161b163b3a0ef143,"{""bytes"": 623467, ""path"": ""/Users/zhouzixiang/Desktop/zac/ZAC_zzx/results/physical_ga_main_v1/protocol.json"", ""sha256"": ""9bb0ae97d2f3f1536a5c496a65fe2e21e2192ce20830979dd75b30b0a3148fc7""}","{""bytes"": 1284, ""path"": ""/Users/zhouzixiang/Desktop/zac/ZAC_zzx/results/physical_ga_main_v1/receipts/f42ebeaf660df39d-s1-ga_h2.json"", ""sha256"": ""c0eba21918dde7248c2fb72a7e7784288f28d6e28940667c9affe3a0cbd80d44""}",9bb0ae97d2f3f1536a5c496a65fe2e21e2192ce20830979dd75b30b0a3148fc7,d1fab3aaa092939e281636e5182865245c839b6f137f7762fc773e601882716a,valid_fidelity,,,,,,,
qmap154,mod5adder_127,2,f42ebeaf660df39d4e1ffb31f0acaa52f76b35b6cae60b9e161b163b3a0ef143,f42ebeaf660df39d-s2-ga_h2,success,False,"{""fidelity"": 0.07540182384987147, ""idle_exposures"": 163.0, ""log_atom_transfer"": -0.6623312208322998, ""log_coherence_linear"": -0.18246475403385104, ""log_fidelity"": -2.5849238152704377, ""log_idle_excitation"": -0.40801022555331173, ""move_batches"": 306.0, ""move_time_us"": 32498.22340483591, ""transfers"": 662.0}",True,False,fresh,fresh,success,f42ebeaf660df39d4e1ffb31f0acaa52f76b35b6cae60b9e161b163b3a0ef143,"{""bytes"": 623467, ""path"": ""/Users/zhouzixiang/Desktop/zac/ZAC_zzx/results/physical_ga_main_v1/protocol.json"", ""sha256"": ""9bb0ae97d2f3f1536a5c496a65fe2e21e2192ce20830979dd75b30b0a3148fc7""}","{""bytes"": 1283, ""path"": ""/Users/zhouzixiang/Desktop/zac/ZAC_zzx/results/physical_ga_main_v1/receipts/f42ebeaf660df39d-s2-ga_h2.json"", ""sha256"": ""71fc4df4138493f30e94e5dc4d5c305cb3d08b6d21ec195cbc6e26d3d7c4af32""}",9bb0ae97d2f3f1536a5c496a65fe2e21e2192ce20830979dd75b30b0a3148fc7,d1fab3aaa092939e281636e5182865245c839b6f137f7762fc773e601882716a,valid_fidelity,,,,,,,
qmap154,alu-v1_29,0,f4b1830ec59011bb4fe7f2f552e3806d7023f74c8b0fd7e7126a5399b35ceca3,f4b1830ec59011bb-s0-ga_h2,success,False,"{""fidelity"": 0.8327695047851892, ""idle_exposures"": 12.0, ""log_atom_transfer"": -0.048024016012009646, ""log_coherence_linear"": -0.010422195136172556, ""log_fidelity"": -0.18299838004491856, ""log_idle_excitation"": -0.03003756261742172, ""move_batches"": 21.0, ""move_time_us"": 2130.84774878124, ""transfers"": 48.0}",True,False,fresh,fresh,success,f4b1830ec59011bb4fe7f2f552e3806d7023f74c8b0fd7e7126a5399b35ceca3,"{""bytes"": 623467, ""path"": ""/Users/zhouzixiang/Desktop/zac/ZAC_zzx/results/physical_ga_main_v1/protocol.json"", ""sha256"": ""9bb0ae97d2f3f1536a5c496a65fe2e21e2192ce20830979dd75b30b0a3148fc7""}","{""bytes"": 1280, ""path"": ""/Users/zhouzixiang/Desktop/zac/ZAC_zzx/results/physical_ga_main_v1/receipts/f4b1830ec59011bb-s0-ga_h2.json"", ""sha256"": ""786903c19ff780e0d74bf9ad77e8fa3b04eadbc4e344f0cc1cde5855cae48f97""}",9bb0ae97d2f3f1536a5c496a65fe2e21e2192ce20830979dd75b30b0a3148fc7,d1fab3aaa092939e281636e5182865245c839b6f137f7762fc773e601882716a,valid_fidelity,,,,,,,
qmap154,alu-v1_29,1,f4b1830ec59011bb4fe7f2f552e3806d7023f74c8b0fd7e7126a5399b35ceca3,f4b1830ec59011bb-s1-ga_h2,success,False,"{""fidelity"": 0.8307863961524142, ""idle_exposures"": 12.0, ""log_atom_transfer"": -0.05002501667917672, ""log_coherence_linear"": -0.010805375933593096, ""log_fidelity"": -0.18538256150950616, ""log_idle_excitation"": -0.03003756261742172, ""move_batches"": 22.0, ""move_time_us"": 2303.918317669435, ""transfers"": 50.0}",True,False,fresh,fresh,success,f4b1830ec59011bb4fe7f2f552e3806d7023f74c8b0fd7e7126a5399b35ceca3,"{""bytes"": 623467, ""path"": ""/Users/zhouzixiang/Desktop/zac/ZAC_zzx/results/physical_ga_main_v1/protocol.json"", ""sha256"": ""9bb0ae97d2f3f1536a5c496a65fe2e21e2192ce20830979dd75b30b0a3148fc7""}","{""bytes"": 1280, ""path"": ""/Users/zhouzixiang/Desktop/zac/ZAC_zzx/results/physical_ga_main_v1/receipts/f4b1830ec59011bb-s1-ga_h2.json"", ""sha256"": ""1d2d6f273100e09575baa5c15c16df9fccb4b76bacb8c7fe37e1d46ed22ec11b""}",9bb0ae97d2f3f1536a5c496a65fe2e21e2192ce20830979dd75b30b0a3148fc7,d1fab3aaa092939e281636e5182865245c839b6f137f7762fc773e601882716a,valid_fidelity,,,,,,,
qmap154,alu-v1_29,2,f4b1830ec59011bb4fe7f2f552e3806d7023f74c8b0fd7e7126a5399b35ceca3,f4b1830ec59011bb-s2-ga_h2,success,False,"{""fidelity"": 0.8307863961524142, ""idle_exposures"": 12.0, ""log_atom_transfer"": -0.05002501667917672, ""log_coherence_linear"": -0.010805375933593096, ""log_fidelity"": -0.18538256150950616, ""log_idle_excitation"": -0.03003756261742172, ""move_batches"": 22.0, ""move_time_us"": 2303.918317669435, ""transfers"": 50.0}",True,False,fresh,fresh,success,f4b1830ec59011bb4fe7f2f552e3806d7023f74c8b0fd7e7126a5399b35ceca3,"{""bytes"": 623467, ""path"": ""/Users/zhouzixiang/Desktop/zac/ZAC_zzx/results/physical_ga_main_v1/protocol.json"", ""sha256"": ""9bb0ae97d2f3f1536a5c496a65fe2e21e2192ce20830979dd75b30b0a3148fc7""}","{""bytes"": 1280, ""path"": ""/Users/zhouzixiang/Desktop/zac/ZAC_zzx/results/physical_ga_main_v1/receipts/f4b1830ec59011bb-s2-ga_h2.json"", ""sha256"": ""0c13d81a3f34489e0a70dba7f921070076403f1f908c7f6b8548df85ea51b3fd""}",9bb0ae97d2f3f1536a5c496a65fe2e21e2192ce20830979dd75b30b0a3148fc7,d1fab3aaa092939e281636e5182865245c839b6f137f7762fc773e601882716a,valid_fidelity,,,,,,,
qmap154,misex1_241,0,f571e6b12d8e59cb4772af85d23a3ab1679b8b21df2bf9532f95989fedda1371,f571e6b12d8e59cb-s0-ga_h2,success,False,"{""fidelity"": 5.690268486505247e-12, ""idle_exposures"": 1363.0, ""log_atom_transfer"": -5.958979986823531, ""log_coherence_linear"": -4.8235036195111745, ""log_fidelity"": -25.89226368322597, ""log_idle_excitation"": -3.411766487295484, ""move_batches"": 2708.0, ""move_time_us"": 276524.6901098872, ""transfers"": 5956.0}",True,False,fresh,fresh,success,f571e6b12d8e59cb4772af85d23a3ab1679b8b21df2bf9532f95989fedda1371,"{""bytes"": 623467, ""path"": ""/Users/zhouzixiang/Desktop/zac/ZAC_zzx/results/physical_ga_main_v1/protocol.json"", ""sha256"": ""9bb0ae97d2f3f1536a5c496a65fe2e21e2192ce20830979dd75b30b0a3148fc7""}","{""bytes"": 1281, ""path"": ""/Users/zhouzixiang/Desktop/zac/ZAC_zzx/results/physical_ga_main_v1/receipts/f571e6b12d8e59cb-s0-ga_h2.json"", ""sha256"": ""5bada5958c3dd17567d1d21fa854dcf167abeab3357a3efa856cfde4f69d20ba""}",9bb0ae97d2f3f1536a5c496a65fe2e21e2192ce20830979dd75b30b0a3148fc7,d1fab3aaa092939e281636e5182865245c839b6f137f7762fc773e601882716a,valid_fidelity,,,,,,,
qmap154,misex1_241,1,f571e6b12d8e59cb4772af85d23a3ab1679b8b21df2bf9532f95989fedda1371,f571e6b12d8e59cb-s1-ga_h2,success,False,"{""fidelity"": 5.464711402771886e-12, ""idle_exposures"": 1361.0, ""log_atom_transfer"": -5.980990994162369, ""log_coherence_linear"": -4.846944993353013, ""log_fidelity"": -25.93270980397041, ""log_idle_excitation"": -3.406760226859247, ""move_batches"": 2708.0, ""move_time_us"": 278831.34759938053, ""transfers"": 5978.0}",True,False,fresh,fresh,success,f571e6b12d8e59cb4772af85d23a3ab1679b8b21df2bf9532f95989fedda1371,"{""bytes"": 623467, ""path"": ""/Users/zhouzixiang/Desktop/zac/ZAC_zzx/results/physical_ga_main_v1/protocol.json"", ""sha256"": ""9bb0ae97d2f3f1536a5c496a65fe2e21e2192ce20830979dd75b30b0a3148fc7""}","{""bytes"": 1281, ""path"": ""/Users/zhouzixiang/Desktop/zac/ZAC_zzx/results/physical_ga_main_v1/receipts/f571e6b12d8e59cb-s1-ga_h2.json"", ""sha256"": ""57553f52f821a361689935f9e263b2fda9043e3d5cf3ac0a0a1b7e0b8eb7c08d""}",9bb0ae97d2f3f1536a5c496a65fe2e21e2192ce20830979dd75b30b0a3148fc7,d1fab3aaa092939e281636e5182865245c839b6f137f7762fc773e601882716a,valid_fidelity,,,,,,,
qmap154,misex1_241,2,f571e6b12d8e59cb4772af85d23a3ab1679b8b21df2bf9532f95989fedda1371,f571e6b12d8e59cb-s2-ga_h2,success,False,"{""fidelity"": 5.850766416625555e-12, ""idle_exposures"": 1367.0, ""log_atom_transfer"": -5.954977985489196, ""log_coherence_linear"": -4.789677868624106, ""log_fidelity"": -25.864448451877042, ""log_idle_excitation"": -3.421779008167958, ""move_batches"": 2703.0, ""move_time_us"": 275914.32945634384, ""transfers"": 5952.0}",True,False,fresh,fresh,success,f571e6b12d8e59cb4772af85d23a3ab1679b8b21df2bf9532f95989fedda1371,"{""bytes"": 623467, ""path"": ""/Users/zhouzixiang/Desktop/zac/ZAC_zzx/results/physical_ga_main_v1/protocol.json"", ""sha256"": ""9bb0ae97d2f3f1536a5c496a65fe2e21e2192ce20830979dd75b30b0a3148fc7""}","{""bytes"": 1281, ""path"": ""/Users/zhouzixiang/Desktop/zac/ZAC_zzx/results/physical_ga_main_v1/receipts/f571e6b12d8e59cb-s2-ga_h2.json"", ""sha256"": ""496de54307bbd5fac18cabd32fc0f93e8f1b01bd686f61b7718c07f14eba84e8""}",9bb0ae97d2f3f1536a5c496a65fe2e21e2192ce20830979dd75b30b0a3148fc7,d1fab3aaa092939e281636e5182865245c839b6f137f7762fc773e601882716a,valid_fidelity,,,,,,,
qmap154,4_49_16,0,f84dd3828bcf2684305f19cf03ec4cb40c22d74e2b41f5714593f6bd3f483ae9,f84dd3828bcf2684-s0-ga_h2,success,False,"{""fidelity"": 0.35537835929342504, ""idle_exposures"": 66.0, ""log_atom_transfer"": -0.27213609073472134, ""log_coherence_linear"": -0.0585051376529511, ""log_fidelity"": -1.0345722562426363, ""log_idle_excitation"": -0.16520659439581947, ""move_batches"": 128.0, ""move_time_us"": 13140.28361809729, ""transfers"": 272.0}",True,False,fresh,fresh,success,f84dd3828bcf2684305f19cf03ec4cb40c22d74e2b41f5714593f6bd3f483ae9,"{""bytes"": 623467, ""path"": ""/Users/zhouzixiang/Desktop/zac/ZAC_zzx/results/physical_ga_main_v1/protocol.json"", ""sha256"": ""9bb0ae97d2f3f1536a5c496a65fe2e21e2192ce20830979dd75b30b0a3148fc7""}","{""bytes"": 1278, ""path"": ""/Users/zhouzixiang/Desktop/zac/ZAC_zzx/results/physical_ga_main_v1/receipts/f84dd3828bcf2684-s0-ga_h2.json"", ""sha256"": ""9465b25b54a96a69a11e1184cd94598992f5bfab5a43313ecc77e20c7cda339f""}",9bb0ae97d2f3f1536a5c496a65fe2e21e2192ce20830979dd75b30b0a3148fc7,d1fab3aaa092939e281636e5182865245c839b6f137f7762fc773e601882716a,valid_fidelity,,,,,,,
qmap154,4_49_16,1,f84dd3828bcf2684305f19cf03ec4cb40c22d74e2b41f5714593f6bd3f483ae9,f84dd3828bcf2684-s1-ga_h2,success,False,"{""fidelity"": 0.35537835929342504, ""idle_exposures"": 66.0, ""log_atom_transfer"": -0.27213609073472134, ""log_coherence_linear"": -0.0585051376529511, ""log_fidelity"": -1.0345722562426363, ""log_idle_excitation"": -0.16520659439581947, ""move_batches"": 128.0, ""move_time_us"": 13140.28361809729, ""transfers"": 272.0}",True,False,fresh,fresh,success,f84dd3828bcf2684305f19cf03ec4cb40c22d74e2b41f5714593f6bd3f483ae9,"{""bytes"": 623467, ""path"": ""/Users/zhouzixiang/Desktop/zac/ZAC_zzx/results/physical_ga_main_v1/protocol.json"", ""sha256"": ""9bb0ae97d2f3f1536a5c496a65fe2e21e2192ce20830979dd75b30b0a3148fc7""}","{""bytes"": 1279, ""path"": ""/Users/zhouzixiang/Desktop/zac/ZAC_zzx/results/physical_ga_main_v1/receipts/f84dd3828bcf2684-s1-ga_h2.json"", ""sha256"": ""53cb97ea6b0d77d7e1f94893b97d5f5641552181e331fafdb55fb171c1066c25""}",9bb0ae97d2f3f1536a5c496a65fe2e21e2192ce20830979dd75b30b0a3148fc7,d1fab3aaa092939e281636e5182865245c839b6f137f7762fc773e601882716a,valid_fidelity,,,,,,,
qmap154,4_49_16,2,f84dd3828bcf2684305f19cf03ec4cb40c22d74e2b41f5714593f6bd3f483ae9,f84dd3828bcf2684-s2-ga_h2,success,False,"{""fidelity"": 0.35537835929342504, ""idle_exposures"": 66.0, ""log_atom_transfer"": -0.27213609073472134, ""log_coherence_linear"": -0.0585051376529511, ""log_fidelity"": -1.0345722562426363, ""log_idle_excitation"": -0.16520659439581947, ""move_batches"": 128.0, ""move_time_us"": 13140.28361809729, ""transfers"": 272.0}",True,False,fresh,fresh,success,f84dd3828bcf2684305f19cf03ec4cb40c22d74e2b41f5714593f6bd3f483ae9,"{""bytes"": 623467, ""path"": ""/Users/zhouzixiang/Desktop/zac/ZAC_zzx/results/physical_ga_main_v1/protocol.json"", ""sha256"": ""9bb0ae97d2f3f1536a5c496a65fe2e21e2192ce20830979dd75b30b0a3148fc7""}","{""bytes"": 1279, ""path"": ""/Users/zhouzixiang/Desktop/zac/ZAC_zzx/results/physical_ga_main_v1/receipts/f84dd3828bcf2684-s2-ga_h2.json"", ""sha256"": ""c9e36b04b7344314e23ed51964770f3f2cdb1de1dbdec2792b971021d7db2790""}",9bb0ae97d2f3f1536a5c496a65fe2e21e2192ce20830979dd75b30b0a3148fc7,d1fab3aaa092939e281636e5182865245c839b6f137f7762fc773e601882716a,valid_fidelity,,,,,,,
qmap154,cm85a_209,0,f871046094dbfeb7bd70bf21bddd523ced39b7be53e1154e0c738126b6cc84ff,f871046094dbfeb7-s0-ga_h2,success,False,"{""fidelity"": 1.347967836412784e-29, ""idle_exposures"": 3225.0, ""log_atom_transfer"": -14.611306871653936, ""log_coherence_linear"": -16.02031722417749, ""log_fidelity"": -66.47636954484977, ""log_idle_excitation"": -8.072594953432088, ""move_batches"": 6628.0, ""move_time_us"": 674825.6334888638, ""transfers"": 14604.0}",True,False,fresh,fresh,success,f871046094dbfeb7bd70bf21bddd523ced39b7be53e1154e0c738126b6cc84ff,"{""bytes"": 623467, ""path"": ""/Users/zhouzixiang/Desktop/zac/ZAC_zzx/results/physical_ga_main_v1/protocol.json"", ""sha256"": ""9bb0ae97d2f3f1536a5c496a65fe2e21e2192ce20830979dd75b30b0a3148fc7""}","{""bytes"": 1280, ""path"": ""/Users/zhouzixiang/Desktop/zac/ZAC_zzx/results/physical_ga_main_v1/receipts/f871046094dbfeb7-s0-ga_h2.json"", ""sha256"": ""275c619d5cd2d29d7e5b4cfad500b6bbd2aabe5c53b903cb6eca93ab6e85c891""}",9bb0ae97d2f3f1536a5c496a65fe2e21e2192ce20830979dd75b30b0a3148fc7,d1fab3aaa092939e281636e5182865245c839b6f137f7762fc773e601882716a,valid_fidelity,,,,,,,
qmap154,cm85a_209,1,f871046094dbfeb7bd70bf21bddd523ced39b7be53e1154e0c738126b6cc84ff,f871046094dbfeb7-s1-ga_h2,success,False,"{""fidelity"": 1.6649579418427109e-29, ""idle_exposures"": 3225.0, ""log_atom_transfer"": -14.637319880327107, ""log_coherence_linear"": -15.783102504523022, ""log_fidelity"": -66.26516783386849, ""log_idle_excitation"": -8.072594953432088, ""move_batches"": 6616.0, ""move_time_us"": 668635.6485990357, ""transfers"": 14630.0}",True,False,fresh,fresh,success,f871046094dbfeb7bd70bf21bddd523ced39b7be53e1154e0c738126b6cc84ff,"{""bytes"": 623467, ""path"": ""/Users/zhouzixiang/Desktop/zac/ZAC_zzx/results/physical_ga_main_v1/protocol.json"", ""sha256"": ""9bb0ae97d2f3f1536a5c496a65fe2e21e2192ce20830979dd75b30b0a3148fc7""}","{""bytes"": 1279, ""path"": ""/Users/zhouzixiang/Desktop/zac/ZAC_zzx/results/physical_ga_main_v1/receipts/f871046094dbfeb7-s1-ga_h2.json"", ""sha256"": ""e8db31de2614613169bb50128fe567c0c5c88de1fcf476cce6342cdd0cc81374""}",9bb0ae97d2f3f1536a5c496a65fe2e21e2192ce20830979dd75b30b0a3148fc7,d1fab3aaa092939e281636e5182865245c839b6f137f7762fc773e601882716a,valid_fidelity,,,,,,,
qmap154,cm85a_209,2,f871046094dbfeb7bd70bf21bddd523ced39b7be53e1154e0c738126b6cc84ff,f871046094dbfeb7-s2-ga_h2,success,False,"{""fidelity"": 1.5615346520695246e-29, ""idle_exposures"": 3221.0, ""log_atom_transfer"": -14.637319880327107, ""log_coherence_linear"": -15.857245799332489, ""log_fidelity"": -66.32929860780548, ""log_idle_excitation"": -8.062582432559614, ""move_batches"": 6636.0, ""move_time_us"": 671349.940835784, ""transfers"": 14630.0}",True,False,fresh,fresh,success,f871046094dbfeb7bd70bf21bddd523ced39b7be53e1154e0c738126b6cc84ff,"{""bytes"": 623467, ""path"": ""/Users/zhouzixiang/Desktop/zac/ZAC_zzx/results/physical_ga_main_v1/protocol.json"", ""sha256"": ""9bb0ae97d2f3f1536a5c496a65fe2e21e2192ce20830979dd75b30b0a3148fc7""}","{""bytes"": 1280, ""path"": ""/Users/zhouzixiang/Desktop/zac/ZAC_zzx/results/physical_ga_main_v1/receipts/f871046094dbfeb7-s2-ga_h2.json"", ""sha256"": ""8886fcbe08b8376967ea0b17d8605fc56b05eb0f420597f0a46940870eaf70b0""}",9bb0ae97d2f3f1536a5c496a65fe2e21e2192ce20830979dd75b30b0a3148fc7,d1fab3aaa092939e281636e5182865245c839b6f137f7762fc773e601882716a,valid_fidelity,,,,,,,
qmap154,4gt13_92,0,f8c690ddce42ddef13013b6f7beb6a0d0cf6b59b925ef995cfb07da443154ebd,f8c690ddce42ddef-s0-ga_h2,success,False,"{""fidelity"": 0.7257352722395963, ""idle_exposures"": 19.0, ""log_atom_transfer"": -0.08604302868818396, ""log_coherence_linear"": -0.01948864639078696, ""log_fidelity"": -0.32056996944266414, ""log_idle_excitation"": -0.04755947414425106, ""move_batches"": 39.0, ""move_time_us"": 4331.986668967042, ""transfers"": 86.0}",True,False,fresh,fresh,success,f8c690ddce42ddef13013b6f7beb6a0d0cf6b59b925ef995cfb07da443154ebd,"{""bytes"": 623467, ""path"": ""/Users/zhouzixiang/Desktop/zac/ZAC_zzx/results/physical_ga_main_v1/protocol.json"", ""sha256"": ""9bb0ae97d2f3f1536a5c496a65fe2e21e2192ce20830979dd75b30b0a3148fc7""}","{""bytes"": 1280, ""path"": ""/Users/zhouzixiang/Desktop/zac/ZAC_zzx/results/physical_ga_main_v1/receipts/f8c690ddce42ddef-s0-ga_h2.json"", ""sha256"": ""85bfab3fc05a41c8fbc88672c1847a0f8f366087ba897d0d9ce583e4d0bef817""}",9bb0ae97d2f3f1536a5c496a65fe2e21e2192ce20830979dd75b30b0a3148fc7,d1fab3aaa092939e281636e5182865245c839b6f137f7762fc773e601882716a,valid_fidelity,,,,,,,
qmap154,4gt13_92,1,f8c690ddce42ddef13013b6f7beb6a0d0cf6b59b925ef995cfb07da443154ebd,f8c690ddce42ddef-s1-ga_h2,success,False,"{""fidelity"": 0.7257352722395963, ""idle_exposures"": 19.0, ""log_atom_transfer"": -0.08604302868818396, ""log_coherence_linear"": -0.01948864639078696, ""log_fidelity"": -0.32056996944266414, ""log_idle_excitation"": -0.04755947414425106, ""move_batches"": 39.0, ""move_time_us"": 4331.986668967042, ""transfers"": 86.0}",True,False,fresh,fresh,success,f8c690ddce42ddef13013b6f7beb6a0d0cf6b59b925ef995cfb07da443154ebd,"{""bytes"": 623467, ""path"": ""/Users/zhouzixiang/Desktop/zac/ZAC_zzx/results/physical_ga_main_v1/protocol.json"", ""sha256"": ""9bb0ae97d2f3f1536a5c496a65fe2e21e2192ce20830979dd75b30b0a3148fc7""}","{""bytes"": 1279, ""path"": ""/Users/zhouzixiang/Desktop/zac/ZAC_zzx/results/physical_ga_main_v1/receipts/f8c690ddce42ddef-s1-ga_h2.json"", ""sha256"": ""36169d6ac94e07df2e69211f6a7e3b214de3d244fe24cc3906d9a961d2934d56""}",9bb0ae97d2f3f1536a5c496a65fe2e21e2192ce20830979dd75b30b0a3148fc7,d1fab3aaa092939e281636e5182865245c839b6f137f7762fc773e601882716a,valid_fidelity,,,,,,,
qmap154,4gt13_92,2,f8c690ddce42ddef13013b6f7beb6a0d0cf6b59b925ef995cfb07da443154ebd,f8c690ddce42ddef-s2-ga_h2,success,False,"{""fidelity"": 0.7262027942978345, ""idle_exposures"": 19.0, ""log_atom_transfer"": -0.08604302868818396, ""log_coherence_linear"": -0.018844649122348137, ""log_fidelity"": -0.3199259721742253, ""log_idle_excitation"": -0.04755947414425106, ""move_batches"": 39.0, ""move_time_us"": 4128.380984891108, ""transfers"": 86.0}",True,False,fresh,fresh,success,f8c690ddce42ddef13013b6f7beb6a0d0cf6b59b925ef995cfb07da443154ebd,"{""bytes"": 623467, ""path"": ""/Users/zhouzixiang/Desktop/zac/ZAC_zzx/results/physical_ga_main_v1/protocol.json"", ""sha256"": ""9bb0ae97d2f3f1536a5c496a65fe2e21e2192ce20830979dd75b30b0a3148fc7""}","{""bytes"": 1280, ""path"": ""/Users/zhouzixiang/Desktop/zac/ZAC_zzx/results/physical_ga_main_v1/receipts/f8c690ddce42ddef-s2-ga_h2.json"", ""sha256"": ""591e19db2cd63525ab63dc33643b788b946923bba25721126f28e1f27ccfcd24""}",9bb0ae97d2f3f1536a5c496a65fe2e21e2192ce20830979dd75b30b0a3148fc7,d1fab3aaa092939e281636e5182865245c839b6f137f7762fc773e601882716a,valid_fidelity,,,,,,,
qmap154,alu-v2_33,0,fe1d0e3dd99cc2fa7f2e2fcac9431aed035eea231c658fd07b119549b2c9925f,fe1d0e3dd99cc2fa-s0-ga_h2,success,False,"{""fidelity"": 0.8312859908157763, ""idle_exposures"": 12.0, ""log_atom_transfer"": -0.05002501667917672, ""log_coherence_linear"": -0.010204205151471217, ""log_fidelity"": -0.18478139072738428, ""log_idle_excitation"": -0.03003756261742172, ""move_batches"": 22.0, ""move_time_us"": 2289.054951062459, ""transfers"": 50.0}",True,False,fresh,fresh,success,fe1d0e3dd99cc2fa7f2e2fcac9431aed035eea231c658fd07b119549b2c9925f,"{""bytes"": 623467, ""path"": ""/Users/zhouzixiang/Desktop/zac/ZAC_zzx/results/physical_ga_main_v1/protocol.json"", ""sha256"": ""9bb0ae97d2f3f1536a5c496a65fe2e21e2192ce20830979dd75b30b0a3148fc7""}","{""bytes"": 1280, ""path"": ""/Users/zhouzixiang/Desktop/zac/ZAC_zzx/results/physical_ga_main_v1/receipts/fe1d0e3dd99cc2fa-s0-ga_h2.json"", ""sha256"": ""9c458a5c93e2e94eddd0d3e26c54fbd8624838117183f3577e651231b4db06b0""}",9bb0ae97d2f3f1536a5c496a65fe2e21e2192ce20830979dd75b30b0a3148fc7,d1fab3aaa092939e281636e5182865245c839b6f137f7762fc773e601882716a,valid_fidelity,,,,,,,
qmap154,alu-v2_33,1,fe1d0e3dd99cc2fa7f2e2fcac9431aed035eea231c658fd07b119549b2c9925f,fe1d0e3dd99cc2fa-s1-ga_h2,success,False,"{""fidelity"": 0.8311893686001833, ""idle_exposures"": 12.0, ""log_atom_transfer"": -0.05002501667917672, ""log_coherence_linear"": -0.010320444126268048, ""log_fidelity"": -0.18489762970218113, ""log_idle_excitation"": -0.03003756261742172, ""move_batches"": 22.0, ""move_time_us"": 2210.741608773783, ""transfers"": 50.0}",True,False,fresh,fresh,success,fe1d0e3dd99cc2fa7f2e2fcac9431aed035eea231c658fd07b119549b2c9925f,"{""bytes"": 623467, ""path"": ""/Users/zhouzixiang/Desktop/zac/ZAC_zzx/results/physical_ga_main_v1/protocol.json"", ""sha256"": ""9bb0ae97d2f3f1536a5c496a65fe2e21e2192ce20830979dd75b30b0a3148fc7""}","{""bytes"": 1280, ""path"": ""/Users/zhouzixiang/Desktop/zac/ZAC_zzx/results/physical_ga_main_v1/receipts/fe1d0e3dd99cc2fa-s1-ga_h2.json"", ""sha256"": ""d917e6fdf1d9b884ca68cab0ef34ca5882243ad05c8bf389c7668254678fbf51""}",9bb0ae97d2f3f1536a5c496a65fe2e21e2192ce20830979dd75b30b0a3148fc7,d1fab3aaa092939e281636e5182865245c839b6f137f7762fc773e601882716a,valid_fidelity,,,,,,,
qmap154,alu-v2_33,2,fe1d0e3dd99cc2fa7f2e2fcac9431aed035eea231c658fd07b119549b2c9925f,fe1d0e3dd99cc2fa-s2-ga_h2,success,False,"{""fidelity"": 0.8311893686001833, ""idle_exposures"": 12.0, ""log_atom_transfer"": -0.05002501667917672, ""log_coherence_linear"": -0.010320444126268048, ""log_fidelity"": -0.18489762970218113, ""log_idle_excitation"": -0.03003756261742172, ""move_batches"": 22.0, ""move_time_us"": 2210.741608773783, ""transfers"": 50.0}",True,False,fresh,fresh,success,fe1d0e3dd99cc2fa7f2e2fcac9431aed035eea231c658fd07b119549b2c9925f,"{""bytes"": 623467, ""path"": ""/Users/zhouzixiang/Desktop/zac/ZAC_zzx/results/physical_ga_main_v1/protocol.json"", ""sha256"": ""9bb0ae97d2f3f1536a5c496a65fe2e21e2192ce20830979dd75b30b0a3148fc7""}","{""bytes"": 1280, ""path"": ""/Users/zhouzixiang/Desktop/zac/ZAC_zzx/results/physical_ga_main_v1/receipts/fe1d0e3dd99cc2fa-s2-ga_h2.json"", ""sha256"": ""13002836e2aeeff63a89a4d2ab9f3f6067c0cbb587e9a99b2554f402935ebba1""}",9bb0ae97d2f3f1536a5c496a65fe2e21e2192ce20830979dd75b30b0a3148fc7,d1fab3aaa092939e281636e5182865245c839b6f137f7762fc773e601882716a,valid_fidelity,,,,,,,
qmap154,dc1_220,0,fe47d3bb3c105b7015909980311f733d2136e6caa20a9257201fd62f09832947,fe47d3bb3c105b70-s0-ga_h2,success,False,"{""fidelity"": 6.791552907907474e-05, ""idle_exposures"": 542.0, ""log_atom_transfer"": -2.3611807872571413, ""log_coherence_linear"": -1.2391514209738126, ""log_fidelity"": -9.597245844407645, ""log_idle_excitation"": -1.3566965782202145, ""move_batches"": 1062.0, ""move_time_us"": 108197.4307402084, ""transfers"": 2360.0}",True,False,fresh,fresh,success,fe47d3bb3c105b7015909980311f733d2136e6caa20a9257201fd62f09832947,"{""bytes"": 623467, ""path"": ""/Users/zhouzixiang/Desktop/zac/ZAC_zzx/results/physical_ga_main_v1/protocol.json"", ""sha256"": ""9bb0ae97d2f3f1536a5c496a65fe2e21e2192ce20830979dd75b30b0a3148fc7""}","{""bytes"": 1279, ""path"": ""/Users/zhouzixiang/Desktop/zac/ZAC_zzx/results/physical_ga_main_v1/receipts/fe47d3bb3c105b70-s0-ga_h2.json"", ""sha256"": ""ef9034397d8a255782705a54ecfce1b7fe3607244036014042fd4335668d01c7""}",9bb0ae97d2f3f1536a5c496a65fe2e21e2192ce20830979dd75b30b0a3148fc7,d1fab3aaa092939e281636e5182865245c839b6f137f7762fc773e601882716a,valid_fidelity,,,,,,,
qmap154,dc1_220,1,fe47d3bb3c105b7015909980311f733d2136e6caa20a9257201fd62f09832947,fe47d3bb3c105b70-s1-ga_h2,success,False,"{""fidelity"": 6.987502481050832e-05, ""idle_exposures"": 545.0, ""log_atom_transfer"": -2.335167778583969, ""log_coherence_linear"": -1.2292114660041717, ""log_fidelity"": -9.568802271419187, ""log_idle_excitation"": -1.36420596887457, ""move_batches"": 1053.0, ""move_time_us"": 107093.85832039852, ""transfers"": 2334.0}",True,False,fresh,fresh,success,fe47d3bb3c105b7015909980311f733d2136e6caa20a9257201fd62f09832947,"{""bytes"": 623467, ""path"": ""/Users/zhouzixiang/Desktop/zac/ZAC_zzx/results/physical_ga_main_v1/protocol.json"", ""sha256"": ""9bb0ae97d2f3f1536a5c496a65fe2e21e2192ce20830979dd75b30b0a3148fc7""}","{""bytes"": 1279, ""path"": ""/Users/zhouzixiang/Desktop/zac/ZAC_zzx/results/physical_ga_main_v1/receipts/fe47d3bb3c105b70-s1-ga_h2.json"", ""sha256"": ""226bcf92a0981a9016386fc3317a76e98a98182896424add48d16b58cd57fde6""}",9bb0ae97d2f3f1536a5c496a65fe2e21e2192ce20830979dd75b30b0a3148fc7,d1fab3aaa092939e281636e5182865245c839b6f137f7762fc773e601882716a,valid_fidelity,,,,,,,
qmap154,dc1_220,2,fe47d3bb3c105b7015909980311f733d2136e6caa20a9257201fd62f09832947,fe47d3bb3c105b70-s2-ga_h2,success,False,"{""fidelity"": 6.587497070728343e-05, ""idle_exposures"": 545.0, ""log_atom_transfer"": -2.359179786589974, ""log_coherence_linear"": -1.2641491823530446, ""log_fidelity"": -9.627751995774066, ""log_idle_excitation"": -1.36420596887457, ""move_batches"": 1068.0, ""move_time_us"": 111243.79192325947, ""transfers"": 2358.0}",True,False,fresh,fresh,success,fe47d3bb3c105b7015909980311f733d2136e6caa20a9257201fd62f09832947,"{""bytes"": 623467, ""path"": ""/Users/zhouzixiang/Desktop/zac/ZAC_zzx/results/physical_ga_main_v1/protocol.json"", ""sha256"": ""9bb0ae97d2f3f1536a5c496a65fe2e21e2192ce20830979dd75b30b0a3148fc7""}","{""bytes"": 1279, ""path"": ""/Users/zhouzixiang/Desktop/zac/ZAC_zzx/results/physical_ga_main_v1/receipts/fe47d3bb3c105b70-s2-ga_h2.json"", ""sha256"": ""30e91f94c70496ffbae9f7235a4058857fb4f6c120dd4ec3bf7c89e187fbebc3""}",9bb0ae97d2f3f1536a5c496a65fe2e21e2192ce20830979dd75b30b0a3148fc7,d1fab3aaa092939e281636e5182865245c839b6f137f7762fc773e601882716a,valid_fidelity,,,,,,,
zac18,bv_n19_transpiled,0,ff087c43a47c1c89a5515728dba98c1a8254212cb63163c9c21d361c76c1a6ad,ff087c43a47c1c89-s0-ga_h2,success,False,"{""fidelity"": 0.7827695722893943, ""idle_exposures"": 0.0, ""log_atom_transfer"": -0.07203602401801447, ""log_coherence_linear"": -0.07095338237359763, ""log_fidelity"": -0.24491691456648695, ""log_idle_excitation"": -0.0, ""move_batches"": 35.0, ""move_time_us"": 3720.917605951006, ""transfers"": 72.0}",True,False,fresh,fresh,success,ff087c43a47c1c89a5515728dba98c1a8254212cb63163c9c21d361c76c1a6ad,"{""bytes"": 623467, ""path"": ""/Users/zhouzixiang/Desktop/zac/ZAC_zzx/results/physical_ga_main_v1/protocol.json"", ""sha256"": ""9bb0ae97d2f3f1536a5c496a65fe2e21e2192ce20830979dd75b30b0a3148fc7""}","{""bytes"": 1286, ""path"": ""/Users/zhouzixiang/Desktop/zac/ZAC_zzx/results/physical_ga_main_v1/receipts/ff087c43a47c1c89-s0-ga_h2.json"", ""sha256"": ""9ae294e03aaca06cde3f52786b1332cbb6a18e04ccd9f4e72bc47b093f5b22b2""}",9bb0ae97d2f3f1536a5c496a65fe2e21e2192ce20830979dd75b30b0a3148fc7,d1fab3aaa092939e281636e5182865245c839b6f137f7762fc773e601882716a,valid_fidelity,,,,,,,
zac18,bv_n19_transpiled,1,ff087c43a47c1c89a5515728dba98c1a8254212cb63163c9c21d361c76c1a6ad,ff087c43a47c1c89-s1-ga_h2,success,False,"{""fidelity"": 0.7825602221522321, ""idle_exposures"": 0.0, ""log_atom_transfer"": -0.07203602401801447, ""log_coherence_linear"": -0.07122086611939188, ""log_fidelity"": -0.2451843983122812, ""log_idle_excitation"": -0.0, ""move_batches"": 35.0, ""move_time_us"": 3741.95588315215, ""transfers"": 72.0}",True,False,fresh,fresh,success,ff087c43a47c1c89a5515728dba98c1a8254212cb63163c9c21d361c76c1a6ad,"{""bytes"": 623467, ""path"": ""/Users/zhouzixiang/Desktop/zac/ZAC_zzx/results/physical_ga_main_v1/protocol.json"", ""sha256"": ""9bb0ae97d2f3f1536a5c496a65fe2e21e2192ce20830979dd75b30b0a3148fc7""}","{""bytes"": 1286, ""path"": ""/Users/zhouzixiang/Desktop/zac/ZAC_zzx/results/physical_ga_main_v1/receipts/ff087c43a47c1c89-s1-ga_h2.json"", ""sha256"": ""044017dd5029cd9a52128d3c044e9f612efeead94cdb9ac421f888364b899c84""}",9bb0ae97d2f3f1536a5c496a65fe2e21e2192ce20830979dd75b30b0a3148fc7,d1fab3aaa092939e281636e5182865245c839b6f137f7762fc773e601882716a,valid_fidelity,,,,,,,
zac18,bv_n19_transpiled,2,ff087c43a47c1c89a5515728dba98c1a8254212cb63163c9c21d361c76c1a6ad,ff087c43a47c1c89-s2-ga_h2,success,False,"{""fidelity"": 0.7828802452468674, ""idle_exposures"": 0.0, ""log_atom_transfer"": -0.07203602401801447, ""log_coherence_linear"": -0.07081200598608371, ""log_fidelity"": -0.24477553817897305, ""log_idle_excitation"": -0.0, ""move_batches"": 35.0, ""move_time_us"": 3709.797873708518, ""transfers"": 72.0}",True,False,fresh,fresh,success,ff087c43a47c1c89a5515728dba98c1a8254212cb63163c9c21d361c76c1a6ad,"{""bytes"": 623467, ""path"": ""/Users/zhouzixiang/Desktop/zac/ZAC_zzx/results/physical_ga_main_v1/protocol.json"", ""sha256"": ""9bb0ae97d2f3f1536a5c496a65fe2e21e2192ce20830979dd75b30b0a3148fc7""}","{""bytes"": 1286, ""path"": ""/Users/zhouzixiang/Desktop/zac/ZAC_zzx/results/physical_ga_main_v1/receipts/ff087c43a47c1c89-s2-ga_h2.json"", ""sha256"": ""0cef3d363548cf68d1c51275bf298a2e8a41c60f0703b6f1b9e7b93d76c13f7d""}",9bb0ae97d2f3f1536a5c496a65fe2e21e2192ce20830979dd75b30b0a3148fc7,d1fab3aaa092939e281636e5182865245c839b6f137f7762fc773e601882716a,valid_fidelity,,,,,,,
