dataset,circuit,canonical_sha256,qubits,gates_1q,gates_2q,M1__status,M1__valid,M1__N,M1__valid_over_N,M1__fidelity_valid,M1__fidelity_N,M1__log_fidelity,M1__fidelity,M1__fidelity_ood,M1__transfers,M1__idle_exposures,M1__move_batches,M1__move_time_us,M1__algorithm_time_s,M1__input_sha256,M1__gate_ledger_sha256,M1__log_atom_transfer,M1__log_idle_excitation,M1__log_coherence_linear,M1__forecast_weighted_negative_log_fidelity_total,M1__forecast_prediction_hits,M1__forecast_prediction_opportunities,M1__forecast_predicted_reentries,M1__forecast_realized_reentries,M1__initial_placement_s,M1__transition_decision_s,M1__problem_preparation_s,M1__search_kernel_s,M1__result_commit_s,M1__routing_s,M1__return_match_s,M1__forecast_s,M2__status,M2__valid,M2__N,M2__valid_over_N,M2__fidelity_valid,M2__fidelity_N,M2__log_fidelity,M2__fidelity,M2__fidelity_ood,M2__transfers,M2__idle_exposures,M2__move_batches,M2__move_time_us,M2__algorithm_time_s,M2__input_sha256,M2__gate_ledger_sha256,M2__log_atom_transfer,M2__log_idle_excitation,M2__log_coherence_linear,M2__forecast_weighted_negative_log_fidelity_total,M2__forecast_prediction_hits,M2__forecast_prediction_opportunities,M2__forecast_predicted_reentries,M2__forecast_realized_reentries,M2__initial_placement_s,M2__transition_decision_s,M2__problem_preparation_s,M2__search_kernel_s,M2__result_commit_s,M2__routing_s,M2__return_match_s,M2__forecast_s,M3__status,M3__valid,M3__N,M3__valid_over_N,M3__fidelity_valid,M3__fidelity_N,M3__log_fidelity,M3__fidelity,M3__fidelity_ood,M3__transfers,M3__idle_exposures,M3__move_batches,M3__move_time_us,M3__algorithm_time_s,M3__input_sha256,M3__gate_ledger_sha256,M3__log_atom_transfer,M3__log_idle_excitation,M3__log_coherence_linear,M3__forecast_weighted_negative_log_fidelity_total,M3__forecast_prediction_hits,M3__forecast_prediction_opportunities,M3__forecast_predicted_reentries,M3__forecast_realized_reentries,M3__initial_placement_s,M3__transition_decision_s,M3__problem_preparation_s,M3__search_kernel_s,M3__result_commit_s,M3__routing_s,M3__return_match_s,M3__forecast_s,M4__status,M4__valid,M4__N,M4__valid_over_N,M4__fidelity_valid,M4__fidelity_N,M4__log_fidelity,M4__fidelity,M4__fidelity_ood,M4__transfers,M4__idle_exposures,M4__move_batches,M4__move_time_us,M4__algorithm_time_s,M4__input_sha256,M4__gate_ledger_sha256,M4__log_atom_transfer,M4__log_idle_excitation,M4__log_coherence_linear,M4__forecast_weighted_negative_log_fidelity_total,M4__forecast_prediction_hits,M4__forecast_prediction_opportunities,M4__forecast_predicted_reentries,M4__forecast_realized_reentries,M4__initial_placement_s,M4__transition_decision_s,M4__problem_preparation_s,M4__search_kernel_s,M4__result_commit_s,M4__routing_s,M4__return_match_s,M4__forecast_s,M1__seed_status,M1__protocol_warnings,M1__timing_semantics,M2__seed_status,M2__protocol_warnings,M2__timing_semantics,M3__seed_status,M3__protocol_warnings,M3__timing_semantics,M4__seed_status,M4__protocol_warnings,M4__timing_semantics
qmap154,0410184_169,be58b162bd8a9700b69db3a25381397ae6cdfc255448c9843b1455ef0304c168,14,182,102,success,1,1,1/1,1,1,-1.2283854517465937,0.2927648793259374,False,432.0,0.0,163.0,16381.224431274426,9.210951417,be58b162bd8a9700b69db3a25381397ae6cdfc255448c9843b1455ef0304c168,7bfa1be54c650907d042220461b0da554a3c26ae60f81e6ebcaee48b30089d69,-0.43221614410808684,-0.0,-0.23028184999862716,,,,,,9.106374025,0.096109458,,0.0,,0.006213188,,,success,1,1,1/1,1,1,-1.2227475934294427,0.29442010782334455,False,436.0,0.0,153.0,15114.007849593469,0.026020458,be58b162bd8a9700b69db3a25381397ae6cdfc255448c9843b1455ef0304c168,7bfa1be54c650907d042220461b0da554a3c26ae60f81e6ebcaee48b30089d69,-0.436218145442421,-0.0,-0.22064199034714202,,,,,,,,,,,,,,success,3,3,3/3,3,3,-1.245071945771669,0.28792019274514086,False,406.0,9.0,164.0,19267.85718225081,4.045266791,be58b162bd8a9700b69db3a25381397ae6cdfc255448c9843b1455ef0304c168,7bfa1be54c650907d042220461b0da554a3c26ae60f81e6ebcaee48b30089d69,-0.40620313543491493,-0.022528171963066293,-0.2481555463176604,0.0,,,,,2.220128125,1.770852834,0.149268836,1.393631251,0.189130129,0.016079903,0.01011711,0.001750181,success,3,3,3/3,3,3,-1.2087729371994698,0.2985634108058511,False,320.0,51.0,132.0,14147.375032573043,25.781795834,be58b162bd8a9700b69db3a25381397ae6cdfc255448c9843b1455ef0304c168,7bfa1be54c650907d042220461b0da554a3c26ae60f81e6ebcaee48b30089d69,-0.320160106746731,-0.12765964112404232,-0.19506573168881663,1.0160977895221526,,,,,2.219505958,23.519329167,0.156885585,23.143240833,0.169815334,0.013415813,0.013298723,4.402913525,"[{""run_id"":""qmap154-0410184_169-M1-s0-r0-be095d5717cd"",""seed"":0,""status"":""success""}]",[],"{""additive_wall_clock_stages"":[""initial_placement_s"",""problem_preparation_s"",""search_kernel_s"",""result_commit_s"",""routing_s""],""nested_fields_must_not_be_summed"":true,""nested_in_search_kernel"":[""return_match_s"",""forecast_s""],""transition_decision_s"":""reported_stage_not_added_to_full_compile""}","[{""run_id"":""qmap154-0410184_169-M2-raw-replay-a195d2e3a58b"",""seed"":0,""status"":""success""}]",[],"{""additive_wall_clock_stages"":[""initial_placement_s"",""problem_preparation_s"",""search_kernel_s"",""result_commit_s"",""routing_s""],""nested_fields_must_not_be_summed"":true,""nested_in_search_kernel"":[""return_match_s"",""forecast_s""],""transition_decision_s"":""reported_stage_not_added_to_full_compile""}","[{""run_id"":""qmap154-0410184_169-M3-s0-r0-5a6f33309a98"",""seed"":0,""status"":""success""},{""run_id"":""qmap154-0410184_169-M3-s1-r0-4d2d89cc8143"",""seed"":1,""status"":""success""},{""run_id"":""qmap154-0410184_169-M3-s2-r0-955e5dfbe3f5"",""seed"":2,""status"":""success""}]",[],"{""additive_wall_clock_stages"":[""initial_placement_s"",""problem_preparation_s"",""search_kernel_s"",""result_commit_s"",""routing_s""],""nested_fields_must_not_be_summed"":true,""nested_in_search_kernel"":[""return_match_s"",""forecast_s""],""transition_decision_s"":""reported_stage_not_added_to_full_compile""}","[{""run_id"":""qmap154-0410184_169-M4-s0-r0-76b04e64c3b0"",""seed"":0,""status"":""success""},{""run_id"":""qmap154-0410184_169-M4-s1-r0-ec4f2058a066"",""seed"":1,""status"":""success""},{""run_id"":""qmap154-0410184_169-M4-s2-r0-44f82b2f6fac"",""seed"":2,""status"":""success""}]",[],"{""additive_wall_clock_stages"":[""initial_placement_s"",""problem_preparation_s"",""search_kernel_s"",""result_commit_s"",""routing_s""],""nested_fields_must_not_be_summed"":true,""nested_in_search_kernel"":[""return_match_s"",""forecast_s""],""transition_decision_s"":""reported_stage_not_added_to_full_compile""}"
qmap154,3_17_13,5c1c11e8fdb3c2c2275eee5df9f9f6294b3040059e1f7361e9a7e1e855ff38cc,3,32,17,success,1,1,1/1,1,1,-0.17034184183776974,0.8433764659529815,False,68.0,0.0,32.0,2970.5321772823017,3.978931208,5c1c11e8fdb3c2c2275eee5df9f9f6294b3040059e1f7361e9a7e1e855ff38cc,180955d4760aaccf211e0537f451bd49772d122ae8a599341e2d7903a6789393,-0.06803402268368033,-0.0,-0.007493167865772778,,,,,,3.960245848,0.016796875,,0.0,,0.001084089,,,success,1,1,1/1,1,1,-0.17043262618662386,0.8432999040450452,False,68.0,0.0,32.0,3015.810430925166,0.00580625,5c1c11e8fdb3c2c2275eee5df9f9f6294b3040059e1f7361e9a7e1e855ff38cc,180955d4760aaccf211e0537f451bd49772d122ae8a599341e2d7903a6789393,-0.06803402268368033,-0.0,-0.007583952214626889,,,,,,,,,,,,,,success,3,3,3/3,3,3,-0.16708057731448997,0.8461314295919721,False,64.0,0.0,31.0,3319.9314343323936,1.611768875,5c1c11e8fdb3c2c2275eee5df9f9f6294b3040059e1f7361e9a7e1e855ff38cc,180955d4760aaccf211e0537f451bd49772d122ae8a599341e2d7903a6789393,-0.0640320213493462,-0.0,-0.008233904676827141,0.0,,,,,1.389741,0.195680375,0.01745046,0.107354791,0.040393709,0.002221346,0.000751044,0.000327819,success,3,3,3/3,3,3,-0.17242426712876793,0.8416220248507202,False,40.0,13.0,19.0,1830.2910508081472,2.062239834,5c1c11e8fdb3c2c2275eee5df9f9f6294b3040059e1f7361e9a7e1e855ff38cc,180955d4760aaccf211e0537f451bd49772d122ae8a599341e2d7903a6789393,-0.040020013343341376,-0.0325406928355402,-0.005048909661569721,0.09710372411675375,,,,,1.381309708,0.651264959,0.017551624,0.579254541,0.023490666,0.001509428,0.000468806,0.195027133,"[{""run_id"":""qmap154-3_17_13-M1-s0-r0-735a16c091f7"",""seed"":0,""status"":""success""}]",[],"{""additive_wall_clock_stages"":[""initial_placement_s"",""problem_preparation_s"",""search_kernel_s"",""result_commit_s"",""routing_s""],""nested_fields_must_not_be_summed"":true,""nested_in_search_kernel"":[""return_match_s"",""forecast_s""],""transition_decision_s"":""reported_stage_not_added_to_full_compile""}","[{""run_id"":""qmap154-3_17_13-M2-raw-replay-73bb7d9473b0"",""seed"":0,""status"":""success""}]",[],"{""additive_wall_clock_stages"":[""initial_placement_s"",""problem_preparation_s"",""search_kernel_s"",""result_commit_s"",""routing_s""],""nested_fields_must_not_be_summed"":true,""nested_in_search_kernel"":[""return_match_s"",""forecast_s""],""transition_decision_s"":""reported_stage_not_added_to_full_compile""}","[{""run_id"":""qmap154-3_17_13-M3-s0-r0-df8cd5c631df"",""seed"":0,""status"":""success""},{""run_id"":""qmap154-3_17_13-M3-s1-r0-c17c95d3a20d"",""seed"":1,""status"":""success""},{""run_id"":""qmap154-3_17_13-M3-s2-r0-f83ebf914114"",""seed"":2,""status"":""success""}]",[],"{""additive_wall_clock_stages"":[""initial_placement_s"",""problem_preparation_s"",""search_kernel_s"",""result_commit_s"",""routing_s""],""nested_fields_must_not_be_summed"":true,""nested_in_search_kernel"":[""return_match_s"",""forecast_s""],""transition_decision_s"":""reported_stage_not_added_to_full_compile""}","[{""run_id"":""qmap154-3_17_13-M4-s0-r0-29b2455103c7"",""seed"":0,""status"":""success""},{""run_id"":""qmap154-3_17_13-M4-s1-r0-6f15cb417a2f"",""seed"":1,""status"":""success""},{""run_id"":""qmap154-3_17_13-M4-s2-r0-7286422c584e"",""seed"":2,""status"":""success""}]",[],"{""additive_wall_clock_stages"":[""initial_placement_s"",""problem_preparation_s"",""search_kernel_s"",""result_commit_s"",""routing_s""],""nested_fields_must_not_be_summed"":true,""nested_in_search_kernel"":[""return_match_s"",""forecast_s""],""transition_decision_s"":""reported_stage_not_added_to_full_compile""}"
qmap154,4_49_16,f84dd3828bcf2684305f19cf03ec4cb40c22d74e2b41f5714593f6bd3f483ae9,5,175,97,success,1,1,1/1,1,1,-1.019697399322453,0.3607040729572892,False,404.0,0.0,181.0,17029.227268008213,8.073223792,f84dd3828bcf2684305f19cf03ec4cb40c22d74e2b41f5714593f6bd3f483ae9,a26ea879188a26c735ace53cc722f160f0fb4fc8e60a681cd70a3430ed2b1239,-0.40420213476774786,-0.0,-0.07677083109556071,,,,,,7.960610151,0.103896208,,0.0,,0.005880594,,,success,1,1,1/1,1,1,-1.0237979609753585,0.35922801207528,False,408.0,0.0,179.0,16810.345987514997,0.029534292,f84dd3828bcf2684305f19cf03ec4cb40c22d74e2b41f5714593f6bd3f483ae9,a26ea879188a26c735ace53cc722f160f0fb4fc8e60a681cd70a3430ed2b1239,-0.408204136102082,-0.0,-0.07686939141413202,,,,,,,,,,,,,,success,3,3,3/3,3,3,-0.9994429998474749,0.36808440715402824,False,384.0,0.0,181.0,17262.455880151567,3.355648583,f84dd3828bcf2684305f19cf03ec4cb40c22d74e2b41f5714593f6bd3f483ae9,a26ea879188a26c735ace53cc722f160f0fb4fc8e60a681cd70a3430ed2b1239,-0.38419212809607717,-0.0,-0.07652643829225322,0.0,,,,,2.144730583,1.164937417,0.127337293,0.833025914,0.164895253,0.014136553,0.005203994,0.002021302,success,3,3,3/3,3,3,-1.033320052386165,0.35582364418098095,False,270.0,66.0,127.0,13319.63163281929,10.255342958,f84dd3828bcf2684305f19cf03ec4cb40c22d74e2b41f5714593f6bd3f483ae9,a26ea879188a26c735ace53cc722f160f0fb4fc8e60a681cd70a3430ed2b1239,-0.27013509006755426,-0.16520659439581947,-0.05925393446364676,0.8379278316363101,,,,,2.141164417,8.072169125,0.137591959,7.731646715,0.165899494,0.010583162,0.004046264,2.385727297,"[{""run_id"":""qmap154-4_49_16-M1-s0-r0-736bf1efd830"",""seed"":0,""status"":""success""}]",[],"{""additive_wall_clock_stages"":[""initial_placement_s"",""problem_preparation_s"",""search_kernel_s"",""result_commit_s"",""routing_s""],""nested_fields_must_not_be_summed"":true,""nested_in_search_kernel"":[""return_match_s"",""forecast_s""],""transition_decision_s"":""reported_stage_not_added_to_full_compile""}","[{""run_id"":""qmap154-4_49_16-M2-raw-replay-a7e1b7cdc0fd"",""seed"":0,""status"":""success""}]",[],"{""additive_wall_clock_stages"":[""initial_placement_s"",""problem_preparation_s"",""search_kernel_s"",""result_commit_s"",""routing_s""],""nested_fields_must_not_be_summed"":true,""nested_in_search_kernel"":[""return_match_s"",""forecast_s""],""transition_decision_s"":""reported_stage_not_added_to_full_compile""}","[{""run_id"":""qmap154-4_49_16-M3-s0-r0-6beb65ad0d45"",""seed"":0,""status"":""success""},{""run_id"":""qmap154-4_49_16-M3-s1-r0-4427e9c26cb3"",""seed"":1,""status"":""success""},{""run_id"":""qmap154-4_49_16-M3-s2-r0-2002bef49297"",""seed"":2,""status"":""success""}]",[],"{""additive_wall_clock_stages"":[""initial_placement_s"",""problem_preparation_s"",""search_kernel_s"",""result_commit_s"",""routing_s""],""nested_fields_must_not_be_summed"":true,""nested_in_search_kernel"":[""return_match_s"",""forecast_s""],""transition_decision_s"":""reported_stage_not_added_to_full_compile""}","[{""run_id"":""qmap154-4_49_16-M4-s0-r0-bcde213e246e"",""seed"":0,""status"":""success""},{""run_id"":""qmap154-4_49_16-M4-s1-r0-7e1b1944a2e7"",""seed"":1,""status"":""success""},{""run_id"":""qmap154-4_49_16-M4-s2-r0-616f014ab679"",""seed"":2,""status"":""success""}]",[],"{""additive_wall_clock_stages"":[""initial_placement_s"",""problem_preparation_s"",""search_kernel_s"",""result_commit_s"",""routing_s""],""nested_fields_must_not_be_summed"":true,""nested_in_search_kernel"":[""return_match_s"",""forecast_s""],""transition_decision_s"":""reported_stage_not_added_to_full_compile""}"
qmap154,4gt10-v1_81,157102116dddf0ba09f368852ccbf37928a0e99f99e9d7d4859f84655c619419,5,124,66,success,1,1,1/1,1,1,-0.6929165722191735,0.5001153174664597,False,272.0,0.0,122.0,11490.431948238245,8.863709958,157102116dddf0ba09f368852ccbf37928a0e99f99e9d7d4859f84655c619419,0076207c5eda1cd2e49d511af7c07f9dda935f21e67a64d735f54e6d963f3730,-0.27213609073472134,-0.0,-0.05274714001428218,,,,,,8.788182974,0.069507125,,0.0,,0.004005909,,,success,1,1,1/1,1,1,-0.6928633620415361,0.5001419293993478,False,272.0,0.0,120.0,11370.636327242406,0.020105916,157102116dddf0ba09f368852ccbf37928a0e99f99e9d7d4859f84655c619419,0076207c5eda1cd2e49d511af7c07f9dda935f21e67a64d735f54e6d963f3730,-0.27213609073472134,-0.0,-0.052693929836644754,,,,,,,,,,,,,,success,3,3,3/3,3,3,-0.6864723021903694,0.5033486025092224,False,262.0,1.0,124.0,12174.455501274417,3.263092,157102116dddf0ba09f368852ccbf37928a0e99f99e9d7d4859f84655c619419,0076207c5eda1cd2e49d511af7c07f9dda935f21e67a64d735f54e6d963f3730,-0.262131087398886,-0.002503130218118477,-0.0540979780046594,0.0,,,,,2.337914083,0.853650875,0.091764329,0.617266006,0.109590538,0.009457827,0.003634175,0.001346277,success,3,3,3/3,3,3,-0.7095903606414289,0.4918456355303221,False,192.0,43.0,88.0,9409.287024188574,7.675905167,157102116dddf0ba09f368852ccbf37928a0e99f99e9d7d4859f84655c619419,0076207c5eda1cd2e49d511af7c07f9dda935f21e67a64d735f54e6d963f3730,-0.19209606404803858,-0.1076345993790945,-0.04182635574412587,0.5725237727176523,,,,,2.320615708,5.357720792,0.098451712,5.116284582,0.109259128,0.007192612,0.002983254,1.638616927,"[{""run_id"":""qmap154-4gt10-v1_81-M1-s0-r0-607ea6be7b93"",""seed"":0,""status"":""success""}]",[],"{""additive_wall_clock_stages"":[""initial_placement_s"",""problem_preparation_s"",""search_kernel_s"",""result_commit_s"",""routing_s""],""nested_fields_must_not_be_summed"":true,""nested_in_search_kernel"":[""return_match_s"",""forecast_s""],""transition_decision_s"":""reported_stage_not_added_to_full_compile""}","[{""run_id"":""qmap154-4gt10-v1_81-M2-raw-replay-722dd028edf0"",""seed"":0,""status"":""success""}]",[],"{""additive_wall_clock_stages"":[""initial_placement_s"",""problem_preparation_s"",""search_kernel_s"",""result_commit_s"",""routing_s""],""nested_fields_must_not_be_summed"":true,""nested_in_search_kernel"":[""return_match_s"",""forecast_s""],""transition_decision_s"":""reported_stage_not_added_to_full_compile""}","[{""run_id"":""qmap154-4gt10-v1_81-M3-s0-r0-eadf9357f53c"",""seed"":0,""status"":""success""},{""run_id"":""qmap154-4gt10-v1_81-M3-s1-r0-335fb5e56019"",""seed"":1,""status"":""success""},{""run_id"":""qmap154-4gt10-v1_81-M3-s2-r0-4f1a2fc56dfc"",""seed"":2,""status"":""success""}]",[],"{""additive_wall_clock_stages"":[""initial_placement_s"",""problem_preparation_s"",""search_kernel_s"",""result_commit_s"",""routing_s""],""nested_fields_must_not_be_summed"":true,""nested_in_search_kernel"":[""return_match_s"",""forecast_s""],""transition_decision_s"":""reported_stage_not_added_to_full_compile""}","[{""run_id"":""qmap154-4gt10-v1_81-M4-s0-r0-0c52c48fe475"",""seed"":0,""status"":""success""},{""run_id"":""qmap154-4gt10-v1_81-M4-s1-r0-4ac576b57ef0"",""seed"":1,""status"":""success""},{""run_id"":""qmap154-4gt10-v1_81-M4-s2-r0-30b0a81dd13a"",""seed"":2,""status"":""success""}]",[],"{""additive_wall_clock_stages"":[""initial_placement_s"",""problem_preparation_s"",""search_kernel_s"",""result_commit_s"",""routing_s""],""nested_fields_must_not_be_summed"":true,""nested_in_search_kernel"":[""return_match_s"",""forecast_s""],""transition_decision_s"":""reported_stage_not_added_to_full_compile""}"
qmap154,4gt11_82,aacab69f698e7b9ecb3ad3698004174062167964aebd93c4efcbe624131bff1d,5,27,16,success,1,1,1/1,1,1,-0.15533418323927312,0.8561290257016672,False,56.0,0.0,24.0,2391.354506511963,6.16387825,aacab69f698e7b9ecb3ad3698004174062167964aebd93c4efcbe624131bff1d,7400abd5b221bb1187ad2a457a8c13c404e1b7faae226a009756b2b0da9d2e77,-0.05602801868067792,-0.0,-0.011004280138832808,,,,,,6.14745903,0.0148115,,0.0,,0.000899076,,,success,1,1,1/1,1,1,-0.15490465070448334,0.8564968399606243,False,56.0,0.0,22.0,2210.77251335491,0.005399292,aacab69f698e7b9ecb3ad3698004174062167964aebd93c4efcbe624131bff1d,7400abd5b221bb1187ad2a457a8c13c404e1b7faae226a009756b2b0da9d2e77,-0.05602801868067792,-0.0,-0.010574747604043038,,,,,,,,,,,,,,success,3,3,3/3,3,3,-0.14906626017525873,0.8615120290696869,False,50.0,0.0,22.0,2346.411617059571,2.074884584,aacab69f698e7b9ecb3ad3698004174062167964aebd93c4efcbe624131bff1d,7400abd5b221bb1187ad2a457a8c13c404e1b7faae226a009756b2b0da9d2e77,-0.05002501667917672,-0.0,-0.010739359076319639,0.0,,,,,1.818194084,0.221718042,0.033762623,0.134089627,0.022341622,0.001814842,0.000718619,0.000265306,success,3,3,3/3,3,3,-0.15203471938214563,0.8589584577164673,False,42.0,5.0,19.0,1912.3773748582134,2.696460959,aacab69f698e7b9ecb3ad3698004174062167964aebd93c4efcbe624131bff1d,7400abd5b221bb1187ad2a457a8c13c404e1b7faae226a009756b2b0da9d2e77,-0.042021014010508444,-0.012515651090592385,-0.009196169861282437,0.07782189351722467,,,,,1.841076667,0.833381833,0.032742585,0.747310706,0.022351376,0.001704216,0.000783664,0.261007636,"[{""run_id"":""qmap154-4gt11_82-M1-s0-r0-33a19430a02e"",""seed"":0,""status"":""success""}]",[],"{""additive_wall_clock_stages"":[""initial_placement_s"",""problem_preparation_s"",""search_kernel_s"",""result_commit_s"",""routing_s""],""nested_fields_must_not_be_summed"":true,""nested_in_search_kernel"":[""return_match_s"",""forecast_s""],""transition_decision_s"":""reported_stage_not_added_to_full_compile""}","[{""run_id"":""qmap154-4gt11_82-M2-raw-replay-459d6ad5339c"",""seed"":0,""status"":""success""}]",[],"{""additive_wall_clock_stages"":[""initial_placement_s"",""problem_preparation_s"",""search_kernel_s"",""result_commit_s"",""routing_s""],""nested_fields_must_not_be_summed"":true,""nested_in_search_kernel"":[""return_match_s"",""forecast_s""],""transition_decision_s"":""reported_stage_not_added_to_full_compile""}","[{""run_id"":""qmap154-4gt11_82-M3-s0-r0-928c914a2312"",""seed"":0,""status"":""success""},{""run_id"":""qmap154-4gt11_82-M3-s1-r0-7aaf5fff12c1"",""seed"":1,""status"":""success""},{""run_id"":""qmap154-4gt11_82-M3-s2-r0-60010f6e0973"",""seed"":2,""status"":""success""}]",[],"{""additive_wall_clock_stages"":[""initial_placement_s"",""problem_preparation_s"",""search_kernel_s"",""result_commit_s"",""routing_s""],""nested_fields_must_not_be_summed"":true,""nested_in_search_kernel"":[""return_match_s"",""forecast_s""],""transition_decision_s"":""reported_stage_not_added_to_full_compile""}","[{""run_id"":""qmap154-4gt11_82-M4-s0-r0-5a8fb5e8fe50"",""seed"":0,""status"":""success""},{""run_id"":""qmap154-4gt11_82-M4-s1-r0-a07a10a545b4"",""seed"":1,""status"":""success""},{""run_id"":""qmap154-4gt11_82-M4-s2-r0-9b10ce20bee2"",""seed"":2,""status"":""success""}]",[],"{""additive_wall_clock_stages"":[""initial_placement_s"",""problem_preparation_s"",""search_kernel_s"",""result_commit_s"",""routing_s""],""nested_fields_must_not_be_summed"":true,""nested_in_search_kernel"":[""return_match_s"",""forecast_s""],""transition_decision_s"":""reported_stage_not_added_to_full_compile""}"
qmap154,4gt11_83,8e33e885ddd96f3b57ede11f90be05bae3c461df4b9fb1670d222413068d2d44,5,23,14,success,1,1,1/1,1,1,-0.13471198464705628,0.8739675915268008,False,48.0,0.0,22.0,2168.7980294939016,5.429347042,8e33e885ddd96f3b57ede11f90be05bae3c461df4b9fb1670d222413068d2d44,6e674cc140d0ce7d415ce217b0339c906decb6c1a08aeb4e2ee2b8a5b46777d3,-0.048024016012009646,-0.0,-0.009611347898380794,,,,,,5.414151907,0.013757708,,0.0,,0.000786781,,,success,1,1,1/1,1,1,-0.1351830715918266,0.8735559737657692,False,48.0,0.0,22.0,2205.8460611385435,0.004977,8e33e885ddd96f3b57ede11f90be05bae3c461df4b9fb1670d222413068d2d44,6e674cc140d0ce7d415ce217b0339c906decb6c1a08aeb4e2ee2b8a5b46777d3,-0.048024016012009646,-0.0,-0.010082434843151127,,,,,,,,,,,,,,success,3,3,3/3,3,3,-0.13043692406688107,0.8777118536969363,False,44.0,0.0,21.0,2075.036143222331,1.88028975,8e33e885ddd96f3b57ede11f90be05bae3c461df4b9fb1670d222413068d2d44,6e674cc140d0ce7d415ce217b0339c906decb6c1a08aeb4e2ee2b8a5b46777d3,-0.04402201467767551,-0.0,-0.009338288652539729,0.0,,,,,1.690362833,0.166205042,0.03013371,0.083755832,0.02000179,0.001598597,0.000528614,0.000257666,success,3,3,3/3,3,3,-0.13363295757629307,0.8749111351800528,False,34.0,6.0,16.0,1604.9945253015928,2.325659333,8e33e885ddd96f3b57ede11f90be05bae3c461df4b9fb1670d222413068d2d44,6e674cc140d0ce7d415ce217b0339c906decb6c1a08aeb4e2ee2b8a5b46777d3,-0.03401701134184017,-0.01501878130871086,-0.007520544189076193,0.0683533152384807,,,,,1.700420625,0.602490291,0.029831084,0.520155292,0.019189834,0.001302481,0.000432257,0.181151093,"[{""run_id"":""qmap154-4gt11_83-M1-s0-r0-8aac0acc81c0"",""seed"":0,""status"":""success""}]",[],"{""additive_wall_clock_stages"":[""initial_placement_s"",""problem_preparation_s"",""search_kernel_s"",""result_commit_s"",""routing_s""],""nested_fields_must_not_be_summed"":true,""nested_in_search_kernel"":[""return_match_s"",""forecast_s""],""transition_decision_s"":""reported_stage_not_added_to_full_compile""}","[{""run_id"":""qmap154-4gt11_83-M2-raw-replay-7c3cf861ea19"",""seed"":0,""status"":""success""}]",[],"{""additive_wall_clock_stages"":[""initial_placement_s"",""problem_preparation_s"",""search_kernel_s"",""result_commit_s"",""routing_s""],""nested_fields_must_not_be_summed"":true,""nested_in_search_kernel"":[""return_match_s"",""forecast_s""],""transition_decision_s"":""reported_stage_not_added_to_full_compile""}","[{""run_id"":""qmap154-4gt11_83-M3-s0-r0-29484ea48efb"",""seed"":0,""status"":""success""},{""run_id"":""qmap154-4gt11_83-M3-s1-r0-1adbad136466"",""seed"":1,""status"":""success""},{""run_id"":""qmap154-4gt11_83-M3-s2-r0-bbf5c34f0233"",""seed"":2,""status"":""success""}]",[],"{""additive_wall_clock_stages"":[""initial_placement_s"",""problem_preparation_s"",""search_kernel_s"",""result_commit_s"",""routing_s""],""nested_fields_must_not_be_summed"":true,""nested_in_search_kernel"":[""return_match_s"",""forecast_s""],""transition_decision_s"":""reported_stage_not_added_to_full_compile""}","[{""run_id"":""qmap154-4gt11_83-M4-s0-r0-86ef80ccce5f"",""seed"":0,""status"":""success""},{""run_id"":""qmap154-4gt11_83-M4-s1-r0-94aec2cc24c5"",""seed"":1,""status"":""success""},{""run_id"":""qmap154-4gt11_83-M4-s2-r0-5d3b9bcb924e"",""seed"":2,""status"":""success""}]",[],"{""additive_wall_clock_stages"":[""initial_placement_s"",""problem_preparation_s"",""search_kernel_s"",""result_commit_s"",""routing_s""],""nested_fields_must_not_be_summed"":true,""nested_in_search_kernel"":[""return_match_s"",""forecast_s""],""transition_decision_s"":""reported_stage_not_added_to_full_compile""}"
qmap154,4gt11_84,012b9e9f7ae5656aefa02b50a70cdc55461c1dc41c9fed19de9b1e8eb288a0ae,5,18,9,success,1,1,1/1,1,1,-0.09777551096426074,0.9068524593392224,False,40.0,0.0,16.0,1592.9343498347191,3.809102625,012b9e9f7ae5656aefa02b50a70cdc55461c1dc41c9fed19de9b1e8eb288a0ae,52fca3766050e35c81a1444076ff3a4362063050416809a39e1f0af616357057,-0.040020013343341376,-0.0,-0.007241811046984918,,,,,,3.799394846,0.008603792,,0.0,,0.000607729,,,success,1,1,1/1,1,1,-0.09808003116627913,0.9065763464882078,False,40.0,0.0,16.0,1631.7954108998247,0.003164542,012b9e9f7ae5656aefa02b50a70cdc55461c1dc41c9fed19de9b1e8eb288a0ae,52fca3766050e35c81a1444076ff3a4362063050416809a39e1f0af616357057,-0.040020013343341376,-0.0,-0.007546331249003319,,,,,,,,,,,,,,success,3,3,3/3,3,3,-0.0911407950329081,0.9128891715896745,False,34.0,0.0,14.0,1490.0430724014252,1.523668459,012b9e9f7ae5656aefa02b50a70cdc55461c1dc41c9fed19de9b1e8eb288a0ae,52fca3766050e35c81a1444076ff3a4362063050416809a39e1f0af616357057,-0.03401701134184017,-0.0,-0.006610097117133493,0.0,,,,,1.387936959,0.116567042,0.01003275,0.06188371,0.012890417,0.001330853,0.00031313,0.000150811,success,3,3,3/3,3,3,-0.09375396131137584,0.9105067545721256,False,26.0,5.0,11.0,1146.0869877163889,1.707404541,012b9e9f7ae5656aefa02b50a70cdc55461c1dc41c9fed19de9b1e8eb288a0ae,52fca3766050e35c81a1444076ff3a4362063050416809a39e1f0af616357057,-0.026013008673171894,-0.012515651090592385,-0.004711614973677119,0.03796009351043105,,,,,1.37598725,0.309706,0.010098374,0.25722575,0.012184084,0.000918627,0.000236393,0.08105298,"[{""run_id"":""qmap154-4gt11_84-M1-s0-r0-83e0510af83f"",""seed"":0,""status"":""success""}]",[],"{""additive_wall_clock_stages"":[""initial_placement_s"",""problem_preparation_s"",""search_kernel_s"",""result_commit_s"",""routing_s""],""nested_fields_must_not_be_summed"":true,""nested_in_search_kernel"":[""return_match_s"",""forecast_s""],""transition_decision_s"":""reported_stage_not_added_to_full_compile""}","[{""run_id"":""qmap154-4gt11_84-M2-raw-replay-5904fe388434"",""seed"":0,""status"":""success""}]",[],"{""additive_wall_clock_stages"":[""initial_placement_s"",""problem_preparation_s"",""search_kernel_s"",""result_commit_s"",""routing_s""],""nested_fields_must_not_be_summed"":true,""nested_in_search_kernel"":[""return_match_s"",""forecast_s""],""transition_decision_s"":""reported_stage_not_added_to_full_compile""}","[{""run_id"":""qmap154-4gt11_84-M3-s0-r0-881f306052d4"",""seed"":0,""status"":""success""},{""run_id"":""qmap154-4gt11_84-M3-s1-r0-fcf27c77b68b"",""seed"":1,""status"":""success""},{""run_id"":""qmap154-4gt11_84-M3-s2-r0-fccfe1da21d7"",""seed"":2,""status"":""success""}]",[],"{""additive_wall_clock_stages"":[""initial_placement_s"",""problem_preparation_s"",""search_kernel_s"",""result_commit_s"",""routing_s""],""nested_fields_must_not_be_summed"":true,""nested_in_search_kernel"":[""return_match_s"",""forecast_s""],""transition_decision_s"":""reported_stage_not_added_to_full_compile""}","[{""run_id"":""qmap154-4gt11_84-M4-s0-r0-94f5cf83a2b2"",""seed"":0,""status"":""success""},{""run_id"":""qmap154-4gt11_84-M4-s1-r0-129ca20ae662"",""seed"":1,""status"":""success""},{""run_id"":""qmap154-4gt11_84-M4-s2-r0-bf853bab70ee"",""seed"":2,""status"":""success""}]",[],"{""additive_wall_clock_stages"":[""initial_placement_s"",""problem_preparation_s"",""search_kernel_s"",""result_commit_s"",""routing_s""],""nested_fields_must_not_be_summed"":true,""nested_in_search_kernel"":[""return_match_s"",""forecast_s""],""transition_decision_s"":""reported_stage_not_added_to_full_compile""}"
qmap154,4gt12-v0_86,4ce6bfb1bf9aca450b753d6849ee005106931698bb33d26016c766f8a3c6cd05,6,208,114,success,1,1,1/1,1,1,-1.191131602099132,0.30387720135344487,False,452.0,0.0,192.0,18237.367623343936,10.515190833,4ce6bfb1bf9aca450b753d6849ee005106931698bb33d26016c766f8a3c6cd05,41df4cbb0ed6cff5830bc636c73d4988dc9417a04f669b9a67426a802e39a0bf,-0.45222615077975753,-0.0,-0.1050663215629114,,,,,,10.395710945,0.109920791,,0.0,,0.006450176,,,success,1,1,1/1,1,1,-1.191789731184123,0.3036772767242913,False,452.0,0.0,192.0,18295.034934455874,0.032615,4ce6bfb1bf9aca450b753d6849ee005106931698bb33d26016c766f8a3c6cd05,41df4cbb0ed6cff5830bc636c73d4988dc9417a04f669b9a67426a802e39a0bf,-0.45222615077975753,-0.0,-0.10572445064790231,,,,,,,,,,,,,,success,3,3,3/3,3,3,-1.1812932527711448,0.30688160637244943,False,434.0,1.0,193.0,20188.17323597203,4.077562208,4ce6bfb1bf9aca450b753d6849ee005106931698bb33d26016c766f8a3c6cd05,41df4cbb0ed6cff5830bc636c73d4988dc9417a04f669b9a67426a802e39a0bf,-0.4342171447752539,-0.002503130218118477,-0.11073384802130926,0.0,,,,,2.638522709,1.375286458,0.14859934,0.999005167,0.188293928,0.029603481,0.005770394,0.002145737,success,3,3,3/3,3,3,-1.2078628094646042,0.2988352653390513,False,308.0,73.0,139.0,14825.531843377172,14.189549708,4ce6bfb1bf9aca450b753d6849ee005106931698bb33d26016c766f8a3c6cd05,41df4cbb0ed6cff5830bc636c73d4988dc9417a04f669b9a67426a802e39a0bf,-0.30815410274372856,-0.1827285059226488,-0.08314107104176383,1.0168259826130386,,,,,2.603369875,11.539446125,0.157968209,11.163407627,0.184380081,0.011980057,0.004629174,3.117157753,"[{""run_id"":""qmap154-4gt12-v0_86-M1-s0-r0-b9d0610526a2"",""seed"":0,""status"":""success""}]",[],"{""additive_wall_clock_stages"":[""initial_placement_s"",""problem_preparation_s"",""search_kernel_s"",""result_commit_s"",""routing_s""],""nested_fields_must_not_be_summed"":true,""nested_in_search_kernel"":[""return_match_s"",""forecast_s""],""transition_decision_s"":""reported_stage_not_added_to_full_compile""}","[{""run_id"":""qmap154-4gt12-v0_86-M2-raw-replay-b79ed8125fa0"",""seed"":0,""status"":""success""}]",[],"{""additive_wall_clock_stages"":[""initial_placement_s"",""problem_preparation_s"",""search_kernel_s"",""result_commit_s"",""routing_s""],""nested_fields_must_not_be_summed"":true,""nested_in_search_kernel"":[""return_match_s"",""forecast_s""],""transition_decision_s"":""reported_stage_not_added_to_full_compile""}","[{""run_id"":""qmap154-4gt12-v0_86-M3-s0-r0-218a707108f1"",""seed"":0,""status"":""success""},{""run_id"":""qmap154-4gt12-v0_86-M3-s1-r0-5e281622dabe"",""seed"":1,""status"":""success""},{""run_id"":""qmap154-4gt12-v0_86-M3-s2-r0-903c1feaccc7"",""seed"":2,""status"":""success""}]",[],"{""additive_wall_clock_stages"":[""initial_placement_s"",""problem_preparation_s"",""search_kernel_s"",""result_commit_s"",""routing_s""],""nested_fields_must_not_be_summed"":true,""nested_in_search_kernel"":[""return_match_s"",""forecast_s""],""transition_decision_s"":""reported_stage_not_added_to_full_compile""}","[{""run_id"":""qmap154-4gt12-v0_86-M4-s0-r0-c7b58de9285e"",""seed"":0,""status"":""success""},{""run_id"":""qmap154-4gt12-v0_86-M4-s1-r0-40f4f8566609"",""seed"":1,""status"":""success""},{""run_id"":""qmap154-4gt12-v0_86-M4-s2-r0-75104558d713"",""seed"":2,""status"":""success""}]",[],"{""additive_wall_clock_stages"":[""initial_placement_s"",""problem_preparation_s"",""search_kernel_s"",""result_commit_s"",""routing_s""],""nested_fields_must_not_be_summed"":true,""nested_in_search_kernel"":[""return_match_s"",""forecast_s""],""transition_decision_s"":""reported_stage_not_added_to_full_compile""}"
qmap154,4gt12-v0_87,53778d274180d94de3f21dd545732c304f808e584fba613310d33d09a51d427d,6,206,112,success,1,1,1/1,1,1,-1.1755668030576623,0.3086439897431713,False,448.0,0.0,190.0,18032.177605980643,10.510592709,53778d274180d94de3f21dd545732c304f808e584fba613310d33d09a51d427d,98ff463c492dacaf08afdc60969eb1455d2f6cc1c9c40f74ae4debef4ffca729,-0.4482241494454234,-0.0,-0.1041286975208683,,,,,,10.388203144,0.112668708,,0.0,,0.006696224,,,success,1,1,1/1,1,1,-1.1759998887933676,0.30851034937475985,False,448.0,0.0,190.0,18086.582359037253,0.030494042,53778d274180d94de3f21dd545732c304f808e584fba613310d33d09a51d427d,98ff463c492dacaf08afdc60969eb1455d2f6cc1c9c40f74ae4debef4ffca729,-0.4482241494454234,-0.0,-0.10456178325657366,,,,,,,,,,,,,,success,3,3,3/3,3,3,-1.1711629606892384,0.3100062065143786,False,432.0,1.0,196.0,20363.93698011858,4.062021209,53778d274180d94de3f21dd545732c304f808e584fba613310d33d09a51d427d,98ff463c492dacaf08afdc60969eb1455d2f6cc1c9c40f74ae4debef4ffca729,-0.43221614410808684,-0.002503130218118477,-0.1107266000535441,0.0,,,,,2.61718525,1.417745958,0.147581583,1.050109663,0.187685495,0.032773733,0.005761732,0.002136697,success,3,3,3/3,3,3,-1.1922113774799135,0.30354925931637433,False,304.0,73.0,137.0,14601.689293413372,13.772890708,53778d274180d94de3f21dd545732c304f808e584fba613310d33d09a51d427d,98ff463c492dacaf08afdc60969eb1455d2f6cc1c9c40f74ae4debef4ffca729,-0.30415210140939447,-0.1827285059226488,-0.08211681405649975,1.0062365837758767,,,,,2.625877833,11.084809292,0.15230558,10.73067588,0.180601837,0.01183629,0.004511269,2.99922051,"[{""run_id"":""qmap154-4gt12-v0_87-M1-s0-r0-fab4e93c175d"",""seed"":0,""status"":""success""}]",[],"{""additive_wall_clock_stages"":[""initial_placement_s"",""problem_preparation_s"",""search_kernel_s"",""result_commit_s"",""routing_s""],""nested_fields_must_not_be_summed"":true,""nested_in_search_kernel"":[""return_match_s"",""forecast_s""],""transition_decision_s"":""reported_stage_not_added_to_full_compile""}","[{""run_id"":""qmap154-4gt12-v0_87-M2-raw-replay-d90b5f1596c0"",""seed"":0,""status"":""success""}]",[],"{""additive_wall_clock_stages"":[""initial_placement_s"",""problem_preparation_s"",""search_kernel_s"",""result_commit_s"",""routing_s""],""nested_fields_must_not_be_summed"":true,""nested_in_search_kernel"":[""return_match_s"",""forecast_s""],""transition_decision_s"":""reported_stage_not_added_to_full_compile""}","[{""run_id"":""qmap154-4gt12-v0_87-M3-s0-r0-883bcc6f2621"",""seed"":0,""status"":""success""},{""run_id"":""qmap154-4gt12-v0_87-M3-s1-r0-b6c67f469079"",""seed"":1,""status"":""success""},{""run_id"":""qmap154-4gt12-v0_87-M3-s2-r0-e6f3862d34d8"",""seed"":2,""status"":""success""}]",[],"{""additive_wall_clock_stages"":[""initial_placement_s"",""problem_preparation_s"",""search_kernel_s"",""result_commit_s"",""routing_s""],""nested_fields_must_not_be_summed"":true,""nested_in_search_kernel"":[""return_match_s"",""forecast_s""],""transition_decision_s"":""reported_stage_not_added_to_full_compile""}","[{""run_id"":""qmap154-4gt12-v0_87-M4-s0-r0-eedeac876994"",""seed"":0,""status"":""success""},{""run_id"":""qmap154-4gt12-v0_87-M4-s1-r0-451116833e4e"",""seed"":1,""status"":""success""},{""run_id"":""qmap154-4gt12-v0_87-M4-s2-r0-0fafcc453e4c"",""seed"":2,""status"":""success""}]",[],"{""additive_wall_clock_stages"":[""initial_placement_s"",""problem_preparation_s"",""search_kernel_s"",""result_commit_s"",""routing_s""],""nested_fields_must_not_be_summed"":true,""nested_in_search_kernel"":[""return_match_s"",""forecast_s""],""transition_decision_s"":""reported_stage_not_added_to_full_compile""}"
qmap154,4gt12-v0_88,337ec9b8fa347392e1e7680c23a11964ecce6b8d6a60f119881338597bff4df8,6,161,86,success,1,1,1/1,1,1,-0.9076244419071995,0.4034815803891876,False,344.0,0.0,157.0,14891.799528759133,9.278086667,337ec9b8fa347392e1e7680c23a11964ecce6b8d6a60f119881338597bff4df8,448ccc4cde71ba188be19437f6687967ccf06ec6e3f1dffd1328152bd2981e53,-0.34417211475273585,-0.0,-0.08406648388033419,,,,,,9.184020996,0.0863655,,0.0,,0.005203009,,,success,1,1,1/1,1,1,-0.9084490589053225,0.40314899976423346,False,344.0,0.0,156.0,14939.071478156868,0.026981875,337ec9b8fa347392e1e7680c23a11964ecce6b8d6a60f119881338597bff4df8,448ccc4cde71ba188be19437f6687967ccf06ec6e3f1dffd1328152bd2981e53,-0.34417211475273585,-0.0,-0.08489110087845715,,,,,,,,,,,,,,success,3,3,3/3,3,3,-0.9015843029609815,0.40592604020362055,False,332.0,1.0,157.0,16116.58211300701,3.463072417,337ec9b8fa347392e1e7680c23a11964ecce6b8d6a60f119881338597bff4df8,448ccc4cde71ba188be19437f6687967ccf06ec6e3f1dffd1328152bd2981e53,-0.3321661107497334,-0.002503130218118477,-0.08709509878070908,0.0,,,,,2.396429333,1.023336208,0.11845413,0.721775452,0.147104874,0.012117147,0.004569672,0.001728531,success,3,3,3/3,3,3,-0.9228753365457945,0.3973748105337814,False,234.0,59.0,110.0,11023.071615735224,9.521524542,337ec9b8fa347392e1e7680c23a11964ecce6b8d6a60f119881338597bff4df8,448ccc4cde71ba188be19437f6687967ccf06ec6e3f1dffd1328152bd2981e53,-0.23411707805854703,-0.14768468286899014,-0.06168773234412782,0.7568967331525026,,,,,2.39908425,7.081943292,0.122541626,6.782956665,0.140197376,0.009572744,0.003140799,2.250915709,"[{""run_id"":""qmap154-4gt12-v0_88-M1-s0-r0-4b2258b13942"",""seed"":0,""status"":""success""}]",[],"{""additive_wall_clock_stages"":[""initial_placement_s"",""problem_preparation_s"",""search_kernel_s"",""result_commit_s"",""routing_s""],""nested_fields_must_not_be_summed"":true,""nested_in_search_kernel"":[""return_match_s"",""forecast_s""],""transition_decision_s"":""reported_stage_not_added_to_full_compile""}","[{""run_id"":""qmap154-4gt12-v0_88-M2-raw-replay-a07f77620b3a"",""seed"":0,""status"":""success""}]",[],"{""additive_wall_clock_stages"":[""initial_placement_s"",""problem_preparation_s"",""search_kernel_s"",""result_commit_s"",""routing_s""],""nested_fields_must_not_be_summed"":true,""nested_in_search_kernel"":[""return_match_s"",""forecast_s""],""transition_decision_s"":""reported_stage_not_added_to_full_compile""}","[{""run_id"":""qmap154-4gt12-v0_88-M3-s0-r0-7d9918aab6a4"",""seed"":0,""status"":""success""},{""run_id"":""qmap154-4gt12-v0_88-M3-s1-r0-d3edd21039ee"",""seed"":1,""status"":""success""},{""run_id"":""qmap154-4gt12-v0_88-M3-s2-r0-4d202c324f8b"",""seed"":2,""status"":""success""}]",[],"{""additive_wall_clock_stages"":[""initial_placement_s"",""problem_preparation_s"",""search_kernel_s"",""result_commit_s"",""routing_s""],""nested_fields_must_not_be_summed"":true,""nested_in_search_kernel"":[""return_match_s"",""forecast_s""],""transition_decision_s"":""reported_stage_not_added_to_full_compile""}","[{""run_id"":""qmap154-4gt12-v0_88-M4-s0-r0-ecc5f0b16e6c"",""seed"":0,""status"":""success""},{""run_id"":""qmap154-4gt12-v0_88-M4-s1-r0-0404d03e75b9"",""seed"":1,""status"":""success""},{""run_id"":""qmap154-4gt12-v0_88-M4-s2-r0-be171854b670"",""seed"":2,""status"":""success""}]",[],"{""additive_wall_clock_stages"":[""initial_placement_s"",""problem_preparation_s"",""search_kernel_s"",""result_commit_s"",""routing_s""],""nested_fields_must_not_be_summed"":true,""nested_in_search_kernel"":[""return_match_s"",""forecast_s""],""transition_decision_s"":""reported_stage_not_added_to_full_compile""}"
qmap154,4gt12-v1_89,4f73524b715eb1770efc2d80fc94314f980ad04bd5d39f4bda32e9373bb5114a,6,187,100,success,1,1,1/1,1,1,-1.0795317472434995,0.3397545794216961,False,416.0,0.0,189.0,19278.26946012675,8.858764833,4f73524b715eb1770efc2d80fc94314f980ad04bd5d39f4bda32e9373bb5114a,4aa033a1d12c318ada4cb8ec1f7fd30e53c40371cb1e243cb6627e62f5903608,-0.4162081387707503,-0.0,-0.10596100943494804,,,,,,8.753106356,0.096611833,,0.0,,0.006202936,,,success,1,1,1/1,1,1,-1.079544029096649,0.3397504066314697,False,420.0,0.0,181.0,18203.967050685605,0.030483292,4f73524b715eb1770efc2d80fc94314f980ad04bd5d39f4bda32e9373bb5114a,4aa033a1d12c318ada4cb8ec1f7fd30e53c40371cb1e243cb6627e62f5903608,-0.42021014010508445,-0.0,-0.10197128995376334,,,,,,,,,,,,,,success,3,3,3/3,3,3,-1.0639574834076047,0.34508742667294834,False,394.0,3.0,183.0,19563.59618135608,3.6362055,4f73524b715eb1770efc2d80fc94314f980ad04bd5d39f4bda32e9373bb5114a,4aa033a1d12c318ada4cb8ec1f7fd30e53c40371cb1e243cb6627e62f5903608,-0.39419713143191254,-0.00750939065435543,-0.10411694385704265,0.0,,,,,2.349695209,1.2226195,0.137186293,0.873831371,0.173751922,0.027014732,0.005096022,0.001922858,success,3,3,3/3,3,3,-1.079289750364866,0.33983680891865714,False,280.0,66.0,130.0,13865.328882878946,11.335089459,4f73524b715eb1770efc2d80fc94314f980ad04bd5d39f4bda32e9373bb5114a,4aa033a1d12c318ada4cb8ec1f7fd30e53c40371cb1e243cb6627e62f5903608,-0.28014009340338963,-0.16520659439581947,-0.07658046352785552,0.9342327112772341,,,,,2.317181416,8.950342,0.142492836,8.60109687,0.168818171,0.010917902,0.003891924,2.675750229,"[{""run_id"":""qmap154-4gt12-v1_89-M1-s0-r0-a6528a7d98a9"",""seed"":0,""status"":""success""}]",[],"{""additive_wall_clock_stages"":[""initial_placement_s"",""problem_preparation_s"",""search_kernel_s"",""result_commit_s"",""routing_s""],""nested_fields_must_not_be_summed"":true,""nested_in_search_kernel"":[""return_match_s"",""forecast_s""],""transition_decision_s"":""reported_stage_not_added_to_full_compile""}","[{""run_id"":""qmap154-4gt12-v1_89-M2-raw-replay-c94b2ae90184"",""seed"":0,""status"":""success""}]",[],"{""additive_wall_clock_stages"":[""initial_placement_s"",""problem_preparation_s"",""search_kernel_s"",""result_commit_s"",""routing_s""],""nested_fields_must_not_be_summed"":true,""nested_in_search_kernel"":[""return_match_s"",""forecast_s""],""transition_decision_s"":""reported_stage_not_added_to_full_compile""}","[{""run_id"":""qmap154-4gt12-v1_89-M3-s0-r0-aacbfde3ba5d"",""seed"":0,""status"":""success""},{""run_id"":""qmap154-4gt12-v1_89-M3-s1-r0-dc453441d721"",""seed"":1,""status"":""success""},{""run_id"":""qmap154-4gt12-v1_89-M3-s2-r0-d10193a9341d"",""seed"":2,""status"":""success""}]",[],"{""additive_wall_clock_stages"":[""initial_placement_s"",""problem_preparation_s"",""search_kernel_s"",""result_commit_s"",""routing_s""],""nested_fields_must_not_be_summed"":true,""nested_in_search_kernel"":[""return_match_s"",""forecast_s""],""transition_decision_s"":""reported_stage_not_added_to_full_compile""}","[{""run_id"":""qmap154-4gt12-v1_89-M4-s0-r0-f8320f954845"",""seed"":0,""status"":""success""},{""run_id"":""qmap154-4gt12-v1_89-M4-s1-r0-7567fab2c84f"",""seed"":1,""status"":""success""},{""run_id"":""qmap154-4gt12-v1_89-M4-s2-r0-85a6629cf0fd"",""seed"":2,""status"":""success""}]",[],"{""additive_wall_clock_stages"":[""initial_placement_s"",""problem_preparation_s"",""search_kernel_s"",""result_commit_s"",""routing_s""],""nested_fields_must_not_be_summed"":true,""nested_in_search_kernel"":[""return_match_s"",""forecast_s""],""transition_decision_s"":""reported_stage_not_added_to_full_compile""}"
qmap154,4gt13-v1_93,a18c9f80ee68afee3443e316232d2f6de495ee5d68f0f3ff3c3605e2760916ed,5,58,30,success,1,1,1/1,1,1,-0.31535269560997403,0.7295315263223074,False,124.0,0.0,54.0,5147.117969819125,5.617199958,a18c9f80ee68afee3443e316232d2f6de495ee5d68f0f3ff3c3605e2760916ed,48319211128747b4fba987e9e0f1ac7064f95f7a714a473edc91d7727a02afa5,-0.12406204136435826,-0.0,-0.02351178901717161,,,,,,5.585804701,0.02839,,0.0,,0.001979589,,,success,1,1,1/1,1,1,-0.3163490927652097,0.7288049852066851,False,124.0,0.0,55.0,5288.245144687616,0.009423083,a18c9f80ee68afee3443e316232d2f6de495ee5d68f0f3ff3c3605e2760916ed,48319211128747b4fba987e9e0f1ac7064f95f7a714a473edc91d7727a02afa5,-0.12406204136435826,-0.0,-0.02450818617240729,,,,,,,,,,,,,,success,3,3,3/3,3,3,-0.31476874496807206,0.7299576611341303,False,118.0,1.0,55.0,5603.533943543942,2.115494833,a18c9f80ee68afee3443e316232d2f6de495ee5d68f0f3ff3c3605e2760916ed,48319211128747b4fba987e9e0f1ac7064f95f7a714a473edc91d7727a02afa5,-0.11805903936285705,-0.002503130218118477,-0.024426709491485288,0.0,,,,,1.723153875,0.359594708,0.034279249,0.243447205,0.048537131,0.004194736,0.001488195,0.00058892,success,3,3,3/3,3,3,-0.3208487781177351,0.7255329591545231,False,88.0,19.0,39.0,3857.5212264375728,3.630387458,a18c9f80ee68afee3443e316232d2f6de495ee5d68f0f3ff3c3605e2760916ed,48319211128747b4fba987e9e0f1ac7064f95f7a714a473edc91d7727a02afa5,-0.08804402935535102,-0.04755947414425106,-0.017466409389688867,0.2256512228661362,,,,,1.715249125,1.895361209,0.034577457,1.771692502,0.046069421,0.003206491,0.001076274,0.672248265,"[{""run_id"":""qmap154-4gt13-v1_93-M1-s0-r0-58cadef8931b"",""seed"":0,""status"":""success""}]",[],"{""additive_wall_clock_stages"":[""initial_placement_s"",""problem_preparation_s"",""search_kernel_s"",""result_commit_s"",""routing_s""],""nested_fields_must_not_be_summed"":true,""nested_in_search_kernel"":[""return_match_s"",""forecast_s""],""transition_decision_s"":""reported_stage_not_added_to_full_compile""}","[{""run_id"":""qmap154-4gt13-v1_93-M2-raw-replay-1d96ece4562e"",""seed"":0,""status"":""success""}]",[],"{""additive_wall_clock_stages"":[""initial_placement_s"",""problem_preparation_s"",""search_kernel_s"",""result_commit_s"",""routing_s""],""nested_fields_must_not_be_summed"":true,""nested_in_search_kernel"":[""return_match_s"",""forecast_s""],""transition_decision_s"":""reported_stage_not_added_to_full_compile""}","[{""run_id"":""qmap154-4gt13-v1_93-M3-s0-r0-3ad5be6d01c6"",""seed"":0,""status"":""success""},{""run_id"":""qmap154-4gt13-v1_93-M3-s1-r0-a5e325e5483b"",""seed"":1,""status"":""success""},{""run_id"":""qmap154-4gt13-v1_93-M3-s2-r0-ef3698b554bd"",""seed"":2,""status"":""success""}]",[],"{""additive_wall_clock_stages"":[""initial_placement_s"",""problem_preparation_s"",""search_kernel_s"",""result_commit_s"",""routing_s""],""nested_fields_must_not_be_summed"":true,""nested_in_search_kernel"":[""return_match_s"",""forecast_s""],""transition_decision_s"":""reported_stage_not_added_to_full_compile""}","[{""run_id"":""qmap154-4gt13-v1_93-M4-s0-r0-c467e3cd9c59"",""seed"":0,""status"":""success""},{""run_id"":""qmap154-4gt13-v1_93-M4-s1-r0-ad9c0dbc4624"",""seed"":1,""status"":""success""},{""run_id"":""qmap154-4gt13-v1_93-M4-s2-r0-555d051d8a3f"",""seed"":2,""status"":""success""}]",[],"{""additive_wall_clock_stages"":[""initial_placement_s"",""problem_preparation_s"",""search_kernel_s"",""result_commit_s"",""routing_s""],""nested_fields_must_not_be_summed"":true,""nested_in_search_kernel"":[""return_match_s"",""forecast_s""],""transition_decision_s"":""reported_stage_not_added_to_full_compile""}"
qmap154,4gt13_90,519ea74d71d3bb4c0342bd16f13d8643d86a0d7adcc9401edc6280a5f0b3209c,5,87,49,success,1,1,1/1,1,1,-0.507262232397826,0.6021418486770534,False,196.0,0.0,88.0,8850.802035473474,8.697790459,519ea74d71d3bb4c0342bd16f13d8643d86a0d7adcc9401edc6280a5f0b3209c,a97d75193a01960cf33d54e15ab87577e5010547fc33c14e760bbb8752cae59b,-0.19609806538237273,-0.0,-0.03944570187860983,,,,,,8.64618206,0.047059042,,0.0,,0.003019571,,,success,1,1,1/1,1,1,-0.5096363158218699,0.6007140092707604,False,200.0,0.0,86.0,8274.183678504196,0.015531958,519ea74d71d3bb4c0342bd16f13d8643d86a0d7adcc9401edc6280a5f0b3209c,a97d75193a01960cf33d54e15ab87577e5010547fc33c14e760bbb8752cae59b,-0.20010006671670688,-0.0,-0.03781778396831961,,,,,,,,,,,,,,success,3,3,3/3,3,3,-0.500832406977334,0.6060259894341927,False,186.0,1.0,88.0,9478.29571976548,3.004016208,519ea74d71d3bb4c0342bd16f13d8643d86a0d7adcc9401edc6280a5f0b3209c,a97d75193a01960cf33d54e15ab87577e5010547fc33c14e760bbb8752cae59b,-0.1860930620465374,-0.002503130218118477,-0.04051774957583473,0.0,,,,,2.305479,0.662333875,0.059085082,0.485070875,0.081108251,0.007174492,0.00263368,0.000938562,success,3,3,3/3,3,3,-0.5150267861612942,0.5974845900852876,False,144.0,28.0,66.0,6532.986440607681,5.830561167,519ea74d71d3bb4c0342bd16f13d8643d86a0d7adcc9401edc6280a5f0b3209c,a97d75193a01960cf33d54e15ab87577e5010547fc33c14e760bbb8752cae59b,-0.14407204803602894,-0.07008764610731735,-0.02914862688110447,0.40954640828918293,,,,,2.319090625,3.473570375,0.060221333,3.29624629,0.081319957,0.005779266,0.002379821,1.173836958,"[{""run_id"":""qmap154-4gt13_90-M1-s0-r0-d1b8f500ce05"",""seed"":0,""status"":""success""}]",[],"{""additive_wall_clock_stages"":[""initial_placement_s"",""problem_preparation_s"",""search_kernel_s"",""result_commit_s"",""routing_s""],""nested_fields_must_not_be_summed"":true,""nested_in_search_kernel"":[""return_match_s"",""forecast_s""],""transition_decision_s"":""reported_stage_not_added_to_full_compile""}","[{""run_id"":""qmap154-4gt13_90-M2-raw-replay-008522bc1d37"",""seed"":0,""status"":""success""}]",[],"{""additive_wall_clock_stages"":[""initial_placement_s"",""problem_preparation_s"",""search_kernel_s"",""result_commit_s"",""routing_s""],""nested_fields_must_not_be_summed"":true,""nested_in_search_kernel"":[""return_match_s"",""forecast_s""],""transition_decision_s"":""reported_stage_not_added_to_full_compile""}","[{""run_id"":""qmap154-4gt13_90-M3-s0-r0-40d0ec808f1d"",""seed"":0,""status"":""success""},{""run_id"":""qmap154-4gt13_90-M3-s1-r0-2be7b4bc28ec"",""seed"":1,""status"":""success""},{""run_id"":""qmap154-4gt13_90-M3-s2-r0-6e8f2fc9c87d"",""seed"":2,""status"":""success""}]",[],"{""additive_wall_clock_stages"":[""initial_placement_s"",""problem_preparation_s"",""search_kernel_s"",""result_commit_s"",""routing_s""],""nested_fields_must_not_be_summed"":true,""nested_in_search_kernel"":[""return_match_s"",""forecast_s""],""transition_decision_s"":""reported_stage_not_added_to_full_compile""}","[{""run_id"":""qmap154-4gt13_90-M4-s0-r0-5999ebdcd545"",""seed"":0,""status"":""success""},{""run_id"":""qmap154-4gt13_90-M4-s1-r0-73bd47d5677e"",""seed"":1,""status"":""success""},{""run_id"":""qmap154-4gt13_90-M4-s2-r0-18e4e4964d9f"",""seed"":2,""status"":""success""}]",[],"{""additive_wall_clock_stages"":[""initial_placement_s"",""problem_preparation_s"",""search_kernel_s"",""result_commit_s"",""routing_s""],""nested_fields_must_not_be_summed"":true,""nested_in_search_kernel"":[""return_match_s"",""forecast_s""],""transition_decision_s"":""reported_stage_not_added_to_full_compile""}"
qmap154,4gt13_91,679c25ee91f79d2be3c2d27eabe3178ef82d031ac02f532a255f82d5b2e14470,5,85,47,success,1,1,1/1,1,1,-0.48824290718419255,0.6137037818783082,False,188.0,0.0,88.0,8845.94925906602,8.6262335,679c25ee91f79d2be3c2d27eabe3178ef82d031ac02f532a255f82d5b2e14470,90dd12e01260af6707bf3b3ed5219fb0e5f50b8f91d4a098e3ba02134a162a4a,-0.18809406271370446,-0.0,-0.03905555299873727,,,,,,8.575488091,0.046192834,,0.0,,0.002994776,,,success,1,1,1/1,1,1,-0.49078413598059994,0.6121462000794132,False,192.0,0.0,86.0,8267.062875626812,0.014445125,679c25ee91f79d2be3c2d27eabe3178ef82d031ac02f532a255f82d5b2e14470,90dd12e01260af6707bf3b3ed5219fb0e5f50b8f91d4a098e3ba02134a162a4a,-0.19209606404803858,-0.0,-0.03759478046081056,,,,,,,,,,,,,,success,3,3,3/3,3,3,-0.4837209346767787,0.616485217555871,False,180.0,1.0,86.0,9183.857472492777,2.953665583,679c25ee91f79d2be3c2d27eabe3178ef82d031ac02f532a255f82d5b2e14470,90dd12e01260af6707bf3b3ed5219fb0e5f50b8f91d4a098e3ba02134a162a4a,-0.1800900600450362,-0.002503130218118477,-0.03944543451233579,0.0,,,,,2.302574166,0.599508875,0.059661546,0.423983455,0.081188789,0.00673151,0.002528138,0.000976517,success,3,3,3/3,3,3,-0.49550715182366045,0.6092618406774977,False,134.0,29.0,63.0,6294.07232658636,5.619805375,679c25ee91f79d2be3c2d27eabe3178ef82d031ac02f532a255f82d5b2e14470,90dd12e01260af6707bf3b3ed5219fb0e5f50b8f91d4a098e3ba02134a162a4a,-0.1340670447001936,-0.07259077632543583,-0.027756039326280225,0.40484949690307304,,,,,2.2960495,3.291253459,0.059628372,3.117371126,0.07836904,0.0054245,0.002065933,1.129471931,"[{""run_id"":""qmap154-4gt13_91-M1-s0-r0-b54e0d6c90e1"",""seed"":0,""status"":""success""}]",[],"{""additive_wall_clock_stages"":[""initial_placement_s"",""problem_preparation_s"",""search_kernel_s"",""result_commit_s"",""routing_s""],""nested_fields_must_not_be_summed"":true,""nested_in_search_kernel"":[""return_match_s"",""forecast_s""],""transition_decision_s"":""reported_stage_not_added_to_full_compile""}","[{""run_id"":""qmap154-4gt13_91-M2-raw-replay-7732c9bca3f8"",""seed"":0,""status"":""success""}]",[],"{""additive_wall_clock_stages"":[""initial_placement_s"",""problem_preparation_s"",""search_kernel_s"",""result_commit_s"",""routing_s""],""nested_fields_must_not_be_summed"":true,""nested_in_search_kernel"":[""return_match_s"",""forecast_s""],""transition_decision_s"":""reported_stage_not_added_to_full_compile""}","[{""run_id"":""qmap154-4gt13_91-M3-s0-r0-0d9d64b2193f"",""seed"":0,""status"":""success""},{""run_id"":""qmap154-4gt13_91-M3-s1-r0-4a2b6f743999"",""seed"":1,""status"":""success""},{""run_id"":""qmap154-4gt13_91-M3-s2-r0-b27f58699ea6"",""seed"":2,""status"":""success""}]",[],"{""additive_wall_clock_stages"":[""initial_placement_s"",""problem_preparation_s"",""search_kernel_s"",""result_commit_s"",""routing_s""],""nested_fields_must_not_be_summed"":true,""nested_in_search_kernel"":[""return_match_s"",""forecast_s""],""transition_decision_s"":""reported_stage_not_added_to_full_compile""}","[{""run_id"":""qmap154-4gt13_91-M4-s0-r0-2277e291c172"",""seed"":0,""status"":""success""},{""run_id"":""qmap154-4gt13_91-M4-s1-r0-c87e3ea51618"",""seed"":1,""status"":""success""},{""run_id"":""qmap154-4gt13_91-M4-s2-r0-ab52ee43c228"",""seed"":2,""status"":""success""}]",[],"{""additive_wall_clock_stages"":[""initial_placement_s"",""problem_preparation_s"",""search_kernel_s"",""result_commit_s"",""routing_s""],""nested_fields_must_not_be_summed"":true,""nested_in_search_kernel"":[""return_match_s"",""forecast_s""],""transition_decision_s"":""reported_stage_not_added_to_full_compile""}"
qmap154,4gt13_92,f8c690ddce42ddef13013b6f7beb6a0d0cf6b59b925ef995cfb07da443154ebd,5,57,30,success,1,1,1/1,1,1,-0.32393434926017145,0.7232977258519813,False,132.0,0.0,56.0,5370.758488330233,5.542911709,f8c690ddce42ddef13013b6f7beb6a0d0cf6b59b925ef995cfb07da443154ebd,3745cd95f0cff40478fb53ee94aa7deed1cae78c687ac55e6924ac929cf270bd,-0.13206604403302655,-0.0,-0.024389485007702744,,,,,,5.510576248,0.02924975,,0.0,,0.002071381,,,success,1,1,1/1,1,1,-0.32805020628645315,0.7203268538610678,False,136.0,0.0,55.0,5364.743633614141,0.009639792,f8c690ddce42ddef13013b6f7beb6a0d0cf6b59b925ef995cfb07da443154ebd,3745cd95f0cff40478fb53ee94aa7deed1cae78c687ac55e6924ac929cf270bd,-0.13606804536736067,-0.0,-0.024503340699650315,,,,,,,,,,,,,,success,3,3,3/3,3,3,-0.31130366255314496,0.7324914118817619,False,120.0,0.0,54.0,5252.624669727036,2.16324,f8c690ddce42ddef13013b6f7beb6a0d0cf6b59b925ef995cfb07da443154ebd,3745cd95f0cff40478fb53ee94aa7deed1cae78c687ac55e6924ac929cf270bd,-0.12006004003002413,-0.0,-0.023764802303678653,0.0,,,,,1.695763584,0.419572583,0.033538374,0.304375126,0.046991459,0.004179001,0.001607707,0.000621749,success,3,3,3/3,3,3,-0.32061614684514006,0.725701760443589,False,86.0,19.0,38.0,4245.267695679983,4.684378042,f8c690ddce42ddef13013b6f7beb6a0d0cf6b59b925ef995cfb07da443154ebd,3745cd95f0cff40478fb53ee94aa7deed1cae78c687ac55e6924ac929cf270bd,-0.08604302868818396,-0.04755947414425106,-0.019534823793262886,0.22333359799885338,,,,,1.724653792,2.929135833,0.033893206,2.817506876,0.044138,0.003166914,0.001313313,0.691487575,"[{""run_id"":""qmap154-4gt13_92-M1-s0-r0-f2dfa3739b06"",""seed"":0,""status"":""success""}]",[],"{""additive_wall_clock_stages"":[""initial_placement_s"",""problem_preparation_s"",""search_kernel_s"",""result_commit_s"",""routing_s""],""nested_fields_must_not_be_summed"":true,""nested_in_search_kernel"":[""return_match_s"",""forecast_s""],""transition_decision_s"":""reported_stage_not_added_to_full_compile""}","[{""run_id"":""qmap154-4gt13_92-M2-raw-replay-b43721eae480"",""seed"":0,""status"":""success""}]",[],"{""additive_wall_clock_stages"":[""initial_placement_s"",""problem_preparation_s"",""search_kernel_s"",""result_commit_s"",""routing_s""],""nested_fields_must_not_be_summed"":true,""nested_in_search_kernel"":[""return_match_s"",""forecast_s""],""transition_decision_s"":""reported_stage_not_added_to_full_compile""}","[{""run_id"":""qmap154-4gt13_92-M3-s0-r0-a02dca68488e"",""seed"":0,""status"":""success""},{""run_id"":""qmap154-4gt13_92-M3-s1-r0-21fdcda10b8b"",""seed"":1,""status"":""success""},{""run_id"":""qmap154-4gt13_92-M3-s2-r0-1fddcf295958"",""seed"":2,""status"":""success""}]",[],"{""additive_wall_clock_stages"":[""initial_placement_s"",""problem_preparation_s"",""search_kernel_s"",""result_commit_s"",""routing_s""],""nested_fields_must_not_be_summed"":true,""nested_in_search_kernel"":[""return_match_s"",""forecast_s""],""transition_decision_s"":""reported_stage_not_added_to_full_compile""}","[{""run_id"":""qmap154-4gt13_92-M4-s0-r0-8b144dd1a0a8"",""seed"":0,""status"":""success""},{""run_id"":""qmap154-4gt13_92-M4-s1-r0-f91643ca7b0f"",""seed"":1,""status"":""success""},{""run_id"":""qmap154-4gt13_92-M4-s2-r0-dcb27a635230"",""seed"":2,""status"":""success""}]",[],"{""additive_wall_clock_stages"":[""initial_placement_s"",""problem_preparation_s"",""search_kernel_s"",""result_commit_s"",""routing_s""],""nested_fields_must_not_be_summed"":true,""nested_in_search_kernel"":[""return_match_s"",""forecast_s""],""transition_decision_s"":""reported_stage_not_added_to_full_compile""}"
qmap154,4gt4-v0_72,bfa75e9edbb6ab94cd64844561c0745f471f23c85dfd068594d38324267ec989,6,211,113,success,1,1,1/1,1,1,-1.1959164521424395,0.30242666757416814,False,456.0,0.0,199.0,19371.815137787762,10.475600208,bfa75e9edbb6ab94cd64844561c0745f471f23c85dfd068594d38324267ec989,fbb567b5c870591dd9244223252cdaa2fc85e2f4e6a1b7e9ddeaa09496d447e0,-0.4562281521140917,-0.0,-0.10996157706842308,,,,,,10.356899023,0.108958417,,0.0,,0.006661892,,,success,1,1,1/1,1,1,-1.1964056066585358,0.30227877037917567,False,460.0,0.0,193.0,18363.29404045166,0.031452375,bfa75e9edbb6ab94cd64844561c0745f471f23c85dfd068594d38324267ec989,fbb567b5c870591dd9244223252cdaa2fc85e2f4e6a1b7e9ddeaa09496d447e0,-0.4602301534484258,-0.0,-0.1064487302501851,,,,,,,,,,,,,,success,3,3,3/3,3,3,-1.190101765822518,0.3041903063147861,False,440.0,2.0,204.0,21960.500239141897,4.1213915,bfa75e9edbb6ab94cd64844561c0745f471f23c85dfd068594d38324267ec989,fbb567b5c870591dd9244223252cdaa2fc85e2f4e6a1b7e9ddeaa09496d447e0,-0.44022014677675514,-0.005006260436236954,-0.11725756653266806,0.0,,,,,2.616681791,1.436564917,0.156680336,1.043480917,0.198425538,0.033175945,0.005463648,0.00220123,success,3,3,3/3,3,3,-1.2123611722612742,0.29749401487642096,False,310.0,76.0,140.0,14766.189867300449,15.169481416,bfa75e9edbb6ab94cd64844561c0745f471f23c85dfd068594d38324267ec989,fbb567b5c870591dd9244223252cdaa2fc85e2f4e6a1b7e9ddeaa09496d447e0,-0.31015510341089564,-0.19023789657700424,-0.08224144931344952,1.0235832029305736,,,,,2.632572875,12.479428459,0.158156129,12.100386042,0.183271123,0.011963606,0.004270123,3.205205391,"[{""run_id"":""qmap154-4gt4-v0_72-M1-s0-r0-2ebf2cf939b2"",""seed"":0,""status"":""success""}]",[],"{""additive_wall_clock_stages"":[""initial_placement_s"",""problem_preparation_s"",""search_kernel_s"",""result_commit_s"",""routing_s""],""nested_fields_must_not_be_summed"":true,""nested_in_search_kernel"":[""return_match_s"",""forecast_s""],""transition_decision_s"":""reported_stage_not_added_to_full_compile""}","[{""run_id"":""qmap154-4gt4-v0_72-M2-raw-replay-46c077fe18d6"",""seed"":0,""status"":""success""}]",[],"{""additive_wall_clock_stages"":[""initial_placement_s"",""problem_preparation_s"",""search_kernel_s"",""result_commit_s"",""routing_s""],""nested_fields_must_not_be_summed"":true,""nested_in_search_kernel"":[""return_match_s"",""forecast_s""],""transition_decision_s"":""reported_stage_not_added_to_full_compile""}","[{""run_id"":""qmap154-4gt4-v0_72-M3-s0-r0-134967f881fd"",""seed"":0,""status"":""success""},{""run_id"":""qmap154-4gt4-v0_72-M3-s1-r0-a4410ebb4352"",""seed"":1,""status"":""success""},{""run_id"":""qmap154-4gt4-v0_72-M3-s2-r0-30f58d0c7cb6"",""seed"":2,""status"":""success""}]",[],"{""additive_wall_clock_stages"":[""initial_placement_s"",""problem_preparation_s"",""search_kernel_s"",""result_commit_s"",""routing_s""],""nested_fields_must_not_be_summed"":true,""nested_in_search_kernel"":[""return_match_s"",""forecast_s""],""transition_decision_s"":""reported_stage_not_added_to_full_compile""}","[{""run_id"":""qmap154-4gt4-v0_72-M4-s0-r0-35d5e455ee34"",""seed"":0,""status"":""success""},{""run_id"":""qmap154-4gt4-v0_72-M4-s1-r0-1798a4b8af36"",""seed"":1,""status"":""success""},{""run_id"":""qmap154-4gt4-v0_72-M4-s2-r0-b9a216ffe6ab"",""seed"":2,""status"":""success""}]",[],"{""additive_wall_clock_stages"":[""initial_placement_s"",""problem_preparation_s"",""search_kernel_s"",""result_commit_s"",""routing_s""],""nested_fields_must_not_be_summed"":true,""nested_in_search_kernel"":[""return_match_s"",""forecast_s""],""transition_decision_s"":""reported_stage_not_added_to_full_compile""}"
qmap154,4gt4-v0_73,620e145abef0b7fc3948370f538a464abbc77025fb86dcf2cd3ef23b08519a4a,6,326,179,success,1,1,1/1,1,1,-1.8895701116203982,0.15113676681281427,False,724.0,0.0,315.0,29689.896361436968,10.61826525,620e145abef0b7fc3948370f538a464abbc77025fb86dcf2cd3ef23b08519a4a,f9a883e64cdb8301d86c3c8e3870af052718ba2a18522685ec50b6c617f40611,-0.7243622415144789,-0.0,-0.1701482107568424,,,,,,10.42050004,0.182449375,,0.0,,0.010364532,,,success,1,1,1/1,1,1,-1.8903272530038544,0.15102237822173115,False,724.0,0.0,316.0,29769.877620260722,0.054839584,620e145abef0b7fc3948370f538a464abbc77025fb86dcf2cd3ef23b08519a4a,f9a883e64cdb8301d86c3c8e3870af052718ba2a18522685ec50b6c617f40611,-0.7243622415144789,-0.0,-0.17090535214029856,,,,,,,,,,,,,,success,3,3,3/3,3,3,-1.8898349897551505,0.15109673928937029,False,698.0,4.0,327.0,35379.52072031493,4.948304916,620e145abef0b7fc3948370f538a464abbc77025fb86dcf2cd3ef23b08519a4a,f9a883e64cdb8301d86c3c8e3870af052718ba2a18522685ec50b6c617f40611,-0.698349232841307,-0.010012520872473908,-0.1879888734059269,0.0,,,,,2.628086333,2.252009584,0.230106913,1.636940385,0.328716873,0.026215792,0.009632713,0.003504225,success,3,3,3/3,3,3,-1.926855666993057,0.14560531103544028,False,512.0,114.0,238.0,24494.934126268156,20.18161325,620e145abef0b7fc3948370f538a464abbc77025fb86dcf2cd3ef23b08519a4a,f9a883e64cdb8301d86c3c8e3870af052718ba2a18522685ec50b6c617f40611,-0.5122561707947696,-0.2853568448655064,-0.13418299198370426,1.656063339727509,,,,,2.649231667,17.473988417,0.234743329,16.871875629,0.311703079,0.020195484,0.007902452,5.200993038,"[{""run_id"":""qmap154-4gt4-v0_73-M1-s0-r0-5fb7aa068700"",""seed"":0,""status"":""success""}]",[],"{""additive_wall_clock_stages"":[""initial_placement_s"",""problem_preparation_s"",""search_kernel_s"",""result_commit_s"",""routing_s""],""nested_fields_must_not_be_summed"":true,""nested_in_search_kernel"":[""return_match_s"",""forecast_s""],""transition_decision_s"":""reported_stage_not_added_to_full_compile""}","[{""run_id"":""qmap154-4gt4-v0_73-M2-raw-replay-689a93f1db79"",""seed"":0,""status"":""success""}]",[],"{""additive_wall_clock_stages"":[""initial_placement_s"",""problem_preparation_s"",""search_kernel_s"",""result_commit_s"",""routing_s""],""nested_fields_must_not_be_summed"":true,""nested_in_search_kernel"":[""return_match_s"",""forecast_s""],""transition_decision_s"":""reported_stage_not_added_to_full_compile""}","[{""run_id"":""qmap154-4gt4-v0_73-M3-s0-r0-bb66dcfefd37"",""seed"":0,""status"":""success""},{""run_id"":""qmap154-4gt4-v0_73-M3-s1-r0-fea04a0afa2a"",""seed"":1,""status"":""success""},{""run_id"":""qmap154-4gt4-v0_73-M3-s2-r0-34451e975757"",""seed"":2,""status"":""success""}]",[],"{""additive_wall_clock_stages"":[""initial_placement_s"",""problem_preparation_s"",""search_kernel_s"",""result_commit_s"",""routing_s""],""nested_fields_must_not_be_summed"":true,""nested_in_search_kernel"":[""return_match_s"",""forecast_s""],""transition_decision_s"":""reported_stage_not_added_to_full_compile""}","[{""run_id"":""qmap154-4gt4-v0_73-M4-s0-r0-0cd555d536aa"",""seed"":0,""status"":""success""},{""run_id"":""qmap154-4gt4-v0_73-M4-s1-r0-8cf524dede9f"",""seed"":1,""status"":""success""},{""run_id"":""qmap154-4gt4-v0_73-M4-s2-r0-b3006ec7884e"",""seed"":2,""status"":""success""}]",[],"{""additive_wall_clock_stages"":[""initial_placement_s"",""problem_preparation_s"",""search_kernel_s"",""result_commit_s"",""routing_s""],""nested_fields_must_not_be_summed"":true,""nested_in_search_kernel"":[""return_match_s"",""forecast_s""],""transition_decision_s"":""reported_stage_not_added_to_full_compile""}"
qmap154,4gt4-v0_78,17585b5581ef461ec1956dcfd5c0d021a2e1cd4acd8ebef58f665e2e9b95f2b1,6,193,107,success,1,1,1/1,1,1,-1.124954956677465,0.3246670911134975,False,428.0,0.0,193.0,18349.325719957764,10.734896291,17585b5581ef461ec1956dcfd5c0d021a2e1cd4acd8ebef58f665e2e9b95f2b1,c7736ab406dce3d2533b50887d97bd7d6f40b3dfd864c6e3c18109c1687c14c2,-0.4282141427737527,-0.0,-0.10249015204708906,,,,,,10.61651206,0.108953375,,0.0,,0.006247759,,,success,1,1,1/1,1,1,-1.125812886142857,0.3243886690998904,False,428.0,0.0,192.0,18300.16037583708,0.034265291,17585b5581ef461ec1956dcfd5c0d021a2e1cd4acd8ebef58f665e2e9b95f2b1,c7736ab406dce3d2533b50887d97bd7d6f40b3dfd864c6e3c18109c1687c14c2,-0.4282141427737527,-0.0,-0.10334808151248104,,,,,,,,,,,,,,success,3,3,3/3,3,3,-1.1199792509008049,0.3262865647050998,False,412.0,2.0,194.0,20561.913957106965,3.996898,17585b5581ef461ec1956dcfd5c0d021a2e1cd4acd8ebef58f665e2e9b95f2b1,c7736ab406dce3d2533b50887d97bd7d6f40b3dfd864c6e3c18109c1687c14c2,-0.41220613743641615,-0.005006260436236954,-0.10851619117152858,0.0,,,,,2.626826833,1.307430875,0.145339958,0.924746048,0.187538375,0.015659571,0.005700044,0.002162825,success,3,3,3/3,3,3,-1.1406868044178404,0.3195994441113112,False,302.0,66.0,143.0,14545.598350968783,11.134044667,17585b5581ef461ec1956dcfd5c0d021a2e1cd4acd8ebef58f665e2e9b95f2b1,c7736ab406dce3d2533b50887d97bd7d6f40b3dfd864c6e3c18109c1687c14c2,-0.3021511007422274,-0.16520659439581947,-0.07907844742317048,0.9803339666289587,,,,,2.621265416,8.522132375,0.14547475,8.176629624,0.178090503,0.011951208,0.004559253,2.823476203,"[{""run_id"":""qmap154-4gt4-v0_78-M1-s0-r0-24fbe8057f0d"",""seed"":0,""status"":""success""}]",[],"{""additive_wall_clock_stages"":[""initial_placement_s"",""problem_preparation_s"",""search_kernel_s"",""result_commit_s"",""routing_s""],""nested_fields_must_not_be_summed"":true,""nested_in_search_kernel"":[""return_match_s"",""forecast_s""],""transition_decision_s"":""reported_stage_not_added_to_full_compile""}","[{""run_id"":""qmap154-4gt4-v0_78-M2-raw-replay-3f93b0ea4bdc"",""seed"":0,""status"":""success""}]",[],"{""additive_wall_clock_stages"":[""initial_placement_s"",""problem_preparation_s"",""search_kernel_s"",""result_commit_s"",""routing_s""],""nested_fields_must_not_be_summed"":true,""nested_in_search_kernel"":[""return_match_s"",""forecast_s""],""transition_decision_s"":""reported_stage_not_added_to_full_compile""}","[{""run_id"":""qmap154-4gt4-v0_78-M3-s0-r0-573ed7af3153"",""seed"":0,""status"":""success""},{""run_id"":""qmap154-4gt4-v0_78-M3-s1-r0-9603ddd1dc55"",""seed"":1,""status"":""success""},{""run_id"":""qmap154-4gt4-v0_78-M3-s2-r0-bf565e40a45f"",""seed"":2,""status"":""success""}]",[],"{""additive_wall_clock_stages"":[""initial_placement_s"",""problem_preparation_s"",""search_kernel_s"",""result_commit_s"",""routing_s""],""nested_fields_must_not_be_summed"":true,""nested_in_search_kernel"":[""return_match_s"",""forecast_s""],""transition_decision_s"":""reported_stage_not_added_to_full_compile""}","[{""run_id"":""qmap154-4gt4-v0_78-M4-s0-r0-e5d35084536c"",""seed"":0,""status"":""success""},{""run_id"":""qmap154-4gt4-v0_78-M4-s1-r0-4e12eb006fe2"",""seed"":1,""status"":""success""},{""run_id"":""qmap154-4gt4-v0_78-M4-s2-r0-130e112ab271"",""seed"":2,""status"":""success""}]",[],"{""additive_wall_clock_stages"":[""initial_placement_s"",""problem_preparation_s"",""search_kernel_s"",""result_commit_s"",""routing_s""],""nested_fields_must_not_be_summed"":true,""nested_in_search_kernel"":[""return_match_s"",""forecast_s""],""transition_decision_s"":""reported_stage_not_added_to_full_compile""}"
qmap154,4gt4-v0_79,a349d8041680093f4e0e734c78665ba74fb201322af6505319a01c6838b887c3,6,185,103,success,1,1,1/1,1,1,-1.0905217419842788,0.33604112119973767,False,420.0,0.0,186.0,17647.157645366948,9.719223333,a349d8041680093f4e0e734c78665ba74fb201322af6505319a01c6838b887c3,6939a8b929dd7db9f146b94a566adcd8a399949703eae95269816ceb853d0f12,-0.42021014010508445,-0.0,-0.09851146738876426,,,,,,9.606997252,0.103225834,,0.0,,0.006026745,,,success,1,1,1/1,1,1,-1.0907351279301063,0.335969422397284,False,420.0,0.0,184.0,17491.634468962147,0.031011625,a349d8041680093f4e0e734c78665ba74fb201322af6505319a01c6838b887c3,6939a8b929dd7db9f146b94a566adcd8a399949703eae95269816ceb853d0f12,-0.42021014010508445,-0.0,-0.0987248533345918,,,,,,,,,,,,,,success,3,3,3/3,3,3,-1.0832609943009959,0.33848991025367936,False,402.0,2.0,188.0,19642.174853877787,3.849471417,a349d8041680093f4e0e734c78665ba74fb201322af6505319a01c6838b887c3,6939a8b929dd7db9f146b94a566adcd8a399949703eae95269816ceb853d0f12,-0.40220113410058084,-0.005006260436236954,-0.10308715801259591,0.0,,,,,2.491929041,1.259974791,0.142184457,0.891756669,0.183545916,0.030364513,0.005664413,0.002031443,success,3,3,3/3,3,3,-1.1039912788254134,0.3315451502354098,False,288.0,67.0,135.0,14048.224103913175,11.075852917,a349d8041680093f4e0e734c78665ba74fb201322af6505319a01c6838b887c3,6939a8b929dd7db9f146b94a566adcd8a399949703eae95269816ceb853d0f12,-0.2881440960720579,-0.16770972461393796,-0.07633732364898754,0.9623536822251667,,,,,2.478732042,8.594792791,0.140872837,8.246853039,0.168835916,0.011132002,0.004626333,2.744369507,"[{""run_id"":""qmap154-4gt4-v0_79-M1-s0-r0-33d2d0ce4157"",""seed"":0,""status"":""success""}]",[],"{""additive_wall_clock_stages"":[""initial_placement_s"",""problem_preparation_s"",""search_kernel_s"",""result_commit_s"",""routing_s""],""nested_fields_must_not_be_summed"":true,""nested_in_search_kernel"":[""return_match_s"",""forecast_s""],""transition_decision_s"":""reported_stage_not_added_to_full_compile""}","[{""run_id"":""qmap154-4gt4-v0_79-M2-raw-replay-6fb4ba2f8111"",""seed"":0,""status"":""success""}]",[],"{""additive_wall_clock_stages"":[""initial_placement_s"",""problem_preparation_s"",""search_kernel_s"",""result_commit_s"",""routing_s""],""nested_fields_must_not_be_summed"":true,""nested_in_search_kernel"":[""return_match_s"",""forecast_s""],""transition_decision_s"":""reported_stage_not_added_to_full_compile""}","[{""run_id"":""qmap154-4gt4-v0_79-M3-s0-r0-4afedea1733b"",""seed"":0,""status"":""success""},{""run_id"":""qmap154-4gt4-v0_79-M3-s1-r0-390c8fa655bb"",""seed"":1,""status"":""success""},{""run_id"":""qmap154-4gt4-v0_79-M3-s2-r0-a75eca993eb3"",""seed"":2,""status"":""success""}]",[],"{""additive_wall_clock_stages"":[""initial_placement_s"",""problem_preparation_s"",""search_kernel_s"",""result_commit_s"",""routing_s""],""nested_fields_must_not_be_summed"":true,""nested_in_search_kernel"":[""return_match_s"",""forecast_s""],""transition_decision_s"":""reported_stage_not_added_to_full_compile""}","[{""run_id"":""qmap154-4gt4-v0_79-M4-s0-r0-fdbd90767193"",""seed"":0,""status"":""success""},{""run_id"":""qmap154-4gt4-v0_79-M4-s1-r0-a1d95ba30672"",""seed"":1,""status"":""success""},{""run_id"":""qmap154-4gt4-v0_79-M4-s2-r0-e44569362190"",""seed"":2,""status"":""success""}]",[],"{""additive_wall_clock_stages"":[""initial_placement_s"",""problem_preparation_s"",""search_kernel_s"",""result_commit_s"",""routing_s""],""nested_fields_must_not_be_summed"":true,""nested_in_search_kernel"":[""return_match_s"",""forecast_s""],""transition_decision_s"":""reported_stage_not_added_to_full_compile""}"
qmap154,4gt4-v0_80,aacd9d461d97474d739216de7842190ad2c493eec99d4613f395da4a2c442559,6,148,79,success,1,1,1/1,1,1,-0.8432343959746896,0.43031645634766247,False,324.0,0.0,147.0,14024.7234767548,9.065986333,aacd9d461d97474d739216de7842190ad2c493eec99d4613f395da4a2c442559,8ac8230ec219a110c21478845fb53fe53b067d9afb43781f1f8e0bb7c6831b1c,-0.32416210808106516,-0.0,-0.07867482250133104,,,,,,8.980336905,0.078676875,,0.0,,0.004657984,,,success,1,1,1/1,1,1,-0.8431414559969747,0.43035645180808557,False,324.0,0.0,145.0,13897.790986872884,0.023552125,aacd9d461d97474d739216de7842190ad2c493eec99d4613f395da4a2c442559,8ac8230ec219a110c21478845fb53fe53b067d9afb43781f1f8e0bb7c6831b1c,-0.32416210808106516,-0.0,-0.07858188252361607,,,,,,,,,,,,,,success,3,3,3/3,3,3,-0.834286737714243,0.43418405812891575,False,310.0,1.0,146.0,15142.139663183234,3.44328425,aacd9d461d97474d739216de7842190ad2c493eec99d4613f395da4a2c442559,8ac8230ec219a110c21478845fb53fe53b067d9afb43781f1f8e0bb7c6831b1c,-0.31015510341089564,-0.002503130218118477,-0.08123103869293542,0.0,,,,,2.400417375,0.967553459,0.110276127,0.68278796,0.139918126,0.01150322,0.004231848,0.001586104,success,3,3,3/3,3,3,-0.854221921165048,0.4256142237001521,False,222.0,53.0,102.0,10701.28591339617,8.515230083,aacd9d461d97474d739216de7842190ad2c493eec99d4613f395da4a2c442559,8ac8230ec219a110c21478845fb53fe53b067d9afb43781f1f8e0bb7c6831b1c,-0.22211107405554462,-0.13266590156027927,-0.05904748015693069,0.7241752042339709,,,,,2.379416166,6.098472125,0.114742828,5.815957581,0.130622632,0.00880146,0.003073304,2.082616458,"[{""run_id"":""qmap154-4gt4-v0_80-M1-s0-r0-22cbae7a3c0a"",""seed"":0,""status"":""success""}]",[],"{""additive_wall_clock_stages"":[""initial_placement_s"",""problem_preparation_s"",""search_kernel_s"",""result_commit_s"",""routing_s""],""nested_fields_must_not_be_summed"":true,""nested_in_search_kernel"":[""return_match_s"",""forecast_s""],""transition_decision_s"":""reported_stage_not_added_to_full_compile""}","[{""run_id"":""qmap154-4gt4-v0_80-M2-raw-replay-20e464d930fe"",""seed"":0,""status"":""success""}]",[],"{""additive_wall_clock_stages"":[""initial_placement_s"",""problem_preparation_s"",""search_kernel_s"",""result_commit_s"",""routing_s""],""nested_fields_must_not_be_summed"":true,""nested_in_search_kernel"":[""return_match_s"",""forecast_s""],""transition_decision_s"":""reported_stage_not_added_to_full_compile""}","[{""run_id"":""qmap154-4gt4-v0_80-M3-s0-r0-be09852dab24"",""seed"":0,""status"":""success""},{""run_id"":""qmap154-4gt4-v0_80-M3-s1-r0-0a8cbbd28e07"",""seed"":1,""status"":""success""},{""run_id"":""qmap154-4gt4-v0_80-M3-s2-r0-4c3f45020747"",""seed"":2,""status"":""success""}]",[],"{""additive_wall_clock_stages"":[""initial_placement_s"",""problem_preparation_s"",""search_kernel_s"",""result_commit_s"",""routing_s""],""nested_fields_must_not_be_summed"":true,""nested_in_search_kernel"":[""return_match_s"",""forecast_s""],""transition_decision_s"":""reported_stage_not_added_to_full_compile""}","[{""run_id"":""qmap154-4gt4-v0_80-M4-s0-r0-3f71a5cc90e1"",""seed"":0,""status"":""success""},{""run_id"":""qmap154-4gt4-v0_80-M4-s1-r0-cd2cb2587799"",""seed"":1,""status"":""success""},{""run_id"":""qmap154-4gt4-v0_80-M4-s2-r0-bfb7a4afc14b"",""seed"":2,""status"":""success""}]",[],"{""additive_wall_clock_stages"":[""initial_placement_s"",""problem_preparation_s"",""search_kernel_s"",""result_commit_s"",""routing_s""],""nested_fields_must_not_be_summed"":true,""nested_in_search_kernel"":[""return_match_s"",""forecast_s""],""transition_decision_s"":""reported_stage_not_added_to_full_compile""}"
qmap154,4gt4-v1_74,5260efec73d65ae2747a06787c59b701521473db0f533363151441c3756e6fd2,6,223,119,success,1,1,1/1,1,1,-1.2772678071149082,0.27879799069030436,False,492.0,0.0,222.0,21796.554657619366,12.510926084,5260efec73d65ae2747a06787c59b701521473db0f533363151441c3756e6fd2,0e51ba6aa86ba52f99b5f5794f5062c08d7c36e46d6aad5d0432fb7cce308fab,-0.4922461641230989,-0.0,-0.12161912898259479,,,,,,12.380336761,0.119949667,,0.0,,0.007213593,,,success,1,1,1/1,1,1,-1.2780670784136463,0.27857524448738136,False,496.0,0.0,221.0,20865.736329385032,0.035231708,5260efec73d65ae2747a06787c59b701521473db0f533363151441c3756e6fd2,0e51ba6aa86ba52f99b5f5794f5062c08d7c36e46d6aad5d0432fb7cce308fab,-0.49624816545743305,-0.0,-0.11841639894699882,,,,,,,,,,,,,,success,3,3,3/3,3,3,-1.2667593027887813,0.28174318828964295,False,472.0,3.0,223.0,22648.229316082183,4.409723916,5260efec73d65ae2747a06787c59b701521473db0f533363151441c3756e6fd2,0e51ba6aa86ba52f99b5f5794f5062c08d7c36e46d6aad5d0432fb7cce308fab,-0.4722361574514282,-0.00750939065435543,-0.12161024000661619,0.0,,,,,2.927926459,1.411837125,0.163745668,0.995458711,0.215142077,0.017539978,0.006453226,0.002365661,success,3,3,3/3,3,3,-1.295718900023959,0.2737010299108275,False,336.0,82.0,155.0,16385.82314495054,12.567379041,5260efec73d65ae2747a06787c59b701521473db0f533363151441c3756e6fd2,0e51ba6aa86ba52f99b5f5794f5062c08d7c36e46d6aad5d0432fb7cce308fab,-0.33616811208406755,-0.2052566778857151,-0.09089159604496208,1.1026203564413257,,,,,2.908955834,9.591798333,0.170583332,9.173811045,0.206333584,0.013212919,0.005180522,3.23513934,"[{""run_id"":""qmap154-4gt4-v1_74-M1-s0-r0-011e3f661f8f"",""seed"":0,""status"":""success""}]",[],"{""additive_wall_clock_stages"":[""initial_placement_s"",""problem_preparation_s"",""search_kernel_s"",""result_commit_s"",""routing_s""],""nested_fields_must_not_be_summed"":true,""nested_in_search_kernel"":[""return_match_s"",""forecast_s""],""transition_decision_s"":""reported_stage_not_added_to_full_compile""}","[{""run_id"":""qmap154-4gt4-v1_74-M2-raw-replay-b512239969f6"",""seed"":0,""status"":""success""}]",[],"{""additive_wall_clock_stages"":[""initial_placement_s"",""problem_preparation_s"",""search_kernel_s"",""result_commit_s"",""routing_s""],""nested_fields_must_not_be_summed"":true,""nested_in_search_kernel"":[""return_match_s"",""forecast_s""],""transition_decision_s"":""reported_stage_not_added_to_full_compile""}","[{""run_id"":""qmap154-4gt4-v1_74-M3-s0-r0-5e27b257161a"",""seed"":0,""status"":""success""},{""run_id"":""qmap154-4gt4-v1_74-M3-s1-r0-3557126b011c"",""seed"":1,""status"":""success""},{""run_id"":""qmap154-4gt4-v1_74-M3-s2-r0-4238bf8c0030"",""seed"":2,""status"":""success""}]",[],"{""additive_wall_clock_stages"":[""initial_placement_s"",""problem_preparation_s"",""search_kernel_s"",""result_commit_s"",""routing_s""],""nested_fields_must_not_be_summed"":true,""nested_in_search_kernel"":[""return_match_s"",""forecast_s""],""transition_decision_s"":""reported_stage_not_added_to_full_compile""}","[{""run_id"":""qmap154-4gt4-v1_74-M4-s0-r0-1414cf588873"",""seed"":0,""status"":""success""},{""run_id"":""qmap154-4gt4-v1_74-M4-s1-r0-1854cdd592c1"",""seed"":1,""status"":""success""},{""run_id"":""qmap154-4gt4-v1_74-M4-s2-r0-6953d73a62b8"",""seed"":2,""status"":""success""}]",[],"{""additive_wall_clock_stages"":[""initial_placement_s"",""problem_preparation_s"",""search_kernel_s"",""result_commit_s"",""routing_s""],""nested_fields_must_not_be_summed"":true,""nested_in_search_kernel"":[""return_match_s"",""forecast_s""],""transition_decision_s"":""reported_stage_not_added_to_full_compile""}"
qmap154,4gt5_75,e039b9c3db8f1e80604503cd9a889b8734bb4401c1182c75a38b1832e598b5aa,5,71,38,success,1,1,1/1,1,1,-0.40506554924446025,0.6669330924653196,False,164.0,0.0,68.0,6475.91737400078,7.98155175,e039b9c3db8f1e80604503cd9a889b8734bb4401c1182c75a38b1832e598b5aa,f436f729452b3b92b90e02e2565eab6e2c1b23451d87659701ca527014e1c194,-0.16408205470769963,-0.0,-0.029203709602936303,,,,,,7.940374136,0.037372041,,0.0,,0.002569437,,,success,1,1,1/1,1,1,-0.40734886145312993,0.6654120132031999,False,164.0,0.0,68.0,6948.406350528713,0.012282583,e039b9c3db8f1e80604503cd9a889b8734bb4401c1182c75a38b1832e598b5aa,f436f729452b3b92b90e02e2565eab6e2c1b23451d87659701ca527014e1c194,-0.16408205470769963,-0.0,-0.03148702181160595,,,,,,,,,,,,,,success,3,3,3/3,3,3,-0.4004100431076786,0.6700452422653699,False,154.0,1.0,66.0,7398.970924581464,2.620105125,e039b9c3db8f1e80604503cd9a889b8734bb4401c1182c75a38b1832e598b5aa,f436f729452b3b92b90e02e2565eab6e2c1b23451d87659701ca527014e1c194,-0.15407705137186428,-0.002503130218118477,-0.031552509028983454,0.0,,,,,2.147743792,0.441687583,0.044792292,0.303015586,0.060901792,0.005535603,0.00219162,0.000708389,success,3,3,3/3,3,3,-0.41042138768954173,0.6633706550038613,False,116.0,24.0,50.0,5013.804885484483,5.565886125,e039b9c3db8f1e80604503cd9a889b8734bb4401c1182c75a38b1832e598b5aa,f436f729452b3b92b90e02e2565eab6e2c1b23451d87659701ca527014e1c194,-0.11605803869568998,-0.06007512523484344,-0.022508438825183955,0.3218051748253778,,,,,2.169002667,3.36611025,0.045780541,3.221772832,0.058704668,0.00443244,0.001980535,0.899576178,"[{""run_id"":""qmap154-4gt5_75-M1-s0-r0-5199aeca9e91"",""seed"":0,""status"":""success""}]",[],"{""additive_wall_clock_stages"":[""initial_placement_s"",""problem_preparation_s"",""search_kernel_s"",""result_commit_s"",""routing_s""],""nested_fields_must_not_be_summed"":true,""nested_in_search_kernel"":[""return_match_s"",""forecast_s""],""transition_decision_s"":""reported_stage_not_added_to_full_compile""}","[{""run_id"":""qmap154-4gt5_75-M2-raw-replay-8c493aa74ba4"",""seed"":0,""status"":""success""}]",[],"{""additive_wall_clock_stages"":[""initial_placement_s"",""problem_preparation_s"",""search_kernel_s"",""result_commit_s"",""routing_s""],""nested_fields_must_not_be_summed"":true,""nested_in_search_kernel"":[""return_match_s"",""forecast_s""],""transition_decision_s"":""reported_stage_not_added_to_full_compile""}","[{""run_id"":""qmap154-4gt5_75-M3-s0-r0-2e8aebc2716e"",""seed"":0,""status"":""success""},{""run_id"":""qmap154-4gt5_75-M3-s1-r0-ee048345d11a"",""seed"":1,""status"":""success""},{""run_id"":""qmap154-4gt5_75-M3-s2-r0-a69b258a7c4f"",""seed"":2,""status"":""success""}]",[],"{""additive_wall_clock_stages"":[""initial_placement_s"",""problem_preparation_s"",""search_kernel_s"",""result_commit_s"",""routing_s""],""nested_fields_must_not_be_summed"":true,""nested_in_search_kernel"":[""return_match_s"",""forecast_s""],""transition_decision_s"":""reported_stage_not_added_to_full_compile""}","[{""run_id"":""qmap154-4gt5_75-M4-s0-r0-09efa455ce02"",""seed"":0,""status"":""success""},{""run_id"":""qmap154-4gt5_75-M4-s1-r0-05c37e5e6aa0"",""seed"":1,""status"":""success""},{""run_id"":""qmap154-4gt5_75-M4-s2-r0-64c9b262ca4f"",""seed"":2,""status"":""success""}]",[],"{""additive_wall_clock_stages"":[""initial_placement_s"",""problem_preparation_s"",""search_kernel_s"",""result_commit_s"",""routing_s""],""nested_fields_must_not_be_summed"":true,""nested_in_search_kernel"":[""return_match_s"",""forecast_s""],""transition_decision_s"":""reported_stage_not_added_to_full_compile""}"
qmap154,4gt5_76,02ff18ecd3cbf5d461bcd36200261de37bb114a1b24a49eed03d37f500b7c215,5,79,46,success,1,1,1/1,1,1,-0.4676786360093316,0.6264548113306613,False,180.0,0.0,77.0,7308.292786733187,7.953877916,02ff18ecd3cbf5d461bcd36200261de37bb114a1b24a49eed03d37f500b7c215,a6f19a4a7edc524a6f2a8a011b445dbf7aa30b6950ea221521215aba798fa2d8,-0.1800900600450362,-0.0,-0.0333080963701009,,,,,,7.904462099,0.045167,,0.0,,0.002772808,,,success,1,1,1/1,1,1,-0.46841642918401183,0.6259927877065123,False,180.0,0.0,78.0,7424.144944735588,0.01423275,02ff18ecd3cbf5d461bcd36200261de37bb114a1b24a49eed03d37f500b7c215,a6f19a4a7edc524a6f2a8a011b445dbf7aa30b6950ea221521215aba798fa2d8,-0.1800900600450362,-0.0,-0.034045889544781056,,,,,,,,,,,,,,success,3,3,3/3,3,3,-0.4577021788787173,0.6327358902614418,False,170.0,0.0,78.0,7495.525890068501,2.772768042,02ff18ecd3cbf5d461bcd36200261de37bb114a1b24a49eed03d37f500b7c215,a6f19a4a7edc524a6f2a8a011b445dbf7aa30b6950ea221521215aba798fa2d8,-0.17008505670920085,-0.0,-0.03333664257532186,0.0,,,,,2.156123,0.58117,0.052991836,0.421894289,0.072964911,0.006141424,0.002568073,0.000889499,success,3,3,3/3,3,3,-0.47258005371391043,0.6233918072905074,False,128.0,25.0,61.0,6258.492990539773,5.567851916,02ff18ecd3cbf5d461bcd36200261de37bb114a1b24a49eed03d37f500b7c215,a6f19a4a7edc524a6f2a8a011b445dbf7aa30b6950ea221521215aba798fa2d8,-0.1280640426986924,-0.06257825545296192,-0.02765727596806158,0.3495690393671968,,,,,2.16621775,3.39048725,0.054245501,3.231222166,0.070126335,0.004765987,0.002353793,1.096167483,"[{""run_id"":""qmap154-4gt5_76-M1-s0-r0-53e9c2238d1b"",""seed"":0,""status"":""success""}]",[],"{""additive_wall_clock_stages"":[""initial_placement_s"",""problem_preparation_s"",""search_kernel_s"",""result_commit_s"",""routing_s""],""nested_fields_must_not_be_summed"":true,""nested_in_search_kernel"":[""return_match_s"",""forecast_s""],""transition_decision_s"":""reported_stage_not_added_to_full_compile""}","[{""run_id"":""qmap154-4gt5_76-M2-raw-replay-36a5614fbd2d"",""seed"":0,""status"":""success""}]",[],"{""additive_wall_clock_stages"":[""initial_placement_s"",""problem_preparation_s"",""search_kernel_s"",""result_commit_s"",""routing_s""],""nested_fields_must_not_be_summed"":true,""nested_in_search_kernel"":[""return_match_s"",""forecast_s""],""transition_decision_s"":""reported_stage_not_added_to_full_compile""}","[{""run_id"":""qmap154-4gt5_76-M3-s0-r0-78bf520598ff"",""seed"":0,""status"":""success""},{""run_id"":""qmap154-4gt5_76-M3-s1-r0-209b911513ac"",""seed"":1,""status"":""success""},{""run_id"":""qmap154-4gt5_76-M3-s2-r0-b716bf5dd0b8"",""seed"":2,""status"":""success""}]",[],"{""additive_wall_clock_stages"":[""initial_placement_s"",""problem_preparation_s"",""search_kernel_s"",""result_commit_s"",""routing_s""],""nested_fields_must_not_be_summed"":true,""nested_in_search_kernel"":[""return_match_s"",""forecast_s""],""transition_decision_s"":""reported_stage_not_added_to_full_compile""}","[{""run_id"":""qmap154-4gt5_76-M4-s0-r0-c54e5a6eb19d"",""seed"":0,""status"":""success""},{""run_id"":""qmap154-4gt5_76-M4-s1-r0-eaa7d2d5285e"",""seed"":1,""status"":""success""},{""run_id"":""qmap154-4gt5_76-M4-s2-r0-44417285cccc"",""seed"":2,""status"":""success""}]",[],"{""additive_wall_clock_stages"":[""initial_placement_s"",""problem_preparation_s"",""search_kernel_s"",""result_commit_s"",""routing_s""],""nested_fields_must_not_be_summed"":true,""nested_in_search_kernel"":[""return_match_s"",""forecast_s""],""transition_decision_s"":""reported_stage_not_added_to_full_compile""}"
qmap154,4gt5_77,86f25b05a4edb7fc286f425c98d2846447278adb82c6989aeb115afe8cfdb2e0,5,109,58,success,1,1,1/1,1,1,-0.6093838162416683,0.5436857762266762,False,240.0,0.0,105.0,9966.118224837242,7.306405917,86f25b05a4edb7fc286f425c98d2846447278adb82c6989aeb115afe8cfdb2e0,d7c3838e87c96d28e14b1e9b24d021c543bef83ad60418ac5a87b77fbc3480cb,-0.24012008006004826,-0.0,-0.04583140443483429,,,,,,7.245721102,0.055364875,,0.0,,0.003564596,,,success,1,1,1/1,1,1,-0.6101272030409156,0.5432817575873582,False,240.0,0.0,105.0,10083.082940082904,0.017429333,86f25b05a4edb7fc286f425c98d2846447278adb82c6989aeb115afe8cfdb2e0,d7c3838e87c96d28e14b1e9b24d021c543bef83ad60418ac5a87b77fbc3480cb,-0.24012008006004826,-0.0,-0.04657479123408157,,,,,,,,,,,,,,success,3,3,3/3,3,3,-0.6041614468609701,0.546532531109939,False,226.0,1.0,104.0,12206.231802823359,2.755185,86f25b05a4edb7fc286f425c98d2846447278adb82c6989aeb115afe8cfdb2e0,d7c3838e87c96d28e14b1e9b24d021c543bef83ad60418ac5a87b77fbc3480cb,-0.22611307538987876,-0.002503130218118477,-0.05211290950618704,0.0,,,,,2.023433708,0.674787542,0.070660209,0.471932454,0.097320255,0.007948875,0.003079335,0.001100083,success,3,3,3/3,3,3,-0.6145115650308501,0.5409050277288421,False,166.0,36.0,75.0,7953.489121547699,6.114472541,86f25b05a4edb7fc286f425c98d2846447278adb82c6989aeb115afe8cfdb2e0,d7c3838e87c96d28e14b1e9b24d021c543bef83ad60418ac5a87b77fbc3480cb,-0.1660830553748667,-0.09011268785226517,-0.03488349005693255,0.5093880790762294,,,,,2.014114,4.056752583,0.071596007,3.857097249,0.091910835,0.006368637,0.002433955,1.4574252,"[{""run_id"":""qmap154-4gt5_77-M1-s0-r0-60c3bc3c41b2"",""seed"":0,""status"":""success""}]",[],"{""additive_wall_clock_stages"":[""initial_placement_s"",""problem_preparation_s"",""search_kernel_s"",""result_commit_s"",""routing_s""],""nested_fields_must_not_be_summed"":true,""nested_in_search_kernel"":[""return_match_s"",""forecast_s""],""transition_decision_s"":""reported_stage_not_added_to_full_compile""}","[{""run_id"":""qmap154-4gt5_77-M2-raw-replay-e2572d21c702"",""seed"":0,""status"":""success""}]",[],"{""additive_wall_clock_stages"":[""initial_placement_s"",""problem_preparation_s"",""search_kernel_s"",""result_commit_s"",""routing_s""],""nested_fields_must_not_be_summed"":true,""nested_in_search_kernel"":[""return_match_s"",""forecast_s""],""transition_decision_s"":""reported_stage_not_added_to_full_compile""}","[{""run_id"":""qmap154-4gt5_77-M3-s0-r0-6b7fa306a8f2"",""seed"":0,""status"":""success""},{""run_id"":""qmap154-4gt5_77-M3-s1-r0-7207655c383a"",""seed"":1,""status"":""success""},{""run_id"":""qmap154-4gt5_77-M3-s2-r0-c2d7d580b776"",""seed"":2,""status"":""success""}]",[],"{""additive_wall_clock_stages"":[""initial_placement_s"",""problem_preparation_s"",""search_kernel_s"",""result_commit_s"",""routing_s""],""nested_fields_must_not_be_summed"":true,""nested_in_search_kernel"":[""return_match_s"",""forecast_s""],""transition_decision_s"":""reported_stage_not_added_to_full_compile""}","[{""run_id"":""qmap154-4gt5_77-M4-s0-r0-0539ac4579b9"",""seed"":0,""status"":""success""},{""run_id"":""qmap154-4gt5_77-M4-s1-r0-15d627ecae05"",""seed"":1,""status"":""success""},{""run_id"":""qmap154-4gt5_77-M4-s2-r0-2ce9780e0524"",""seed"":2,""status"":""success""}]",[],"{""additive_wall_clock_stages"":[""initial_placement_s"",""problem_preparation_s"",""search_kernel_s"",""result_commit_s"",""routing_s""],""nested_fields_must_not_be_summed"":true,""nested_in_search_kernel"":[""return_match_s"",""forecast_s""],""transition_decision_s"":""reported_stage_not_added_to_full_compile""}"
qmap154,4mod5-bdd_287,a8f4097d0168378803725415aada0c52d1bc452c2a07d485204863fef857bf84,7,56,31,success,1,1,1/1,1,1,-0.33402425996439006,0.7160364109986639,False,124.0,0.0,61.0,6041.651753965435,7.862939,a8f4097d0168378803725415aada0c52d1bc452c2a07d485204863fef857bf84,e6ce5f9bfdb6d001bac1f6b72fb9fd6d61f2de7e8c5f0cc194af025cc1ddd7c2,-0.12406204136435826,-0.0,-0.03777090156604738,,,,,,7.827071905,0.032597625,,0.0,,0.002110481,,,success,1,1,1/1,1,1,-0.33453291012796915,0.7156722915736339,False,124.0,0.0,60.0,5942.057730718415,0.01094125,a8f4097d0168378803725415aada0c52d1bc452c2a07d485204863fef857bf84,e6ce5f9bfdb6d001bac1f6b72fb9fd6d61f2de7e8c5f0cc194af025cc1ddd7c2,-0.12406204136435826,-0.0,-0.03827955172962643,,,,,,,,,,,,,,success,3,3,3/3,3,3,-0.3292660964098682,0.7194515477996618,False,120.0,0.0,59.0,5819.910206877833,2.50749825,a8f4097d0168378803725415aada0c52d1bc452c2a07d485204863fef857bf84,e6ce5f9bfdb6d001bac1f6b72fb9fd6d61f2de7e8c5f0cc194af025cc1ddd7c2,-0.12006004003002413,-0.0,-0.03701473934585964,0.0,,,,,2.096226541,0.371407959,0.039063625,0.248463999,0.053922916,0.004496813,0.001461776,0.000684955,success,3,3,3/3,3,3,-0.3364825085279968,0.7142783772471228,False,80.0,23.0,39.0,4076.3751333543737,3.68134625,a8f4097d0168378803725415aada0c52d1bc452c2a07d485204863fef857bf84,e6ce5f9bfdb6d001bac1f6b72fb9fd6d61f2de7e8c5f0cc194af025cc1ddd7c2,-0.08004002668668275,-0.05757199501672497,-0.02667916979060468,0.2277193223384904,,,,,2.076462167,1.569520041,0.040666209,1.445760956,0.050337001,0.003267765,0.000949915,0.575850442,"[{""run_id"":""qmap154-4mod5-bdd_287-M1-s0-r0-d92d0644d272"",""seed"":0,""status"":""success""}]",[],"{""additive_wall_clock_stages"":[""initial_placement_s"",""problem_preparation_s"",""search_kernel_s"",""result_commit_s"",""routing_s""],""nested_fields_must_not_be_summed"":true,""nested_in_search_kernel"":[""return_match_s"",""forecast_s""],""transition_decision_s"":""reported_stage_not_added_to_full_compile""}","[{""run_id"":""qmap154-4mod5-bdd_287-M2-raw-replay-fee5910d8cd0"",""seed"":0,""status"":""success""}]",[],"{""additive_wall_clock_stages"":[""initial_placement_s"",""problem_preparation_s"",""search_kernel_s"",""result_commit_s"",""routing_s""],""nested_fields_must_not_be_summed"":true,""nested_in_search_kernel"":[""return_match_s"",""forecast_s""],""transition_decision_s"":""reported_stage_not_added_to_full_compile""}","[{""run_id"":""qmap154-4mod5-bdd_287-M3-s0-r0-b3b400374479"",""seed"":0,""status"":""success""},{""run_id"":""qmap154-4mod5-bdd_287-M3-s1-r0-6584b716a4de"",""seed"":1,""status"":""success""},{""run_id"":""qmap154-4mod5-bdd_287-M3-s2-r0-e55f5e8d6709"",""seed"":2,""status"":""success""}]",[],"{""additive_wall_clock_stages"":[""initial_placement_s"",""problem_preparation_s"",""search_kernel_s"",""result_commit_s"",""routing_s""],""nested_fields_must_not_be_summed"":true,""nested_in_search_kernel"":[""return_match_s"",""forecast_s""],""transition_decision_s"":""reported_stage_not_added_to_full_compile""}","[{""run_id"":""qmap154-4mod5-bdd_287-M4-s0-r0-3b8442af4bcb"",""seed"":0,""status"":""success""},{""run_id"":""qmap154-4mod5-bdd_287-M4-s1-r0-71f4e98885fb"",""seed"":1,""status"":""success""},{""run_id"":""qmap154-4mod5-bdd_287-M4-s2-r0-04a92acc43f3"",""seed"":2,""status"":""success""}]",[],"{""additive_wall_clock_stages"":[""initial_placement_s"",""problem_preparation_s"",""search_kernel_s"",""result_commit_s"",""routing_s""],""nested_fields_must_not_be_summed"":true,""nested_in_search_kernel"":[""return_match_s"",""forecast_s""],""transition_decision_s"":""reported_stage_not_added_to_full_compile""}"
qmap154,4mod5-v0_18,c99d557b492a18a7a3de36a4531d517c18f9e2dac5eba9a2a992076e0c8093b0,5,61,31,success,1,1,1/1,1,1,-0.3145816810321812,0.7300942226597257,False,116.0,0.0,56.0,5286.856033523669,7.064260584,c99d557b492a18a7a3de36a4531d517c18f9e2dac5eba9a2a992076e0c8093b0,90b1336ce9a9bc9b65213c5215542190654a4769c202a50af603718aa55ae671,-0.11605803869568998,-0.0,-0.02483210025749684,,,,,,7.030302048,0.030894042,,0.0,,0.001908302,,,success,1,1,1/1,1,1,-0.3148899542125354,0.7298691888794698,False,116.0,0.0,56.0,5326.876984679473,0.010090875,c99d557b492a18a7a3de36a4531d517c18f9e2dac5eba9a2a992076e0c8093b0,90b1336ce9a9bc9b65213c5215542190654a4769c202a50af603718aa55ae671,-0.11605803869568998,-0.0,-0.02514037343785105,,,,,,,,,,,,,,success,3,3,3/3,3,3,-0.31032795092103693,0.7332064610569251,False,112.0,0.0,55.0,5199.708706500733,2.353008042,c99d557b492a18a7a3de36a4531d517c18f9e2dac5eba9a2a992076e0c8093b0,90b1336ce9a9bc9b65213c5215542190654a4769c202a50af603718aa55ae671,-0.11205603736135585,-0.0,-0.02458037148068668,0.0,,,,,1.976633958,0.346321875,0.036328169,0.22976404,0.049747126,0.003968477,0.001379607,0.00065595,success,3,3,3/3,3,3,-0.32217930024842,0.7245682634126596,False,80.0,20.0,39.0,3878.537339426407,3.530388583,c99d557b492a18a7a3de36a4531d517c18f9e2dac5eba9a2a992076e0c8093b0,90b1336ce9a9bc9b65213c5215542190654a4769c202a50af603718aa55ae671,-0.08004002668668275,-0.05006260436236954,-0.018385127120373327,0.1960790171418151,,,,,1.979132417,1.528231583,0.037444622,1.409768378,0.04912533,0.003222227,0.001019254,0.528739898,"[{""run_id"":""qmap154-4mod5-v0_18-M1-s0-r0-7ca4101b564e"",""seed"":0,""status"":""success""}]",[],"{""additive_wall_clock_stages"":[""initial_placement_s"",""problem_preparation_s"",""search_kernel_s"",""result_commit_s"",""routing_s""],""nested_fields_must_not_be_summed"":true,""nested_in_search_kernel"":[""return_match_s"",""forecast_s""],""transition_decision_s"":""reported_stage_not_added_to_full_compile""}","[{""run_id"":""qmap154-4mod5-v0_18-M2-raw-replay-45c59bd10cd5"",""seed"":0,""status"":""success""}]",[],"{""additive_wall_clock_stages"":[""initial_placement_s"",""problem_preparation_s"",""search_kernel_s"",""result_commit_s"",""routing_s""],""nested_fields_must_not_be_summed"":true,""nested_in_search_kernel"":[""return_match_s"",""forecast_s""],""transition_decision_s"":""reported_stage_not_added_to_full_compile""}","[{""run_id"":""qmap154-4mod5-v0_18-M3-s0-r0-8393226c37ba"",""seed"":0,""status"":""success""},{""run_id"":""qmap154-4mod5-v0_18-M3-s1-r0-e25c36c0a4ec"",""seed"":1,""status"":""success""},{""run_id"":""qmap154-4mod5-v0_18-M3-s2-r0-f954ae074963"",""seed"":2,""status"":""success""}]",[],"{""additive_wall_clock_stages"":[""initial_placement_s"",""problem_preparation_s"",""search_kernel_s"",""result_commit_s"",""routing_s""],""nested_fields_must_not_be_summed"":true,""nested_in_search_kernel"":[""return_match_s"",""forecast_s""],""transition_decision_s"":""reported_stage_not_added_to_full_compile""}","[{""run_id"":""qmap154-4mod5-v0_18-M4-s0-r0-cffa784461d0"",""seed"":0,""status"":""success""},{""run_id"":""qmap154-4mod5-v0_18-M4-s1-r0-2736fbdf5219"",""seed"":1,""status"":""success""},{""run_id"":""qmap154-4mod5-v0_18-M4-s2-r0-a1566e9608f0"",""seed"":2,""status"":""success""}]",[],"{""additive_wall_clock_stages"":[""initial_placement_s"",""problem_preparation_s"",""search_kernel_s"",""result_commit_s"",""routing_s""],""nested_fields_must_not_be_summed"":true,""nested_in_search_kernel"":[""return_match_s"",""forecast_s""],""transition_decision_s"":""reported_stage_not_added_to_full_compile""}"
qmap154,4mod5-v0_19,7d1896dcc5d2410f21980ed3439eddb034338ed3bc420cbd08732a56ab8a5acb,5,30,16,success,1,1,1/1,1,1,-0.170547369897112,0.843203146236282,False,68.0,0.0,32.0,3096.603654854586,5.442179791,7d1896dcc5d2410f21980ed3439eddb034338ed3bc420cbd08732a56ab8a5acb,c8bed5120f9d94ba971a5e0f8c20d254b88fdb6f1639778526d77dcad9968b34,-0.06803402268368033,-0.0,-0.01331132776666331,,,,,,5.424097061,0.016297834,,0.0,,0.001043797,,,success,1,1,1/1,1,1,-0.17120292272792528,0.8426505631703021,False,68.0,0.0,32.0,3136.7337624436987,0.005956667,7d1896dcc5d2410f21980ed3439eddb034338ed3bc420cbd08732a56ab8a5acb,c8bed5120f9d94ba971a5e0f8c20d254b88fdb6f1639778526d77dcad9968b34,-0.06803402268368033,-0.0,-0.01396688059747659,,,,,,,,,,,,,,success,3,3,3/3,3,3,-0.16615519452152802,0.846914787454543,False,64.0,0.0,31.0,2967.859156079375,1.919383542,7d1896dcc5d2410f21980ed3439eddb034338ed3bc420cbd08732a56ab8a5acb,c8bed5120f9d94ba971a5e0f8c20d254b88fdb6f1639778526d77dcad9968b34,-0.0640320213493462,-0.0,-0.012921153725413467,0.0,,,,,1.689170541,0.205491375,0.018233665,0.12512596,0.031026206,0.002245188,0.000771633,0.000348763,success,3,3,3/3,3,3,-0.17255500906463783,0.8415119967507206,False,46.0,11.0,22.0,2291.029321276628,2.47848425,7d1896dcc5d2410f21980ed3439eddb034338ed3bc420cbd08732a56ab8a5acb,c8bed5120f9d94ba971a5e0f8c20d254b88fdb6f1639778526d77dcad9968b34,-0.04602301534484258,-0.027534432399303248,-0.009795541873723664,0.10370160625232361,,,,,1.686040417,0.758997333,0.020792499,0.683051294,0.025072162,0.00178051,0.000538862,0.249746689,"[{""run_id"":""qmap154-4mod5-v0_19-M1-s0-r0-2e23b3f23699"",""seed"":0,""status"":""success""}]",[],"{""additive_wall_clock_stages"":[""initial_placement_s"",""problem_preparation_s"",""search_kernel_s"",""result_commit_s"",""routing_s""],""nested_fields_must_not_be_summed"":true,""nested_in_search_kernel"":[""return_match_s"",""forecast_s""],""transition_decision_s"":""reported_stage_not_added_to_full_compile""}","[{""run_id"":""qmap154-4mod5-v0_19-M2-raw-replay-cdd9445bccbe"",""seed"":0,""status"":""success""}]",[],"{""additive_wall_clock_stages"":[""initial_placement_s"",""problem_preparation_s"",""search_kernel_s"",""result_commit_s"",""routing_s""],""nested_fields_must_not_be_summed"":true,""nested_in_search_kernel"":[""return_match_s"",""forecast_s""],""transition_decision_s"":""reported_stage_not_added_to_full_compile""}","[{""run_id"":""qmap154-4mod5-v0_19-M3-s0-r0-3375a21b6a54"",""seed"":0,""status"":""success""},{""run_id"":""qmap154-4mod5-v0_19-M3-s1-r0-6e865dca46cc"",""seed"":1,""status"":""success""},{""run_id"":""qmap154-4mod5-v0_19-M3-s2-r0-11063b03de36"",""seed"":2,""status"":""success""}]",[],"{""additive_wall_clock_stages"":[""initial_placement_s"",""problem_preparation_s"",""search_kernel_s"",""result_commit_s"",""routing_s""],""nested_fields_must_not_be_summed"":true,""nested_in_search_kernel"":[""return_match_s"",""forecast_s""],""transition_decision_s"":""reported_stage_not_added_to_full_compile""}","[{""run_id"":""qmap154-4mod5-v0_19-M4-s0-r0-f054cf77240b"",""seed"":0,""status"":""success""},{""run_id"":""qmap154-4mod5-v0_19-M4-s1-r0-0d792314eba4"",""seed"":1,""status"":""success""},{""run_id"":""qmap154-4mod5-v0_19-M4-s2-r0-2c402b1c7200"",""seed"":2,""status"":""success""}]",[],"{""additive_wall_clock_stages"":[""initial_placement_s"",""problem_preparation_s"",""search_kernel_s"",""result_commit_s"",""routing_s""],""nested_fields_must_not_be_summed"":true,""nested_in_search_kernel"":[""return_match_s"",""forecast_s""],""transition_decision_s"":""reported_stage_not_added_to_full_compile""}"
qmap154,4mod5-v0_20,96c783c9bca0ef85595484b3ce3d699b0387661d205d223d6e547c44bdd87c0a,5,18,10,success,1,1,1/1,1,1,-0.1083746331146524,0.8972913783913241,False,44.0,0.0,18.0,2130.966744343222,4.6467585,96c783c9bca0ef85595484b3ce3d699b0387661d205d223d6e547c44bdd87c0a,2380b4869b9cdb1ea7529616629d82b64ac8cd8f2a7c84f84e61fcd7cc69ee51,-0.04402201467767551,-0.0,-0.008826390039498158,,,,,,4.636454821,0.009113083,,0.0,,0.000663757,,,success,1,1,1/1,1,1,-0.10749308743085022,0.8980827304883225,False,44.0,0.0,17.0,1762.9457914334102,0.003896292,96c783c9bca0ef85595484b3ce3d699b0387661d205d223d6e547c44bdd87c0a,2380b4869b9cdb1ea7529616629d82b64ac8cd8f2a7c84f84e61fcd7cc69ee51,-0.04402201467767551,-0.0,-0.007944844355695979,,,,,,,,,,,,,,success,3,3,3/3,3,3,-0.10107688070340469,0.9038635405498091,False,38.0,0.0,17.0,1725.178869794331,1.697666625,96c783c9bca0ef85595484b3ce3d699b0387661d205d223d6e547c44bdd87c0a,2380b4869b9cdb1ea7529616629d82b64ac8cd8f2a7c84f84e61fcd7cc69ee51,-0.03801901267617431,-0.0,-0.0075316396297516585,0.0,,,,,1.55404925,0.122520667,0.009886459,0.067723166,0.014168874,0.001348495,0.000345902,0.000158388,success,3,3,3/3,3,3,-0.10384146028837617,0.9013681887466415,False,30.0,5.0,13.0,1365.0368447854853,1.938875875,96c783c9bca0ef85595484b3ce3d699b0387661d205d223d6e547c44bdd87c0a,2380b4869b9cdb1ea7529616629d82b64ac8cd8f2a7c84f84e61fcd7cc69ee51,-0.030015010007506032,-0.012515651090592385,-0.005784570792799021,0.04107169976723626,,,,,1.557214541,0.359150667,0.010552958,0.304553502,0.013439,0.001177311,0.000261035,0.083151904,"[{""run_id"":""qmap154-4mod5-v0_20-M1-s0-r0-aa8d7fcb806f"",""seed"":0,""status"":""success""}]",[],"{""additive_wall_clock_stages"":[""initial_placement_s"",""problem_preparation_s"",""search_kernel_s"",""result_commit_s"",""routing_s""],""nested_fields_must_not_be_summed"":true,""nested_in_search_kernel"":[""return_match_s"",""forecast_s""],""transition_decision_s"":""reported_stage_not_added_to_full_compile""}","[{""run_id"":""qmap154-4mod5-v0_20-M2-raw-replay-ebff2b50d7f5"",""seed"":0,""status"":""success""}]",[],"{""additive_wall_clock_stages"":[""initial_placement_s"",""problem_preparation_s"",""search_kernel_s"",""result_commit_s"",""routing_s""],""nested_fields_must_not_be_summed"":true,""nested_in_search_kernel"":[""return_match_s"",""forecast_s""],""transition_decision_s"":""reported_stage_not_added_to_full_compile""}","[{""run_id"":""qmap154-4mod5-v0_20-M3-s0-r0-39970234885d"",""seed"":0,""status"":""success""},{""run_id"":""qmap154-4mod5-v0_20-M3-s1-r0-b3d7f40fe11f"",""seed"":1,""status"":""success""},{""run_id"":""qmap154-4mod5-v0_20-M3-s2-r0-1e0750401ea7"",""seed"":2,""status"":""success""}]",[],"{""additive_wall_clock_stages"":[""initial_placement_s"",""problem_preparation_s"",""search_kernel_s"",""result_commit_s"",""routing_s""],""nested_fields_must_not_be_summed"":true,""nested_in_search_kernel"":[""return_match_s"",""forecast_s""],""transition_decision_s"":""reported_stage_not_added_to_full_compile""}","[{""run_id"":""qmap154-4mod5-v0_20-M4-s0-r0-d1e0f7560950"",""seed"":0,""status"":""success""},{""run_id"":""qmap154-4mod5-v0_20-M4-s1-r0-328c769f78df"",""seed"":1,""status"":""success""},{""run_id"":""qmap154-4mod5-v0_20-M4-s2-r0-58a0e3df39cd"",""seed"":2,""status"":""success""}]",[],"{""additive_wall_clock_stages"":[""initial_placement_s"",""problem_preparation_s"",""search_kernel_s"",""result_commit_s"",""routing_s""],""nested_fields_must_not_be_summed"":true,""nested_in_search_kernel"":[""return_match_s"",""forecast_s""],""transition_decision_s"":""reported_stage_not_added_to_full_compile""}"
qmap154,4mod5-v1_22,42887548d9adb27f8d8ed46b6b9c73698f1b1907034eac1e0d38c3d3351b8a3f,5,20,11,success,1,1,1/1,1,1,-0.11798930499529475,0.8887055572739078,False,48.0,0.0,20.0,2007.5564735723406,4.713528459,42887548d9adb27f8d8ed46b6b9c73698f1b1907034eac1e0d38c3d3351b8a3f,54ccffa4ca9040134b8dd515ea8ca9b92d57b84783f46378f321a3d654f4ab9a,-0.048024016012009646,-0.0,-0.008826428744258104,,,,,,4.702180147,0.010049417,,0.0,,0.000727654,,,success,1,1,1/1,1,1,-0.11796679073972008,0.8887255660431952,False,48.0,0.0,19.0,1948.8140945222096,0.004415417,42887548d9adb27f8d8ed46b6b9c73698f1b1907034eac1e0d38c3d3351b8a3f,54ccffa4ca9040134b8dd515ea8ca9b92d57b84783f46378f321a3d654f4ab9a,-0.048024016012009646,-0.0,-0.008803914488683437,,,,,,,,,,,,,,success,3,3,3/3,3,3,-0.1113804374978902,0.8945983454258576,False,42.0,0.0,19.0,1912.1092245677848,1.696817708,42887548d9adb27f8d8ed46b6b9c73698f1b1907034eac1e0d38c3d3351b8a3f,54ccffa4ca9040134b8dd515ea8ca9b92d57b84783f46378f321a3d654f4ab9a,-0.042021014010508444,-0.0,-0.008220563248354766,0.0,,,,,1.545445458,0.129767125,0.011376041,0.071157332,0.01561471,0.001513004,0.000396746,0.000178205,success,3,3,3/3,3,3,-0.11424601309145868,0.8920384757429038,False,34.0,5.0,15.0,1551.3805454770445,1.995278625,42887548d9adb27f8d8ed46b6b9c73698f1b1907034eac1e0d38c3d3351b8a3f,54ccffa4ca9040134b8dd515ea8ca9b92d57b84783f46378f321a3d654f4ab9a,-0.03401701134184017,-0.012515651090592385,-0.006574490419999132,0.04252817281061754,,,,,1.541557667,0.434932042,0.011517791,0.36947621,0.015001707,0.001281023,0.000328456,0.103678108,"[{""run_id"":""qmap154-4mod5-v1_22-M1-s0-r0-77087df0e053"",""seed"":0,""status"":""success""}]",[],"{""additive_wall_clock_stages"":[""initial_placement_s"",""problem_preparation_s"",""search_kernel_s"",""result_commit_s"",""routing_s""],""nested_fields_must_not_be_summed"":true,""nested_in_search_kernel"":[""return_match_s"",""forecast_s""],""transition_decision_s"":""reported_stage_not_added_to_full_compile""}","[{""run_id"":""qmap154-4mod5-v1_22-M2-raw-replay-24f4b377cac9"",""seed"":0,""status"":""success""}]",[],"{""additive_wall_clock_stages"":[""initial_placement_s"",""problem_preparation_s"",""search_kernel_s"",""result_commit_s"",""routing_s""],""nested_fields_must_not_be_summed"":true,""nested_in_search_kernel"":[""return_match_s"",""forecast_s""],""transition_decision_s"":""reported_stage_not_added_to_full_compile""}","[{""run_id"":""qmap154-4mod5-v1_22-M3-s0-r0-516815409361"",""seed"":0,""status"":""success""},{""run_id"":""qmap154-4mod5-v1_22-M3-s1-r0-07277c0658bd"",""seed"":1,""status"":""success""},{""run_id"":""qmap154-4mod5-v1_22-M3-s2-r0-912987eac232"",""seed"":2,""status"":""success""}]",[],"{""additive_wall_clock_stages"":[""initial_placement_s"",""problem_preparation_s"",""search_kernel_s"",""result_commit_s"",""routing_s""],""nested_fields_must_not_be_summed"":true,""nested_in_search_kernel"":[""return_match_s"",""forecast_s""],""transition_decision_s"":""reported_stage_not_added_to_full_compile""}","[{""run_id"":""qmap154-4mod5-v1_22-M4-s0-r0-4ac809463bfa"",""seed"":0,""status"":""success""},{""run_id"":""qmap154-4mod5-v1_22-M4-s1-r0-f008658b83d8"",""seed"":1,""status"":""success""},{""run_id"":""qmap154-4mod5-v1_22-M4-s2-r0-c0aaa07468f2"",""seed"":2,""status"":""success""}]",[],"{""additive_wall_clock_stages"":[""initial_placement_s"",""problem_preparation_s"",""search_kernel_s"",""result_commit_s"",""routing_s""],""nested_fields_must_not_be_summed"":true,""nested_in_search_kernel"":[""return_match_s"",""forecast_s""],""transition_decision_s"":""reported_stage_not_added_to_full_compile""}"
qmap154,4mod5-v1_23,25d68584c24511a5e0c74e934a911155b0d792d0f76ad82dd8241b4aac2f6ae0,5,57,32,success,1,1,1/1,1,1,-0.34302242896852375,0.7096222952855918,False,140.0,0.0,61.0,5761.7152260574685,7.126534292,25d68584c24511a5e0c74e934a911155b0d792d0f76ad82dd8241b4aac2f6ae0,e1cbb3a85d72c653e1495395dfe2b6035f210ab66c0066a02fe48d78428d31d6,-0.14007004670169482,-0.0,-0.0254484784002982,,,,,,7.091543913,0.031570584,,0.0,,0.002283573,,,success,1,1,1/1,1,1,-0.34352689565670064,0.7092644047559475,False,140.0,0.0,61.0,5808.279315177253,0.010240875,25d68584c24511a5e0c74e934a911155b0d792d0f76ad82dd8241b4aac2f6ae0,e1cbb3a85d72c653e1495395dfe2b6035f210ab66c0066a02fe48d78428d31d6,-0.14007004670169482,-0.0,-0.025952945088475083,,,,,,,,,,,,,,success,3,3,3/3,3,3,-0.33099500519223635,0.7182087563462835,False,128.0,0.0,60.0,5782.661682195131,2.366171625,25d68584c24511a5e0c74e934a911155b0d792d0f76ad82dd8241b4aac2f6ae0,e1cbb3a85d72c653e1495395dfe2b6035f210ab66c0066a02fe48d78428d31d6,-0.1280640426986924,-0.0,-0.02542705862701323,0.0,,,,,1.970384208,0.368353666,0.03731271,0.246139082,0.052883458,0.004472017,0.001381908,0.000673313,success,3,3,3/3,3,3,-0.33929556000112004,0.7122718988923818,False,84.0,24.0,40.0,3947.041292828958,3.705832625,25d68584c24511a5e0c74e934a911155b0d792d0f76ad82dd8241b4aac2f6ae0,e1cbb3a85d72c653e1495395dfe2b6035f210ab66c0066a02fe48d78428d31d6,-0.08404202802101689,-0.06007512523484344,-0.017674502878728963,0.2193632157168745,,,,,1.990301583,1.689506708,0.038705503,1.570655875,0.048143085,0.003245592,0.00092008,0.584312765,"[{""run_id"":""qmap154-4mod5-v1_23-M1-s0-r0-f31d8a97b0c5"",""seed"":0,""status"":""success""}]",[],"{""additive_wall_clock_stages"":[""initial_placement_s"",""problem_preparation_s"",""search_kernel_s"",""result_commit_s"",""routing_s""],""nested_fields_must_not_be_summed"":true,""nested_in_search_kernel"":[""return_match_s"",""forecast_s""],""transition_decision_s"":""reported_stage_not_added_to_full_compile""}","[{""run_id"":""qmap154-4mod5-v1_23-M2-raw-replay-fb1730cad6a5"",""seed"":0,""status"":""success""}]",[],"{""additive_wall_clock_stages"":[""initial_placement_s"",""problem_preparation_s"",""search_kernel_s"",""result_commit_s"",""routing_s""],""nested_fields_must_not_be_summed"":true,""nested_in_search_kernel"":[""return_match_s"",""forecast_s""],""transition_decision_s"":""reported_stage_not_added_to_full_compile""}","[{""run_id"":""qmap154-4mod5-v1_23-M3-s0-r0-b0209b1a5239"",""seed"":0,""status"":""success""},{""run_id"":""qmap154-4mod5-v1_23-M3-s1-r0-6b46b3adc6e0"",""seed"":1,""status"":""success""},{""run_id"":""qmap154-4mod5-v1_23-M3-s2-r0-5645bd4572a0"",""seed"":2,""status"":""success""}]",[],"{""additive_wall_clock_stages"":[""initial_placement_s"",""problem_preparation_s"",""search_kernel_s"",""result_commit_s"",""routing_s""],""nested_fields_must_not_be_summed"":true,""nested_in_search_kernel"":[""return_match_s"",""forecast_s""],""transition_decision_s"":""reported_stage_not_added_to_full_compile""}","[{""run_id"":""qmap154-4mod5-v1_23-M4-s0-r0-0c92e472d8be"",""seed"":0,""status"":""success""},{""run_id"":""qmap154-4mod5-v1_23-M4-s1-r0-5abfb5271472"",""seed"":1,""status"":""success""},{""run_id"":""qmap154-4mod5-v1_23-M4-s2-r0-80a82af220dc"",""seed"":2,""status"":""success""}]",[],"{""additive_wall_clock_stages"":[""initial_placement_s"",""problem_preparation_s"",""search_kernel_s"",""result_commit_s"",""routing_s""],""nested_fields_must_not_be_summed"":true,""nested_in_search_kernel"":[""return_match_s"",""forecast_s""],""transition_decision_s"":""reported_stage_not_added_to_full_compile""}"
qmap154,4mod5-v1_24,dfcfb0f66a9df92dbce2a4f1948cc61f5cb144f7acf0e867f59c81b20574a24e,5,29,16,success,1,1,1/1,1,1,-0.1744469263631836,0.8399214307312504,False,72.0,0.0,32.0,3105.6906486753155,5.494451708,dfcfb0f66a9df92dbce2a4f1948cc61f5cb144f7acf0e867f59c81b20574a24e,a31d059088ca36ce042f502cddceb84cfc825d361901ee61ab4f7da1a37cc2b7,-0.07203602401801447,-0.0,-0.013508927907402758,,,,,,5.477563858,0.015084125,,0.0,,0.001095772,,,success,1,1,1/1,1,1,-0.17451309842669496,0.8398658532358505,False,72.0,0.0,31.0,3073.4885740029476,0.005498334,dfcfb0f66a9df92dbce2a4f1948cc61f5cb144f7acf0e867f59c81b20574a24e,a31d059088ca36ce042f502cddceb84cfc825d361901ee61ab4f7da1a37cc2b7,-0.07203602401801447,-0.0,-0.013575099970914134,,,,,,,,,,,,,,success,3,3,3/3,3,3,-0.1701716512432309,0.8435200129099667,False,68.0,0.0,31.0,3011.9287624037447,1.995068958,dfcfb0f66a9df92dbce2a4f1948cc61f5cb144f7acf0e867f59c81b20574a24e,a31d059088ca36ce042f502cddceb84cfc825d361901ee61ab4f7da1a37cc2b7,-0.06803402268368033,-0.0,-0.01323565412178419,0.0,,,,,1.6983765,0.272892709,0.017512543,0.198692499,0.025188208,0.002381563,0.000894079,0.00033848,success,3,3,3/3,3,3,-0.1767963355011509,0.8379504278993637,False,50.0,11.0,22.0,2298.1193510587914,3.396911875,dfcfb0f66a9df92dbce2a4f1948cc61f5cb144f7acf0e867f59c81b20574a24e,a31d059088ca36ce042f502cddceb84cfc825d361901ee61ab4f7da1a37cc2b7,-0.05002501667917672,-0.027534432399303248,-0.010334911984904558,0.08958218920520328,,,,,1.704138833,1.666384834,0.019118998,1.591094001,0.024256332,0.001801968,0.00089077,0.298185608,"[{""run_id"":""qmap154-4mod5-v1_24-M1-s0-r0-c2b6694f4662"",""seed"":0,""status"":""success""}]",[],"{""additive_wall_clock_stages"":[""initial_placement_s"",""problem_preparation_s"",""search_kernel_s"",""result_commit_s"",""routing_s""],""nested_fields_must_not_be_summed"":true,""nested_in_search_kernel"":[""return_match_s"",""forecast_s""],""transition_decision_s"":""reported_stage_not_added_to_full_compile""}","[{""run_id"":""qmap154-4mod5-v1_24-M2-raw-replay-43b0df160c5c"",""seed"":0,""status"":""success""}]",[],"{""additive_wall_clock_stages"":[""initial_placement_s"",""problem_preparation_s"",""search_kernel_s"",""result_commit_s"",""routing_s""],""nested_fields_must_not_be_summed"":true,""nested_in_search_kernel"":[""return_match_s"",""forecast_s""],""transition_decision_s"":""reported_stage_not_added_to_full_compile""}","[{""run_id"":""qmap154-4mod5-v1_24-M3-s0-r0-47a4fb0764ab"",""seed"":0,""status"":""success""},{""run_id"":""qmap154-4mod5-v1_24-M3-s1-r0-bdae5c571eb5"",""seed"":1,""status"":""success""},{""run_id"":""qmap154-4mod5-v1_24-M3-s2-r0-4fa824dc10b0"",""seed"":2,""status"":""success""}]",[],"{""additive_wall_clock_stages"":[""initial_placement_s"",""problem_preparation_s"",""search_kernel_s"",""result_commit_s"",""routing_s""],""nested_fields_must_not_be_summed"":true,""nested_in_search_kernel"":[""return_match_s"",""forecast_s""],""transition_decision_s"":""reported_stage_not_added_to_full_compile""}","[{""run_id"":""qmap154-4mod5-v1_24-M4-s0-r0-dbbef3cdd741"",""seed"":0,""status"":""success""},{""run_id"":""qmap154-4mod5-v1_24-M4-s1-r0-563bcae73a1b"",""seed"":1,""status"":""success""},{""run_id"":""qmap154-4mod5-v1_24-M4-s2-r0-c0f09b0cf249"",""seed"":2,""status"":""success""}]",[],"{""additive_wall_clock_stages"":[""initial_placement_s"",""problem_preparation_s"",""search_kernel_s"",""result_commit_s"",""routing_s""],""nested_fields_must_not_be_summed"":true,""nested_in_search_kernel"":[""return_match_s"",""forecast_s""],""transition_decision_s"":""reported_stage_not_added_to_full_compile""}"
qmap154,4mod7-v0_94,128f4fc145f17a5c3292150a1026e96555931cd0f863e3eed45c36c456983d23,5,130,70,success,1,1,1/1,1,1,-0.7334460177646025,0.48025118120940175,False,288.0,0.0,129.0,12184.608340405988,8.065597542,128f4fc145f17a5c3292150a1026e96555931cd0f863e3eed45c36c456983d23,92ecff201c0adb7527f8f833a6ddb707ac8e8fad41f79442d70aa07738cb2aea,-0.2881440960720579,-0.0,-0.05541814287418557,,,,,,7.985854864,0.073501417,,0.0,,0.004121065,,,success,1,1,1/1,1,1,-0.7338470165598541,0.4800586396713611,False,288.0,0.0,127.0,12095.57720743488,0.023551583,128f4fc145f17a5c3292150a1026e96555931cd0f863e3eed45c36c456983d23,92ecff201c0adb7527f8f833a6ddb707ac8e8fad41f79442d70aa07738cb2aea,-0.2881440960720579,-0.0,-0.05581914166943712,,,,,,,,,,,,,,success,3,3,3/3,3,3,-0.7294027829099817,0.48219688033284747,False,278.0,0.0,131.0,13620.549351803344,3.134873709,128f4fc145f17a5c3292150a1026e96555931cd0f863e3eed45c36c456983d23,92ecff201c0adb7527f8f833a6ddb707ac8e8fad41f79442d70aa07738cb2aea,-0.27813909273622256,-0.0,-0.05937891068823299,0.0,,,,,2.185479625,0.899076375,0.097040915,0.647565246,0.118105627,0.009942055,0.00382297,0.001415192,success,3,3,3/3,3,3,-0.7500803187600423,0.47232861436881496,False,196.0,49.0,92.0,9180.29154638319,8.218328125,128f4fc145f17a5c3292150a1026e96555931cd0f863e3eed45c36c456983d23,92ecff201c0adb7527f8f833a6ddb707ac8e8fad41f79442d70aa07738cb2aea,-0.19609806538237273,-0.12265338068780537,-0.041445093871505134,0.586070676040214,,,,,2.182765583,6.000075875,0.098175209,5.753698419,0.113184039,0.007787228,0.003099471,1.711972019,"[{""run_id"":""qmap154-4mod7-v0_94-M1-s0-r0-5ff362cfd0fe"",""seed"":0,""status"":""success""}]",[],"{""additive_wall_clock_stages"":[""initial_placement_s"",""problem_preparation_s"",""search_kernel_s"",""result_commit_s"",""routing_s""],""nested_fields_must_not_be_summed"":true,""nested_in_search_kernel"":[""return_match_s"",""forecast_s""],""transition_decision_s"":""reported_stage_not_added_to_full_compile""}","[{""run_id"":""qmap154-4mod7-v0_94-M2-raw-replay-7fe18588cc39"",""seed"":0,""status"":""success""}]",[],"{""additive_wall_clock_stages"":[""initial_placement_s"",""problem_preparation_s"",""search_kernel_s"",""result_commit_s"",""routing_s""],""nested_fields_must_not_be_summed"":true,""nested_in_search_kernel"":[""return_match_s"",""forecast_s""],""transition_decision_s"":""reported_stage_not_added_to_full_compile""}","[{""run_id"":""qmap154-4mod7-v0_94-M3-s0-r0-5a02ba509647"",""seed"":0,""status"":""success""},{""run_id"":""qmap154-4mod7-v0_94-M3-s1-r0-809bf2b744f3"",""seed"":1,""status"":""success""},{""run_id"":""qmap154-4mod7-v0_94-M3-s2-r0-731a16f6ede6"",""seed"":2,""status"":""success""}]",[],"{""additive_wall_clock_stages"":[""initial_placement_s"",""problem_preparation_s"",""search_kernel_s"",""result_commit_s"",""routing_s""],""nested_fields_must_not_be_summed"":true,""nested_in_search_kernel"":[""return_match_s"",""forecast_s""],""transition_decision_s"":""reported_stage_not_added_to_full_compile""}","[{""run_id"":""qmap154-4mod7-v0_94-M4-s0-r0-c7b5b8ec8419"",""seed"":0,""status"":""success""},{""run_id"":""qmap154-4mod7-v0_94-M4-s1-r0-3b8f654bac74"",""seed"":1,""status"":""success""},{""run_id"":""qmap154-4mod7-v0_94-M4-s2-r0-adc86a692485"",""seed"":2,""status"":""success""}]",[],"{""additive_wall_clock_stages"":[""initial_placement_s"",""problem_preparation_s"",""search_kernel_s"",""result_commit_s"",""routing_s""],""nested_fields_must_not_be_summed"":true,""nested_in_search_kernel"":[""return_match_s"",""forecast_s""],""transition_decision_s"":""reported_stage_not_added_to_full_compile""}"
qmap154,4mod7-v1_96,e681b288918d9cc524f0c1d7c1a8a165a6636b4125d31d13e102129be7eb25b0,5,131,70,success,1,1,1/1,1,1,-0.743957621659796,0.4752294106930539,False,288.0,0.0,134.0,15118.36035056448,7.996728417,e681b288918d9cc524f0c1d7c1a8a165a6636b4125d31d13e102129be7eb25b0,513fbc166f2dbac54823b4c2088de3c50a1a22011bc58c6c89497c6da8ac4af4,-0.2881440960720579,-0.0,-0.06562970176037701,,,,,,7.924965858,0.065343833,,0.0,,0.0043118,,,success,1,1,1/1,1,1,-0.7388257465277657,0.4776744972610995,False,292.0,0.0,128.0,12267.454711528178,0.021549667,e681b288918d9cc524f0c1d7c1a8a165a6636b4125d31d13e102129be7eb25b0,513fbc166f2dbac54823b4c2088de3c50a1a22011bc58c6c89497c6da8ac4af4,-0.292146097406392,-0.0,-0.056495825294012536,,,,,,,,,,,,,,success,3,3,3/3,3,3,-0.7287310199704882,0.4825209111503564,False,274.0,1.0,128.0,13938.354922833269,3.006189084,e681b288918d9cc524f0c1d7c1a8a165a6636b4125d31d13e102129be7eb25b0,513fbc166f2dbac54823b4c2088de3c50a1a22011bc58c6c89497c6da8ac4af4,-0.2741370914018884,-0.002503130218118477,-0.06045468034997693,0.0,,,,,2.159463333,0.814319583,0.086772251,0.571004872,0.122217709,0.009938002,0.003573891,0.001342512,success,3,3,3/3,3,3,-0.7405012510858636,0.4768748215808535,False,192.0,46.0,89.0,9675.177864848421,7.238017417,e681b288918d9cc524f0c1d7c1a8a165a6636b4125d31d13e102129be7eb25b0,513fbc166f2dbac54823b4c2088de3c50a1a22011bc58c6c89497c6da8ac4af4,-0.19209606404803858,-0.11514399003344994,-0.04307737317701399,0.5990217993763263,,,,,2.1629425,5.024422833,0.0835605,4.795704288,0.111033959,0.007630825,0.002530092,1.784626213,"[{""run_id"":""qmap154-4mod7-v1_96-M1-s0-r0-d0feb3aae288"",""seed"":0,""status"":""success""}]",[],"{""additive_wall_clock_stages"":[""initial_placement_s"",""problem_preparation_s"",""search_kernel_s"",""result_commit_s"",""routing_s""],""nested_fields_must_not_be_summed"":true,""nested_in_search_kernel"":[""return_match_s"",""forecast_s""],""transition_decision_s"":""reported_stage_not_added_to_full_compile""}","[{""run_id"":""qmap154-4mod7-v1_96-M2-raw-replay-f17bdb42e1f8"",""seed"":0,""status"":""success""}]",[],"{""additive_wall_clock_stages"":[""initial_placement_s"",""problem_preparation_s"",""search_kernel_s"",""result_commit_s"",""routing_s""],""nested_fields_must_not_be_summed"":true,""nested_in_search_kernel"":[""return_match_s"",""forecast_s""],""transition_decision_s"":""reported_stage_not_added_to_full_compile""}","[{""run_id"":""qmap154-4mod7-v1_96-M3-s0-r0-2d520d8e44cd"",""seed"":0,""status"":""success""},{""run_id"":""qmap154-4mod7-v1_96-M3-s1-r0-3a3394c340d7"",""seed"":1,""status"":""success""},{""run_id"":""qmap154-4mod7-v1_96-M3-s2-r0-b345f527852a"",""seed"":2,""status"":""success""}]",[],"{""additive_wall_clock_stages"":[""initial_placement_s"",""problem_preparation_s"",""search_kernel_s"",""result_commit_s"",""routing_s""],""nested_fields_must_not_be_summed"":true,""nested_in_search_kernel"":[""return_match_s"",""forecast_s""],""transition_decision_s"":""reported_stage_not_added_to_full_compile""}","[{""run_id"":""qmap154-4mod7-v1_96-M4-s0-r0-abcad83b256e"",""seed"":0,""status"":""success""},{""run_id"":""qmap154-4mod7-v1_96-M4-s1-r0-79e16374daae"",""seed"":1,""status"":""success""},{""run_id"":""qmap154-4mod7-v1_96-M4-s2-r0-8a0ab750b809"",""seed"":2,""status"":""success""}]",[],"{""additive_wall_clock_stages"":[""initial_placement_s"",""problem_preparation_s"",""search_kernel_s"",""result_commit_s"",""routing_s""],""nested_fields_must_not_be_summed"":true,""nested_in_search_kernel"":[""return_match_s"",""forecast_s""],""transition_decision_s"":""reported_stage_not_added_to_full_compile""}"
qmap154,9symml_195,26bde4287c6cb5d5b60c40f5aef845bacf25cce07cfdc5871e9fb2dea2c9746c,11,28293,15232,verifier_fail,0,1,0/1,0,1,,,False,,,,,,26bde4287c6cb5d5b60c40f5aef845bacf25cce07cfdc5871e9fb2dea2c9746c,020b03f9efe6cb666429f72bea6634509af42c4f4e4cce1aa21fcd174a4089d9,,,,,,,,,,,,,,,,,success,1,1,1/1,0,1,,,True,63340.0,0.0,26785.0,2603708.0467253057,4.322254584,26bde4287c6cb5d5b60c40f5aef845bacf25cce07cfdc5871e9fb2dea2c9746c,020b03f9efe6cb666429f72bea6634509af42c4f4e4cce1aa21fcd174a4089d9,,,,,,,,,,,,,,,,,success,3,3,3/3,0,3,,,True,59872.0,2614.0,26803.0,2710790.4568305775,60.026965625,26bde4287c6cb5d5b60c40f5aef845bacf25cce07cfdc5871e9fb2dea2c9746c,020b03f9efe6cb666429f72bea6634509af42c4f4e4cce1aa21fcd174a4089d9,,,,0.0,,,,,4.918134584,49.778243833,3.036002949,41.265668184,4.796225499,3.29594326,0.336146633,0.01097232,success,3,3,3/3,0,3,,,True,46388.0,12482.0,20602.0,2103165.450424444,55.888255667,26bde4287c6cb5d5b60c40f5aef845bacf25cce07cfdc5871e9fb2dea2c9746c,020b03f9efe6cb666429f72bea6634509af42c4f4e4cce1aa21fcd174a4089d9,,,,153.7035516216594,,,,,4.876986459,46.664366042,2.399055913,38.779132198,4.903669174,2.708081007,0.331505032,1.004656067,"[{""run_id"":""qmap154-9symml_195-M1-s0-r0-af387b64b3a4"",""seed"":0,""status"":""verifier_fail""}]",[],"{""additive_wall_clock_stages"":[""initial_placement_s"",""problem_preparation_s"",""search_kernel_s"",""result_commit_s"",""routing_s""],""nested_fields_must_not_be_summed"":true,""nested_in_search_kernel"":[""return_match_s"",""forecast_s""],""transition_decision_s"":""reported_stage_not_added_to_full_compile""}","[{""run_id"":""qmap154-9symml_195-M2-raw-replay-080a5f90a4f3"",""seed"":0,""status"":""success""}]",[],"{""additive_wall_clock_stages"":[""initial_placement_s"",""problem_preparation_s"",""search_kernel_s"",""result_commit_s"",""routing_s""],""nested_fields_must_not_be_summed"":true,""nested_in_search_kernel"":[""return_match_s"",""forecast_s""],""transition_decision_s"":""reported_stage_not_added_to_full_compile""}","[{""run_id"":""qmap154-9symml_195-M3-s0-r0-3ad5ff9307b0"",""seed"":0,""status"":""success""},{""run_id"":""qmap154-9symml_195-M3-s1-r0-19fd8f9cc0f5"",""seed"":1,""status"":""success""},{""run_id"":""qmap154-9symml_195-M3-s2-r0-945e13ebeea7"",""seed"":2,""status"":""success""}]",[],"{""additive_wall_clock_stages"":[""initial_placement_s"",""problem_preparation_s"",""search_kernel_s"",""result_commit_s"",""routing_s""],""nested_fields_must_not_be_summed"":true,""nested_in_search_kernel"":[""return_match_s"",""forecast_s""],""transition_decision_s"":""reported_stage_not_added_to_full_compile""}","[{""run_id"":""qmap154-9symml_195-M4-s0-r0-8d0ba2350526"",""seed"":0,""status"":""success""},{""run_id"":""qmap154-9symml_195-M4-s1-r0-a40da0d48eca"",""seed"":1,""status"":""success""},{""run_id"":""qmap154-9symml_195-M4-s2-r0-e2c8e3c04ad7"",""seed"":2,""status"":""success""}]",[],"{""additive_wall_clock_stages"":[""initial_placement_s"",""problem_preparation_s"",""search_kernel_s"",""result_commit_s"",""routing_s""],""nested_fields_must_not_be_summed"":true,""nested_in_search_kernel"":[""return_match_s"",""forecast_s""],""transition_decision_s"":""reported_stage_not_added_to_full_compile""}"
qmap154,C17_204,c6a370a3fd82cb35caac5770d763a98a341d78297bfc3c07d9c74ed215b9b620,7,382,205,success,1,1,1/1,1,1,-2.227538377237805,0.10779345062340649,False,848.0,0.0,364.0,34773.6042322768,14.84907275,c6a370a3fd82cb35caac5770d763a98a341d78297bfc3c07d9c74ed215b9b620,5cc2a37e4be3bbdf7fc662ff920afe0187ad42ade6ab7191cc398ec6e91dd97d,-0.8484242828788371,-0.0,-0.23692582709362797,,,,,,14.600538969,0.231034084,,0.0,,0.011973858,,,success,1,1,1/1,1,1,-2.2433442800207506,0.10610307199399976,False,860.0,0.0,364.0,35482.26083376361,0.062243166,c6a370a3fd82cb35caac5770d763a98a341d78297bfc3c07d9c74ed215b9b620,5cc2a37e4be3bbdf7fc662ff920afe0187ad42ade6ab7191cc398ec6e91dd97d,-0.8604302868818395,-0.0,-0.24072572587357133,,,,,,,,,,,,,,success,3,3,3/3,3,3,-2.2303939313638255,0.1074860796568002,False,804.0,10.0,376.0,40483.88238121824,6.259299,c6a370a3fd82cb35caac5770d763a98a341d78297bfc3c07d9c74ed215b9b620,5cc2a37e4be3bbdf7fc662ff920afe0187ad42ade6ab7191cc398ec6e91dd97d,-0.8044022682011617,-0.02503130218118477,-0.2562689634980207,0.0,,,,,3.266651125,2.902096625,0.277177419,2.185165581,0.382604343,0.047123194,0.010830411,0.003908484,success,3,3,3/3,3,3,-2.2519252501806615,0.1051964998962027,False,588.0,133.0,268.0,28610.572183434004,22.831481667,c6a370a3fd82cb35caac5770d763a98a341d78297bfc3c07d9c74ed215b9b620,5cc2a37e4be3bbdf7fc662ff920afe0187ad42ade6ab7191cc398ec6e91dd97d,-0.5882941961471182,-0.33291631900975743,-0.1885264677584459,1.9644955823301185,,,,,3.257280625,19.490044875,0.297467596,18.767751675,0.366109166,0.022870541,0.008902692,6.24980727,"[{""run_id"":""qmap154-C17_204-M1-s0-r0-10a6e44dced3"",""seed"":0,""status"":""success""}]",[],"{""additive_wall_clock_stages"":[""initial_placement_s"",""problem_preparation_s"",""search_kernel_s"",""result_commit_s"",""routing_s""],""nested_fields_must_not_be_summed"":true,""nested_in_search_kernel"":[""return_match_s"",""forecast_s""],""transition_decision_s"":""reported_stage_not_added_to_full_compile""}","[{""run_id"":""qmap154-C17_204-M2-raw-replay-39176aa6c388"",""seed"":0,""status"":""success""}]",[],"{""additive_wall_clock_stages"":[""initial_placement_s"",""problem_preparation_s"",""search_kernel_s"",""result_commit_s"",""routing_s""],""nested_fields_must_not_be_summed"":true,""nested_in_search_kernel"":[""return_match_s"",""forecast_s""],""transition_decision_s"":""reported_stage_not_added_to_full_compile""}","[{""run_id"":""qmap154-C17_204-M3-s0-r0-c2dd918d0e90"",""seed"":0,""status"":""success""},{""run_id"":""qmap154-C17_204-M3-s1-r0-8d542549c898"",""seed"":1,""status"":""success""},{""run_id"":""qmap154-C17_204-M3-s2-r0-aae47856d0a5"",""seed"":2,""status"":""success""}]",[],"{""additive_wall_clock_stages"":[""initial_placement_s"",""problem_preparation_s"",""search_kernel_s"",""result_commit_s"",""routing_s""],""nested_fields_must_not_be_summed"":true,""nested_in_search_kernel"":[""return_match_s"",""forecast_s""],""transition_decision_s"":""reported_stage_not_added_to_full_compile""}","[{""run_id"":""qmap154-C17_204-M4-s0-r0-d6efc7b8579e"",""seed"":0,""status"":""success""},{""run_id"":""qmap154-C17_204-M4-s1-r0-6684e3516df9"",""seed"":1,""status"":""success""},{""run_id"":""qmap154-C17_204-M4-s2-r0-731aaf9f2918"",""seed"":2,""status"":""success""}]",[],"{""additive_wall_clock_stages"":[""initial_placement_s"",""problem_preparation_s"",""search_kernel_s"",""result_commit_s"",""routing_s""],""nested_fields_must_not_be_summed"":true,""nested_in_search_kernel"":[""return_match_s"",""forecast_s""],""transition_decision_s"":""reported_stage_not_added_to_full_compile""}"
qmap154,adr4_197,3a59691f2cef465889098b3e1fe8dfc1073bdb63f046979516e9ca7612614be8,13,2786,1498,success,1,1,1/1,1,1,-18.36224983246065,1.0601717374804554e-08,False,6176.0,0.0,2620.0,256718.7949149563,25.652192208,3a59691f2cef465889098b3e1fe8dfc1073bdb63f046979516e9ca7612614be8,67285ab9b4b91ab295ba7186ee4a6f73da8aca9a3126e0fca89b77daf664fc43,-6.179090060211908,-0.0,-3.838446725499849,,,,,,23.595869303,1.899636166,,0.0,,0.120199442,,,success,1,1,1/1,1,1,-18.353536732217023,1.0694494803608008e-08,False,6184.0,0.0,2603.0,255031.3795996679,0.425099875,3a59691f2cef465889098b3e1fe8dfc1073bdb63f046979516e9ca7612614be8,67285ab9b4b91ab295ba7186ee4a6f73da8aca9a3126e0fca89b77daf664fc43,-6.187094062880576,-0.0,-3.8217296225875534,,,,,,,,,,,,,,success,3,3,3/3,3,3,-18.754279736807803,7.1634098249060295e-09,False,5892.0,171.0,2685.0,290927.9842933277,26.350655792,3a59691f2cef465889098b3e1fe8dfc1073bdb63f046979516e9ca7612614be8,67285ab9b4b91ab295ba7186ee4a6f73da8aca9a3126e0fca89b77daf664fc43,-5.894947965474184,-0.4280352672982596,-4.145293921301337,0.0,,,,,4.570128542,21.248021541,3.005157182,14.096325331,3.97014246,0.303435802,0.054424573,0.007432483,success,3,3,3/3,3,3,-18.02734216461339,1.4819200519097689e-08,False,4364.0,982.0,1968.0,200086.7610138077,31.741815375,3a59691f2cef465889098b3e1fe8dfc1073bdb63f046979516e9ca7612614be8,67285ab9b4b91ab295ba7186ee4a6f73da8aca9a3126e0fca89b77daf664fc43,-4.366183455758544,-2.4580738741923445,-2.8416263717706016,13.732763451800189,,,,,4.560626667,26.770851375,2.794429607,20.297475939,3.509173082,0.239976883,0.03414055,1.566931204,"[{""run_id"":""qmap154-adr4_197-M1-s0-r0-53e845e02a32"",""seed"":0,""status"":""success""}]",[],"{""additive_wall_clock_stages"":[""initial_placement_s"",""problem_preparation_s"",""search_kernel_s"",""result_commit_s"",""routing_s""],""nested_fields_must_not_be_summed"":true,""nested_in_search_kernel"":[""return_match_s"",""forecast_s""],""transition_decision_s"":""reported_stage_not_added_to_full_compile""}","[{""run_id"":""qmap154-adr4_197-M2-raw-replay-36a702db5608"",""seed"":0,""status"":""success""}]",[],"{""additive_wall_clock_stages"":[""initial_placement_s"",""problem_preparation_s"",""search_kernel_s"",""result_commit_s"",""routing_s""],""nested_fields_must_not_be_summed"":true,""nested_in_search_kernel"":[""return_match_s"",""forecast_s""],""transition_decision_s"":""reported_stage_not_added_to_full_compile""}","[{""run_id"":""qmap154-adr4_197-M3-s0-r0-a507b89e74bf"",""seed"":0,""status"":""success""},{""run_id"":""qmap154-adr4_197-M3-s1-r0-e9c0cc98b5c0"",""seed"":1,""status"":""success""},{""run_id"":""qmap154-adr4_197-M3-s2-r0-c17e0371af30"",""seed"":2,""status"":""success""}]",[],"{""additive_wall_clock_stages"":[""initial_placement_s"",""problem_preparation_s"",""search_kernel_s"",""result_commit_s"",""routing_s""],""nested_fields_must_not_be_summed"":true,""nested_in_search_kernel"":[""return_match_s"",""forecast_s""],""transition_decision_s"":""reported_stage_not_added_to_full_compile""}","[{""run_id"":""qmap154-adr4_197-M4-s0-r0-23c1a280b030"",""seed"":0,""status"":""success""},{""run_id"":""qmap154-adr4_197-M4-s1-r0-4863535b6fe1"",""seed"":1,""status"":""success""},{""run_id"":""qmap154-adr4_197-M4-s2-r0-d30a1fe28a9b"",""seed"":2,""status"":""success""}]",[],"{""additive_wall_clock_stages"":[""initial_placement_s"",""problem_preparation_s"",""search_kernel_s"",""result_commit_s"",""routing_s""],""nested_fields_must_not_be_summed"":true,""nested_in_search_kernel"":[""return_match_s"",""forecast_s""],""transition_decision_s"":""reported_stage_not_added_to_full_compile""}"
qmap154,aj-e11_165,a35a0cb5a5e80b130e60fa4e26dfdd940ac110073cf1e447d5f32ea63e0902b2,5,128,69,success,1,1,1/1,1,1,-0.7218716567770166,0.485842074840411,False,280.0,0.0,131.0,12797.837054258944,9.008524,a35a0cb5a5e80b130e60fa4e26dfdd940ac110073cf1e447d5f32ea63e0902b2,2e30af8b31edf5c99e73359872ce8737fbbe4b711f19b1ccb16d2b5ff7a4b663,-0.28014009340338963,-0.0,-0.05746041639681619,,,,,,8.936828375,0.06559075,,0.0,,0.004000664,,,success,1,1,1/1,1,1,-0.723870782920947,0.48487178543538173,False,284.0,0.0,127.0,12059.73098745516,0.021170209,a35a0cb5a5e80b130e60fa4e26dfdd940ac110073cf1e447d5f32ea63e0902b2,2e30af8b31edf5c99e73359872ce8737fbbe4b711f19b1ccb16d2b5ff7a4b663,-0.2841420947377238,-0.0,-0.05545754120641239,,,,,,,,,,,,,,success,3,3,3/3,3,3,-0.7116337819438034,0.4908416138502077,False,268.0,1.0,128.0,13344.047142303523,3.193160375,a35a0cb5a5e80b130e60fa4e26dfdd940ac110073cf1e447d5f32ea63e0902b2,2e30af8b31edf5c99e73359872ce8737fbbe4b711f19b1ccb16d2b5ff7a4b663,-0.2681340894003872,-0.002503130218118477,-0.05850408056384239,0.0,,,,,2.351901291,0.803899583,0.095949711,0.558848078,0.114884249,0.009709597,0.003293677,0.00139478,success,3,3,3/3,3,3,-0.7265987196756171,0.48355088835157856,False,180.0,49.0,85.0,8338.971941055754,7.119988458,a35a0cb5a5e80b130e60fa4e26dfdd940ac110073cf1e447d5f32ea63e0902b2,2e30af8b31edf5c99e73359872ce8737fbbe4b711f19b1ccb16d2b5ff7a4b663,-0.1800900600450362,-0.12265338068780537,-0.03958413196596474,0.5500293957946686,,,,,2.351068125,4.848438,0.082429794,4.625142209,0.108129793,0.007168055,0.002246981,1.484337301,"[{""run_id"":""qmap154-aj-e11_165-M1-s0-r0-d9dd8af6f0ac"",""seed"":0,""status"":""success""}]",[],"{""additive_wall_clock_stages"":[""initial_placement_s"",""problem_preparation_s"",""search_kernel_s"",""result_commit_s"",""routing_s""],""nested_fields_must_not_be_summed"":true,""nested_in_search_kernel"":[""return_match_s"",""forecast_s""],""transition_decision_s"":""reported_stage_not_added_to_full_compile""}","[{""run_id"":""qmap154-aj-e11_165-M2-raw-replay-1fb1171bafaf"",""seed"":0,""status"":""success""}]",[],"{""additive_wall_clock_stages"":[""initial_placement_s"",""problem_preparation_s"",""search_kernel_s"",""result_commit_s"",""routing_s""],""nested_fields_must_not_be_summed"":true,""nested_in_search_kernel"":[""return_match_s"",""forecast_s""],""transition_decision_s"":""reported_stage_not_added_to_full_compile""}","[{""run_id"":""qmap154-aj-e11_165-M3-s0-r0-fa21ac5a52a7"",""seed"":0,""status"":""success""},{""run_id"":""qmap154-aj-e11_165-M3-s1-r0-bbc2ebcf9619"",""seed"":1,""status"":""success""},{""run_id"":""qmap154-aj-e11_165-M3-s2-r0-86723372b2c5"",""seed"":2,""status"":""success""}]",[],"{""additive_wall_clock_stages"":[""initial_placement_s"",""problem_preparation_s"",""search_kernel_s"",""result_commit_s"",""routing_s""],""nested_fields_must_not_be_summed"":true,""nested_in_search_kernel"":[""return_match_s"",""forecast_s""],""transition_decision_s"":""reported_stage_not_added_to_full_compile""}","[{""run_id"":""qmap154-aj-e11_165-M4-s0-r0-ee98dab96987"",""seed"":0,""status"":""success""},{""run_id"":""qmap154-aj-e11_165-M4-s1-r0-f36a6cfe37b3"",""seed"":1,""status"":""success""},{""run_id"":""qmap154-aj-e11_165-M4-s2-r0-cc2aa8b0223f"",""seed"":2,""status"":""success""}]",[],"{""additive_wall_clock_stages"":[""initial_placement_s"",""problem_preparation_s"",""search_kernel_s"",""result_commit_s"",""routing_s""],""nested_fields_must_not_be_summed"":true,""nested_in_search_kernel"":[""return_match_s"",""forecast_s""],""transition_decision_s"":""reported_stage_not_added_to_full_compile""}"
qmap154,alu-bdd_288,13f4bceb146bbcba79157a59457fb4180968dfbf0e27e986fd3a79153e3c761d,7,73,38,success,1,1,1/1,1,1,-0.422891534581944,0.6551496903431628,False,164.0,0.0,72.0,7005.243285476675,9.302645083,13f4bceb146bbcba79157a59457fb4180968dfbf0e27e986fd3a79153e3c761d,8f996778dea8af727932c9020398d67437a6b4bc00297ec2db802b661dadf4ad,-0.16408205470769963,-0.0,-0.046429604922416046,,,,,,9.256875038,0.041955375,,0.0,,0.002519846,,,success,1,1,1/1,1,1,-0.4231509580046506,0.6549797512121575,False,164.0,0.0,71.0,7060.4654913555805,0.01892975,13f4bceb146bbcba79157a59457fb4180968dfbf0e27e986fd3a79153e3c761d,8f996778dea8af727932c9020398d67437a6b4bc00297ec2db802b661dadf4ad,-0.16408205470769963,-0.0,-0.04668902834512263,,,,,,,,,,,,,,success,3,3,3/3,3,3,-0.4163685960925686,0.659437159721935,False,156.0,1.0,70.0,6822.516079556545,2.854426208,13f4bceb146bbcba79157a59457fb4180968dfbf0e27e986fd3a79153e3c761d,8f996778dea8af727932c9020398d67437a6b4bc00297ec2db802b661dadf4ad,-0.15607805203903136,-0.002503130218118477,-0.045407538883590455,0.0,,,,,2.303002708,0.513492917,0.062009375,0.36119775,0.065136208,0.005353451,0.00211247,0.000822407,success,3,3,3/3,3,3,-0.42295324997486905,0.6551092587702366,False,110.0,26.0,49.0,5118.132028074075,4.485050083,13f4bceb146bbcba79157a59457fb4180968dfbf0e27e986fd3a79153e3c761d,8f996778dea8af727932c9020398d67437a6b4bc00297ec2db802b661dadf4ad,-0.11005503669418878,-0.0650813856710804,-0.0354369526577715,0.31244037574090466,,,,,2.307912417,2.150154208,0.062768876,1.992155039,0.060369749,0.004299164,0.001776208,0.745083712,"[{""run_id"":""qmap154-alu-bdd_288-M1-s0-r0-f242b3482e87"",""seed"":0,""status"":""success""}]",[],"{""additive_wall_clock_stages"":[""initial_placement_s"",""problem_preparation_s"",""search_kernel_s"",""result_commit_s"",""routing_s""],""nested_fields_must_not_be_summed"":true,""nested_in_search_kernel"":[""return_match_s"",""forecast_s""],""transition_decision_s"":""reported_stage_not_added_to_full_compile""}","[{""run_id"":""qmap154-alu-bdd_288-M2-raw-replay-1dc9dd048006"",""seed"":0,""status"":""success""}]",[],"{""additive_wall_clock_stages"":[""initial_placement_s"",""problem_preparation_s"",""search_kernel_s"",""result_commit_s"",""routing_s""],""nested_fields_must_not_be_summed"":true,""nested_in_search_kernel"":[""return_match_s"",""forecast_s""],""transition_decision_s"":""reported_stage_not_added_to_full_compile""}","[{""run_id"":""qmap154-alu-bdd_288-M3-s0-r0-0f492be8779f"",""seed"":0,""status"":""success""},{""run_id"":""qmap154-alu-bdd_288-M3-s1-r0-24f0ca9e6922"",""seed"":1,""status"":""success""},{""run_id"":""qmap154-alu-bdd_288-M3-s2-r0-6a36a76ca3e2"",""seed"":2,""status"":""success""}]",[],"{""additive_wall_clock_stages"":[""initial_placement_s"",""problem_preparation_s"",""search_kernel_s"",""result_commit_s"",""routing_s""],""nested_fields_must_not_be_summed"":true,""nested_in_search_kernel"":[""return_match_s"",""forecast_s""],""transition_decision_s"":""reported_stage_not_added_to_full_compile""}","[{""run_id"":""qmap154-alu-bdd_288-M4-s0-r0-fa9d60579a20"",""seed"":0,""status"":""success""},{""run_id"":""qmap154-alu-bdd_288-M4-s1-r0-1e49426dc8d0"",""seed"":1,""status"":""success""},{""run_id"":""qmap154-alu-bdd_288-M4-s2-r0-63b03db27962"",""seed"":2,""status"":""success""}]",[],"{""additive_wall_clock_stages"":[""initial_placement_s"",""problem_preparation_s"",""search_kernel_s"",""result_commit_s"",""routing_s""],""nested_fields_must_not_be_summed"":true,""nested_in_search_kernel"":[""return_match_s"",""forecast_s""],""transition_decision_s"":""reported_stage_not_added_to_full_compile""}"
qmap154,alu-v0_26,ce47031e36a06fb4b5256a25a448d4bcf007a6037c20645310dce86c4bd08620,5,70,38,success,1,1,1/1,1,1,-0.4025390375777094,0.6686202371022227,False,160.0,0.0,73.0,6929.874907013938,7.266716292,ce47031e36a06fb4b5256a25a448d4bcf007a6037c20645310dce86c4bd08620,03f38d9658f6c6a75d56202978b83b3074bf883a3f98f1fc4c66230d1618fb23,-0.1600800533733655,-0.0,-0.030979244279521555,,,,,,7.226392984,0.036513792,,0.0,,0.002409935,,,success,1,1,1/1,1,1,-0.40284255591536877,0.668417329393995,False,160.0,0.0,72.0,6916.365237425854,0.012304167,ce47031e36a06fb4b5256a25a448d4bcf007a6037c20645310dce86c4bd08620,03f38d9658f6c6a75d56202978b83b3074bf883a3f98f1fc4c66230d1618fb23,-0.1600800533733655,-0.0,-0.031282762617180895,,,,,,,,,,,,,,success,3,3,3/3,3,3,-0.39659325340808116,0.6726075508301643,False,152.0,0.0,70.0,7675.755511140279,2.497779542,ce47031e36a06fb4b5256a25a448d4bcf007a6037c20645310dce86c4bd08620,03f38d9658f6c6a75d56202978b83b3074bf883a3f98f1fc4c66230d1618fb23,-0.15207605070469724,-0.0,-0.033037462778561545,0.0,,,,,2.005252625,0.459500209,0.059742998,0.302036501,0.063572749,0.005185366,0.001937085,0.000775484,success,3,3,3/3,3,3,-0.40752625909477885,0.6652939811509462,False,112.0,24.0,52.0,5438.234336593016,4.547005625,ce47031e36a06fb4b5256a25a448d4bcf007a6037c20645310dce86c4bd08620,03f38d9658f6c6a75d56202978b83b3074bf883a3f98f1fc4c66230d1618fb23,-0.11205603736135585,-0.06007512523484344,-0.023915356573757218,0.3076946739192682,,,,,2.001998542,2.497176917,0.059970539,2.342862248,0.061026668,0.004213333,0.00168189,0.868263815,"[{""run_id"":""qmap154-alu-v0_26-M1-s0-r0-6d9593839842"",""seed"":0,""status"":""success""}]",[],"{""additive_wall_clock_stages"":[""initial_placement_s"",""problem_preparation_s"",""search_kernel_s"",""result_commit_s"",""routing_s""],""nested_fields_must_not_be_summed"":true,""nested_in_search_kernel"":[""return_match_s"",""forecast_s""],""transition_decision_s"":""reported_stage_not_added_to_full_compile""}","[{""run_id"":""qmap154-alu-v0_26-M2-raw-replay-ce5082fb13df"",""seed"":0,""status"":""success""}]",[],"{""additive_wall_clock_stages"":[""initial_placement_s"",""problem_preparation_s"",""search_kernel_s"",""result_commit_s"",""routing_s""],""nested_fields_must_not_be_summed"":true,""nested_in_search_kernel"":[""return_match_s"",""forecast_s""],""transition_decision_s"":""reported_stage_not_added_to_full_compile""}","[{""run_id"":""qmap154-alu-v0_26-M3-s0-r0-2e6f89adaa14"",""seed"":0,""status"":""success""},{""run_id"":""qmap154-alu-v0_26-M3-s1-r0-3de6f33063e6"",""seed"":1,""status"":""success""},{""run_id"":""qmap154-alu-v0_26-M3-s2-r0-3707f71412f7"",""seed"":2,""status"":""success""}]",[],"{""additive_wall_clock_stages"":[""initial_placement_s"",""problem_preparation_s"",""search_kernel_s"",""result_commit_s"",""routing_s""],""nested_fields_must_not_be_summed"":true,""nested_in_search_kernel"":[""return_match_s"",""forecast_s""],""transition_decision_s"":""reported_stage_not_added_to_full_compile""}","[{""run_id"":""qmap154-alu-v0_26-M4-s0-r0-660daffc9bfb"",""seed"":0,""status"":""success""},{""run_id"":""qmap154-alu-v0_26-M4-s1-r0-4a937ab3afd7"",""seed"":1,""status"":""success""},{""run_id"":""qmap154-alu-v0_26-M4-s2-r0-ffcbaeaa5ac0"",""seed"":2,""status"":""success""}]",[],"{""additive_wall_clock_stages"":[""initial_placement_s"",""problem_preparation_s"",""search_kernel_s"",""result_commit_s"",""routing_s""],""nested_fields_must_not_be_summed"":true,""nested_in_search_kernel"":[""return_match_s"",""forecast_s""],""transition_decision_s"":""reported_stage_not_added_to_full_compile""}"
qmap154,alu-v0_27,68e9a8451b3ea56f9d1e2f1c4ca665dc2432ed849ff554148d57480c48d3774f,5,31,17,success,1,1,1/1,1,1,-0.18811308313619315,0.8285210101807691,False,80.0,0.0,32.0,3061.4708085342622,6.236764791,68e9a8451b3ea56f9d1e2f1c4ca665dc2432ed849ff554148d57480c48d3774f,0abc53775ced2762c829159fe02f7dc9e6d331a6323894a4c3867f6d83021f72,-0.08004002668668275,-0.0,-0.013558450170195772,,,,,,6.21887517,0.016032541,,0.0,,0.00113821,,,success,1,1,1/1,1,1,-0.18764124771350812,0.8289120279825818,False,80.0,0.0,30.0,2868.2968424252003,0.006024709,68e9a8451b3ea56f9d1e2f1c4ca665dc2432ed849ff554148d57480c48d3774f,0abc53775ced2762c829159fe02f7dc9e6d331a6323894a4c3867f6d83021f72,-0.08004002668668275,-0.0,-0.013086614747510755,,,,,,,,,,,,,,success,3,3,3/3,3,3,-0.18153082243951923,0.8339925392227199,False,72.0,0.0,33.0,3515.1363894865476,2.118148958,68e9a8451b3ea56f9d1e2f1c4ca665dc2432ed849ff554148d57480c48d3774f,0abc53775ced2762c829159fe02f7dc9e6d331a6323894a4c3867f6d83021f72,-0.07203602401801447,-0.0,-0.014980192142190143,0.0,,,,,1.853166875,0.240627166,0.018852163,0.163933294,0.026333917,0.002496719,0.00081038,0.000316095,success,3,3,3/3,3,3,-0.1852929283963691,0.8308608654608615,False,50.0,12.0,22.0,2277.086191688478,3.028276583,68e9a8451b3ea56f9d1e2f1c4ca665dc2432ed849ff554148d57480c48d3774f,0abc53775ced2762c829159fe02f7dc9e6d331a6323894a4c3867f6d83021f72,-0.05002501667917672,-0.03003756261742172,-0.010715742820456026,0.1080259844961315,,,,,1.862425791,1.158218708,0.019141584,1.069376375,0.024428833,0.001789808,0.000746091,0.289174044,"[{""run_id"":""qmap154-alu-v0_27-M1-s0-r0-dcf1ce49bbb4"",""seed"":0,""status"":""success""}]",[],"{""additive_wall_clock_stages"":[""initial_placement_s"",""problem_preparation_s"",""search_kernel_s"",""result_commit_s"",""routing_s""],""nested_fields_must_not_be_summed"":true,""nested_in_search_kernel"":[""return_match_s"",""forecast_s""],""transition_decision_s"":""reported_stage_not_added_to_full_compile""}","[{""run_id"":""qmap154-alu-v0_27-M2-raw-replay-373818ef4475"",""seed"":0,""status"":""success""}]",[],"{""additive_wall_clock_stages"":[""initial_placement_s"",""problem_preparation_s"",""search_kernel_s"",""result_commit_s"",""routing_s""],""nested_fields_must_not_be_summed"":true,""nested_in_search_kernel"":[""return_match_s"",""forecast_s""],""transition_decision_s"":""reported_stage_not_added_to_full_compile""}","[{""run_id"":""qmap154-alu-v0_27-M3-s0-r0-da13caac4738"",""seed"":0,""status"":""success""},{""run_id"":""qmap154-alu-v0_27-M3-s1-r0-7be459cbf849"",""seed"":1,""status"":""success""},{""run_id"":""qmap154-alu-v0_27-M3-s2-r0-23031da2ffc8"",""seed"":2,""status"":""success""}]",[],"{""additive_wall_clock_stages"":[""initial_placement_s"",""problem_preparation_s"",""search_kernel_s"",""result_commit_s"",""routing_s""],""nested_fields_must_not_be_summed"":true,""nested_in_search_kernel"":[""return_match_s"",""forecast_s""],""transition_decision_s"":""reported_stage_not_added_to_full_compile""}","[{""run_id"":""qmap154-alu-v0_27-M4-s0-r0-e3b4f688df37"",""seed"":0,""status"":""success""},{""run_id"":""qmap154-alu-v0_27-M4-s1-r0-5390bedf8cec"",""seed"":1,""status"":""success""},{""run_id"":""qmap154-alu-v0_27-M4-s2-r0-e85f10c67ec7"",""seed"":2,""status"":""success""}]",[],"{""additive_wall_clock_stages"":[""initial_placement_s"",""problem_preparation_s"",""search_kernel_s"",""result_commit_s"",""routing_s""],""nested_fields_must_not_be_summed"":true,""nested_in_search_kernel"":[""return_match_s"",""forecast_s""],""transition_decision_s"":""reported_stage_not_added_to_full_compile""}"
qmap154,alu-v1_28,7a422c31684da3e6854600d1c69901b391b2a7ddcf39fc3caada4e1000f7d33e,5,34,18,success,1,1,1/1,1,1,-0.19464140243593156,0.8231297774714176,False,80.0,0.0,32.0,3068.635271594532,6.260338459,7a422c31684da3e6854600d1c69901b391b2a7ddcf39fc3caada4e1000f7d33e,6ea6bac5d5e8a176b7a6a77ba14c4492cb71cf011450d8a2ebb7d8486afdeda1,-0.08004002668668275,-0.0,-0.014174092619383905,,,,,,6.241368055,0.01707275,,0.0,,0.001151323,,,success,1,1,1/1,1,1,-0.1939751959858568,0.8236783345442589,False,80.0,0.0,30.0,2869.325829159886,0.00631125,7a422c31684da3e6854600d1c69901b391b2a7ddcf39fc3caada4e1000f7d33e,6ea6bac5d5e8a176b7a6a77ba14c4492cb71cf011450d8a2ebb7d8486afdeda1,-0.08004002668668275,-0.0,-0.01350788616930917,,,,,,,,,,,,,,success,3,3,3/3,3,3,-0.18805712029814933,0.8285673778652992,False,72.0,0.0,32.0,3521.643862705283,2.094922041,7a422c31684da3e6854600d1c69901b391b2a7ddcf39fc3caada4e1000f7d33e,6ea6bac5d5e8a176b7a6a77ba14c4492cb71cf011450d8a2ebb7d8486afdeda1,-0.07203602401801447,-0.0,-0.015593813150269979,0.0,,,,,1.829004625,0.242041417,0.020762584,0.159816832,0.032682667,0.002688646,0.000893199,0.000332629,success,3,3,3/3,3,3,-0.19308514439090502,0.8244117771120919,False,54.0,11.0,24.0,2433.9338133026667,2.888394542,7a422c31684da3e6854600d1c69901b391b2a7ddcf39fc3caada4e1000f7d33e,6ea6bac5d5e8a176b7a6a77ba14c4492cb71cf011450d8a2ebb7d8486afdeda1,-0.054027018013510855,-0.027534432399303248,-0.011096410848226013,0.11933102510688044,,,,,1.849526167,1.01594125,0.020095792,0.938424208,0.025714918,0.002131701,0.000895258,0.291240293,"[{""run_id"":""qmap154-alu-v1_28-M1-s0-r0-04bc58852046"",""seed"":0,""status"":""success""}]",[],"{""additive_wall_clock_stages"":[""initial_placement_s"",""problem_preparation_s"",""search_kernel_s"",""result_commit_s"",""routing_s""],""nested_fields_must_not_be_summed"":true,""nested_in_search_kernel"":[""return_match_s"",""forecast_s""],""transition_decision_s"":""reported_stage_not_added_to_full_compile""}","[{""run_id"":""qmap154-alu-v1_28-M2-raw-replay-0ed288109490"",""seed"":0,""status"":""success""}]",[],"{""additive_wall_clock_stages"":[""initial_placement_s"",""problem_preparation_s"",""search_kernel_s"",""result_commit_s"",""routing_s""],""nested_fields_must_not_be_summed"":true,""nested_in_search_kernel"":[""return_match_s"",""forecast_s""],""transition_decision_s"":""reported_stage_not_added_to_full_compile""}","[{""run_id"":""qmap154-alu-v1_28-M3-s0-r0-b871eb5de3d8"",""seed"":0,""status"":""success""},{""run_id"":""qmap154-alu-v1_28-M3-s1-r0-eff7b77b287d"",""seed"":1,""status"":""success""},{""run_id"":""qmap154-alu-v1_28-M3-s2-r0-c539d5dcd47b"",""seed"":2,""status"":""success""}]",[],"{""additive_wall_clock_stages"":[""initial_placement_s"",""problem_preparation_s"",""search_kernel_s"",""result_commit_s"",""routing_s""],""nested_fields_must_not_be_summed"":true,""nested_in_search_kernel"":[""return_match_s"",""forecast_s""],""transition_decision_s"":""reported_stage_not_added_to_full_compile""}","[{""run_id"":""qmap154-alu-v1_28-M4-s0-r0-70fc094e54a5"",""seed"":0,""status"":""success""},{""run_id"":""qmap154-alu-v1_28-M4-s1-r0-d0dab650e267"",""seed"":1,""status"":""success""},{""run_id"":""qmap154-alu-v1_28-M4-s2-r0-e98811004668"",""seed"":2,""status"":""success""}]",[],"{""additive_wall_clock_stages"":[""initial_placement_s"",""problem_preparation_s"",""search_kernel_s"",""result_commit_s"",""routing_s""],""nested_fields_must_not_be_summed"":true,""nested_in_search_kernel"":[""return_match_s"",""forecast_s""],""transition_decision_s"":""reported_stage_not_added_to_full_compile""}"
qmap154,alu-v1_29,f4b1830ec59011bb4fe7f2f552e3806d7023f74c8b0fd7e7126a5399b35ceca3,5,31,17,success,1,1,1/1,1,1,-0.18811922958204133,0.8285159177368961,False,80.0,0.0,32.0,3063.3097477521756,6.250636,f4b1830ec59011bb4fe7f2f552e3806d7023f74c8b0fd7e7126a5399b35ceca3,cd46053a78ebf575f2b4ef6c7dd366408ef000b1e1c6a14822e0166e3bd8023a,-0.08004002668668275,-0.0,-0.013564596616043941,,,,,,6.232723951,0.016086417,,0.0,,0.001159191,,,success,1,1,1/1,1,1,-0.1876287022083499,0.8289224271679358,False,80.0,0.0,30.0,2864.5430239856755,0.005925291,f4b1830ec59011bb4fe7f2f552e3806d7023f74c8b0fd7e7126a5399b35ceca3,cd46053a78ebf575f2b4ef6c7dd366408ef000b1e1c6a14822e0166e3bd8023a,-0.08004002668668275,-0.0,-0.013074069242352517,,,,,,,,,,,,,,success,3,3,3/3,3,3,-0.18149770821380903,0.8340201566971674,False,72.0,0.0,32.0,3505.231807906449,2.060566542,f4b1830ec59011bb4fe7f2f552e3806d7023f74c8b0fd7e7126a5399b35ceca3,cd46053a78ebf575f2b4ef6c7dd366408ef000b1e1c6a14822e0166e3bd8023a,-0.07203602401801447,-0.0,-0.01494707791647994,0.0,,,,,1.813592125,0.223854417,0.019403582,0.146780376,0.026960751,0.002519131,0.000869615,0.000311509,success,3,3,3/3,3,3,-0.18289536957264174,0.8328552931836507,False,48.0,12.0,21.0,2100.0086380992957,3.974311667,f4b1830ec59011bb4fe7f2f552e3806d7023f74c8b0fd7e7126a5399b35ceca3,cd46053a78ebf575f2b4ef6c7dd366408ef000b1e1c6a14822e0166e3bd8023a,-0.048024016012009646,-0.03003756261742172,-0.01031918466389575,0.1095780518115535,,,,,1.837473792,2.113818125,0.018322209,2.041129333,0.022713542,0.001793623,0.000735468,0.240115553,"[{""run_id"":""qmap154-alu-v1_29-M1-s0-r0-fc2f6db7beb9"",""seed"":0,""status"":""success""}]",[],"{""additive_wall_clock_stages"":[""initial_placement_s"",""problem_preparation_s"",""search_kernel_s"",""result_commit_s"",""routing_s""],""nested_fields_must_not_be_summed"":true,""nested_in_search_kernel"":[""return_match_s"",""forecast_s""],""transition_decision_s"":""reported_stage_not_added_to_full_compile""}","[{""run_id"":""qmap154-alu-v1_29-M2-raw-replay-ede023563025"",""seed"":0,""status"":""success""}]",[],"{""additive_wall_clock_stages"":[""initial_placement_s"",""problem_preparation_s"",""search_kernel_s"",""result_commit_s"",""routing_s""],""nested_fields_must_not_be_summed"":true,""nested_in_search_kernel"":[""return_match_s"",""forecast_s""],""transition_decision_s"":""reported_stage_not_added_to_full_compile""}","[{""run_id"":""qmap154-alu-v1_29-M3-s0-r0-d153de127d11"",""seed"":0,""status"":""success""},{""run_id"":""qmap154-alu-v1_29-M3-s1-r0-a015ae48e35c"",""seed"":1,""status"":""success""},{""run_id"":""qmap154-alu-v1_29-M3-s2-r0-1a16ac094a78"",""seed"":2,""status"":""success""}]",[],"{""additive_wall_clock_stages"":[""initial_placement_s"",""problem_preparation_s"",""search_kernel_s"",""result_commit_s"",""routing_s""],""nested_fields_must_not_be_summed"":true,""nested_in_search_kernel"":[""return_match_s"",""forecast_s""],""transition_decision_s"":""reported_stage_not_added_to_full_compile""}","[{""run_id"":""qmap154-alu-v1_29-M4-s0-r0-55946a477a06"",""seed"":0,""status"":""success""},{""run_id"":""qmap154-alu-v1_29-M4-s1-r0-ed33884ef48c"",""seed"":1,""status"":""success""},{""run_id"":""qmap154-alu-v1_29-M4-s2-r0-8d9af678ebaf"",""seed"":2,""status"":""success""}]",[],"{""additive_wall_clock_stages"":[""initial_placement_s"",""problem_preparation_s"",""search_kernel_s"",""result_commit_s"",""routing_s""],""nested_fields_must_not_be_summed"":true,""nested_in_search_kernel"":[""return_match_s"",""forecast_s""],""transition_decision_s"":""reported_stage_not_added_to_full_compile""}"
qmap154,alu-v2_30,4f2d6f098c8b76352c45f0551f747e1f012bca552b5eb3dc8ae60ff0418b3c43,6,409,221,success,1,1,1/1,1,1,-2.3656865718516213,0.0938848195612532,False,920.0,0.0,397.0,37475.14111206235,12.165764042,4f2d6f098c8b76352c45f0551f747e1f012bca552b5eb3dc8ae60ff0418b3c43,1d7e7cf353af1352d60ca3b119533ec04734176fb7db854f0cb7446165514d37,-0.9204603068968517,-0.0,-0.2147361132696674,,,,,,11.909878016,0.236826959,,0.0,,0.012985468,,,success,1,1,1/1,1,1,-2.36544210357375,0.09390777422713913,False,920.0,0.0,394.0,37207.81152602434,0.067306334,4f2d6f098c8b76352c45f0551f747e1f012bca552b5eb3dc8ae60ff0418b3c43,1d7e7cf353af1352d60ca3b119533ec04734176fb7db854f0cb7446165514d37,-0.9204603068968517,-0.0,-0.214491644991796,,,,,,,,,,,,,,success,3,3,3/3,3,3,-2.347801681644557,0.09557904460502274,False,880.0,5.0,407.0,40698.633825890734,5.958459666,4f2d6f098c8b76352c45f0551f747e1f012bca552b5eb3dc8ae60ff0418b3c43,1d7e7cf353af1352d60ca3b119533ec04734176fb7db854f0cb7446165514d37,-0.8804402935535103,-0.012515651090592385,-0.2231297048375163,0.0,,,,,2.914202042,2.949146792,0.28379317,2.18005971,0.417924292,0.048231125,0.011914128,0.00452574,success,3,3,3/3,3,3,-2.406376690324541,0.09014131347512333,False,646.0,146.0,290.0,29657.672323787057,24.302415833,4f2d6f098c8b76352c45f0551f747e1f012bca552b5eb3dc8ae60ff0418b3c43,1d7e7cf353af1352d60ca3b119533ec04734176fb7db854f0cb7446165514d37,-0.6463232154949632,-0.3654570118452976,-0.16410631129917824,2.0704886767060424,,,,,2.91492275,21.300545667,0.292304716,20.538943284,0.40851217,0.024362803,0.009336365,6.350448102,"[{""run_id"":""qmap154-alu-v2_30-M1-s0-r0-cc87c5d2e4e0"",""seed"":0,""status"":""success""}]",[],"{""additive_wall_clock_stages"":[""initial_placement_s"",""problem_preparation_s"",""search_kernel_s"",""result_commit_s"",""routing_s""],""nested_fields_must_not_be_summed"":true,""nested_in_search_kernel"":[""return_match_s"",""forecast_s""],""transition_decision_s"":""reported_stage_not_added_to_full_compile""}","[{""run_id"":""qmap154-alu-v2_30-M2-raw-replay-cf3f28c481fc"",""seed"":0,""status"":""success""}]",[],"{""additive_wall_clock_stages"":[""initial_placement_s"",""problem_preparation_s"",""search_kernel_s"",""result_commit_s"",""routing_s""],""nested_fields_must_not_be_summed"":true,""nested_in_search_kernel"":[""return_match_s"",""forecast_s""],""transition_decision_s"":""reported_stage_not_added_to_full_compile""}","[{""run_id"":""qmap154-alu-v2_30-M3-s0-r0-c8b24ce24b05"",""seed"":0,""status"":""success""},{""run_id"":""qmap154-alu-v2_30-M3-s1-r0-7bd1caa31e4e"",""seed"":1,""status"":""success""},{""run_id"":""qmap154-alu-v2_30-M3-s2-r0-53692d9537a2"",""seed"":2,""status"":""success""}]",[],"{""additive_wall_clock_stages"":[""initial_placement_s"",""problem_preparation_s"",""search_kernel_s"",""result_commit_s"",""routing_s""],""nested_fields_must_not_be_summed"":true,""nested_in_search_kernel"":[""return_match_s"",""forecast_s""],""transition_decision_s"":""reported_stage_not_added_to_full_compile""}","[{""run_id"":""qmap154-alu-v2_30-M4-s0-r0-c526b4daaf42"",""seed"":0,""status"":""success""},{""run_id"":""qmap154-alu-v2_30-M4-s1-r0-6ff73e2b2a85"",""seed"":1,""status"":""success""},{""run_id"":""qmap154-alu-v2_30-M4-s2-r0-81d50bca462e"",""seed"":2,""status"":""success""}]",[],"{""additive_wall_clock_stages"":[""initial_placement_s"",""problem_preparation_s"",""search_kernel_s"",""result_commit_s"",""routing_s""],""nested_fields_must_not_be_summed"":true,""nested_in_search_kernel"":[""return_match_s"",""forecast_s""],""transition_decision_s"":""reported_stage_not_added_to_full_compile""}"
qmap154,alu-v2_31,e88e32620ce6fb291b6b742761a195ada2487c3a63177d4cb5041b1265b848a3,5,368,198,success,1,1,1/1,1,1,-2.085382719881221,0.12425955446226541,False,828.0,0.0,351.0,32904.01203717397,8.403694,e88e32620ce6fb291b6b742761a195ada2487c3a63177d4cb5041b1265b848a3,bdafc39fecd75df257b0e22feaf3589eefed77f2ea9f7acabee8bb16db461640,-0.8284142762071665,-0.0,-0.15406859929955255,,,,,,8.180218697,0.206463833,,0.0,,0.011717319,,,success,1,1,1/1,1,1,-2.084146932950308,0.12441320771749874,False,828.0,0.0,345.0,32297.584724046716,0.056822959,e88e32620ce6fb291b6b742761a195ada2487c3a63177d4cb5041b1265b848a3,bdafc39fecd75df257b0e22feaf3589eefed77f2ea9f7acabee8bb16db461640,-0.8284142762071665,-0.0,-0.15283281236863994,,,,,,,,,,,,,,success,3,3,3/3,3,3,-2.059588676365385,0.12750640550822828,False,786.0,3.0,361.0,36585.5291188913,4.62762875,e88e32620ce6fb291b6b742761a195ada2487c3a63177d4cb5041b1265b848a3,bdafc39fecd75df257b0e22feaf3589eefed77f2ea9f7acabee8bb16db461640,-0.7863932621966581,-0.00750939065435543,-0.16078517847270246,0.0,,,,,2.180058292,2.357733833,0.237541464,1.717135791,0.345078089,0.028996706,0.011204292,0.003958443,success,3,3,3/3,3,3,-2.113823010568032,0.12077535724979412,False,558.0,132.0,256.0,26647.92121692785,19.183807292,e88e32620ce6fb291b6b742761a195ada2487c3a63177d4cb5041b1265b848a3,bdafc39fecd75df257b0e22feaf3589eefed77f2ea9f7acabee8bb16db461640,-0.5582791861396121,-0.33041318879163895,-0.12223079126227876,1.7686490173229021,,,,,2.173964083,16.946277875,0.24085792,16.321761835,0.325497698,0.021745682,0.009003968,5.346062452,"[{""run_id"":""qmap154-alu-v2_31-M1-s0-r0-da354f5cd857"",""seed"":0,""status"":""success""}]",[],"{""additive_wall_clock_stages"":[""initial_placement_s"",""problem_preparation_s"",""search_kernel_s"",""result_commit_s"",""routing_s""],""nested_fields_must_not_be_summed"":true,""nested_in_search_kernel"":[""return_match_s"",""forecast_s""],""transition_decision_s"":""reported_stage_not_added_to_full_compile""}","[{""run_id"":""qmap154-alu-v2_31-M2-raw-replay-bed09083862d"",""seed"":0,""status"":""success""}]",[],"{""additive_wall_clock_stages"":[""initial_placement_s"",""problem_preparation_s"",""search_kernel_s"",""result_commit_s"",""routing_s""],""nested_fields_must_not_be_summed"":true,""nested_in_search_kernel"":[""return_match_s"",""forecast_s""],""transition_decision_s"":""reported_stage_not_added_to_full_compile""}","[{""run_id"":""qmap154-alu-v2_31-M3-s0-r0-ade95015b88e"",""seed"":0,""status"":""success""},{""run_id"":""qmap154-alu-v2_31-M3-s1-r0-68a2734499cf"",""seed"":1,""status"":""success""},{""run_id"":""qmap154-alu-v2_31-M3-s2-r0-0024ee6d0215"",""seed"":2,""status"":""success""}]",[],"{""additive_wall_clock_stages"":[""initial_placement_s"",""problem_preparation_s"",""search_kernel_s"",""result_commit_s"",""routing_s""],""nested_fields_must_not_be_summed"":true,""nested_in_search_kernel"":[""return_match_s"",""forecast_s""],""transition_decision_s"":""reported_stage_not_added_to_full_compile""}","[{""run_id"":""qmap154-alu-v2_31-M4-s0-r0-70bf0a766107"",""seed"":0,""status"":""success""},{""run_id"":""qmap154-alu-v2_31-M4-s1-r0-116f65e569fc"",""seed"":1,""status"":""success""},{""run_id"":""qmap154-alu-v2_31-M4-s2-r0-d9f462901f8b"",""seed"":2,""status"":""success""}]",[],"{""additive_wall_clock_stages"":[""initial_placement_s"",""problem_preparation_s"",""search_kernel_s"",""result_commit_s"",""routing_s""],""nested_fields_must_not_be_summed"":true,""nested_in_search_kernel"":[""return_match_s"",""forecast_s""],""transition_decision_s"":""reported_stage_not_added_to_full_compile""}"
qmap154,alu-v2_32,53aa97a2f504590ddcf752e24f189501d8300245aff42164ec7a7191a327b3bc,5,135,72,success,1,1,1/1,1,1,-0.764069766854028,0.4657670014178625,False,304.0,0.0,136.0,12889.574640797502,8.85787875,53aa97a2f504590ddcf752e24f189501d8300245aff42164ec7a7191a327b3bc,49396e5e5b6627c66923d357ef89239fb980d63968939ed270357acd4b74a305,-0.30415210140939447,-0.0,-0.05850857793417602,,,,,,8.778619051,0.072816625,,0.0,,0.004330635,,,success,1,1,1/1,1,1,-0.7666178903528281,0.464581680390117,False,308.0,0.0,130.0,12314.4239072686,0.0222625,53aa97a2f504590ddcf752e24f189501d8300245aff42164ec7a7191a327b3bc,49396e5e5b6627c66923d357ef89239fb980d63968939ed270357acd4b74a305,-0.30815410274372856,-0.0,-0.057054700098642025,,,,,,,,,,,,,,success,3,3,3/3,3,3,-0.7512542407246936,0.4717744627628845,False,286.0,2.0,133.0,13545.478857377491,3.154549041,53aa97a2f504590ddcf752e24f189501d8300245aff42164ec7a7191a327b3bc,49396e5e5b6627c66923d357ef89239fb980d63968939ed270357acd4b74a305,-0.2861430954048908,-0.005006260436236954,-0.05869579737310826,0.0,,,,,2.296358667,0.845336541,0.102757337,0.60547954,0.12401333,0.010531902,0.003588865,0.001454903,success,3,3,3/3,3,3,-0.7700047186081488,0.4630108835391455,False,204.0,47.0,96.0,10517.897666772895,8.149438833,53aa97a2f504590ddcf752e24f189501d8300245aff42164ec7a7191a327b3bc,49396e5e5b6627c66923d357ef89239fb980d63968939ed270357acd4b74a305,-0.204102068051041,-0.11764712025156841,-0.04684644279508182,0.6684755291753912,,,,,2.311576875,5.800923916,0.105860505,5.542765665,0.117415042,0.007934809,0.0030298,1.917262724,"[{""run_id"":""qmap154-alu-v2_32-M1-s0-r0-b3c5170f2a35"",""seed"":0,""status"":""success""}]",[],"{""additive_wall_clock_stages"":[""initial_placement_s"",""problem_preparation_s"",""search_kernel_s"",""result_commit_s"",""routing_s""],""nested_fields_must_not_be_summed"":true,""nested_in_search_kernel"":[""return_match_s"",""forecast_s""],""transition_decision_s"":""reported_stage_not_added_to_full_compile""}","[{""run_id"":""qmap154-alu-v2_32-M2-raw-replay-836f9adb4a72"",""seed"":0,""status"":""success""}]",[],"{""additive_wall_clock_stages"":[""initial_placement_s"",""problem_preparation_s"",""search_kernel_s"",""result_commit_s"",""routing_s""],""nested_fields_must_not_be_summed"":true,""nested_in_search_kernel"":[""return_match_s"",""forecast_s""],""transition_decision_s"":""reported_stage_not_added_to_full_compile""}","[{""run_id"":""qmap154-alu-v2_32-M3-s0-r0-97ccb76238ef"",""seed"":0,""status"":""success""},{""run_id"":""qmap154-alu-v2_32-M3-s1-r0-437f522226cb"",""seed"":1,""status"":""success""},{""run_id"":""qmap154-alu-v2_32-M3-s2-r0-19a544d71739"",""seed"":2,""status"":""success""}]",[],"{""additive_wall_clock_stages"":[""initial_placement_s"",""problem_preparation_s"",""search_kernel_s"",""result_commit_s"",""routing_s""],""nested_fields_must_not_be_summed"":true,""nested_in_search_kernel"":[""return_match_s"",""forecast_s""],""transition_decision_s"":""reported_stage_not_added_to_full_compile""}","[{""run_id"":""qmap154-alu-v2_32-M4-s0-r0-edeae493e62e"",""seed"":0,""status"":""success""},{""run_id"":""qmap154-alu-v2_32-M4-s1-r0-371a65694b2b"",""seed"":1,""status"":""success""},{""run_id"":""qmap154-alu-v2_32-M4-s2-r0-040c7f2e72e1"",""seed"":2,""status"":""success""}]",[],"{""additive_wall_clock_stages"":[""initial_placement_s"",""problem_preparation_s"",""search_kernel_s"",""result_commit_s"",""routing_s""],""nested_fields_must_not_be_summed"":true,""nested_in_search_kernel"":[""return_match_s"",""forecast_s""],""transition_decision_s"":""reported_stage_not_added_to_full_compile""}"
qmap154,alu-v2_33,fe1d0e3dd99cc2fa7f2e2fcac9431aed035eea231c658fd07b119549b2c9925f,5,31,17,success,1,1,1/1,1,1,-0.19000985557774933,0.8269509838234843,False,80.0,0.0,34.0,3628.8467812787994,6.2451145,fe1d0e3dd99cc2fa7f2e2fcac9431aed035eea231c658fd07b119549b2c9925f,59853f8894d7d2c946cfeff1856d83fb96fa00e70d686bbd77e425abda1e2893,-0.08004002668668275,-0.0,-0.015455222611751931,,,,,,6.227090836,0.016110709,,0.0,,0.001171589,,,success,1,1,1/1,1,1,-0.18927841330536557,0.8275560719967991,False,80.0,0.0,31.0,3358.0753284460984,0.005674625,fe1d0e3dd99cc2fa7f2e2fcac9431aed035eea231c658fd07b119549b2c9925f,59853f8894d7d2c946cfeff1856d83fb96fa00e70d686bbd77e425abda1e2893,-0.08004002668668275,-0.0,-0.01472378033936818,,,,,,,,,,,,,,success,3,3,3/3,3,3,-0.1799078859539819,0.8353471550737052,False,72.0,0.0,31.0,2977.270900187029,2.0995495,fe1d0e3dd99cc2fa7f2e2fcac9431aed035eea231c658fd07b119549b2c9925f,59853f8894d7d2c946cfeff1856d83fb96fa00e70d686bbd77e425abda1e2893,-0.07203602401801447,-0.0,-0.013357255656652824,0.0,,,,,1.857873583,0.217824583,0.018710875,0.141406126,0.027124584,0.002351999,0.000864033,0.000342625,success,3,3,3/3,3,3,-0.1847120843452172,0.8313436062368811,False,50.0,12.0,22.0,2257.256944498329,3.135815292,fe1d0e3dd99cc2fa7f2e2fcac9431aed035eea231c658fd07b119549b2c9925f,59853f8894d7d2c946cfeff1856d83fb96fa00e70d686bbd77e425abda1e2893,-0.05002501667917672,-0.03003756261742172,-0.010134898769304113,0.12339256196990188,,,,,1.877752917,1.225587667,0.01898575,1.151173913,0.023899002,0.001877546,0.000788018,0.299285589,"[{""run_id"":""qmap154-alu-v2_33-M1-s0-r0-17ce84035337"",""seed"":0,""status"":""success""}]",[],"{""additive_wall_clock_stages"":[""initial_placement_s"",""problem_preparation_s"",""search_kernel_s"",""result_commit_s"",""routing_s""],""nested_fields_must_not_be_summed"":true,""nested_in_search_kernel"":[""return_match_s"",""forecast_s""],""transition_decision_s"":""reported_stage_not_added_to_full_compile""}","[{""run_id"":""qmap154-alu-v2_33-M2-raw-replay-21a8b40b12ef"",""seed"":0,""status"":""success""}]",[],"{""additive_wall_clock_stages"":[""initial_placement_s"",""problem_preparation_s"",""search_kernel_s"",""result_commit_s"",""routing_s""],""nested_fields_must_not_be_summed"":true,""nested_in_search_kernel"":[""return_match_s"",""forecast_s""],""transition_decision_s"":""reported_stage_not_added_to_full_compile""}","[{""run_id"":""qmap154-alu-v2_33-M3-s0-r0-4dc21205180a"",""seed"":0,""status"":""success""},{""run_id"":""qmap154-alu-v2_33-M3-s1-r0-5a4880009fbe"",""seed"":1,""status"":""success""},{""run_id"":""qmap154-alu-v2_33-M3-s2-r0-b8f10460f198"",""seed"":2,""status"":""success""}]",[],"{""additive_wall_clock_stages"":[""initial_placement_s"",""problem_preparation_s"",""search_kernel_s"",""result_commit_s"",""routing_s""],""nested_fields_must_not_be_summed"":true,""nested_in_search_kernel"":[""return_match_s"",""forecast_s""],""transition_decision_s"":""reported_stage_not_added_to_full_compile""}","[{""run_id"":""qmap154-alu-v2_33-M4-s0-r0-3abb74ab2546"",""seed"":0,""status"":""success""},{""run_id"":""qmap154-alu-v2_33-M4-s1-r0-21de1194524f"",""seed"":1,""status"":""success""},{""run_id"":""qmap154-alu-v2_33-M4-s2-r0-299026606ae6"",""seed"":2,""status"":""success""}]",[],"{""additive_wall_clock_stages"":[""initial_placement_s"",""problem_preparation_s"",""search_kernel_s"",""result_commit_s"",""routing_s""],""nested_fields_must_not_be_summed"":true,""nested_in_search_kernel"":[""return_match_s"",""forecast_s""],""transition_decision_s"":""reported_stage_not_added_to_full_compile""}"
qmap154,alu-v3_34,d25f1e6ffaf065bfaada147783bc65850a972bf0e1d238430518d6f2f854fcc2,5,46,24,success,1,1,1/1,1,1,-0.2578340538836516,0.7727234519237015,False,104.0,0.0,46.0,4337.640471687405,6.440810167,d25f1e6ffaf065bfaada147783bc65850a972bf0e1d238430518d6f2f854fcc2,84958b237dc7b0ccba69ff6c617aa034adabf7f07d60c1d1e84c3bb529278389,-0.10405203469268758,-0.0,-0.01967894501180952,,,,,,6.414227962,0.023958,,0.0,,0.001708746,,,success,1,1,1/1,1,1,-0.25816885343420726,0.7724647877620324,False,104.0,0.0,46.0,4385.682453107629,0.007881959,d25f1e6ffaf065bfaada147783bc65850a972bf0e1d238430518d6f2f854fcc2,84958b237dc7b0ccba69ff6c617aa034adabf7f07d60c1d1e84c3bb529278389,-0.10405203469268758,-0.0,-0.02001374456236514,,,,,,,,,,,,,,success,3,3,3/3,3,3,-0.25333537927422234,0.7762075142524588,False,98.0,0.0,46.0,4821.457908283292,2.209548959,d25f1e6ffaf065bfaada147783bc65850a972bf0e1d238430518d6f2f854fcc2,84958b237dc7b0ccba69ff6c617aa034adabf7f07d60c1d1e84c3bb529278389,-0.09804903269118637,-0.0,-0.021183272403881445,0.0,,,,,1.87266825,0.310675459,0.027619334,0.20979158,0.040350334,0.003492832,0.001301593,0.000500109,success,3,3,3/3,3,3,-0.26002617690967733,0.7710314023200199,False,68.0,17.0,31.0,3243.9967937423503,3.40487925,d25f1e6ffaf065bfaada147783bc65850a972bf0e1d238430518d6f2f854fcc2,84958b237dc7b0ccba69ff6c617aa034adabf7f07d60c1d1e84c3bb529278389,-0.06803402268368033,-0.042553213708014105,-0.015335866338828368,0.18012552606886317,,,,,1.882979666,1.496144833,0.029716001,1.396182749,0.037890541,0.002721071,0.001152242,0.487306914,"[{""run_id"":""qmap154-alu-v3_34-M1-s0-r0-e41ae96dcd37"",""seed"":0,""status"":""success""}]",[],"{""additive_wall_clock_stages"":[""initial_placement_s"",""problem_preparation_s"",""search_kernel_s"",""result_commit_s"",""routing_s""],""nested_fields_must_not_be_summed"":true,""nested_in_search_kernel"":[""return_match_s"",""forecast_s""],""transition_decision_s"":""reported_stage_not_added_to_full_compile""}","[{""run_id"":""qmap154-alu-v3_34-M2-raw-replay-65949b49a096"",""seed"":0,""status"":""success""}]",[],"{""additive_wall_clock_stages"":[""initial_placement_s"",""problem_preparation_s"",""search_kernel_s"",""result_commit_s"",""routing_s""],""nested_fields_must_not_be_summed"":true,""nested_in_search_kernel"":[""return_match_s"",""forecast_s""],""transition_decision_s"":""reported_stage_not_added_to_full_compile""}","[{""run_id"":""qmap154-alu-v3_34-M3-s0-r0-3f559168c0be"",""seed"":0,""status"":""success""},{""run_id"":""qmap154-alu-v3_34-M3-s1-r0-dd643888669d"",""seed"":1,""status"":""success""},{""run_id"":""qmap154-alu-v3_34-M3-s2-r0-0c60f179cc80"",""seed"":2,""status"":""success""}]",[],"{""additive_wall_clock_stages"":[""initial_placement_s"",""problem_preparation_s"",""search_kernel_s"",""result_commit_s"",""routing_s""],""nested_fields_must_not_be_summed"":true,""nested_in_search_kernel"":[""return_match_s"",""forecast_s""],""transition_decision_s"":""reported_stage_not_added_to_full_compile""}","[{""run_id"":""qmap154-alu-v3_34-M4-s0-r0-9a82bff5b55e"",""seed"":0,""status"":""success""},{""run_id"":""qmap154-alu-v3_34-M4-s1-r0-ab7009334840"",""seed"":1,""status"":""success""},{""run_id"":""qmap154-alu-v3_34-M4-s2-r0-afc3bbb2a99b"",""seed"":2,""status"":""success""}]",[],"{""additive_wall_clock_stages"":[""initial_placement_s"",""problem_preparation_s"",""search_kernel_s"",""result_commit_s"",""routing_s""],""nested_fields_must_not_be_summed"":true,""nested_in_search_kernel"":[""return_match_s"",""forecast_s""],""transition_decision_s"":""reported_stage_not_added_to_full_compile""}"
qmap154,alu-v3_35,8005c69009fdf9618f28c60c160a00e576cac183c5a275d2382af5d76f812b14,5,31,18,success,1,1,1/1,1,1,-0.19769441439268592,0.8206205846656462,False,84.0,0.0,34.0,3242.819722750612,6.3079355,8005c69009fdf9618f28c60c160a00e576cac183c5a275d2382af5d76f812b14,dc14eab529fd02fdd3430529892b04fadbd311cd744ae17313e1aaffcb3c87b7,-0.08404202802101689,-0.0,-0.014125238268810111,,,,,,6.288542032,0.017428583,,0.0,,0.001214743,,,success,1,1,1/1,1,1,-0.1972327764922202,0.8209995016839294,False,84.0,0.0,32.0,3052.7126701052516,0.005919458,8005c69009fdf9618f28c60c160a00e576cac183c5a275d2382af5d76f812b14,dc14eab529fd02fdd3430529892b04fadbd311cd744ae17313e1aaffcb3c87b7,-0.08404202802101689,-0.0,-0.013663600368344402,,,,,,,,,,,,,,success,3,3,3/3,3,3,-0.19128192967986074,0.8258997096843121,False,76.0,0.0,35.0,3747.211734195414,2.158411667,8005c69009fdf9618f28c60c160a00e576cac183c5a275d2382af5d76f812b14,dc14eab529fd02fdd3430529892b04fadbd311cd744ae17313e1aaffcb3c87b7,-0.07603802535234862,-0.0,-0.01571675622465321,0.0,,,,,1.854801375,0.279042333,0.0252375,0.188213374,0.035420252,0.002748013,0.000974127,0.000413737,success,3,3,3/3,3,3,-0.1952017077560733,0.8226687026613304,False,52.0,13.0,23.0,2348.2464029940106,3.11009625,8005c69009fdf9618f28c60c160a00e576cac183c5a275d2382af5d76f812b14,dc14eab529fd02fdd3430529892b04fadbd311cd744ae17313e1aaffcb3c87b7,-0.05202601734634379,-0.0325406928355402,-0.011107849471330379,0.1155434163907106,,,,,1.862941166,1.222607958,0.02052775,1.144065501,0.026361543,0.001936197,0.000826546,0.317400916,"[{""run_id"":""qmap154-alu-v3_35-M1-s0-r0-9062db46ca59"",""seed"":0,""status"":""success""}]",[],"{""additive_wall_clock_stages"":[""initial_placement_s"",""problem_preparation_s"",""search_kernel_s"",""result_commit_s"",""routing_s""],""nested_fields_must_not_be_summed"":true,""nested_in_search_kernel"":[""return_match_s"",""forecast_s""],""transition_decision_s"":""reported_stage_not_added_to_full_compile""}","[{""run_id"":""qmap154-alu-v3_35-M2-raw-replay-333ac05431f0"",""seed"":0,""status"":""success""}]",[],"{""additive_wall_clock_stages"":[""initial_placement_s"",""problem_preparation_s"",""search_kernel_s"",""result_commit_s"",""routing_s""],""nested_fields_must_not_be_summed"":true,""nested_in_search_kernel"":[""return_match_s"",""forecast_s""],""transition_decision_s"":""reported_stage_not_added_to_full_compile""}","[{""run_id"":""qmap154-alu-v3_35-M3-s0-r0-87935f61dee5"",""seed"":0,""status"":""success""},{""run_id"":""qmap154-alu-v3_35-M3-s1-r0-f3d9f4132ade"",""seed"":1,""status"":""success""},{""run_id"":""qmap154-alu-v3_35-M3-s2-r0-6c54e68d0e9b"",""seed"":2,""status"":""success""}]",[],"{""additive_wall_clock_stages"":[""initial_placement_s"",""problem_preparation_s"",""search_kernel_s"",""result_commit_s"",""routing_s""],""nested_fields_must_not_be_summed"":true,""nested_in_search_kernel"":[""return_match_s"",""forecast_s""],""transition_decision_s"":""reported_stage_not_added_to_full_compile""}","[{""run_id"":""qmap154-alu-v3_35-M4-s0-r0-54bf24c50846"",""seed"":0,""status"":""success""},{""run_id"":""qmap154-alu-v3_35-M4-s1-r0-f45bae43b480"",""seed"":1,""status"":""success""},{""run_id"":""qmap154-alu-v3_35-M4-s2-r0-b829e74d45da"",""seed"":2,""status"":""success""}]",[],"{""additive_wall_clock_stages"":[""initial_placement_s"",""problem_preparation_s"",""search_kernel_s"",""result_commit_s"",""routing_s""],""nested_fields_must_not_be_summed"":true,""nested_in_search_kernel"":[""return_match_s"",""forecast_s""],""transition_decision_s"":""reported_stage_not_added_to_full_compile""}"
qmap154,alu-v4_36,3851a8b648aa151f77e4ada800ff214766541778f2026981a67f714d6816d18a,5,93,49,success,1,1,1/1,1,1,-0.5252207258482231,0.5914248072164432,False,212.0,0.0,92.0,8642.229948709355,8.037961041,3851a8b648aa151f77e4ada800ff214766541778f2026981a67f714d6816d18a,b22d6f3223fd9329524d95d1b2e4f0d607b010bd94dd9f112d481274cb2eba85,-0.21210607071970927,-0.0,-0.03959591993765849,,,,,,7.985661983,0.047545334,,0.0,,0.003216505,,,success,1,1,1/1,1,1,-0.5250477090644752,0.591527142487021,False,212.0,0.0,91.0,8538.733446611712,0.015170834,3851a8b648aa151f77e4ada800ff214766541778f2026981a67f714d6816d18a,b22d6f3223fd9329524d95d1b2e4f0d607b010bd94dd9f112d481274cb2eba85,-0.21210607071970927,-0.0,-0.03942290315391056,,,,,,,,,,,,,,success,3,3,3/3,3,3,-0.5208149793060936,0.594036223410605,False,202.0,1.0,94.0,9350.978985590227,3.026469959,3851a8b648aa151f77e4ada800ff214766541778f2026981a67f714d6816d18a,b22d6f3223fd9329524d95d1b2e4f0d607b010bd94dd9f112d481274cb2eba85,-0.20210106738387393,-0.002503130218118477,-0.04069104584607875,0.0,,,,,2.207098625,0.785722375,0.077179711,0.586940874,0.085763331,0.00753808,0.003037826,0.001049573,success,3,3,3/3,3,3,-0.5291554741321909,0.5891022717638499,False,138.0,35.0,63.0,6186.253074857907,6.700686,3851a8b648aa151f77e4ada800ff214766541778f2026981a67f714d6816d18a,b22d6f3223fd9329524d95d1b2e4f0d607b010bd94dd9f112d481274cb2eba85,-0.13806904603452774,-0.0876095576341467,-0.029958135272661158,0.3991198743154986,,,,,2.208225542,4.435210083,0.080023547,4.235942453,0.079746583,0.005151033,0.002731843,1.236878341,"[{""run_id"":""qmap154-alu-v4_36-M1-s0-r0-8160ef1c1910"",""seed"":0,""status"":""success""}]",[],"{""additive_wall_clock_stages"":[""initial_placement_s"",""problem_preparation_s"",""search_kernel_s"",""result_commit_s"",""routing_s""],""nested_fields_must_not_be_summed"":true,""nested_in_search_kernel"":[""return_match_s"",""forecast_s""],""transition_decision_s"":""reported_stage_not_added_to_full_compile""}","[{""run_id"":""qmap154-alu-v4_36-M2-raw-replay-1701c4888eca"",""seed"":0,""status"":""success""}]",[],"{""additive_wall_clock_stages"":[""initial_placement_s"",""problem_preparation_s"",""search_kernel_s"",""result_commit_s"",""routing_s""],""nested_fields_must_not_be_summed"":true,""nested_in_search_kernel"":[""return_match_s"",""forecast_s""],""transition_decision_s"":""reported_stage_not_added_to_full_compile""}","[{""run_id"":""qmap154-alu-v4_36-M3-s0-r0-28109af8a294"",""seed"":0,""status"":""success""},{""run_id"":""qmap154-alu-v4_36-M3-s1-r0-9fa8a853ea0f"",""seed"":1,""status"":""success""},{""run_id"":""qmap154-alu-v4_36-M3-s2-r0-3b01533fa3c7"",""seed"":2,""status"":""success""}]",[],"{""additive_wall_clock_stages"":[""initial_placement_s"",""problem_preparation_s"",""search_kernel_s"",""result_commit_s"",""routing_s""],""nested_fields_must_not_be_summed"":true,""nested_in_search_kernel"":[""return_match_s"",""forecast_s""],""transition_decision_s"":""reported_stage_not_added_to_full_compile""}","[{""run_id"":""qmap154-alu-v4_36-M4-s0-r0-1b4d3bb872f9"",""seed"":0,""status"":""success""},{""run_id"":""qmap154-alu-v4_36-M4-s1-r0-07e1da86b979"",""seed"":1,""status"":""success""},{""run_id"":""qmap154-alu-v4_36-M4-s2-r0-55db7d7fe0e0"",""seed"":2,""status"":""success""}]",[],"{""additive_wall_clock_stages"":[""initial_placement_s"",""problem_preparation_s"",""search_kernel_s"",""result_commit_s"",""routing_s""],""nested_fields_must_not_be_summed"":true,""nested_in_search_kernel"":[""return_match_s"",""forecast_s""],""transition_decision_s"":""reported_stage_not_added_to_full_compile""}"
qmap154,alu-v4_37,e0dd04c87b06b77340c2ea5884b0d7aa8c08bc173a7ad4a394604075fca77d6e,5,31,18,success,1,1,1/1,1,1,-0.19769441439268592,0.8206205846656462,False,84.0,0.0,34.0,3242.819722750612,6.236929458,e0dd04c87b06b77340c2ea5884b0d7aa8c08bc173a7ad4a394604075fca77d6e,b700df692531e0807c4242126b666290cbb2f9d41c1320e7899569476864ffa7,-0.08404202802101689,-0.0,-0.014125238268810111,,,,,,6.21801424,0.016945875,,0.0,,0.00121665,,,success,1,1,1/1,1,1,-0.19722252548289768,0.8210079178006117,False,84.0,0.0,32.0,3049.64575664155,0.0057645,e0dd04c87b06b77340c2ea5884b0d7aa8c08bc173a7ad4a394604075fca77d6e,b700df692531e0807c4242126b666290cbb2f9d41c1320e7899569476864ffa7,-0.08404202802101689,-0.0,-0.01365334935902187,,,,,,,,,,,,,,success,3,3,3/3,3,3,-0.19128192967986074,0.8258997096843121,False,76.0,0.0,35.0,3747.211734195414,2.164606084,e0dd04c87b06b77340c2ea5884b0d7aa8c08bc173a7ad4a394604075fca77d6e,b700df692531e0807c4242126b666290cbb2f9d41c1320e7899569476864ffa7,-0.07603802535234862,-0.0,-0.01571675622465321,0.0,,,,,1.866865333,0.26733075,0.02204296,0.177818289,0.030564626,0.003027916,0.000894928,0.000372029,success,3,3,3/3,3,3,-0.1952017077560733,0.8226687026613304,False,52.0,13.0,23.0,2348.2464029940106,3.17884075,e0dd04c87b06b77340c2ea5884b0d7aa8c08bc173a7ad4a394604075fca77d6e,b700df692531e0807c4242126b666290cbb2f9d41c1320e7899569476864ffa7,-0.05202601734634379,-0.0325406928355402,-0.011107849471330379,0.1155434163907106,,,,,1.947668625,1.2069485,0.020356376,1.127919249,0.025696251,0.00188303,0.000788047,0.314403675,"[{""run_id"":""qmap154-alu-v4_37-M1-s0-r0-128a52f752af"",""seed"":0,""status"":""success""}]",[],"{""additive_wall_clock_stages"":[""initial_placement_s"",""problem_preparation_s"",""search_kernel_s"",""result_commit_s"",""routing_s""],""nested_fields_must_not_be_summed"":true,""nested_in_search_kernel"":[""return_match_s"",""forecast_s""],""transition_decision_s"":""reported_stage_not_added_to_full_compile""}","[{""run_id"":""qmap154-alu-v4_37-M2-raw-replay-a5ea106a1e06"",""seed"":0,""status"":""success""}]",[],"{""additive_wall_clock_stages"":[""initial_placement_s"",""problem_preparation_s"",""search_kernel_s"",""result_commit_s"",""routing_s""],""nested_fields_must_not_be_summed"":true,""nested_in_search_kernel"":[""return_match_s"",""forecast_s""],""transition_decision_s"":""reported_stage_not_added_to_full_compile""}","[{""run_id"":""qmap154-alu-v4_37-M3-s0-r0-4f7b5a4c2eef"",""seed"":0,""status"":""success""},{""run_id"":""qmap154-alu-v4_37-M3-s1-r0-c0a078d9616a"",""seed"":1,""status"":""success""},{""run_id"":""qmap154-alu-v4_37-M3-s2-r0-fd37913bc39f"",""seed"":2,""status"":""success""}]",[],"{""additive_wall_clock_stages"":[""initial_placement_s"",""problem_preparation_s"",""search_kernel_s"",""result_commit_s"",""routing_s""],""nested_fields_must_not_be_summed"":true,""nested_in_search_kernel"":[""return_match_s"",""forecast_s""],""transition_decision_s"":""reported_stage_not_added_to_full_compile""}","[{""run_id"":""qmap154-alu-v4_37-M4-s0-r0-f11306dcd4c2"",""seed"":0,""status"":""success""},{""run_id"":""qmap154-alu-v4_37-M4-s1-r0-ed134ca69ee5"",""seed"":1,""status"":""success""},{""run_id"":""qmap154-alu-v4_37-M4-s2-r0-9c924df5246e"",""seed"":2,""status"":""success""}]",[],"{""additive_wall_clock_stages"":[""initial_placement_s"",""problem_preparation_s"",""search_kernel_s"",""result_commit_s"",""routing_s""],""nested_fields_must_not_be_summed"":true,""nested_in_search_kernel"":[""return_match_s"",""forecast_s""],""transition_decision_s"":""reported_stage_not_added_to_full_compile""}"
qmap154,clip_206,061b2a34f02d68d66f40b60624ac224b6594505d785938da624cb18f9863a304,14,27438,14772,success,1,1,1/1,0,1,,,True,60816.0,0.0,25847.0,2546583.5538859754,67.200200959,061b2a34f02d68d66f40b60624ac224b6594505d785938da624cb18f9863a304,c04981a311d6a569bfc3f8c6999cb50ce5a7e11b12e97504bcafbd94005e1ae9,,,,,,,,,35.535723925,30.037560125,,0.0,,1.261332035,,,success,1,1,1/1,0,1,,,True,60888.0,0.0,25244.0,2480444.895936986,4.020529292,061b2a34f02d68d66f40b60624ac224b6594505d785938da624cb18f9863a304,c04981a311d6a569bfc3f8c6999cb50ce5a7e11b12e97504bcafbd94005e1ae9,,,,,,,,,,,,,,,,,success,3,3,3/3,0,3,,,True,57820.0,2541.0,25588.0,2599555.7791400077,65.040732958,061b2a34f02d68d66f40b60624ac224b6594505d785938da624cb18f9863a304,c04981a311d6a569bfc3f8c6999cb50ce5a7e11b12e97504bcafbd94005e1ae9,,,,0.0,,,,,6.572084292,53.46108875,3.72918877,43.941828764,4.851163574,3.222489595,0.314158786,0.011271291,success,3,3,3/3,0,3,,,True,44442.0,12849.0,19671.0,2027315.6619387725,62.563263334,061b2a34f02d68d66f40b60624ac224b6594505d785938da624cb18f9863a304,c04981a311d6a569bfc3f8c6999cb50ce5a7e11b12e97504bcafbd94005e1ae9,,,,179.53251091858408,,,,,6.685790625,51.496658,2.662569488,43.398929357,4.704622788,2.558382988,0.400773835,1.141582611,"[{""run_id"":""qmap154-clip_206-M1-s0-r0-cf6680c5005d"",""seed"":0,""status"":""success""}]",[],"{""additive_wall_clock_stages"":[""initial_placement_s"",""problem_preparation_s"",""search_kernel_s"",""result_commit_s"",""routing_s""],""nested_fields_must_not_be_summed"":true,""nested_in_search_kernel"":[""return_match_s"",""forecast_s""],""transition_decision_s"":""reported_stage_not_added_to_full_compile""}","[{""run_id"":""qmap154-clip_206-M2-raw-replay-fd81a4cc2a4b"",""seed"":0,""status"":""success""}]",[],"{""additive_wall_clock_stages"":[""initial_placement_s"",""problem_preparation_s"",""search_kernel_s"",""result_commit_s"",""routing_s""],""nested_fields_must_not_be_summed"":true,""nested_in_search_kernel"":[""return_match_s"",""forecast_s""],""transition_decision_s"":""reported_stage_not_added_to_full_compile""}","[{""run_id"":""qmap154-clip_206-M3-s0-r0-18661a3b7f7f"",""seed"":0,""status"":""success""},{""run_id"":""qmap154-clip_206-M3-s1-r0-f52af44e6c10"",""seed"":1,""status"":""success""},{""run_id"":""qmap154-clip_206-M3-s2-r0-32cb99bd0158"",""seed"":2,""status"":""success""}]",[],"{""additive_wall_clock_stages"":[""initial_placement_s"",""problem_preparation_s"",""search_kernel_s"",""result_commit_s"",""routing_s""],""nested_fields_must_not_be_summed"":true,""nested_in_search_kernel"":[""return_match_s"",""forecast_s""],""transition_decision_s"":""reported_stage_not_added_to_full_compile""}","[{""run_id"":""qmap154-clip_206-M4-s0-r0-4b518e22adda"",""seed"":0,""status"":""success""},{""run_id"":""qmap154-clip_206-M4-s1-r0-27abd43cbc93"",""seed"":1,""status"":""success""},{""run_id"":""qmap154-clip_206-M4-s2-r0-6e7deb6b0c6a"",""seed"":2,""status"":""success""}]",[],"{""additive_wall_clock_stages"":[""initial_placement_s"",""problem_preparation_s"",""search_kernel_s"",""result_commit_s"",""routing_s""],""nested_fields_must_not_be_summed"":true,""nested_in_search_kernel"":[""return_match_s"",""forecast_s""],""transition_decision_s"":""reported_stage_not_added_to_full_compile""}"
qmap154,cm152a_212,4e61ebc66c256a3be3411259d4f7e555e5e410065ebfac0dfa43079072b7b0d3,12,996,532,success,1,1,1/1,1,1,-6.309126918227293,0.0018196212240130219,False,2200.0,0.0,952.0,91454.07285848694,13.415847292,4e61ebc66c256a3be3411259d4f7e555e5e410065ebfac0dfa43079072b7b0d3,48620aba6202ad99b00e23cf96d01df5eb07513243f91ee2ab1a5e2ed84c5926,-2.201100733883776,-0.0,-1.1425091052519725,,,,,,12.760376215,0.593969292,,0.0,,0.047571182,,,success,1,1,1/1,1,1,-6.3224384064358325,0.0017955598591295491,False,2204.0,0.0,956.0,92412.60748574004,0.159443709,4e61ebc66c256a3be3411259d4f7e555e5e410065ebfac0dfa43079072b7b0d3,48620aba6202ad99b00e23cf96d01df5eb07513243f91ee2ab1a5e2ed84c5926,-2.2051027352181096,-0.0,-1.1518185921261783,,,,,,,,,,,,,,success,3,3,3/3,3,3,-6.3860741660940095,0.001684857706214712,False,2108.0,37.0,966.0,104668.20786954046,11.564131583,4e61ebc66c256a3be3411259d4f7e555e5e410065ebfac0dfa43079072b7b0d3,48620aba6202ad99b00e23cf96d01df5eb07513243f91ee2ab1a5e2ed84c5926,-2.1090547031940905,-0.09261581807038365,-1.2188865657379906,0.0,,,,,2.738736708,8.633245834,0.834107055,6.539043127,1.171506577,0.10625124,0.032255485,0.010654123,success,3,3,3/3,3,3,-6.267193297874192,0.0018975469652627263,False,1548.0,346.0,708.0,73883.4956549559,75.319409208,4e61ebc66c256a3be3411259d4f7e555e5e410065ebfac0dfa43079072b7b0d3,48620aba6202ad99b00e23cf96d01df5eb07513243f91ee2ab1a5e2ed84c5926,-1.5487745163873112,-0.866083055468993,-0.8899566525211521,5.876711527487334,,,,,2.788646083,72.451585916,1.04083046,70.145524295,1.257842248,0.064379454,0.026696379,18.686624978,"[{""run_id"":""qmap154-cm152a_212-M1-s0-r0-4042f6fde4fe"",""seed"":0,""status"":""success""}]",[],"{""additive_wall_clock_stages"":[""initial_placement_s"",""problem_preparation_s"",""search_kernel_s"",""result_commit_s"",""routing_s""],""nested_fields_must_not_be_summed"":true,""nested_in_search_kernel"":[""return_match_s"",""forecast_s""],""transition_decision_s"":""reported_stage_not_added_to_full_compile""}","[{""run_id"":""qmap154-cm152a_212-M2-raw-replay-aac2e920ca09"",""seed"":0,""status"":""success""}]",[],"{""additive_wall_clock_stages"":[""initial_placement_s"",""problem_preparation_s"",""search_kernel_s"",""result_commit_s"",""routing_s""],""nested_fields_must_not_be_summed"":true,""nested_in_search_kernel"":[""return_match_s"",""forecast_s""],""transition_decision_s"":""reported_stage_not_added_to_full_compile""}","[{""run_id"":""qmap154-cm152a_212-M3-s0-r0-86016b3ec241"",""seed"":0,""status"":""success""},{""run_id"":""qmap154-cm152a_212-M3-s1-r0-3827fd7ccfd3"",""seed"":1,""status"":""success""},{""run_id"":""qmap154-cm152a_212-M3-s2-r0-2f5a133498e0"",""seed"":2,""status"":""success""}]",[],"{""additive_wall_clock_stages"":[""initial_placement_s"",""problem_preparation_s"",""search_kernel_s"",""result_commit_s"",""routing_s""],""nested_fields_must_not_be_summed"":true,""nested_in_search_kernel"":[""return_match_s"",""forecast_s""],""transition_decision_s"":""reported_stage_not_added_to_full_compile""}","[{""run_id"":""qmap154-cm152a_212-M4-s0-r0-43496d12d114"",""seed"":0,""status"":""success""},{""run_id"":""qmap154-cm152a_212-M4-s1-r0-ad3d57e83de8"",""seed"":1,""status"":""success""},{""run_id"":""qmap154-cm152a_212-M4-s2-r0-ec8a3fe7dd79"",""seed"":2,""status"":""success""}]",[],"{""additive_wall_clock_stages"":[""initial_placement_s"",""problem_preparation_s"",""search_kernel_s"",""result_commit_s"",""routing_s""],""nested_fields_must_not_be_summed"":true,""nested_in_search_kernel"":[""return_match_s"",""forecast_s""],""transition_decision_s"":""reported_stage_not_added_to_full_compile""}"
qmap154,cm42a_207,d800bdc1387d38e9d43ce4de7c660bcce7f9dfc81455c7ac955f18408479de3d,14,1433,771,success,1,1,1/1,1,1,-9.344997483238087,8.740155504028818e-05,False,3128.0,0.0,1311.0,126664.64265861743,17.079276916,d800bdc1387d38e9d43ce4de7c660bcce7f9dfc81455c7ac955f18408479de3d,e7b38a146c6f35e1ee63457d72217be92f42185047c0fc634023ef9a5444a4c9,-3.1295650434492956,-0.0,-1.9207981959362914,,,,,,16.191299915,0.810065125,,0.0,,0.058165073,,,success,1,1,1/1,1,1,-9.374791685458712,8.483590595870664e-05,False,3136.0,0.0,1314.0,128290.95303427006,0.21286775,d800bdc1387d38e9d43ce4de7c660bcce7f9dfc81455c7ac955f18408479de3d,e7b38a146c6f35e1ee63457d72217be92f42185047c0fc634023ef9a5444a4c9,-3.1375690461179637,-0.0,-1.9425883954882481,,,,,,,,,,,,,,success,3,3,3/3,3,3,-9.470340584301713,7.710514220896468e-05,False,2972.0,82.0,1327.0,135653.16274060405,11.482824917,d800bdc1387d38e9d43ce4de7c660bcce7f9dfc81455c7ac955f18408479de3d,e7b38a146c6f35e1ee63457d72217be92f42185047c0fc634023ef9a5444a4c9,-2.973486991410264,-0.2052566778857151,-1.9669913350500343,0.0,,,,,3.364705583,7.834538709,1.306983824,4.66971576,1.737912458,0.138777494,0.022915222,0.002220294,success,3,3,3/3,3,3,-9.248032160922827,9.630097053914908e-05,False,2190.0,506.0,987.0,102635.83750484063,16.401784209,d800bdc1387d38e9d43ce4de7c660bcce7f9dfc81455c7ac955f18408479de3d,e7b38a146c6f35e1ee63457d72217be92f42185047c0fc634023ef9a5444a4c9,-2.19109573054794,-1.2665838903679494,-1.4957182961544373,6.80430318953139,,,,,3.3469665,12.9756845,1.420169973,9.714343206,1.737756502,0.112672091,0.014292555,0.77153267,"[{""run_id"":""qmap154-cm42a_207-M1-s0-r0-8b1b2b0d6585"",""seed"":0,""status"":""success""}]",[],"{""additive_wall_clock_stages"":[""initial_placement_s"",""problem_preparation_s"",""search_kernel_s"",""result_commit_s"",""routing_s""],""nested_fields_must_not_be_summed"":true,""nested_in_search_kernel"":[""return_match_s"",""forecast_s""],""transition_decision_s"":""reported_stage_not_added_to_full_compile""}","[{""run_id"":""qmap154-cm42a_207-M2-raw-replay-1d28772fe222"",""seed"":0,""status"":""success""}]",[],"{""additive_wall_clock_stages"":[""initial_placement_s"",""problem_preparation_s"",""search_kernel_s"",""result_commit_s"",""routing_s""],""nested_fields_must_not_be_summed"":true,""nested_in_search_kernel"":[""return_match_s"",""forecast_s""],""transition_decision_s"":""reported_stage_not_added_to_full_compile""}","[{""run_id"":""qmap154-cm42a_207-M3-s0-r0-daae030e9814"",""seed"":0,""status"":""success""},{""run_id"":""qmap154-cm42a_207-M3-s1-r0-8c9db1878425"",""seed"":1,""status"":""success""},{""run_id"":""qmap154-cm42a_207-M3-s2-r0-a4ca82a8b170"",""seed"":2,""status"":""success""}]",[],"{""additive_wall_clock_stages"":[""initial_placement_s"",""problem_preparation_s"",""search_kernel_s"",""result_commit_s"",""routing_s""],""nested_fields_must_not_be_summed"":true,""nested_in_search_kernel"":[""return_match_s"",""forecast_s""],""transition_decision_s"":""reported_stage_not_added_to_full_compile""}","[{""run_id"":""qmap154-cm42a_207-M4-s0-r0-2b48ef64932e"",""seed"":0,""status"":""success""},{""run_id"":""qmap154-cm42a_207-M4-s1-r0-bf00d91491bd"",""seed"":1,""status"":""success""},{""run_id"":""qmap154-cm42a_207-M4-s2-r0-399add45d9a1"",""seed"":2,""status"":""success""}]",[],"{""additive_wall_clock_stages"":[""initial_placement_s"",""problem_preparation_s"",""search_kernel_s"",""result_commit_s"",""routing_s""],""nested_fields_must_not_be_summed"":true,""nested_in_search_kernel"":[""return_match_s"",""forecast_s""],""transition_decision_s"":""reported_stage_not_added_to_full_compile""}"
qmap154,cm82a_208,8314441e90c48c8308a3339a2101e26dc418327808ac370bf91fb6603ef666dd,8,528,283,success,1,1,1/1,1,1,-3.12461020746409,0.04395406325046809,False,1164.0,0.0,496.0,48436.27428226652,14.65944825,8314441e90c48c8308a3339a2101e26dc418327808ac370bf91fb6603ef666dd,22a83dcdc610060345288ce06a64849f52889c3c3ccbedcec17085dfb1d8c025,-1.164582388291234,-0.0,-0.383054718356771,,,,,,14.330569983,0.30482075,,0.0,,0.016598701,,,success,1,1,1/1,1,1,-3.126393671127121,0.04387574263756171,False,1164.0,0.0,490.0,48546.64332938721,0.079262792,8314441e90c48c8308a3339a2101e26dc418327808ac370bf91fb6603ef666dd,22a83dcdc610060345288ce06a64849f52889c3c3ccbedcec17085dfb1d8c025,-1.164582388291234,-0.0,-0.38483818201980197,,,,,,,,,,,,,,success,3,3,3/3,3,3,-3.1285477849900873,0.043781331015297825,False,1126.0,8.0,508.0,54130.26800322455,7.513799417,8314441e90c48c8308a3339a2101e26dc418327808ac370bf91fb6603ef666dd,22a83dcdc610060345288ce06a64849f52889c3c3ccbedcec17085dfb1d8c025,-1.1265633756150597,-0.020025041744947816,-0.40298526614682784,0.0,,,,,3.159226416,4.312087541,0.398150548,3.33969084,0.53257708,0.042259693,0.015024345,0.005525695,success,3,3,3/3,3,3,-3.156780681775211,0.04256254312848372,False,812.0,192.0,357.0,36875.64610792737,33.723411667,8314441e90c48c8308a3339a2101e26dc418327808ac370bf91fb6603ef666dd,22a83dcdc610060345288ce06a64849f52889c3c3ccbedcec17085dfb1d8c025,-0.8124062708698299,-0.48060100187874755,-0.28680030821054847,2.8062847666264594,,,,,3.135235208,30.462401291,0.422257174,29.411079835,0.570673086,0.031996965,0.013255013,8.78901074,"[{""run_id"":""qmap154-cm82a_208-M1-s0-r0-6c0964502f4f"",""seed"":0,""status"":""success""}]",[],"{""additive_wall_clock_stages"":[""initial_placement_s"",""problem_preparation_s"",""search_kernel_s"",""result_commit_s"",""routing_s""],""nested_fields_must_not_be_summed"":true,""nested_in_search_kernel"":[""return_match_s"",""forecast_s""],""transition_decision_s"":""reported_stage_not_added_to_full_compile""}","[{""run_id"":""qmap154-cm82a_208-M2-raw-replay-c6e1b8af44ce"",""seed"":0,""status"":""success""}]",[],"{""additive_wall_clock_stages"":[""initial_placement_s"",""problem_preparation_s"",""search_kernel_s"",""result_commit_s"",""routing_s""],""nested_fields_must_not_be_summed"":true,""nested_in_search_kernel"":[""return_match_s"",""forecast_s""],""transition_decision_s"":""reported_stage_not_added_to_full_compile""}","[{""run_id"":""qmap154-cm82a_208-M3-s0-r0-3a5c7a8639e2"",""seed"":0,""status"":""success""},{""run_id"":""qmap154-cm82a_208-M3-s1-r0-4ede14e60beb"",""seed"":1,""status"":""success""},{""run_id"":""qmap154-cm82a_208-M3-s2-r0-a0a633e6b5fa"",""seed"":2,""status"":""success""}]",[],"{""additive_wall_clock_stages"":[""initial_placement_s"",""problem_preparation_s"",""search_kernel_s"",""result_commit_s"",""routing_s""],""nested_fields_must_not_be_summed"":true,""nested_in_search_kernel"":[""return_match_s"",""forecast_s""],""transition_decision_s"":""reported_stage_not_added_to_full_compile""}","[{""run_id"":""qmap154-cm82a_208-M4-s0-r0-018dfa4bca43"",""seed"":0,""status"":""success""},{""run_id"":""qmap154-cm82a_208-M4-s1-r0-203454fc0ed1"",""seed"":1,""status"":""success""},{""run_id"":""qmap154-cm82a_208-M4-s2-r0-60dd00286286"",""seed"":2,""status"":""success""}]",[],"{""additive_wall_clock_stages"":[""initial_placement_s"",""problem_preparation_s"",""search_kernel_s"",""result_commit_s"",""routing_s""],""nested_fields_must_not_be_summed"":true,""nested_in_search_kernel"":[""return_match_s"",""forecast_s""],""transition_decision_s"":""reported_stage_not_added_to_full_compile""}"
qmap154,cm85a_209,f871046094dbfeb7bd70bf21bddd523ced39b7be53e1154e0c738126b6cc84ff,14,9264,4986,success,1,1,1/1,1,1,-77.12503663071746,3.1990584466244775e-34,False,20392.0,0.0,8980.0,881709.0171431705,37.058012083,f871046094dbfeb7bd70bf21bddd523ced39b7be53e1154e0c738126b6cc84ff,c401074d54d46ac42ecd22f53849ba977628563d582f1f74905de17c81d1aca2,-20.402202802435433,-0.0,-28.950683332695764,,,,,,26.935827971,9.586558334,,0.0,,0.396637917,,,success,1,1,1/1,1,1,-76.2492748271018,7.679990688283448e-34,False,20412.0,0.0,8878.0,869166.549343304,1.432576584,f871046094dbfeb7bd70bf21bddd523ced39b7be53e1154e0c738126b6cc84ff,c401074d54d46ac42ecd22f53849ba977628563d582f1f74905de17c81d1aca2,-20.422212809107105,-0.0,-28.05491152240842,,,,,,,,,,,,,,success,3,3,3/3,3,3,-74.56355641171696,4.144373607264586e-33,False,18794.0,1354.0,8519.0,868722.0558489822,74.198111958,f871046094dbfeb7bd70bf21bddd523ced39b7be53e1154e0c738126b6cc84ff,c401074d54d46ac42ecd22f53849ba977628563d582f1f74905de17c81d1aca2,-18.803403269368946,-3.3892383153324177,-24.445605310119905,0.0,,,,,5.142227875,67.469943708,9.884723816,41.76131499,15.531105432,1.097895384,0.164263269,0.010297805,success,3,3,3/3,3,3,-66.36014327873177,1.5141048679352685e-29,False,14596.0,3217.0,6616.0,671340.4463615423,52.253730875,f871046094dbfeb7bd70bf21bddd523ced39b7be53e1154e0c738126b6cc84ff,c401074d54d46ac42ecd22f53849ba977628563d582f1f74905de17c81d1aca2,-14.603302868985267,-8.05256991168714,-15.918277615033691,51.47939181083811,,,,,5.16149475,45.608841083,6.421160395,27.768937118,10.913379535,0.869436264,0.099616954,1.248171906,"[{""run_id"":""qmap154-cm85a_209-M1-s0-r0-0c85b26d8dc8"",""seed"":0,""status"":""success""}]",[],"{""additive_wall_clock_stages"":[""initial_placement_s"",""problem_preparation_s"",""search_kernel_s"",""result_commit_s"",""routing_s""],""nested_fields_must_not_be_summed"":true,""nested_in_search_kernel"":[""return_match_s"",""forecast_s""],""transition_decision_s"":""reported_stage_not_added_to_full_compile""}","[{""run_id"":""qmap154-cm85a_209-M2-raw-replay-eb528951585c"",""seed"":0,""status"":""success""}]",[],"{""additive_wall_clock_stages"":[""initial_placement_s"",""problem_preparation_s"",""search_kernel_s"",""result_commit_s"",""routing_s""],""nested_fields_must_not_be_summed"":true,""nested_in_search_kernel"":[""return_match_s"",""forecast_s""],""transition_decision_s"":""reported_stage_not_added_to_full_compile""}","[{""run_id"":""qmap154-cm85a_209-M3-s0-r0-0388059a49e0"",""seed"":0,""status"":""success""},{""run_id"":""qmap154-cm85a_209-M3-s1-r0-89ea63d43e86"",""seed"":1,""status"":""success""},{""run_id"":""qmap154-cm85a_209-M3-s2-r0-6ea29d58434e"",""seed"":2,""status"":""success""}]",[],"{""additive_wall_clock_stages"":[""initial_placement_s"",""problem_preparation_s"",""search_kernel_s"",""result_commit_s"",""routing_s""],""nested_fields_must_not_be_summed"":true,""nested_in_search_kernel"":[""return_match_s"",""forecast_s""],""transition_decision_s"":""reported_stage_not_added_to_full_compile""}","[{""run_id"":""qmap154-cm85a_209-M4-s0-r0-2fe263f57567"",""seed"":0,""status"":""success""},{""run_id"":""qmap154-cm85a_209-M4-s1-r0-acf8fd1efde7"",""seed"":1,""status"":""success""},{""run_id"":""qmap154-cm85a_209-M4-s2-r0-49db47e0b942"",""seed"":2,""status"":""success""}]",[],"{""additive_wall_clock_stages"":[""initial_placement_s"",""problem_preparation_s"",""search_kernel_s"",""result_commit_s"",""routing_s""],""nested_fields_must_not_be_summed"":true,""nested_in_search_kernel"":[""return_match_s"",""forecast_s""],""transition_decision_s"":""reported_stage_not_added_to_full_compile""}"
qmap154,cnt3-5_179,398986b61fc4e5e4d9d1098273673bfde3ca29c4c34a234df6b6c3bc60de3fac,16,130,75,success,1,1,1/1,1,1,-0.9493960785939146,0.38697465517767526,False,344.0,0.0,117.0,11810.456285125418,11.534426834,398986b61fc4e5e4d9d1098273673bfde3ca29c4c34a234df6b6c3bc60de3fac,c4232fb1fa7cd31d4f64bb8e1cfeb8f9d81c7d163febf8ef1c45d1bc078f251f,-0.34417211475273585,-0.0,-0.19027747590509833,,,,,,11.464341879,0.064339875,,0.0,,0.004206419,,,success,1,1,1/1,1,1,-0.9413076982877855,0.390117345862929,False,364.0,0.0,90.0,9119.833119122562,0.017319833,398986b61fc4e5e4d9d1098273673bfde3ca29c4c34a234df6b6c3bc60de3fac,c4232fb1fa7cd31d4f64bb8e1cfeb8f9d81c7d163febf8ef1c45d1bc078f251f,-0.36418212142440654,-0.0,-0.16217908892729843,,,,,,,,,,,,,,success,3,3,3/3,3,3,-0.9545134470240231,0.3849994216035114,False,316.0,7.0,124.0,13366.819471698089,4.260007875,398986b61fc4e5e4d9d1098273673bfde3ca29c4c34a234df6b6c3bc60de3fac,c4232fb1fa7cd31d4f64bb8e1cfeb8f9d81c7d163febf8ef1c45d1bc078f251f,-0.31615810541239686,-0.017521911526829338,-0.20438807103250076,0.0,,,,,2.600424625,1.620165709,0.108652128,1.359760913,0.115781462,0.012920141,0.004770446,0.001352688,success,3,3,3/3,3,3,-0.9249729706655057,0.3965421372002078,False,232.0,51.0,85.0,9500.929754031848,15.16435575,398986b61fc4e5e4d9d1098273673bfde3ca29c4c34a234df6b6c3bc60de3fac,c4232fb1fa7cd31d4f64bb8e1cfeb8f9d81c7d163febf8ef1c45d1bc078f251f,-0.23211607739137996,-0.12765964112404232,-0.14824976354683578,0.7116754275878577,,,,,2.617600583,12.506462834,0.10889596,12.25915504,0.1061995,0.009780645,0.008887481,3.09356641,"[{""run_id"":""qmap154-cnt3-5_179-M1-s0-r0-aca60bb8c427"",""seed"":0,""status"":""success""}]",[],"{""additive_wall_clock_stages"":[""initial_placement_s"",""problem_preparation_s"",""search_kernel_s"",""result_commit_s"",""routing_s""],""nested_fields_must_not_be_summed"":true,""nested_in_search_kernel"":[""return_match_s"",""forecast_s""],""transition_decision_s"":""reported_stage_not_added_to_full_compile""}","[{""run_id"":""qmap154-cnt3-5_179-M2-raw-replay-c8ce4b61c829"",""seed"":0,""status"":""success""}]",[],"{""additive_wall_clock_stages"":[""initial_placement_s"",""problem_preparation_s"",""search_kernel_s"",""result_commit_s"",""routing_s""],""nested_fields_must_not_be_summed"":true,""nested_in_search_kernel"":[""return_match_s"",""forecast_s""],""transition_decision_s"":""reported_stage_not_added_to_full_compile""}","[{""run_id"":""qmap154-cnt3-5_179-M3-s0-r0-0cef493b4441"",""seed"":0,""status"":""success""},{""run_id"":""qmap154-cnt3-5_179-M3-s1-r0-ed2078d9c595"",""seed"":1,""status"":""success""},{""run_id"":""qmap154-cnt3-5_179-M3-s2-r0-75ecb91494c2"",""seed"":2,""status"":""success""}]",[],"{""additive_wall_clock_stages"":[""initial_placement_s"",""problem_preparation_s"",""search_kernel_s"",""result_commit_s"",""routing_s""],""nested_fields_must_not_be_summed"":true,""nested_in_search_kernel"":[""return_match_s"",""forecast_s""],""transition_decision_s"":""reported_stage_not_added_to_full_compile""}","[{""run_id"":""qmap154-cnt3-5_179-M4-s0-r0-9dfd1b7234c4"",""seed"":0,""status"":""success""},{""run_id"":""qmap154-cnt3-5_179-M4-s1-r0-e7976aa321ec"",""seed"":1,""status"":""success""},{""run_id"":""qmap154-cnt3-5_179-M4-s2-r0-6597bf80ae36"",""seed"":2,""status"":""success""}]",[],"{""additive_wall_clock_stages"":[""initial_placement_s"",""problem_preparation_s"",""search_kernel_s"",""result_commit_s"",""routing_s""],""nested_fields_must_not_be_summed"":true,""nested_in_search_kernel"":[""return_match_s"",""forecast_s""],""transition_decision_s"":""reported_stage_not_added_to_full_compile""}"
qmap154,cnt3-5_180,5d572a80ef970ebda2c1a03568d33233b6101732d05e49d2e74bc63a1c1f2812,16,383,205,success,1,1,1/1,1,1,-2.525853743502063,0.07998999269046161,False,860.0,0.0,315.0,30626.16446155534,13.174615583,5d572a80ef970ebda2c1a03568d33233b6101732d05e49d2e74bc63a1c1f2812,96db84096963a1edfdf004a853ab277f3a90ab3d88a0ea7d2211cd6e9c1945b3,-0.8604302868818395,-0.0,-0.5229351443458821,,,,,,12.982625008,0.176026334,,0.0,,0.011346817,,,success,1,1,1/1,1,1,-2.557654435362194,0.07748627652789922,False,868.0,0.0,319.0,32489.523861964215,0.053511166,5d572a80ef970ebda2c1a03568d33233b6101732d05e49d2e74bc63a1c1f2812,96db84096963a1edfdf004a853ab277f3a90ab3d88a0ea7d2211cd6e9c1945b3,-0.8684342895505078,-0.0,-0.5467318335373444,,,,,,,,,,,,,,success,3,3,3/3,3,3,-2.6021934082357494,0.07411084447218831,False,828.0,20.0,341.0,37618.72361688286,7.053974291,5d572a80ef970ebda2c1a03568d33233b6101732d05e49d2e74bc63a1c1f2812,96db84096963a1edfdf004a853ab277f3a90ab3d88a0ea7d2211cd6e9c1945b3,-0.8284142762071665,-0.05006260436236954,-0.5832216985224001,0.0,,,,,2.826203083,4.126937333,0.284700535,3.450703705,0.386995417,0.032902956,0.0103983,0.003794862,success,3,3,3/3,3,3,-2.514788594809059,0.080880008853195,False,572.0,149.0,241.0,25761.06167725174,40.464596208,5d572a80ef970ebda2c1a03568d33233b6101732d05e49d2e74bc63a1c1f2812,96db84096963a1edfdf004a853ab277f3a90ab3d88a0ea7d2211cd6e9c1945b3,-0.5722861908097816,-0.37296640249965307,-0.4245445590071642,2.207147052163767,,,,,2.85801375,37.584929916,0.276134168,36.897332049,0.350650203,0.023916006,0.010182424,8.403932376,"[{""run_id"":""qmap154-cnt3-5_180-M1-s0-r0-1fabf99f0724"",""seed"":0,""status"":""success""}]",[],"{""additive_wall_clock_stages"":[""initial_placement_s"",""problem_preparation_s"",""search_kernel_s"",""result_commit_s"",""routing_s""],""nested_fields_must_not_be_summed"":true,""nested_in_search_kernel"":[""return_match_s"",""forecast_s""],""transition_decision_s"":""reported_stage_not_added_to_full_compile""}","[{""run_id"":""qmap154-cnt3-5_180-M2-raw-replay-fff668cef3e3"",""seed"":0,""status"":""success""}]",[],"{""additive_wall_clock_stages"":[""initial_placement_s"",""problem_preparation_s"",""search_kernel_s"",""result_commit_s"",""routing_s""],""nested_fields_must_not_be_summed"":true,""nested_in_search_kernel"":[""return_match_s"",""forecast_s""],""transition_decision_s"":""reported_stage_not_added_to_full_compile""}","[{""run_id"":""qmap154-cnt3-5_180-M3-s0-r0-00fc31b73ca2"",""seed"":0,""status"":""success""},{""run_id"":""qmap154-cnt3-5_180-M3-s1-r0-49a8cbde57d0"",""seed"":1,""status"":""success""},{""run_id"":""qmap154-cnt3-5_180-M3-s2-r0-4f4ed28ee43d"",""seed"":2,""status"":""success""}]",[],"{""additive_wall_clock_stages"":[""initial_placement_s"",""problem_preparation_s"",""search_kernel_s"",""result_commit_s"",""routing_s""],""nested_fields_must_not_be_summed"":true,""nested_in_search_kernel"":[""return_match_s"",""forecast_s""],""transition_decision_s"":""reported_stage_not_added_to_full_compile""}","[{""run_id"":""qmap154-cnt3-5_180-M4-s0-r0-57849e55ce76"",""seed"":0,""status"":""success""},{""run_id"":""qmap154-cnt3-5_180-M4-s1-r0-39eeb652167a"",""seed"":1,""status"":""success""},{""run_id"":""qmap154-cnt3-5_180-M4-s2-r0-84169b70de62"",""seed"":2,""status"":""success""}]",[],"{""additive_wall_clock_stages"":[""initial_placement_s"",""problem_preparation_s"",""search_kernel_s"",""result_commit_s"",""routing_s""],""nested_fields_must_not_be_summed"":true,""nested_in_search_kernel"":[""return_match_s"",""forecast_s""],""transition_decision_s"":""reported_stage_not_added_to_full_compile""}"
qmap154,co14_215,ad531fd39cdc47fc29e5c2641e1df1875cbe7cb0b067c9bf22f2ac428ceb8119,15,14567,7840,verifier_fail,0,1,0/1,0,1,,,False,,,,,,ad531fd39cdc47fc29e5c2641e1df1875cbe7cb0b067c9bf22f2ac428ceb8119,8a5c673e06f659c3d86f2c771799b24502bf0a32742cb9c5f482628588a3c3b8,,,,,,,,,,,,,,,,,success,1,1,1/1,0,1,,,True,32692.0,0.0,12441.0,1241620.0048584864,1.976381084,ad531fd39cdc47fc29e5c2641e1df1875cbe7cb0b067c9bf22f2ac428ceb8119,8a5c673e06f659c3d86f2c771799b24502bf0a32742cb9c5f482628588a3c3b8,,,,,,,,,,,,,,,,,success,3,3,3/3,0,3,,,True,31104.0,1087.0,13158.0,1340039.372772909,40.11520225,ad531fd39cdc47fc29e5c2641e1df1875cbe7cb0b067c9bf22f2ac428ceb8119,8a5c673e06f659c3d86f2c771799b24502bf0a32742cb9c5f482628588a3c3b8,,,,0.0,,,,,6.050372125,31.58608925,2.139698802,26.815935451,2.277817214,1.608986855,0.155786186,0.006061182,success,3,3,3/3,0,3,,,True,23870.0,5295.0,10254.0,1066453.8281947568,44.012731084,ad531fd39cdc47fc29e5c2641e1df1875cbe7cb0b067c9bf22f2ac428ceb8119,8a5c673e06f659c3d86f2c771799b24502bf0a32742cb9c5f482628588a3c3b8,,,,59.48186980741256,,,,,5.968690625,35.960192333,1.614579041,31.692755182,2.271688763,1.309191704,0.106898746,0.657333051,"[{""run_id"":""qmap154-co14_215-M1-s0-r0-b801f49bb84b"",""seed"":0,""status"":""verifier_fail""}]",[],"{""additive_wall_clock_stages"":[""initial_placement_s"",""problem_preparation_s"",""search_kernel_s"",""result_commit_s"",""routing_s""],""nested_fields_must_not_be_summed"":true,""nested_in_search_kernel"":[""return_match_s"",""forecast_s""],""transition_decision_s"":""reported_stage_not_added_to_full_compile""}","[{""run_id"":""qmap154-co14_215-M2-raw-replay-f8cf6e752cca"",""seed"":0,""status"":""success""}]",[],"{""additive_wall_clock_stages"":[""initial_placement_s"",""problem_preparation_s"",""search_kernel_s"",""result_commit_s"",""routing_s""],""nested_fields_must_not_be_summed"":true,""nested_in_search_kernel"":[""return_match_s"",""forecast_s""],""transition_decision_s"":""reported_stage_not_added_to_full_compile""}","[{""run_id"":""qmap154-co14_215-M3-s0-r0-710fc8c8b573"",""seed"":0,""status"":""success""},{""run_id"":""qmap154-co14_215-M3-s1-r0-72d0e423eb6d"",""seed"":1,""status"":""success""},{""run_id"":""qmap154-co14_215-M3-s2-r0-81cdd46c5c36"",""seed"":2,""status"":""success""}]",[],"{""additive_wall_clock_stages"":[""initial_placement_s"",""problem_preparation_s"",""search_kernel_s"",""result_commit_s"",""routing_s""],""nested_fields_must_not_be_summed"":true,""nested_in_search_kernel"":[""return_match_s"",""forecast_s""],""transition_decision_s"":""reported_stage_not_added_to_full_compile""}","[{""run_id"":""qmap154-co14_215-M4-s0-r0-2509be1dbb83"",""seed"":0,""status"":""success""},{""run_id"":""qmap154-co14_215-M4-s1-r0-33a9a7b3db84"",""seed"":1,""status"":""success""},{""run_id"":""qmap154-co14_215-M4-s2-r0-2d5dc467846a"",""seed"":2,""status"":""success""}]",[],"{""additive_wall_clock_stages"":[""initial_placement_s"",""problem_preparation_s"",""search_kernel_s"",""result_commit_s"",""routing_s""],""nested_fields_must_not_be_summed"":true,""nested_in_search_kernel"":[""return_match_s"",""forecast_s""],""transition_decision_s"":""reported_stage_not_added_to_full_compile""}"
qmap154,con1_216,539b7b793a955583b075fc9fc5777a4c471092863a539f628fece84ebf0880c4,9,772,415,success,1,1,1/1,1,1,-4.650991974925948,0.009552121763997648,False,1704.0,0.0,716.0,69296.44487612281,18.779125208,539b7b793a955583b075fc9fc5777a4c471092863a539f628fece84ebf0880c4,50a5daaa51bda3ab1fc22e9f3c33ae73162e8cd40d801be07dc98b898e73b834,-1.7048525684263425,-0.0,-0.6342998027791886,,,,,,18.314806938,0.429910042,,0.0,,0.023971081,,,success,1,1,1/1,1,1,-4.658814026424639,0.009477696036050937,False,1708.0,0.0,715.0,69740.32762508177,0.115868958,539b7b793a955583b075fc9fc5777a4c471092863a539f628fece84ebf0880c4,50a5daaa51bda3ab1fc22e9f3c33ae73162e8cd40d801be07dc98b898e73b834,-1.7088545697606767,-0.0,-0.6381198529435451,,,,,,,,,,,,,,success,3,3,3/3,3,3,-4.675779150845971,0.009318261976844556,False,1620.0,26.0,738.0,79121.94016794993,10.730063584,539b7b793a955583b075fc9fc5777a4c471092863a539f628fece84ebf0880c4,50a5daaa51bda3ab1fc22e9f3c33ae73162e8cd40d801be07dc98b898e73b834,-1.6208105404053257,-0.0650813856710804,-0.6780476210491474,0.0,,,,,3.778989083,6.797525,0.625935743,5.185278627,0.836697115,0.080327272,0.022170567,0.008092162,success,3,3,3/3,3,3,-4.679054107089913,0.009287794992851255,False,1194.0,272.0,534.0,55447.767684948536,54.602802958,539b7b793a955583b075fc9fc5777a4c471092863a539f628fece84ebf0880c4,50a5daaa51bda3ab1fc22e9f3c33ae73162e8cd40d801be07dc98b898e73b834,-1.1945973982987401,-0.6808514193282257,-0.49176568574253,4.198194526233617,,,,,3.830562625,50.661753166,0.660685539,49.09722834,0.822864287,0.047190905,0.019285713,14.116627594,"[{""run_id"":""qmap154-con1_216-M1-s0-r0-05565d1229d6"",""seed"":0,""status"":""success""}]",[],"{""additive_wall_clock_stages"":[""initial_placement_s"",""problem_preparation_s"",""search_kernel_s"",""result_commit_s"",""routing_s""],""nested_fields_must_not_be_summed"":true,""nested_in_search_kernel"":[""return_match_s"",""forecast_s""],""transition_decision_s"":""reported_stage_not_added_to_full_compile""}","[{""run_id"":""qmap154-con1_216-M2-raw-replay-07a147879a29"",""seed"":0,""status"":""success""}]",[],"{""additive_wall_clock_stages"":[""initial_placement_s"",""problem_preparation_s"",""search_kernel_s"",""result_commit_s"",""routing_s""],""nested_fields_must_not_be_summed"":true,""nested_in_search_kernel"":[""return_match_s"",""forecast_s""],""transition_decision_s"":""reported_stage_not_added_to_full_compile""}","[{""run_id"":""qmap154-con1_216-M3-s0-r0-3d252f6b4bef"",""seed"":0,""status"":""success""},{""run_id"":""qmap154-con1_216-M3-s1-r0-5169208c2c1d"",""seed"":1,""status"":""success""},{""run_id"":""qmap154-con1_216-M3-s2-r0-bcfc5e046f42"",""seed"":2,""status"":""success""}]",[],"{""additive_wall_clock_stages"":[""initial_placement_s"",""problem_preparation_s"",""search_kernel_s"",""result_commit_s"",""routing_s""],""nested_fields_must_not_be_summed"":true,""nested_in_search_kernel"":[""return_match_s"",""forecast_s""],""transition_decision_s"":""reported_stage_not_added_to_full_compile""}","[{""run_id"":""qmap154-con1_216-M4-s0-r0-dba25354f036"",""seed"":0,""status"":""success""},{""run_id"":""qmap154-con1_216-M4-s1-r0-6b7f8140eb64"",""seed"":1,""status"":""success""},{""run_id"":""qmap154-con1_216-M4-s2-r0-ad6ccff422ae"",""seed"":2,""status"":""success""}]",[],"{""additive_wall_clock_stages"":[""initial_placement_s"",""problem_preparation_s"",""search_kernel_s"",""result_commit_s"",""routing_s""],""nested_fields_must_not_be_summed"":true,""nested_in_search_kernel"":[""return_match_s"",""forecast_s""],""transition_decision_s"":""reported_stage_not_added_to_full_compile""}"
qmap154,cycle10_2_110,d0e9f326652454eb85d198aecf5ad7c0c22d1cd6f56afa8c33cecacfaf6bf9cd,12,4909,2644,success,1,1,1/1,1,1,-32.879614350607824,5.254905620910619e-15,False,10904.0,0.0,4737.0,459184.83902388206,32.51989525,d0e9f326652454eb85d198aecf5ad7c0c22d1cd6f56afa8c33cecacfaf6bf9cd,69e89807578006dcb34f7f49c7edafd7e27fd2e789129a996b8276249a2c5841,-10.909455637394858,-0.0,-7.244077182571089,,,,,,28.287843704,3.957347458,,0.0,,0.21035862,,,success,1,1,1/1,1,1,-32.847011960652104,5.429051463555087e-15,False,10924.0,0.0,4704.0,455054.30775117216,0.7621225,d0e9f326652454eb85d198aecf5ad7c0c22d1cd6f56afa8c33cecacfaf6bf9cd,69e89807578006dcb34f7f49c7edafd7e27fd2e789129a996b8276249a2c5841,-10.929465644066529,-0.0,-7.191464785943698,,,,,,,,,,,,,,success,3,3,3/3,3,3,-33.89130934244516,1.910695004294573e-15,False,10348.0,376.0,4778.0,523477.92936200835,47.703004208,d0e9f326652454eb85d198aecf5ad7c0c22d1cd6f56afa8c33cecacfaf6bf9cd,69e89807578006dcb34f7f49c7edafd7e27fd2e789129a996b8276249a2c5841,-10.353177451922413,-0.9411769620125473,-7.92304268818379,0.0,,,,,5.369939833,41.279244625,6.187056816,26.88496953,7.929327376,0.584760904,0.101018741,0.012972605,success,3,3,3/3,3,3,-31.79534303814532,1.5540248825766017e-14,False,7704.0,1712.0,3497.0,353757.0697990732,52.201650667,d0e9f326652454eb85d198aecf5ad7c0c22d1cd6f56afa8c33cecacfaf6bf9cd,69e89807578006dcb34f7f49c7edafd7e27fd2e789129a996b8276249a2c5841,-7.707854569927549,-4.2853589334188325,-5.062040999486896,23.949317400509063,,,,,5.3846515,45.988278625,5.105254887,34.064497925,6.553635994,0.462819576,0.05592012,2.573627118,"[{""run_id"":""qmap154-cycle10_2_110-M1-s0-r0-d77ce0a42b41"",""seed"":0,""status"":""success""}]",[],"{""additive_wall_clock_stages"":[""initial_placement_s"",""problem_preparation_s"",""search_kernel_s"",""result_commit_s"",""routing_s""],""nested_fields_must_not_be_summed"":true,""nested_in_search_kernel"":[""return_match_s"",""forecast_s""],""transition_decision_s"":""reported_stage_not_added_to_full_compile""}","[{""run_id"":""qmap154-cycle10_2_110-M2-raw-replay-53d3ed3d0d79"",""seed"":0,""status"":""success""}]",[],"{""additive_wall_clock_stages"":[""initial_placement_s"",""problem_preparation_s"",""search_kernel_s"",""result_commit_s"",""routing_s""],""nested_fields_must_not_be_summed"":true,""nested_in_search_kernel"":[""return_match_s"",""forecast_s""],""transition_decision_s"":""reported_stage_not_added_to_full_compile""}","[{""run_id"":""qmap154-cycle10_2_110-M3-s0-r0-56117d6e83a7"",""seed"":0,""status"":""success""},{""run_id"":""qmap154-cycle10_2_110-M3-s1-r0-9381dc439571"",""seed"":1,""status"":""success""},{""run_id"":""qmap154-cycle10_2_110-M3-s2-r0-1fd497c8d447"",""seed"":2,""status"":""success""}]",[],"{""additive_wall_clock_stages"":[""initial_placement_s"",""problem_preparation_s"",""search_kernel_s"",""result_commit_s"",""routing_s""],""nested_fields_must_not_be_summed"":true,""nested_in_search_kernel"":[""return_match_s"",""forecast_s""],""transition_decision_s"":""reported_stage_not_added_to_full_compile""}","[{""run_id"":""qmap154-cycle10_2_110-M4-s0-r0-1432f3bd6a9a"",""seed"":0,""status"":""success""},{""run_id"":""qmap154-cycle10_2_110-M4-s1-r0-9567adec0d85"",""seed"":1,""status"":""success""},{""run_id"":""qmap154-cycle10_2_110-M4-s2-r0-9aebcb956777"",""seed"":2,""status"":""success""}]",[],"{""additive_wall_clock_stages"":[""initial_placement_s"",""problem_preparation_s"",""search_kernel_s"",""result_commit_s"",""routing_s""],""nested_fields_must_not_be_summed"":true,""nested_in_search_kernel"":[""return_match_s"",""forecast_s""],""transition_decision_s"":""reported_stage_not_added_to_full_compile""}"
qmap154,dc1_220,fe47d3bb3c105b7015909980311f733d2136e6caa20a9257201fd62f09832947,11,1549,833,success,1,1,1/1,1,1,-9.606847870015686,6.726652330118368e-05,False,3344.0,0.0,1431.0,137135.65975333267,21.038938292,fe47d3bb3c105b7015909980311f733d2136e6caa20a9257201fd62f09832947,cca9679aa953e9c08a96ed70672662292e52cf86182e4abefadb8e97ccd9c80c,-3.345673115503339,-0.0,-1.6209576965558707,,,,,,20.069673777,0.884034292,,0.0,,0.063286304,,,success,1,1,1/1,1,1,-9.641560092995846,6.497161387978134e-05,False,3352.0,0.0,1447.0,139778.72486819947,0.231520417,fe47d3bb3c105b7015909980311f733d2136e6caa20a9257201fd62f09832947,cca9679aa953e9c08a96ed70672662292e52cf86182e4abefadb8e97ccd9c80c,-3.353677118172007,-0.0,-1.6476659168673622,,,,,,,,,,,,,,success,3,3,3/3,3,3,-9.814616379960395,5.46469923315565e-05,False,3184.0,80.0,1473.0,161697.54954620337,13.841973667,fe47d3bb3c105b7015909980311f733d2136e6caa20a9257201fd62f09832947,cca9679aa953e9c08a96ed70672662292e52cf86182e4abefadb8e97ccd9c80c,-3.1855930621299735,-0.20025041744947816,-1.7817955981485065,0.0,,,,,4.000977209,9.514325167,1.469913997,5.979596134,1.929382284,0.144191742,0.027591589,0.003749645,success,3,3,3/3,3,3,-9.60354833233653,6.748883829601855e-05,False,2346.0,546.0,1068.0,110506.17540383672,16.951389625,fe47d3bb3c105b7015909980311f733d2136e6caa20a9257201fd62f09832947,cca9679aa953e9c08a96ed70672662292e52cf86182e4abefadb8e97ccd9c80c,-2.3471737825869714,-1.3667090990926885,-1.2514493933675588,7.024869206783865,,,,,4.054529583,12.673465542,1.484141174,9.218251095,1.861327398,0.115421534,0.015389527,0.766503294,"[{""run_id"":""qmap154-dc1_220-M1-s0-r0-20b7c819cef2"",""seed"":0,""status"":""success""}]",[],"{""additive_wall_clock_stages"":[""initial_placement_s"",""problem_preparation_s"",""search_kernel_s"",""result_commit_s"",""routing_s""],""nested_fields_must_not_be_summed"":true,""nested_in_search_kernel"":[""return_match_s"",""forecast_s""],""transition_decision_s"":""reported_stage_not_added_to_full_compile""}","[{""run_id"":""qmap154-dc1_220-M2-raw-replay-f5169dd2373c"",""seed"":0,""status"":""success""}]",[],"{""additive_wall_clock_stages"":[""initial_placement_s"",""problem_preparation_s"",""search_kernel_s"",""result_commit_s"",""routing_s""],""nested_fields_must_not_be_summed"":true,""nested_in_search_kernel"":[""return_match_s"",""forecast_s""],""transition_decision_s"":""reported_stage_not_added_to_full_compile""}","[{""run_id"":""qmap154-dc1_220-M3-s0-r0-c73e750319bf"",""seed"":0,""status"":""success""},{""run_id"":""qmap154-dc1_220-M3-s1-r0-c5b11e2ef151"",""seed"":1,""status"":""success""},{""run_id"":""qmap154-dc1_220-M3-s2-r0-36ddc81a4b40"",""seed"":2,""status"":""success""}]",[],"{""additive_wall_clock_stages"":[""initial_placement_s"",""problem_preparation_s"",""search_kernel_s"",""result_commit_s"",""routing_s""],""nested_fields_must_not_be_summed"":true,""nested_in_search_kernel"":[""return_match_s"",""forecast_s""],""transition_decision_s"":""reported_stage_not_added_to_full_compile""}","[{""run_id"":""qmap154-dc1_220-M4-s0-r0-44530706c9be"",""seed"":0,""status"":""success""},{""run_id"":""qmap154-dc1_220-M4-s1-r0-4edc5c1af261"",""seed"":1,""status"":""success""},{""run_id"":""qmap154-dc1_220-M4-s2-r0-54291a45a4de"",""seed"":2,""status"":""success""}]",[],"{""additive_wall_clock_stages"":[""initial_placement_s"",""problem_preparation_s"",""search_kernel_s"",""result_commit_s"",""routing_s""],""nested_fields_must_not_be_summed"":true,""nested_in_search_kernel"":[""return_match_s"",""forecast_s""],""transition_decision_s"":""reported_stage_not_added_to_full_compile""}"
qmap154,dc2_222,b6787eae10fc7c244a9b1621619d00f4646acefe46c270fedb276296d642a776,15,7677,4131,verifier_fail,0,1,0/1,0,1,,,False,,,,,,b6787eae10fc7c244a9b1621619d00f4646acefe46c270fedb276296d642a776,f4c713d795a60b14c1a2296ac5ae9a0491f4fa8e07a259e017f431fca00111ae,,,,,,,,,,,,,,,,,success,1,1,1/1,1,1,-58.79994847115447,2.907413768550459e-26,False,16988.0,0.0,7301.0,714167.6350028921,1.147362375,b6787eae10fc7c244a9b1621619d00f4646acefe46c270fedb276296d642a776,f4c713d795a60b14c1a2296ac5ae9a0491f4fa8e07a259e017f431fca00111ae,-16.99649966691708,-0.0,-18.79319299706765,,,,,,,,,,,,,,success,3,3,3/3,3,3,-58.81119001819452,2.8749129618464134e-26,False,15740.0,962.0,7149.0,723246.7712544124,62.631356208,b6787eae10fc7c244a9b1621619d00f4646acefe46c270fedb276296d642a776,f4c713d795a60b14c1a2296ac5ae9a0491f4fa8e07a259e017f431fca00111ae,-15.747875250604832,-2.408011269829975,-17.645047690589976,0.0,,,,,5.751295625,55.260842625,8.152050415,34.412384144,12.382287209,0.888421059,0.136596639,0.008479136,success,3,3,3/3,3,3,-54.57516883619573,1.9874917083958927e-24,False,12112.0,2688.0,5511.0,561605.0340102179,57.134854917,b6787eae10fc7c244a9b1621619d00f4646acefe46c270fedb276296d642a776,f4c713d795a60b14c1a2296ac5ae9a0491f4fa8e07a259e017f431fca00111ae,-12.118060040363769,-6.728414026302466,-12.695910790396688,42.095551280579265,,,,,5.755408208,50.20525675,6.95657439,31.855041006,11.147601122,0.757658482,0.082878893,1.144551126,"[{""run_id"":""qmap154-dc2_222-M1-s0-r0-8035c4cf8e4f"",""seed"":0,""status"":""verifier_fail""}]",[],"{""additive_wall_clock_stages"":[""initial_placement_s"",""problem_preparation_s"",""search_kernel_s"",""result_commit_s"",""routing_s""],""nested_fields_must_not_be_summed"":true,""nested_in_search_kernel"":[""return_match_s"",""forecast_s""],""transition_decision_s"":""reported_stage_not_added_to_full_compile""}","[{""run_id"":""qmap154-dc2_222-M2-raw-replay-b08bead77441"",""seed"":0,""status"":""success""}]",[],"{""additive_wall_clock_stages"":[""initial_placement_s"",""problem_preparation_s"",""search_kernel_s"",""result_commit_s"",""routing_s""],""nested_fields_must_not_be_summed"":true,""nested_in_search_kernel"":[""return_match_s"",""forecast_s""],""transition_decision_s"":""reported_stage_not_added_to_full_compile""}","[{""run_id"":""qmap154-dc2_222-M3-s0-r0-e84a37bd0fbc"",""seed"":0,""status"":""success""},{""run_id"":""qmap154-dc2_222-M3-s1-r0-a51579efcb22"",""seed"":1,""status"":""success""},{""run_id"":""qmap154-dc2_222-M3-s2-r0-a41b1d5f61ec"",""seed"":2,""status"":""success""}]",[],"{""additive_wall_clock_stages"":[""initial_placement_s"",""problem_preparation_s"",""search_kernel_s"",""result_commit_s"",""routing_s""],""nested_fields_must_not_be_summed"":true,""nested_in_search_kernel"":[""return_match_s"",""forecast_s""],""transition_decision_s"":""reported_stage_not_added_to_full_compile""}","[{""run_id"":""qmap154-dc2_222-M4-s0-r0-df3e14d7f431"",""seed"":0,""status"":""success""},{""run_id"":""qmap154-dc2_222-M4-s1-r0-51176a695a84"",""seed"":1,""status"":""success""},{""run_id"":""qmap154-dc2_222-M4-s2-r0-31009b834005"",""seed"":2,""status"":""success""}]",[],"{""additive_wall_clock_stages"":[""initial_placement_s"",""problem_preparation_s"",""search_kernel_s"",""result_commit_s"",""routing_s""],""nested_fields_must_not_be_summed"":true,""nested_in_search_kernel"":[""return_match_s"",""forecast_s""],""transition_decision_s"":""reported_stage_not_added_to_full_compile""}"
qmap154,dist_223,e47341dbc1d6f08e02097b6d62cd49c6395fef428823e3dd1508710d582799fb,13,30873,16624,verifier_fail,0,1,0/1,0,1,,,False,,,,,,e47341dbc1d6f08e02097b6d62cd49c6395fef428823e3dd1508710d582799fb,979f847ebdb7b4eacec05935ab59182edb799b20994e3d90f8c3565f7b647950,,,,,,,,,,,,,,,,,success,1,1,1/1,0,1,,,True,68604.0,0.0,27783.0,2724145.052920068,4.500284042,e47341dbc1d6f08e02097b6d62cd49c6395fef428823e3dd1508710d582799fb,979f847ebdb7b4eacec05935ab59182edb799b20994e3d90f8c3565f7b647950,,,,,,,,,,,,,,,,,success,3,3,3/3,0,3,,,True,64838.0,3002.0,28458.0,2896870.7453290243,72.477640917,e47341dbc1d6f08e02097b6d62cd49c6395fef428823e3dd1508710d582799fb,979f847ebdb7b4eacec05935ab59182edb799b20994e3d90f8c3565f7b647950,,,,0.0,,,,,6.256159375,60.397085042,3.679839356,50.762371272,5.206368565,3.51453495,0.356109664,0.013464409,success,3,3,3/3,0,3,,,True,49952.0,13097.0,21902.0,2257425.0111212092,67.939677667,e47341dbc1d6f08e02097b6d62cd49c6395fef428823e3dd1508710d582799fb,979f847ebdb7b4eacec05935ab59182edb799b20994e3d90f8c3565f7b647950,,,,176.60813259730182,,,,,6.330837625,56.868052,2.923087122,48.185538988,5.100993346,2.993414879,0.297529065,1.194679335,"[{""run_id"":""qmap154-dist_223-M1-s0-r0-493e54aef784"",""seed"":0,""status"":""verifier_fail""}]",[],"{""additive_wall_clock_stages"":[""initial_placement_s"",""problem_preparation_s"",""search_kernel_s"",""result_commit_s"",""routing_s""],""nested_fields_must_not_be_summed"":true,""nested_in_search_kernel"":[""return_match_s"",""forecast_s""],""transition_decision_s"":""reported_stage_not_added_to_full_compile""}","[{""run_id"":""qmap154-dist_223-M2-raw-replay-278bdcbaeafd"",""seed"":0,""status"":""success""}]",[],"{""additive_wall_clock_stages"":[""initial_placement_s"",""problem_preparation_s"",""search_kernel_s"",""result_commit_s"",""routing_s""],""nested_fields_must_not_be_summed"":true,""nested_in_search_kernel"":[""return_match_s"",""forecast_s""],""transition_decision_s"":""reported_stage_not_added_to_full_compile""}","[{""run_id"":""qmap154-dist_223-M3-s0-r0-8305b1534c03"",""seed"":0,""status"":""success""},{""run_id"":""qmap154-dist_223-M3-s1-r0-22e62f5c36ec"",""seed"":1,""status"":""success""},{""run_id"":""qmap154-dist_223-M3-s2-r0-717abbf8823d"",""seed"":2,""status"":""success""}]",[],"{""additive_wall_clock_stages"":[""initial_placement_s"",""problem_preparation_s"",""search_kernel_s"",""result_commit_s"",""routing_s""],""nested_fields_must_not_be_summed"":true,""nested_in_search_kernel"":[""return_match_s"",""forecast_s""],""transition_decision_s"":""reported_stage_not_added_to_full_compile""}","[{""run_id"":""qmap154-dist_223-M4-s0-r0-66da0cf911f5"",""seed"":0,""status"":""success""},{""run_id"":""qmap154-dist_223-M4-s1-r0-ddf10b812c8f"",""seed"":1,""status"":""success""},{""run_id"":""qmap154-dist_223-M4-s2-r0-1978c6f67a53"",""seed"":2,""status"":""success""}]",[],"{""additive_wall_clock_stages"":[""initial_placement_s"",""problem_preparation_s"",""search_kernel_s"",""result_commit_s"",""routing_s""],""nested_fields_must_not_be_summed"":true,""nested_in_search_kernel"":[""return_match_s"",""forecast_s""],""transition_decision_s"":""reported_stage_not_added_to_full_compile""}"
qmap154,ex-1_166,e89bcbd9bbde57b6c42fa552af0bbed91f62d8fcc42c2861bc6203eec7d7c811,3,16,9,success,1,1,1/1,1,1,-0.0939468243806971,0.9103311683773916,False,40.0,0.0,18.0,1701.5187744276054,3.925349958,e89bcbd9bbde57b6c42fa552af0bbed91f62d8fcc42c2861bc6203eec7d7c811,06d640a379072198b313f9bf4aca02a7c255f275bccd3364e69bda4a3c51d8da,-0.040020013343341376,-0.0,-0.0040132144814252636,,,,,,3.9151299,0.009098416,,0.0,,0.000652075,,,success,1,1,1/1,1,1,-0.09412105278739534,0.9101725766443511,False,40.0,0.0,18.0,1736.5139934836852,0.003931125,e89bcbd9bbde57b6c42fa552af0bbed91f62d8fcc42c2861bc6203eec7d7c811,06d640a379072198b313f9bf4aca02a7c255f275bccd3364e69bda4a3c51d8da,-0.040020013343341376,-0.0,-0.004187442888123508,,,,,,,,,,,,,,success,3,3,3/3,3,3,-0.09023635287837659,0.9137152005302642,False,36.0,0.0,17.0,1827.0819376047277,1.523574583,e89bcbd9bbde57b6c42fa552af0bbed91f62d8fcc42c2861bc6203eec7d7c811,06d640a379072198b313f9bf4aca02a7c255f275bccd3364e69bda4a3c51d8da,-0.036018012009007234,-0.0,-0.004304744313438897,0.0,,,,,1.362940541,0.122298833,0.010034832,0.055151002,0.026850082,0.001250982,0.000402204,0.000172911,success,3,3,3/3,3,3,-0.09419752016689383,0.9101029807934639,False,24.0,7.0,11.0,1094.9851500448194,1.718362708,e89bcbd9bbde57b6c42fa552af0bbed91f62d8fcc42c2861bc6203eec7d7c811,06d640a379072198b313f9bf4aca02a7c255f275bccd3364e69bda4a3c51d8da,-0.024012008006004823,-0.017521911526829338,-0.0027500040781292066,0.041164269100219544,,,,,1.350788416,0.346619,0.010060291,0.293751918,0.012065458,0.000864506,0.000237086,0.076327848,"[{""run_id"":""qmap154-ex-1_166-M1-s0-r0-0ff1f30dc1c4"",""seed"":0,""status"":""success""}]",[],"{""additive_wall_clock_stages"":[""initial_placement_s"",""problem_preparation_s"",""search_kernel_s"",""result_commit_s"",""routing_s""],""nested_fields_must_not_be_summed"":true,""nested_in_search_kernel"":[""return_match_s"",""forecast_s""],""transition_decision_s"":""reported_stage_not_added_to_full_compile""}","[{""run_id"":""qmap154-ex-1_166-M2-raw-replay-d26be315603c"",""seed"":0,""status"":""success""}]",[],"{""additive_wall_clock_stages"":[""initial_placement_s"",""problem_preparation_s"",""search_kernel_s"",""result_commit_s"",""routing_s""],""nested_fields_must_not_be_summed"":true,""nested_in_search_kernel"":[""return_match_s"",""forecast_s""],""transition_decision_s"":""reported_stage_not_added_to_full_compile""}","[{""run_id"":""qmap154-ex-1_166-M3-s0-r0-e2c7df4d618c"",""seed"":0,""status"":""success""},{""run_id"":""qmap154-ex-1_166-M3-s1-r0-e9a038c3eca2"",""seed"":1,""status"":""success""},{""run_id"":""qmap154-ex-1_166-M3-s2-r0-27ef053f07ca"",""seed"":2,""status"":""success""}]",[],"{""additive_wall_clock_stages"":[""initial_placement_s"",""problem_preparation_s"",""search_kernel_s"",""result_commit_s"",""routing_s""],""nested_fields_must_not_be_summed"":true,""nested_in_search_kernel"":[""return_match_s"",""forecast_s""],""transition_decision_s"":""reported_stage_not_added_to_full_compile""}","[{""run_id"":""qmap154-ex-1_166-M4-s0-r0-e644dc244e6d"",""seed"":0,""status"":""success""},{""run_id"":""qmap154-ex-1_166-M4-s1-r0-000dc61fce87"",""seed"":1,""status"":""success""},{""run_id"":""qmap154-ex-1_166-M4-s2-r0-cddedb992b2f"",""seed"":2,""status"":""success""}]",[],"{""additive_wall_clock_stages"":[""initial_placement_s"",""problem_preparation_s"",""search_kernel_s"",""result_commit_s"",""routing_s""],""nested_fields_must_not_be_summed"":true,""nested_in_search_kernel"":[""return_match_s"",""forecast_s""],""transition_decision_s"":""reported_stage_not_added_to_full_compile""}"
qmap154,ex1_226,4a6d53e313003be35a7d3c56a5702b8a2f0ce138861f1ff1de53929c6660d26a,6,4,5,success,1,1,1/1,1,1,-0.055260671302234214,0.946238458591237,False,24.0,0.0,10.0,1131.3919595273794,4.355868625,4a6d53e313003be35a7d3c56a5702b8a2f0ce138861f1ff1de53929c6660d26a,5947c78b08c521fdc901e5a75bcdf9d862cf76ad2a61cb2d436f5e9af141dd5b,-0.024012008006004823,-0.0,-0.004985774142499989,,,,,,4.350267172,0.004932416,,0.0,,0.000366449,,,success,1,1,1/1,1,1,-0.055319282884771476,0.9461829996830045,False,24.0,0.0,10.0,1146.0326127000578,0.002213084,4a6d53e313003be35a7d3c56a5702b8a2f0ce138861f1ff1de53929c6660d26a,5947c78b08c521fdc901e5a75bcdf9d862cf76ad2a61cb2d436f5e9af141dd5b,-0.024012008006004823,-0.0,-0.00504438572503725,,,,,,,,,,,,,,success,3,3,3/3,3,3,-0.05091687953612207,0.950357661419169,False,20.0,0.0,9.0,1036.0131196695327,1.576431042,4a6d53e313003be35a7d3c56a5702b8a2f0ce138861f1ff1de53929c6660d26a,5947c78b08c521fdc901e5a75bcdf9d862cf76ad2a61cb2d436f5e9af141dd5b,-0.020010006671670688,-0.0,-0.0046439837107219795,0.0,,,,,1.476898208,0.078189584,0.005530875,0.034925001,0.006656165,0.000696898,0.000167043,0.000104285,success,3,3,3/3,3,3,-0.05090542252444232,0.9503685497403696,False,20.0,0.0,9.0,1033.1510800838678,1.76354375,4a6d53e313003be35a7d3c56a5702b8a2f0ce138861f1ff1de53929c6660d26a,5947c78b08c521fdc901e5a75bcdf9d862cf76ad2a61cb2d436f5e9af141dd5b,-0.020010006671670688,-0.0,-0.004632526699042233,0.011966523674979882,,,,,1.493951125,0.246215209,0.005607832,0.203466085,0.006722749,0.000689268,0.000249495,0.045174634,"[{""run_id"":""qmap154-ex1_226-M1-s0-r0-a260bce66087"",""seed"":0,""status"":""success""}]",[],"{""additive_wall_clock_stages"":[""initial_placement_s"",""problem_preparation_s"",""search_kernel_s"",""result_commit_s"",""routing_s""],""nested_fields_must_not_be_summed"":true,""nested_in_search_kernel"":[""return_match_s"",""forecast_s""],""transition_decision_s"":""reported_stage_not_added_to_full_compile""}","[{""run_id"":""qmap154-ex1_226-M2-raw-replay-760279c212ab"",""seed"":0,""status"":""success""}]",[],"{""additive_wall_clock_stages"":[""initial_placement_s"",""problem_preparation_s"",""search_kernel_s"",""result_commit_s"",""routing_s""],""nested_fields_must_not_be_summed"":true,""nested_in_search_kernel"":[""return_match_s"",""forecast_s""],""transition_decision_s"":""reported_stage_not_added_to_full_compile""}","[{""run_id"":""qmap154-ex1_226-M3-s0-r0-b70302ba307e"",""seed"":0,""status"":""success""},{""run_id"":""qmap154-ex1_226-M3-s1-r0-bc714ec85ca8"",""seed"":1,""status"":""success""},{""run_id"":""qmap154-ex1_226-M3-s2-r0-a48471982f6e"",""seed"":2,""status"":""success""}]",[],"{""additive_wall_clock_stages"":[""initial_placement_s"",""problem_preparation_s"",""search_kernel_s"",""result_commit_s"",""routing_s""],""nested_fields_must_not_be_summed"":true,""nested_in_search_kernel"":[""return_match_s"",""forecast_s""],""transition_decision_s"":""reported_stage_not_added_to_full_compile""}","[{""run_id"":""qmap154-ex1_226-M4-s0-r0-358e7e0db7e0"",""seed"":0,""status"":""success""},{""run_id"":""qmap154-ex1_226-M4-s1-r0-d1d73982980c"",""seed"":1,""status"":""success""},{""run_id"":""qmap154-ex1_226-M4-s2-r0-cdc370eabae7"",""seed"":2,""status"":""success""}]",[],"{""additive_wall_clock_stages"":[""initial_placement_s"",""problem_preparation_s"",""search_kernel_s"",""result_commit_s"",""routing_s""],""nested_fields_must_not_be_summed"":true,""nested_in_search_kernel"":[""return_match_s"",""forecast_s""],""transition_decision_s"":""reported_stage_not_added_to_full_compile""}"
qmap154,ex2_227,983207e15135fbfdbac900dec7d7cc3f72d7bfe6a3ba36b5b188fdb8ecf12de1,7,514,275,success,1,1,1/1,1,1,-3.005721752192257,0.04950301252382014,False,1152.0,0.0,489.0,46819.18591127466,14.313661084,983207e15135fbfdbac900dec7d7cc3f72d7bfe6a3ba36b5b188fdb8ecf12de1,1454a4ed2c3ef809ba102272ea51323dc2ca8482e1d6b7c43b50b09045fc5286,-1.1525763842882315,-0.0,-0.3204732318023226,,,,,,13.947021961,0.342633667,,0.0,,0.016238451,,,success,1,1,1/1,1,1,-3.0076340005150675,0.049408440922159,False,1156.0,0.0,488.0,46205.02663712899,0.082619167,983207e15135fbfdbac900dec7d7cc3f72d7bfe6a3ba36b5b188fdb8ecf12de1,1454a4ed2c3ef809ba102272ea51323dc2ca8482e1d6b7c43b50b09045fc5286,-1.1565783856225658,-0.0,-0.31838347879079903,,,,,,,,,,,,,,success,3,3,3/3,3,3,-3.0072706328392083,0.04942639761474796,False,1102.0,9.0,511.0,56473.63493254625,7.069990875,983207e15135fbfdbac900dec7d7cc3f72d7bfe6a3ba36b5b188fdb8ecf12de1,1454a4ed2c3ef809ba102272ea51323dc2ca8482e1d6b7c43b50b09045fc5286,-1.1025513676090548,-0.022528171963066293,-0.3570283478197399,0.0,,,,,3.14079725,3.836836375,0.367086543,2.864077539,0.546658753,0.04199934,0.015700293,0.005321566,success,3,3,3/3,3,3,-3.031637852203044,0.04823656902115099,False,798.0,180.0,365.0,37365.50432550727,28.880950333,983207e15135fbfdbac900dec7d7cc3f72d7bfe6a3ba36b5b188fdb8ecf12de1,1454a4ed2c3ef809ba102272ea51323dc2ca8482e1d6b7c43b50b09045fc5286,-0.7983992661996604,-0.45056343926132586,-0.25000301064035524,2.688594777388151,,,,,3.116153625,25.669523417,0.363069709,24.7539973,0.489020034,0.045990229,0.013525932,8.250799069,"[{""run_id"":""qmap154-ex2_227-M1-s0-r0-48fdacada196"",""seed"":0,""status"":""success""}]",[],"{""additive_wall_clock_stages"":[""initial_placement_s"",""problem_preparation_s"",""search_kernel_s"",""result_commit_s"",""routing_s""],""nested_fields_must_not_be_summed"":true,""nested_in_search_kernel"":[""return_match_s"",""forecast_s""],""transition_decision_s"":""reported_stage_not_added_to_full_compile""}","[{""run_id"":""qmap154-ex2_227-M2-raw-replay-65add9636e6f"",""seed"":0,""status"":""success""}]",[],"{""additive_wall_clock_stages"":[""initial_placement_s"",""problem_preparation_s"",""search_kernel_s"",""result_commit_s"",""routing_s""],""nested_fields_must_not_be_summed"":true,""nested_in_search_kernel"":[""return_match_s"",""forecast_s""],""transition_decision_s"":""reported_stage_not_added_to_full_compile""}","[{""run_id"":""qmap154-ex2_227-M3-s0-r0-e5a2dfabe9ad"",""seed"":0,""status"":""success""},{""run_id"":""qmap154-ex2_227-M3-s1-r0-0f6436de929c"",""seed"":1,""status"":""success""},{""run_id"":""qmap154-ex2_227-M3-s2-r0-d8d3aed9baad"",""seed"":2,""status"":""success""}]",[],"{""additive_wall_clock_stages"":[""initial_placement_s"",""problem_preparation_s"",""search_kernel_s"",""result_commit_s"",""routing_s""],""nested_fields_must_not_be_summed"":true,""nested_in_search_kernel"":[""return_match_s"",""forecast_s""],""transition_decision_s"":""reported_stage_not_added_to_full_compile""}","[{""run_id"":""qmap154-ex2_227-M4-s0-r0-74a0e7190999"",""seed"":0,""status"":""success""},{""run_id"":""qmap154-ex2_227-M4-s1-r0-a6b94880b7b3"",""seed"":1,""status"":""success""},{""run_id"":""qmap154-ex2_227-M4-s2-r0-eb4428a2d71e"",""seed"":2,""status"":""success""}]",[],"{""additive_wall_clock_stages"":[""initial_placement_s"",""problem_preparation_s"",""search_kernel_s"",""result_commit_s"",""routing_s""],""nested_fields_must_not_be_summed"":true,""nested_in_search_kernel"":[""return_match_s"",""forecast_s""],""transition_decision_s"":""reported_stage_not_added_to_full_compile""}"
qmap154,ex3_229,18bd03509e493866a3863af424f8d69b46a78f338a1c47d89749a2fca6939020,6,327,175,success,1,1,1/1,1,1,-1.860104590125521,0.15565634939947603,False,712.0,0.0,320.0,30225.28043005983,9.164120875,18bd03509e493866a3863af424f8d69b46a78f338a1c47d89749a2fca6939020,d0f41ac0453db3c10f9d0ca475606b09fe3e013118b80400774e2559d7173052,-0.7123562375114765,-0.0,-0.17243881555014298,,,,,,8.974707127,0.17381425,,0.0,,0.010573626,,,success,1,1,1/1,1,1,-1.8625367230976653,0.1552782324615027,False,716.0,0.0,315.0,29697.88509066341,0.051798084,18bd03509e493866a3863af424f8d69b46a78f338a1c47d89749a2fca6939020,d0f41ac0453db3c10f9d0ca475606b09fe3e013118b80400774e2559d7173052,-0.7163582388458106,-0.0,-0.17086894718795298,,,,,,,,,,,,,,success,3,3,3/3,3,3,-1.8556005237770195,0.15635901716796655,False,690.0,2.0,324.0,34153.77866498002,4.560502583,18bd03509e493866a3863af424f8d69b46a78f338a1c47d89749a2fca6939020,d0f41ac0453db3c10f9d0ca475606b09fe3e013118b80400774e2559d7173052,-0.6903452301726387,-0.005006260436236954,-0.18493949610424215,0.0,,,,,2.341607875,2.148744875,0.211696408,1.57383142,0.306781207,0.025635242,0.009125349,0.003501228,success,3,3,3/3,3,3,-1.891761247677514,0.15080596813829564,False,482.0,121.0,226.0,23318.748069628982,19.854654333,18bd03509e493866a3863af424f8d69b46a78f338a1c47d89749a2fca6939020,d0f41ac0453db3c10f9d0ca475606b09fe3e013118b80400774e2559d7173052,-0.4822411607872636,-0.3028787563923357,-0.13133179343401316,1.5885369735777382,,,,,2.340591875,17.458333875,0.220228412,16.88273996,0.313640502,0.018955469,0.007123367,4.758790522,"[{""run_id"":""qmap154-ex3_229-M1-s0-r0-2021e0927ff3"",""seed"":0,""status"":""success""}]",[],"{""additive_wall_clock_stages"":[""initial_placement_s"",""problem_preparation_s"",""search_kernel_s"",""result_commit_s"",""routing_s""],""nested_fields_must_not_be_summed"":true,""nested_in_search_kernel"":[""return_match_s"",""forecast_s""],""transition_decision_s"":""reported_stage_not_added_to_full_compile""}","[{""run_id"":""qmap154-ex3_229-M2-raw-replay-5c75a222924a"",""seed"":0,""status"":""success""}]",[],"{""additive_wall_clock_stages"":[""initial_placement_s"",""problem_preparation_s"",""search_kernel_s"",""result_commit_s"",""routing_s""],""nested_fields_must_not_be_summed"":true,""nested_in_search_kernel"":[""return_match_s"",""forecast_s""],""transition_decision_s"":""reported_stage_not_added_to_full_compile""}","[{""run_id"":""qmap154-ex3_229-M3-s0-r0-7247061fe5ea"",""seed"":0,""status"":""success""},{""run_id"":""qmap154-ex3_229-M3-s1-r0-4a20eb4428fa"",""seed"":1,""status"":""success""},{""run_id"":""qmap154-ex3_229-M3-s2-r0-8ddd790809d1"",""seed"":2,""status"":""success""}]",[],"{""additive_wall_clock_stages"":[""initial_placement_s"",""problem_preparation_s"",""search_kernel_s"",""result_commit_s"",""routing_s""],""nested_fields_must_not_be_summed"":true,""nested_in_search_kernel"":[""return_match_s"",""forecast_s""],""transition_decision_s"":""reported_stage_not_added_to_full_compile""}","[{""run_id"":""qmap154-ex3_229-M4-s0-r0-1290492ca185"",""seed"":0,""status"":""success""},{""run_id"":""qmap154-ex3_229-M4-s1-r0-cced670bb5f3"",""seed"":1,""status"":""success""},{""run_id"":""qmap154-ex3_229-M4-s2-r0-e26450a6b860"",""seed"":2,""status"":""success""}]",[],"{""additive_wall_clock_stages"":[""initial_placement_s"",""problem_preparation_s"",""search_kernel_s"",""result_commit_s"",""routing_s""],""nested_fields_must_not_be_summed"":true,""nested_in_search_kernel"":[""return_match_s"",""forecast_s""],""transition_decision_s"":""reported_stage_not_added_to_full_compile""}"
qmap154,f2_232,f3c46f00d6661f719aed8ae0269c2cf50e895946566ba9a84f25a54ea134911d,8,978,525,success,1,1,1/1,1,1,-5.792362886563544,0.003050765041420654,False,2144.0,0.0,924.0,89046.4370613079,15.417895667,f3c46f00d6661f719aed8ae0269c2cf50e895946566ba9a84f25a54ea134911d,977e1d238a88cb587afdff684123b9b3676f45a4a817fa9a60d2ab69e3a46a52,-2.1450727152030975,-0.0,-0.7222616951957477,,,,,,14.769639015,0.5894315,,0.0,,0.045390844,,,success,1,1,1/1,1,1,-5.797100336958243,0.00303634637419843,False,2148.0,0.0,919.0,89023.87618978412,0.15178575,f3c46f00d6661f719aed8ae0269c2cf50e895946566ba9a84f25a54ea134911d,977e1d238a88cb587afdff684123b9b3676f45a4a817fa9a60d2ab69e3a46a52,-2.1490747165374318,-0.0,-0.7229971442561127,,,,,,,,,,,,,,success,3,3,3/3,3,3,-5.770845121665568,0.003117122053297854,False,2060.0,14.0,943.0,97745.14415609236,11.062112125,f3c46f00d6661f719aed8ae0269c2cf50e895946566ba9a84f25a54ea134911d,977e1d238a88cb587afdff684123b9b3676f45a4a817fa9a60d2ab69e3a46a52,-2.0610306871820807,-0.035043823053658676,-0.7532495245851504,0.0,,,,,3.227157166,7.662124167,0.703590673,5.866010953,1.008325346,0.094648838,0.028949347,0.010326808,success,3,3,3/3,3,3,-5.824416250261305,0.0029545283542280407,False,1492.0,340.0,680.0,70947.94566405745,55.960038833,f3c46f00d6661f719aed8ae0269c2cf50e895946566ba9a84f25a54ea134911d,977e1d238a88cb587afdff684123b9b3676f45a4a817fa9a60d2ab69e3a46a52,-1.4927464977066334,-0.8510642741602822,-0.5544878516200494,5.243017438235822,,,,,3.230280375,52.509064708,0.744115376,50.645092005,1.039760626,0.080310106,0.0228684,16.610512024,"[{""run_id"":""qmap154-f2_232-M1-s0-r0-8b9a18e92e07"",""seed"":0,""status"":""success""}]",[],"{""additive_wall_clock_stages"":[""initial_placement_s"",""problem_preparation_s"",""search_kernel_s"",""result_commit_s"",""routing_s""],""nested_fields_must_not_be_summed"":true,""nested_in_search_kernel"":[""return_match_s"",""forecast_s""],""transition_decision_s"":""reported_stage_not_added_to_full_compile""}","[{""run_id"":""qmap154-f2_232-M2-raw-replay-dfc065af40fc"",""seed"":0,""status"":""success""}]",[],"{""additive_wall_clock_stages"":[""initial_placement_s"",""problem_preparation_s"",""search_kernel_s"",""result_commit_s"",""routing_s""],""nested_fields_must_not_be_summed"":true,""nested_in_search_kernel"":[""return_match_s"",""forecast_s""],""transition_decision_s"":""reported_stage_not_added_to_full_compile""}","[{""run_id"":""qmap154-f2_232-M3-s0-r0-e961e5ef1db9"",""seed"":0,""status"":""success""},{""run_id"":""qmap154-f2_232-M3-s1-r0-ccdaec8f9eb3"",""seed"":1,""status"":""success""},{""run_id"":""qmap154-f2_232-M3-s2-r0-39f6c01e2b10"",""seed"":2,""status"":""success""}]",[],"{""additive_wall_clock_stages"":[""initial_placement_s"",""problem_preparation_s"",""search_kernel_s"",""result_commit_s"",""routing_s""],""nested_fields_must_not_be_summed"":true,""nested_in_search_kernel"":[""return_match_s"",""forecast_s""],""transition_decision_s"":""reported_stage_not_added_to_full_compile""}","[{""run_id"":""qmap154-f2_232-M4-s0-r0-680f7a373ecf"",""seed"":0,""status"":""success""},{""run_id"":""qmap154-f2_232-M4-s1-r0-c83aa62420ae"",""seed"":1,""status"":""success""},{""run_id"":""qmap154-f2_232-M4-s2-r0-e047ae8bf2e0"",""seed"":2,""status"":""success""}]",[],"{""additive_wall_clock_stages"":[""initial_placement_s"",""problem_preparation_s"",""search_kernel_s"",""result_commit_s"",""routing_s""],""nested_fields_must_not_be_summed"":true,""nested_in_search_kernel"":[""return_match_s"",""forecast_s""],""transition_decision_s"":""reported_stage_not_added_to_full_compile""}"
qmap154,graycode6_47,1cc205f827ac11a35917ee7ed71a78f0de65ae3e1b9a1ce15cc5f8ffc673f145,6,10,5,success,1,1,1/1,1,1,-0.05806844428428051,0.9435853622018051,False,24.0,0.0,10.0,1123.037359146889,4.418640125,1cc205f827ac11a35917ee7ed71a78f0de65ae3e1b9a1ce15cc5f8ffc673f145,ec6a37ded995f5aa3c9dcde21f6e9b492b849b274c15c2d7827be8838ee2267a,-0.024012008006004823,-0.0,-0.005993277070534335,,,,,,4.412992001,0.004943333,,0.0,,0.000375986,,,success,1,1,1/1,1,1,-0.058088855270701435,0.9435661028903417,False,24.0,0.0,10.0,1128.1350025955126,0.002341584,1cc205f827ac11a35917ee7ed71a78f0de65ae3e1b9a1ce15cc5f8ffc673f145,ec6a37ded995f5aa3c9dcde21f6e9b492b849b274c15c2d7827be8838ee2267a,-0.024012008006004823,-0.0,-0.006013688056955256,,,,,,,,,,,,,,success,3,3,3/3,3,3,-0.053980139466291426,0.9474509231959403,False,20.0,0.0,9.0,1091.482575672967,1.616899959,1cc205f827ac11a35917ee7ed71a78f0de65ae3e1b9a1ce15cc5f8ffc673f145,ec6a37ded995f5aa3c9dcde21f6e9b492b849b274c15c2d7827be8838ee2267a,-0.020010006671670688,-0.0,-0.005906973586879378,0.0,,,,,1.506729583,0.079984,0.006432917,0.035161542,0.006977541,0.000709295,0.000158627,0.000121787,success,3,3,3/3,3,3,-0.05371313828517811,0.9477039274861996,False,20.0,0.0,9.0,1024.7964797033774,1.763764625,1cc205f827ac11a35917ee7ed71a78f0de65ae3e1b9a1ce15cc5f8ffc673f145,ec6a37ded995f5aa3c9dcde21f6e9b492b849b274c15c2d7827be8838ee2267a,-0.020010006671670688,-0.0,-0.005639972405766069,0.01195005682842722,,,,,1.517180291,0.228678709,0.005888874,0.182573667,0.006933875,0.00074029,0.000242048,0.042798517,"[{""run_id"":""qmap154-graycode6_47-M1-s0-r0-0cd735850f05"",""seed"":0,""status"":""success""}]",[],"{""additive_wall_clock_stages"":[""initial_placement_s"",""problem_preparation_s"",""search_kernel_s"",""result_commit_s"",""routing_s""],""nested_fields_must_not_be_summed"":true,""nested_in_search_kernel"":[""return_match_s"",""forecast_s""],""transition_decision_s"":""reported_stage_not_added_to_full_compile""}","[{""run_id"":""qmap154-graycode6_47-M2-raw-replay-db20c9934b48"",""seed"":0,""status"":""success""}]",[],"{""additive_wall_clock_stages"":[""initial_placement_s"",""problem_preparation_s"",""search_kernel_s"",""result_commit_s"",""routing_s""],""nested_fields_must_not_be_summed"":true,""nested_in_search_kernel"":[""return_match_s"",""forecast_s""],""transition_decision_s"":""reported_stage_not_added_to_full_compile""}","[{""run_id"":""qmap154-graycode6_47-M3-s0-r0-c2cf84d3b2ae"",""seed"":0,""status"":""success""},{""run_id"":""qmap154-graycode6_47-M3-s1-r0-8123be66c51d"",""seed"":1,""status"":""success""},{""run_id"":""qmap154-graycode6_47-M3-s2-r0-f081e6006746"",""seed"":2,""status"":""success""}]",[],"{""additive_wall_clock_stages"":[""initial_placement_s"",""problem_preparation_s"",""search_kernel_s"",""result_commit_s"",""routing_s""],""nested_fields_must_not_be_summed"":true,""nested_in_search_kernel"":[""return_match_s"",""forecast_s""],""transition_decision_s"":""reported_stage_not_added_to_full_compile""}","[{""run_id"":""qmap154-graycode6_47-M4-s0-r0-2adc8446c4cb"",""seed"":0,""status"":""success""},{""run_id"":""qmap154-graycode6_47-M4-s1-r0-2c98e075b3c1"",""seed"":1,""status"":""success""},{""run_id"":""qmap154-graycode6_47-M4-s2-r0-00e2455cc2b8"",""seed"":2,""status"":""success""}]",[],"{""additive_wall_clock_stages"":[""initial_placement_s"",""problem_preparation_s"",""search_kernel_s"",""result_commit_s"",""routing_s""],""nested_fields_must_not_be_summed"":true,""nested_in_search_kernel"":[""return_match_s"",""forecast_s""],""transition_decision_s"":""reported_stage_not_added_to_full_compile""}"
qmap154,ground_state_estimation_10,1339e2c7e5bc81127fa6ab1721b679c0a6f525f4446d354f7ed78b8331f01fac,13,13,3,success,1,1,1/1,1,1,-0.034013351494323545,0.9665585995497005,False,8.0,0.0,2.0,199.99282681158866,1.104763375,1339e2c7e5bc81127fa6ab1721b679c0a6f525f4446d354f7ed78b8331f01fac,83e70fcffe5fced039783d64ab5052406b9aaba8ce656c0e9eaa5c2a1fa29a7a,-0.008004002668668275,-0.0,-0.007071138237996509,,,,,,1.101843119,0.00253775,,0.0,,0.000138044,,,success,1,1,1/1,1,1,-0.03434997304455577,0.9662332898517291,False,8.0,0.0,2.0,238.81215109115067,0.001797459,1339e2c7e5bc81127fa6ab1721b679c0a6f525f4446d354f7ed78b8331f01fac,83e70fcffe5fced039783d64ab5052406b9aaba8ce656c0e9eaa5c2a1fa29a7a,-0.008004002668668275,-0.0,-0.007407759788228736,,,,,,,,,,,,,,success,3,3,3/3,3,3,-0.029263190387517374,0.9711608306325407,False,4.0,0.0,1.0,109.09637512458573,0.89330375,1339e2c7e5bc81127fa6ab1721b679c0a6f525f4446d354f7ed78b8331f01fac,83e70fcffe5fced039783d64ab5052406b9aaba8ce656c0e9eaa5c2a1fa29a7a,-0.0040020013343341375,-0.0,-0.006322978465524478,0.0,,,,,0.819305584,0.054142625,0.00233575,0.005115625,0.016038875,0.00016427,3.54e-06,9.667e-06,success,3,3,3/3,3,3,-0.029263190387517374,0.9711608306325407,False,4.0,0.0,1.0,109.09637512458573,0.887995,1339e2c7e5bc81127fa6ab1721b679c0a6f525f4446d354f7ed78b8331f01fac,83e70fcffe5fced039783d64ab5052406b9aaba8ce656c0e9eaa5c2a1fa29a7a,-0.0040020013343341375,-0.0,-0.006322978465524478,1.3205796115992431e-06,,,,,0.8137015,0.054841458,0.002387291,0.019991249,0.002262416,0.000164986,7.753e-06,7.791e-06,"[{""run_id"":""qmap154-ground_state_estimation_10-M1-s0-r0-fa13a369496f"",""seed"":0,""status"":""success""}]",[],"{""additive_wall_clock_stages"":[""initial_placement_s"",""problem_preparation_s"",""search_kernel_s"",""result_commit_s"",""routing_s""],""nested_fields_must_not_be_summed"":true,""nested_in_search_kernel"":[""return_match_s"",""forecast_s""],""transition_decision_s"":""reported_stage_not_added_to_full_compile""}","[{""run_id"":""qmap154-ground_state_estimation_10-M2-raw-replay-afb2b0a7ab03"",""seed"":0,""status"":""success""}]",[],"{""additive_wall_clock_stages"":[""initial_placement_s"",""problem_preparation_s"",""search_kernel_s"",""result_commit_s"",""routing_s""],""nested_fields_must_not_be_summed"":true,""nested_in_search_kernel"":[""return_match_s"",""forecast_s""],""transition_decision_s"":""reported_stage_not_added_to_full_compile""}","[{""run_id"":""qmap154-ground_state_estimation_10-M3-s0-r0-1ad8a90f1862"",""seed"":0,""status"":""success""},{""run_id"":""qmap154-ground_state_estimation_10-M3-s1-r0-a90950a34787"",""seed"":1,""status"":""success""},{""run_id"":""qmap154-ground_state_estimation_10-M3-s2-r0-09236fd8bff9"",""seed"":2,""status"":""success""}]",[],"{""additive_wall_clock_stages"":[""initial_placement_s"",""problem_preparation_s"",""search_kernel_s"",""result_commit_s"",""routing_s""],""nested_fields_must_not_be_summed"":true,""nested_in_search_kernel"":[""return_match_s"",""forecast_s""],""transition_decision_s"":""reported_stage_not_added_to_full_compile""}","[{""run_id"":""qmap154-ground_state_estimation_10-M4-s0-r0-e7ca14babfc8"",""seed"":0,""status"":""success""},{""run_id"":""qmap154-ground_state_estimation_10-M4-s1-r0-45543ef5139f"",""seed"":1,""status"":""success""},{""run_id"":""qmap154-ground_state_estimation_10-M4-s2-r0-997a6ad444ef"",""seed"":2,""status"":""success""}]",[],"{""additive_wall_clock_stages"":[""initial_placement_s"",""problem_preparation_s"",""search_kernel_s"",""result_commit_s"",""routing_s""],""nested_fields_must_not_be_summed"":true,""nested_in_search_kernel"":[""return_match_s"",""forecast_s""],""transition_decision_s"":""reported_stage_not_added_to_full_compile""}"
qmap154,ham15_107,569391ab4b0c2412a57e1200e808a8f428979e08eaad630e86b9747cd27e1c16,15,7153,3856,success,1,1,1/1,1,1,-53.824870322461216,4.2087761696794895e-24,False,15940.0,0.0,6804.0,664500.152028049,37.510033208,569391ab4b0c2412a57e1200e808a8f428979e08eaad630e86b9747cd27e1c16,1d8c73aaa79b7e743a21d645c970f2e42784af2b0e47a60055738ca4d1575272,-15.947975317321538,-0.0,-16.40231178416166,,,,,,29.754717112,7.372239417,,0.0,,0.293008089,,,success,1,1,1/1,1,1,-53.77654918558452,4.417142731734287e-24,False,15968.0,0.0,6795.0,661513.8680989906,1.101679625,569391ab4b0c2412a57e1200e808a8f428979e08eaad630e86b9747cd27e1c16,1d8c73aaa79b7e743a21d645c970f2e42784af2b0e47a60055738ca4d1575272,-15.975989326661876,-0.0,-16.325976637944624,,,,,,,,,,,,,,success,3,3,3/3,3,3,-54.160130254158986,3.0099154169897934e-24,False,14840.0,889.0,6645.0,679222.4755023471,60.453742625,569391ab4b0c2412a57e1200e808a8f428979e08eaad630e86b9747cd27e1c16,1d8c73aaa79b7e743a21d645c970f2e42784af2b0e47a60055738ca4d1575272,-14.84742495037965,-2.225282763907326,-15.647101414089425,0.0,,,,,5.724138709,53.56264575,7.639160163,34.163475012,11.802704222,0.890179634,0.130016322,0.008199719,success,3,3,3/3,3,3,-50.627555111657244,1.029750906054468e-22,False,11304.0,2528.0,5109.0,522370.5989728815,61.21016825,569391ab4b0c2412a57e1200e808a8f428979e08eaad630e86b9747cd27e1c16,1d8c73aaa79b7e743a21d645c970f2e42784af2b0e47a60055738ca4d1575272,-11.309655770828272,-6.32791319140351,-11.527112001591787,39.022964972679986,,,,,5.662986,54.503643334,7.476338584,35.248085914,11.569647365,0.674404383,0.088246635,1.174578647,"[{""run_id"":""qmap154-ham15_107-M1-s0-r0-26c9382df939"",""seed"":0,""status"":""success""}]",[],"{""additive_wall_clock_stages"":[""initial_placement_s"",""problem_preparation_s"",""search_kernel_s"",""result_commit_s"",""routing_s""],""nested_fields_must_not_be_summed"":true,""nested_in_search_kernel"":[""return_match_s"",""forecast_s""],""transition_decision_s"":""reported_stage_not_added_to_full_compile""}","[{""run_id"":""qmap154-ham15_107-M2-raw-replay-18c74e82c34b"",""seed"":0,""status"":""success""}]",[],"{""additive_wall_clock_stages"":[""initial_placement_s"",""problem_preparation_s"",""search_kernel_s"",""result_commit_s"",""routing_s""],""nested_fields_must_not_be_summed"":true,""nested_in_search_kernel"":[""return_match_s"",""forecast_s""],""transition_decision_s"":""reported_stage_not_added_to_full_compile""}","[{""run_id"":""qmap154-ham15_107-M3-s0-r0-6af1cf33faae"",""seed"":0,""status"":""success""},{""run_id"":""qmap154-ham15_107-M3-s1-r0-d70dccf0e36a"",""seed"":1,""status"":""success""},{""run_id"":""qmap154-ham15_107-M3-s2-r0-14c977cd0cb0"",""seed"":2,""status"":""success""}]",[],"{""additive_wall_clock_stages"":[""initial_placement_s"",""problem_preparation_s"",""search_kernel_s"",""result_commit_s"",""routing_s""],""nested_fields_must_not_be_summed"":true,""nested_in_search_kernel"":[""return_match_s"",""forecast_s""],""transition_decision_s"":""reported_stage_not_added_to_full_compile""}","[{""run_id"":""qmap154-ham15_107-M4-s0-r0-bfd15fe37014"",""seed"":0,""status"":""success""},{""run_id"":""qmap154-ham15_107-M4-s1-r0-c185167e73c0"",""seed"":1,""status"":""success""},{""run_id"":""qmap154-ham15_107-M4-s2-r0-1eb109a99945"",""seed"":2,""status"":""success""}]",[],"{""additive_wall_clock_stages"":[""initial_placement_s"",""problem_preparation_s"",""search_kernel_s"",""result_commit_s"",""routing_s""],""nested_fields_must_not_be_summed"":true,""nested_in_search_kernel"":[""return_match_s"",""forecast_s""],""transition_decision_s"":""reported_stage_not_added_to_full_compile""}"
qmap154,ham3_102,58301ee4a0a5e02f220e6d4a288841abc82b921ffdda76a4f40848b79ddebfd9,3,14,9,success,1,1,1/1,1,1,-0.09311066648888763,0.9110926672902858,False,40.0,0.0,18.0,1704.9708630940681,3.845555959,58301ee4a0a5e02f220e6d4a288841abc82b921ffdda76a4f40848b79ddebfd9,6c619bd3d1a9a62b27f729a75c4b2b20a7a12d0edb800d88bb4f774bbde2288e,-0.040020013343341376,-0.0,-0.003777146607619789,,,,,,3.835722923,0.0087205,,0.0,,0.000626564,,,success,1,1,1/1,1,1,-0.09339171542871402,0.9108366416416142,False,40.0,0.0,18.0,1741.3119432117587,0.00411475,58301ee4a0a5e02f220e6d4a288841abc82b921ffdda76a4f40848b79ddebfd9,6c619bd3d1a9a62b27f729a75c4b2b20a7a12d0edb800d88bb4f774bbde2288e,-0.040020013343341376,-0.0,-0.004058195547446185,,,,,,,,,,,,,,success,3,3,3/3,3,3,-0.08940039239374924,0.9144793496868597,False,36.0,0.0,17.0,1830.6441664367283,1.515955959,58301ee4a0a5e02f220e6d4a288841abc82b921ffdda76a4f40848b79ddebfd9,6c619bd3d1a9a62b27f729a75c4b2b20a7a12d0edb800d88bb4f774bbde2288e,-0.036018012009007234,-0.0,-0.004068873846815533,0.0,,,,,1.370382375,0.123695083,0.009960124,0.055833793,0.026615832,0.001332998,0.00041792,0.000170462,success,3,3,3/3,3,3,-0.093252844259662,0.910963139374095,False,24.0,7.0,11.0,1096.1735155877195,1.7717355,58301ee4a0a5e02f220e6d4a288841abc82b921ffdda76a4f40848b79ddebfd9,6c619bd3d1a9a62b27f729a75c4b2b20a7a12d0edb800d88bb4f774bbde2288e,-0.024012008006004823,-0.017521911526829338,-0.0024054181889013667,0.04116678059749407,,,,,1.374347917,0.37569575,0.0095735,0.323644085,0.011724248,0.00085783,0.000235957,0.083349692,"[{""run_id"":""qmap154-ham3_102-M1-s0-r0-79dfe4f55768"",""seed"":0,""status"":""success""}]",[],"{""additive_wall_clock_stages"":[""initial_placement_s"",""problem_preparation_s"",""search_kernel_s"",""result_commit_s"",""routing_s""],""nested_fields_must_not_be_summed"":true,""nested_in_search_kernel"":[""return_match_s"",""forecast_s""],""transition_decision_s"":""reported_stage_not_added_to_full_compile""}","[{""run_id"":""qmap154-ham3_102-M2-raw-replay-8e2369c85a33"",""seed"":0,""status"":""success""}]",[],"{""additive_wall_clock_stages"":[""initial_placement_s"",""problem_preparation_s"",""search_kernel_s"",""result_commit_s"",""routing_s""],""nested_fields_must_not_be_summed"":true,""nested_in_search_kernel"":[""return_match_s"",""forecast_s""],""transition_decision_s"":""reported_stage_not_added_to_full_compile""}","[{""run_id"":""qmap154-ham3_102-M3-s0-r0-749823a2706e"",""seed"":0,""status"":""success""},{""run_id"":""qmap154-ham3_102-M3-s1-r0-dbc8b7a33755"",""seed"":1,""status"":""success""},{""run_id"":""qmap154-ham3_102-M3-s2-r0-d48eacd6c223"",""seed"":2,""status"":""success""}]",[],"{""additive_wall_clock_stages"":[""initial_placement_s"",""problem_preparation_s"",""search_kernel_s"",""result_commit_s"",""routing_s""],""nested_fields_must_not_be_summed"":true,""nested_in_search_kernel"":[""return_match_s"",""forecast_s""],""transition_decision_s"":""reported_stage_not_added_to_full_compile""}","[{""run_id"":""qmap154-ham3_102-M4-s0-r0-6c139054907f"",""seed"":0,""status"":""success""},{""run_id"":""qmap154-ham3_102-M4-s1-r0-fa048a341877"",""seed"":1,""status"":""success""},{""run_id"":""qmap154-ham3_102-M4-s2-r0-0e0976300b15"",""seed"":2,""status"":""success""}]",[],"{""additive_wall_clock_stages"":[""initial_placement_s"",""problem_preparation_s"",""search_kernel_s"",""result_commit_s"",""routing_s""],""nested_fields_must_not_be_summed"":true,""nested_in_search_kernel"":[""return_match_s"",""forecast_s""],""transition_decision_s"":""reported_stage_not_added_to_full_compile""}"
qmap154,ham7_104,923c1c3fb38d5e8209a2560552ac8abb6166dacce97b433ca1b7f99201f12f48,7,276,149,success,1,1,1/1,1,1,-1.6029602221574228,0.20129974317739016,False,600.0,0.0,266.0,25771.006018564854,11.993504625,923c1c3fb38d5e8209a2560552ac8abb6166dacce97b433ca1b7f99201f12f48,d5498797dbccdd14e925c707d5c2d7a7eb2ea7ee1b6846a904b76aceacbbe3fd,-0.6003002001501206,-0.0,-0.17297886781465371,,,,,,11.816277027,0.164404208,,0.0,,0.008580446,,,success,1,1,1/1,1,1,-1.6000242171469847,0.20189162869620608,False,600.0,0.0,263.0,24948.730236487023,0.044537375,923c1c3fb38d5e8209a2560552ac8abb6166dacce97b433ca1b7f99201f12f48,d5498797dbccdd14e925c707d5c2d7a7eb2ea7ee1b6846a904b76aceacbbe3fd,-0.6003002001501206,-0.0,-0.17004286280421563,,,,,,,,,,,,,,success,3,3,3/3,3,3,-1.6029248581702507,0.20130686206480103,False,576.0,5.0,268.0,28544.591057784393,4.894754666,923c1c3fb38d5e8209a2560552ac8abb6166dacce97b433ca1b7f99201f12f48,d5498797dbccdd14e925c707d5c2d7a7eb2ea7ee1b6846a904b76aceacbbe3fd,-0.5762881921441158,-0.012515651090592385,-0.1819129666437504,0.0,,,,,2.831210291,1.936449,0.207451549,1.420250708,0.267456293,0.021615744,0.007626036,0.002879823,success,3,3,3/3,3,3,-1.6159935315824123,0.19869316440877638,False,416.0,93.0,195.0,20819.033180627437,15.175325959,923c1c3fb38d5e8209a2560552ac8abb6166dacce97b433ca1b7f99201f12f48,d5498797dbccdd14e925c707d5c2d7a7eb2ea7ee1b6846a904b76aceacbbe3fd,-0.4162081387707503,-0.23279111028501837,-0.13731312833399512,1.3351068144252052,,,,,2.788559625,12.356548667,0.208008833,11.851711999,0.257036376,0.016463041,0.006688593,3.859443338,"[{""run_id"":""qmap154-ham7_104-M1-s0-r0-b376c6dba60d"",""seed"":0,""status"":""success""}]",[],"{""additive_wall_clock_stages"":[""initial_placement_s"",""problem_preparation_s"",""search_kernel_s"",""result_commit_s"",""routing_s""],""nested_fields_must_not_be_summed"":true,""nested_in_search_kernel"":[""return_match_s"",""forecast_s""],""transition_decision_s"":""reported_stage_not_added_to_full_compile""}","[{""run_id"":""qmap154-ham7_104-M2-raw-replay-dbed35d1ac0d"",""seed"":0,""status"":""success""}]",[],"{""additive_wall_clock_stages"":[""initial_placement_s"",""problem_preparation_s"",""search_kernel_s"",""result_commit_s"",""routing_s""],""nested_fields_must_not_be_summed"":true,""nested_in_search_kernel"":[""return_match_s"",""forecast_s""],""transition_decision_s"":""reported_stage_not_added_to_full_compile""}","[{""run_id"":""qmap154-ham7_104-M3-s0-r0-2de3635c7eb1"",""seed"":0,""status"":""success""},{""run_id"":""qmap154-ham7_104-M3-s1-r0-d97cf2ac9bee"",""seed"":1,""status"":""success""},{""run_id"":""qmap154-ham7_104-M3-s2-r0-789f1add0cc1"",""seed"":2,""status"":""success""}]",[],"{""additive_wall_clock_stages"":[""initial_placement_s"",""problem_preparation_s"",""search_kernel_s"",""result_commit_s"",""routing_s""],""nested_fields_must_not_be_summed"":true,""nested_in_search_kernel"":[""return_match_s"",""forecast_s""],""transition_decision_s"":""reported_stage_not_added_to_full_compile""}","[{""run_id"":""qmap154-ham7_104-M4-s0-r0-83d334f985fb"",""seed"":0,""status"":""success""},{""run_id"":""qmap154-ham7_104-M4-s1-r0-bcbaef9ed482"",""seed"":1,""status"":""success""},{""run_id"":""qmap154-ham7_104-M4-s2-r0-da7e18be0caf"",""seed"":2,""status"":""success""}]",[],"{""additive_wall_clock_stages"":[""initial_placement_s"",""problem_preparation_s"",""search_kernel_s"",""result_commit_s"",""routing_s""],""nested_fields_must_not_be_summed"":true,""nested_in_search_kernel"":[""return_match_s"",""forecast_s""],""transition_decision_s"":""reported_stage_not_added_to_full_compile""}"
qmap154,hwb4_49,547887c699e18e58deacddbf6fc41fe56a076cdfbc42dbf128fa464548b0253e,5,189,104,success,1,1,1/1,1,1,-1.0848932775440452,0.33793784952754075,False,424.0,0.0,192.0,18090.89336208967,8.872438291,547887c699e18e58deacddbf6fc41fe56a076cdfbc42dbf128fa464548b0253e,e53fce0e20467fc2dec650f5a1d9877e8ee18e01a30c51437fbc7143654adde1,-0.42421214143941854,-0.0,-0.0826682797546443,,,,,,8.757653952,0.105429708,,0.0,,0.006268024,,,success,1,1,1/1,1,1,-1.0868436096500567,0.33727940079533897,False,424.0,0.0,191.0,18561.92643533266,0.032382833,547887c699e18e58deacddbf6fc41fe56a076cdfbc42dbf128fa464548b0253e,e53fce0e20467fc2dec650f5a1d9877e8ee18e01a30c51437fbc7143654adde1,-0.42421214143941854,-0.0,-0.0846186118606558,,,,,,,,,,,,,,success,3,3,3/3,3,3,-1.0786919966988273,0.340040008342593,False,408.0,3.0,191.0,19333.34333194646,3.594092,547887c699e18e58deacddbf6fc41fe56a076cdfbc42dbf128fa464548b0253e,e53fce0e20467fc2dec650f5a1d9877e8ee18e01a30c51437fbc7143654adde1,-0.408204136102082,-0.00750939065435543,-0.08496561359240765,0.0,,,,,2.342601375,1.196239959,0.138634197,0.841006212,0.17976333,0.014830112,0.005472673,0.002077564,success,3,3,3/3,3,3,-1.1085864614614598,0.3300251347670082,False,288.0,72.0,134.0,13738.458023894958,9.774428667,547887c699e18e58deacddbf6fc41fe56a076cdfbc42dbf128fa464548b0253e,e53fce0e20467fc2dec650f5a1d9877e8ee18e01a30c51437fbc7143654adde1,-0.2881440960720579,-0.18022537570453034,-0.06220413333488922,0.9181347324899068,,,,,2.330329292,7.401756417,0.146364627,7.038359582,0.177003253,0.010929346,0.004422114,2.500366864,"[{""run_id"":""qmap154-hwb4_49-M1-s0-r0-5c1031a7fd2a"",""seed"":0,""status"":""success""}]",[],"{""additive_wall_clock_stages"":[""initial_placement_s"",""problem_preparation_s"",""search_kernel_s"",""result_commit_s"",""routing_s""],""nested_fields_must_not_be_summed"":true,""nested_in_search_kernel"":[""return_match_s"",""forecast_s""],""transition_decision_s"":""reported_stage_not_added_to_full_compile""}","[{""run_id"":""qmap154-hwb4_49-M2-raw-replay-86e74911b421"",""seed"":0,""status"":""success""}]",[],"{""additive_wall_clock_stages"":[""initial_placement_s"",""problem_preparation_s"",""search_kernel_s"",""result_commit_s"",""routing_s""],""nested_fields_must_not_be_summed"":true,""nested_in_search_kernel"":[""return_match_s"",""forecast_s""],""transition_decision_s"":""reported_stage_not_added_to_full_compile""}","[{""run_id"":""qmap154-hwb4_49-M3-s0-r0-f57966352086"",""seed"":0,""status"":""success""},{""run_id"":""qmap154-hwb4_49-M3-s1-r0-8fc3a5067c1f"",""seed"":1,""status"":""success""},{""run_id"":""qmap154-hwb4_49-M3-s2-r0-0eca9fde4770"",""seed"":2,""status"":""success""}]",[],"{""additive_wall_clock_stages"":[""initial_placement_s"",""problem_preparation_s"",""search_kernel_s"",""result_commit_s"",""routing_s""],""nested_fields_must_not_be_summed"":true,""nested_in_search_kernel"":[""return_match_s"",""forecast_s""],""transition_decision_s"":""reported_stage_not_added_to_full_compile""}","[{""run_id"":""qmap154-hwb4_49-M4-s0-r0-65ea858fa10a"",""seed"":0,""status"":""success""},{""run_id"":""qmap154-hwb4_49-M4-s1-r0-c090e18ffe86"",""seed"":1,""status"":""success""},{""run_id"":""qmap154-hwb4_49-M4-s2-r0-e9ea88db44d6"",""seed"":2,""status"":""success""}]",[],"{""additive_wall_clock_stages"":[""initial_placement_s"",""problem_preparation_s"",""search_kernel_s"",""result_commit_s"",""routing_s""],""nested_fields_must_not_be_summed"":true,""nested_in_search_kernel"":[""return_match_s"",""forecast_s""],""transition_decision_s"":""reported_stage_not_added_to_full_compile""}"
qmap154,hwb5_53,9e3f053dbede7457444bf109616af357b3ab6d81a6a1537fd8fe7bc8559feb88,6,1087,598,success,1,1,1/1,1,1,-6.3868344488741755,0.0016835772247393347,False,2460.0,0.0,1091.0,103084.3265533379,12.718948625,9e3f053dbede7457444bf109616af357b3ab6d81a6a1537fd8fe7bc8559feb88,e17d60edb67fd5a00a9463979db5806a5ba9c2bca4f93893a148959ce7d0e985,-2.4612308206154947,-0.0,-0.6019546929940323,,,,,,12.024639845,0.629279917,,0.0,,0.049298525,,,success,1,1,1/1,1,1,-6.399425524690126,0.0016625120710309534,False,2472.0,0.0,1083.0,102271.30926832509,0.179214791,9e3f053dbede7457444bf109616af357b3ab6d81a6a1537fd8fe7bc8559feb88,e17d60edb67fd5a00a9463979db5806a5ba9c2bca4f93893a148959ce7d0e985,-2.473236824618497,-0.0,-0.6025397648069799,,,,,,,,,,,,,,success,3,3,3/3,3,3,-6.384275307788417,0.0016878912541366967,False,2382.0,16.0,1110.0,115670.89196472384,8.259931958,9e3f053dbede7457444bf109616af357b3ab6d81a6a1537fd8fe7bc8559feb88,e17d60edb67fd5a00a9463979db5806a5ba9c2bca4f93893a148959ce7d0e985,-2.383191794595979,-0.04005008348989563,-0.6439598031723174,0.0,,,,,2.883720833,5.179879042,0.790197911,3.210189872,1.146289766,0.109806299,0.020039137,0.00261322,success,3,3,3/3,3,3,-6.488704272765176,0.0015205179086786572,False,1718.0,397.0,792.0,79995.61093928695,9.7995055,9e3f053dbede7457444bf109616af357b3ab6d81a6a1537fd8fe7bc8559feb88,e17d60edb67fd5a00a9463979db5806a5ba9c2bca4f93893a148959ce7d0e985,-1.718859573096512,-0.9937426965930354,-0.45153645000929576,4.610361292184797,,,,,2.959473584,6.666652792,0.796682957,4.694286458,1.048298306,0.089428425,0.011372157,0.519052667,"[{""run_id"":""qmap154-hwb5_53-M1-s0-r0-4115076135a0"",""seed"":0,""status"":""success""}]",[],"{""additive_wall_clock_stages"":[""initial_placement_s"",""problem_preparation_s"",""search_kernel_s"",""result_commit_s"",""routing_s""],""nested_fields_must_not_be_summed"":true,""nested_in_search_kernel"":[""return_match_s"",""forecast_s""],""transition_decision_s"":""reported_stage_not_added_to_full_compile""}","[{""run_id"":""qmap154-hwb5_53-M2-raw-replay-fe7053980dad"",""seed"":0,""status"":""success""}]",[],"{""additive_wall_clock_stages"":[""initial_placement_s"",""problem_preparation_s"",""search_kernel_s"",""result_commit_s"",""routing_s""],""nested_fields_must_not_be_summed"":true,""nested_in_search_kernel"":[""return_match_s"",""forecast_s""],""transition_decision_s"":""reported_stage_not_added_to_full_compile""}","[{""run_id"":""qmap154-hwb5_53-M3-s0-r0-97cc9e812de1"",""seed"":0,""status"":""success""},{""run_id"":""qmap154-hwb5_53-M3-s1-r0-c186d953381e"",""seed"":1,""status"":""success""},{""run_id"":""qmap154-hwb5_53-M3-s2-r0-801713a29531"",""seed"":2,""status"":""success""}]",[],"{""additive_wall_clock_stages"":[""initial_placement_s"",""problem_preparation_s"",""search_kernel_s"",""result_commit_s"",""routing_s""],""nested_fields_must_not_be_summed"":true,""nested_in_search_kernel"":[""return_match_s"",""forecast_s""],""transition_decision_s"":""reported_stage_not_added_to_full_compile""}","[{""run_id"":""qmap154-hwb5_53-M4-s0-r0-26fe68ff7f07"",""seed"":0,""status"":""success""},{""run_id"":""qmap154-hwb5_53-M4-s1-r0-f6b2744c307c"",""seed"":1,""status"":""success""},{""run_id"":""qmap154-hwb5_53-M4-s2-r0-95d4056ff5ed"",""seed"":2,""status"":""success""}]",[],"{""additive_wall_clock_stages"":[""initial_placement_s"",""problem_preparation_s"",""search_kernel_s"",""result_commit_s"",""routing_s""],""nested_fields_must_not_be_summed"":true,""nested_in_search_kernel"":[""return_match_s"",""forecast_s""],""transition_decision_s"":""reported_stage_not_added_to_full_compile""}"
qmap154,hwb6_56,61bf78e6eb8fe2cb88b844a4608037f20080a920d6382321fb11614e9e3bb9ff,7,5466,2952,success,1,1,1/1,1,1,-33.14243697014333,4.0403827386176245e-15,False,12200.0,0.0,5225.0,493872.17301636335,22.415046792,61bf78e6eb8fe2cb88b844a4608037f20080a920d6382321fb11614e9e3bb9ff,035a636dc2394e11105cf4ab00aabf158d86c559cd0153f9fd9033008cac2268,-12.20610406971912,-0.0,-4.4992634181165885,,,,,,15.149387836,6.940414208,,0.0,,0.25532341,,,success,1,1,1/1,1,1,-33.15606062734559,3.98571120791936e-15,False,12236.0,0.0,5183.0,490547.6740270252,0.852286541,61bf78e6eb8fe2cb88b844a4608037f20080a920d6382321fb11614e9e3bb9ff,035a636dc2394e11105cf4ab00aabf158d86c559cd0153f9fd9033008cac2268,-12.242122081728127,-0.0,-4.476869063309841,,,,,,,,,,,,,,success,3,3,3/3,3,3,-34.2357170310337,1.3539948404396944e-15,False,11426.0,307.0,5235.0,631064.3297932569,33.457365959,61bf78e6eb8fe2cb88b844a4608037f20080a920d6382321fb11614e9e3bb9ff,035a636dc2394e11105cf4ab00aabf158d86c559cd0153f9fd9033008cac2268,-11.431716811525463,-0.7684609769623725,-5.598469760238242,0.0,,,,,3.347329166,29.099511042,2.959564165,19.814127757,6.144843893,0.611423969,0.096374466,0.003746716,success,3,3,3/3,3,3,-33.32976464110123,3.350172221134547e-15,False,8564.0,1971.0,3894.0,391689.91182711296,35.301427208,61bf78e6eb8fe2cb88b844a4608037f20080a920d6382321fb11614e9e3bb9ff,035a636dc2394e11105cf4ab00aabf158d86c559cd0153f9fd9033008cac2268,-8.568284856809388,-4.933669659911518,-3.3907636474029084,24.68387492096388,,,,,3.368673583,31.12141275,4.213261713,19.451336901,7.289517931,0.445435047,0.059854398,0.73205239,"[{""run_id"":""qmap154-hwb6_56-M1-s0-r0-2b14d2cf8bb2"",""seed"":0,""status"":""success""}]",[],"{""additive_wall_clock_stages"":[""initial_placement_s"",""problem_preparation_s"",""search_kernel_s"",""result_commit_s"",""routing_s""],""nested_fields_must_not_be_summed"":true,""nested_in_search_kernel"":[""return_match_s"",""forecast_s""],""transition_decision_s"":""reported_stage_not_added_to_full_compile""}","[{""run_id"":""qmap154-hwb6_56-M2-raw-replay-211e7033e0f0"",""seed"":0,""status"":""success""}]",[],"{""additive_wall_clock_stages"":[""initial_placement_s"",""problem_preparation_s"",""search_kernel_s"",""result_commit_s"",""routing_s""],""nested_fields_must_not_be_summed"":true,""nested_in_search_kernel"":[""return_match_s"",""forecast_s""],""transition_decision_s"":""reported_stage_not_added_to_full_compile""}","[{""run_id"":""qmap154-hwb6_56-M3-s0-r0-c1709c4edee2"",""seed"":0,""status"":""success""},{""run_id"":""qmap154-hwb6_56-M3-s1-r0-8fb14a375893"",""seed"":1,""status"":""success""},{""run_id"":""qmap154-hwb6_56-M3-s2-r0-dff4116b77f8"",""seed"":2,""status"":""success""}]",[],"{""additive_wall_clock_stages"":[""initial_placement_s"",""problem_preparation_s"",""search_kernel_s"",""result_commit_s"",""routing_s""],""nested_fields_must_not_be_summed"":true,""nested_in_search_kernel"":[""return_match_s"",""forecast_s""],""transition_decision_s"":""reported_stage_not_added_to_full_compile""}","[{""run_id"":""qmap154-hwb6_56-M4-s0-r0-df8a0129c07b"",""seed"":0,""status"":""success""},{""run_id"":""qmap154-hwb6_56-M4-s1-r0-1e1f5ae0e6fc"",""seed"":1,""status"":""success""},{""run_id"":""qmap154-hwb6_56-M4-s2-r0-96d4b2699951"",""seed"":2,""status"":""success""}]",[],"{""additive_wall_clock_stages"":[""initial_placement_s"",""problem_preparation_s"",""search_kernel_s"",""result_commit_s"",""routing_s""],""nested_fields_must_not_be_summed"":true,""nested_in_search_kernel"":[""return_match_s"",""forecast_s""],""transition_decision_s"":""reported_stage_not_added_to_full_compile""}"
qmap154,hwb7_59,950a93cdf9ae6380467be0579e9ab37db18a441bb35be76d383f287ce0ec41b0,8,19803,10677,success,1,1,1/1,0,1,,,True,44088.0,0.0,18716.0,1786361.6631254698,46.478453291,950a93cdf9ae6380467be0579e9ab37db18a441bb35be76d383f287ce0ec41b0,01fb8e0fbf9809357ec713f2e8414bd1b217951e9bae1be95a3aa288a1f2f2b9,,,,,,,,,18.414306879,26.906629583,,0.0,,0.893910646,,,success,1,1,1/1,0,1,,,True,44236.0,0.0,18586.0,1767730.6306554554,3.045410666,950a93cdf9ae6380467be0579e9ab37db18a441bb35be76d383f287ce0ec41b0,01fb8e0fbf9809357ec713f2e8414bd1b217951e9bae1be95a3aa288a1f2f2b9,,,,,,,,,,,,,,,,,success,3,3,3/3,0,3,,,True,41854.0,2260.0,18410.0,1802426.5699943032,40.366577708,950a93cdf9ae6380467be0579e9ab37db18a441bb35be76d383f287ce0ec41b0,01fb8e0fbf9809357ec713f2e8414bd1b217951e9bae1be95a3aa288a1f2f2b9,,,,0.0,,,,,3.875635708,33.116789833,1.875684081,27.479493873,3.326294419,2.078904867,0.239861454,0.007684263,success,3,3,3/3,0,3,,,True,31860.0,7114.0,14237.0,1464940.3186107064,33.803035917,950a93cdf9ae6380467be0579e9ab37db18a441bb35be76d383f287ce0ec41b0,01fb8e0fbf9809357ec713f2e8414bd1b217951e9bae1be95a3aa288a1f2f2b9,,,,78.13668840792793,,,,,3.898156167,26.914935167,1.477900678,21.767764088,3.311338409,1.632796764,0.109728925,0.581888243,"[{""run_id"":""qmap154-hwb7_59-M1-s0-r0-83f42029932d"",""seed"":0,""status"":""success""}]",[],"{""additive_wall_clock_stages"":[""initial_placement_s"",""problem_preparation_s"",""search_kernel_s"",""result_commit_s"",""routing_s""],""nested_fields_must_not_be_summed"":true,""nested_in_search_kernel"":[""return_match_s"",""forecast_s""],""transition_decision_s"":""reported_stage_not_added_to_full_compile""}","[{""run_id"":""qmap154-hwb7_59-M2-raw-replay-9b9976b5bb4c"",""seed"":0,""status"":""success""}]",[],"{""additive_wall_clock_stages"":[""initial_placement_s"",""problem_preparation_s"",""search_kernel_s"",""result_commit_s"",""routing_s""],""nested_fields_must_not_be_summed"":true,""nested_in_search_kernel"":[""return_match_s"",""forecast_s""],""transition_decision_s"":""reported_stage_not_added_to_full_compile""}","[{""run_id"":""qmap154-hwb7_59-M3-s0-r0-40555cd38e90"",""seed"":0,""status"":""success""},{""run_id"":""qmap154-hwb7_59-M3-s1-r0-10460b772da8"",""seed"":1,""status"":""success""},{""run_id"":""qmap154-hwb7_59-M3-s2-r0-242ff2808c99"",""seed"":2,""status"":""success""}]",[],"{""additive_wall_clock_stages"":[""initial_placement_s"",""problem_preparation_s"",""search_kernel_s"",""result_commit_s"",""routing_s""],""nested_fields_must_not_be_summed"":true,""nested_in_search_kernel"":[""return_match_s"",""forecast_s""],""transition_decision_s"":""reported_stage_not_added_to_full_compile""}","[{""run_id"":""qmap154-hwb7_59-M4-s0-r0-9fe329a8b175"",""seed"":0,""status"":""success""},{""run_id"":""qmap154-hwb7_59-M4-s1-r0-ec9e13b02192"",""seed"":1,""status"":""success""},{""run_id"":""qmap154-hwb7_59-M4-s2-r0-00dc5b3d2427"",""seed"":2,""status"":""success""}]",[],"{""additive_wall_clock_stages"":[""initial_placement_s"",""problem_preparation_s"",""search_kernel_s"",""result_commit_s"",""routing_s""],""nested_fields_must_not_be_summed"":true,""nested_in_search_kernel"":[""return_match_s"",""forecast_s""],""transition_decision_s"":""reported_stage_not_added_to_full_compile""}"
qmap154,hwb8_113,098a7e756517835d61b73098b65dcade06705dc6384a960ba0c8f6079b350618,9,56362,30368,verifier_fail,0,1,0/1,0,1,,,False,,,,,,098a7e756517835d61b73098b65dcade06705dc6384a960ba0c8f6079b350618,9fd5c2100d5268ab4a9809c5e854598e0b1a240697bf934ce8e059e26668c5a3,,,,,,,,,,,,,,,,,success,1,1,1/1,0,1,,,True,126272.0,0.0,53661.0,5132618.332493023,8.69211125,098a7e756517835d61b73098b65dcade06705dc6384a960ba0c8f6079b350618,9fd5c2100d5268ab4a9809c5e854598e0b1a240697bf934ce8e059e26668c5a3,,,,,,,,,,,,,,,,,success,3,3,3/3,0,3,,,True,119354.0,5226.0,53287.0,5349624.475329482,107.259715083,098a7e756517835d61b73098b65dcade06705dc6384a960ba0c8f6079b350618,9fd5c2100d5268ab4a9809c5e854598e0b1a240697bf934ce8e059e26668c5a3,,,,0.0,,,,,4.334693959,92.910869375,5.549664106,76.409385209,9.498735194,6.31495738,0.665135714,0.021061159,success,3,3,3/3,0,3,,,True,91106.0,21789.0,40750.0,4157208.613744546,94.308538167,098a7e756517835d61b73098b65dcade06705dc6384a960ba0c8f6079b350618,9fd5c2100d5268ab4a9809c5e854598e0b1a240697bf934ce8e059e26668c5a3,,,,241.95963728200906,,,,,4.357177042,81.37184925,4.491574525,66.18864887,9.45274812,5.34132719,0.41780405,1.752863283,"[{""run_id"":""qmap154-hwb8_113-M1-s0-r0-3a1c2d8a5ed3"",""seed"":0,""status"":""verifier_fail""}]",[],"{""additive_wall_clock_stages"":[""initial_placement_s"",""problem_preparation_s"",""search_kernel_s"",""result_commit_s"",""routing_s""],""nested_fields_must_not_be_summed"":true,""nested_in_search_kernel"":[""return_match_s"",""forecast_s""],""transition_decision_s"":""reported_stage_not_added_to_full_compile""}","[{""run_id"":""qmap154-hwb8_113-M2-raw-replay-81fe6e982ddd"",""seed"":0,""status"":""success""}]",[],"{""additive_wall_clock_stages"":[""initial_placement_s"",""problem_preparation_s"",""search_kernel_s"",""result_commit_s"",""routing_s""],""nested_fields_must_not_be_summed"":true,""nested_in_search_kernel"":[""return_match_s"",""forecast_s""],""transition_decision_s"":""reported_stage_not_added_to_full_compile""}","[{""run_id"":""qmap154-hwb8_113-M3-s0-r0-01e65dc1db7a"",""seed"":0,""status"":""success""},{""run_id"":""qmap154-hwb8_113-M3-s1-r0-129ebc586343"",""seed"":1,""status"":""success""},{""run_id"":""qmap154-hwb8_113-M3-s2-r0-dbfb304b6c90"",""seed"":2,""status"":""success""}]",[],"{""additive_wall_clock_stages"":[""initial_placement_s"",""problem_preparation_s"",""search_kernel_s"",""result_commit_s"",""routing_s""],""nested_fields_must_not_be_summed"":true,""nested_in_search_kernel"":[""return_match_s"",""forecast_s""],""transition_decision_s"":""reported_stage_not_added_to_full_compile""}","[{""run_id"":""qmap154-hwb8_113-M4-s0-r0-dbfb018de9f6"",""seed"":0,""status"":""success""},{""run_id"":""qmap154-hwb8_113-M4-s1-r0-ad4b98c72302"",""seed"":1,""status"":""success""},{""run_id"":""qmap154-hwb8_113-M4-s2-r0-c125d9d18f09"",""seed"":2,""status"":""success""}]",[],"{""additive_wall_clock_stages"":[""initial_placement_s"",""problem_preparation_s"",""search_kernel_s"",""result_commit_s"",""routing_s""],""nested_fields_must_not_be_summed"":true,""nested_in_search_kernel"":[""return_match_s"",""forecast_s""],""transition_decision_s"":""reported_stage_not_added_to_full_compile""}"
qmap154,hwb9_119,2e9923dba4ff19f3f08945bfa534866386905120e3c1b07e74a1e22ae55d9865,10,168794,90945,verifier_fail,0,1,0/1,0,1,,,False,,,,,,2e9923dba4ff19f3f08945bfa534866386905120e3c1b07e74a1e22ae55d9865,bc2789926d3c4ee277282ada868356e635ac8428116785973ee07d384d3bbc74,,,,,,,,,,,,,,,,,success,1,1,1/1,0,1,,,True,377136.0,0.0,161232.0,15466864.869619647,25.459654458,2e9923dba4ff19f3f08945bfa534866386905120e3c1b07e74a1e22ae55d9865,bc2789926d3c4ee277282ada868356e635ac8428116785973ee07d384d3bbc74,,,,,,,,,,,,,,,,,success,3,3,3/3,0,3,,,True,358620.0,15398.0,160086.0,15775004.8203755,300.003079166,2e9923dba4ff19f3f08945bfa534866386905120e3c1b07e74a1e22ae55d9865,bc2789926d3c4ee277282ada868356e635ac8428116785973ee07d384d3bbc74,,,,0.0,,,,,4.800068334,263.868127459,14.979161234,218.641721046,27.063289831,19.001982927,1.870380665,0.048170092,success,3,3,3/3,0,3,,,True,295572.0,60806.0,132721.0,13694768.034563798,277.086848208,2e9923dba4ff19f3f08945bfa534866386905120e3c1b07e74a1e22ae55d9865,bc2789926d3c4ee277282ada868356e635ac8428116785973ee07d384d3bbc74,,,,594.153682773641,,,,,4.786367666,244.56258675,13.34648918,199.109972896,28.659687839,16.557722092,1.019698265,4.60153736,"[{""run_id"":""qmap154-hwb9_119-M1-s0-r0-986ff57798e5"",""seed"":0,""status"":""verifier_fail""}]",[],"{""additive_wall_clock_stages"":[""initial_placement_s"",""problem_preparation_s"",""search_kernel_s"",""result_commit_s"",""routing_s""],""nested_fields_must_not_be_summed"":true,""nested_in_search_kernel"":[""return_match_s"",""forecast_s""],""transition_decision_s"":""reported_stage_not_added_to_full_compile""}","[{""run_id"":""qmap154-hwb9_119-M2-raw-replay-ac3de7e20933"",""seed"":0,""status"":""success""}]",[],"{""additive_wall_clock_stages"":[""initial_placement_s"",""problem_preparation_s"",""search_kernel_s"",""result_commit_s"",""routing_s""],""nested_fields_must_not_be_summed"":true,""nested_in_search_kernel"":[""return_match_s"",""forecast_s""],""transition_decision_s"":""reported_stage_not_added_to_full_compile""}","[{""run_id"":""qmap154-hwb9_119-M3-s0-r0-f4fd09f387c8"",""seed"":0,""status"":""success""},{""run_id"":""qmap154-hwb9_119-M3-s1-r0-cd581947477e"",""seed"":1,""status"":""success""},{""run_id"":""qmap154-hwb9_119-M3-s2-r0-bcefc70779f6"",""seed"":2,""status"":""success""}]",[],"{""additive_wall_clock_stages"":[""initial_placement_s"",""problem_preparation_s"",""search_kernel_s"",""result_commit_s"",""routing_s""],""nested_fields_must_not_be_summed"":true,""nested_in_search_kernel"":[""return_match_s"",""forecast_s""],""transition_decision_s"":""reported_stage_not_added_to_full_compile""}","[{""run_id"":""qmap154-hwb9_119-M4-s0-r0-ddaabcd3155e"",""seed"":0,""status"":""success""},{""run_id"":""qmap154-hwb9_119-M4-s1-r0-45bea7354d81"",""seed"":1,""status"":""success""},{""run_id"":""qmap154-hwb9_119-M4-s2-r0-7eb695fc9912"",""seed"":2,""status"":""success""}]",[],"{""additive_wall_clock_stages"":[""initial_placement_s"",""problem_preparation_s"",""search_kernel_s"",""result_commit_s"",""routing_s""],""nested_fields_must_not_be_summed"":true,""nested_in_search_kernel"":[""return_match_s"",""forecast_s""],""transition_decision_s"":""reported_stage_not_added_to_full_compile""}"
qmap154,inc_237,58d3414c21ba4637af265a4f3068c543e65f5215444e5deb86f582d6bf36ae9a,16,8613,4636,success,1,1,1/1,1,1,-70.42874193098781,2.5893217059754297e-31,False,18780.0,0.0,8202.0,796259.4238413484,35.932379458,58d3414c21ba4637af265a4f3068c543e65f5215444e5deb86f582d6bf36ae9a,c211fa1caa236679997891a7e65410dd1be638502e3665579a2555d9af8b0113,-18.789396264698777,-0.0,-25.816914109803566,,,,,,29.702039003,5.731460375,,0.0,,0.369398117,,,success,1,1,1/1,1,1,-71.18142276247517,1.2198344103846941e-31,False,18792.0,0.0,8196.0,809028.3355635618,1.300635791,58d3414c21ba4637af265a4f3068c543e65f5215444e5deb86f582d6bf36ae9a,c211fa1caa236679997891a7e65410dd1be638502e3665579a2555d9af8b0113,-18.80140226870178,-0.0,-26.55758893728792,,,,,,,,,,,,,,success,3,3,3/3,3,3,-69.72713826318468,5.222622234994227e-31,False,17338.0,1294.0,7849.0,800312.4560318989,73.621784375,58d3414c21ba4637af265a4f3068c543e65f5215444e5deb86f582d6bf36ae9a,c211fa1caa236679997891a7e65410dd1be638502e3665579a2555d9af8b0113,-17.346674783671318,-3.239050502245309,-23.395087103964688,0.0,,,,,5.370728375,66.631085875,9.776331165,41.095355644,15.369920815,1.009043455,0.14527272,0.0094145,success,3,3,3/3,3,3,-62.91790414829618,4.732617610881116e-28,False,13404.0,3020.0,6065.0,623421.5188920596,70.307999,58d3414c21ba4637af265a4f3068c543e65f5215444e5deb86f582d6bf36ae9a,c211fa1caa236679997891a7e65410dd1be638502e3665579a2555d9af8b0113,-13.410706471353695,-7.5594532587178005,-16.169852041041118,48.491786604246826,,,,,5.432234333,63.589892625,9.840254374,38.742691043,14.740072938,0.86069417,0.085162476,1.270763497,"[{""run_id"":""qmap154-inc_237-M1-s0-r0-5d5ec2d60310"",""seed"":0,""status"":""success""}]",[],"{""additive_wall_clock_stages"":[""initial_placement_s"",""problem_preparation_s"",""search_kernel_s"",""result_commit_s"",""routing_s""],""nested_fields_must_not_be_summed"":true,""nested_in_search_kernel"":[""return_match_s"",""forecast_s""],""transition_decision_s"":""reported_stage_not_added_to_full_compile""}","[{""run_id"":""qmap154-inc_237-M2-raw-replay-5937de89783e"",""seed"":0,""status"":""success""}]",[],"{""additive_wall_clock_stages"":[""initial_placement_s"",""problem_preparation_s"",""search_kernel_s"",""result_commit_s"",""routing_s""],""nested_fields_must_not_be_summed"":true,""nested_in_search_kernel"":[""return_match_s"",""forecast_s""],""transition_decision_s"":""reported_stage_not_added_to_full_compile""}","[{""run_id"":""qmap154-inc_237-M3-s0-r0-fc0a6c97ee62"",""seed"":0,""status"":""success""},{""run_id"":""qmap154-inc_237-M3-s1-r0-81ffd80fc46d"",""seed"":1,""status"":""success""},{""run_id"":""qmap154-inc_237-M3-s2-r0-5f86b7262a44"",""seed"":2,""status"":""success""}]",[],"{""additive_wall_clock_stages"":[""initial_placement_s"",""problem_preparation_s"",""search_kernel_s"",""result_commit_s"",""routing_s""],""nested_fields_must_not_be_summed"":true,""nested_in_search_kernel"":[""return_match_s"",""forecast_s""],""transition_decision_s"":""reported_stage_not_added_to_full_compile""}","[{""run_id"":""qmap154-inc_237-M4-s0-r0-0aa6dcc4f039"",""seed"":0,""status"":""success""},{""run_id"":""qmap154-inc_237-M4-s1-r0-76db41497599"",""seed"":1,""status"":""success""},{""run_id"":""qmap154-inc_237-M4-s2-r0-2390f98d428b"",""seed"":2,""status"":""success""}]",[],"{""additive_wall_clock_stages"":[""initial_placement_s"",""problem_preparation_s"",""search_kernel_s"",""result_commit_s"",""routing_s""],""nested_fields_must_not_be_summed"":true,""nested_in_search_kernel"":[""return_match_s"",""forecast_s""],""transition_decision_s"":""reported_stage_not_added_to_full_compile""}"
qmap154,ising_model_10,336240af3b70f2a7d564efaceb5dd66d45d448242fbce0e46d2e9bcb6c0dd8ea,10,145,90,success,1,1,1/1,1,1,-0.7911657399037444,0.4533160385506787,False,216.0,0.0,46.0,5552.227820623095,5.714913792,336240af3b70f2a7d564efaceb5dd66d45d448242fbce0e46d2e9bcb6c0dd8ea,37d79d1a9bf96d4afa43db7057e3945f7cd8e6c62609f9b0bf6e048a838a352a,-0.21610807205404342,-0.0,-0.08042237742542627,,,,,,5.664145947,0.047203792,,0.0,,0.002651691,,,success,1,1,1/1,1,1,-0.7857119959465172,0.4557950619916643,False,216.0,0.0,36.0,4740.512083456241,0.011009541,336240af3b70f2a7d564efaceb5dd66d45d448242fbce0e46d2e9bcb6c0dd8ea,37d79d1a9bf96d4afa43db7057e3945f7cd8e6c62609f9b0bf6e048a838a352a,-0.21610807205404342,-0.0,-0.0749686334681991,,,,,,,,,,,,,,success,3,3,3/3,3,3,-0.7145579110581799,0.48940842603092477,False,130.0,1.0,55.0,6959.987922343322,2.32494625,336240af3b70f2a7d564efaceb5dd66d45d448242fbce0e46d2e9bcb6c0dd8ea,37d79d1a9bf96d4afa43db7057e3945f7cd8e6c62609f9b0bf6e048a838a352a,-0.13006504336585947,-0.002503130218118477,-0.08734428525868267,0.0,,,,,1.608569166,0.689460583,0.081957583,0.515307627,0.055054708,0.006290913,0.000320413,0.000357593,success,3,3,3/3,3,3,-0.7134372938505473,0.489957172944887,False,132.0,2.0,53.0,6487.952264185134,27.967612542,336240af3b70f2a7d564efaceb5dd66d45d448242fbce0e46d2e9bcb6c0dd8ea,37d79d1a9bf96d4afa43db7057e3945f7cd8e6c62609f9b0bf6e048a838a352a,-0.13206604403302655,-0.005006260436236954,-0.08562307112661147,0.25037481655080607,,,,,1.608112083,26.372489666,0.080887748,26.201390668,0.056825999,0.006317139,0.001458838,6.261188184,"[{""run_id"":""qmap154-ising_model_10-M1-s0-r0-95a9e3e6a2b6"",""seed"":0,""status"":""success""}]",[],"{""additive_wall_clock_stages"":[""initial_placement_s"",""problem_preparation_s"",""search_kernel_s"",""result_commit_s"",""routing_s""],""nested_fields_must_not_be_summed"":true,""nested_in_search_kernel"":[""return_match_s"",""forecast_s""],""transition_decision_s"":""reported_stage_not_added_to_full_compile""}","[{""run_id"":""qmap154-ising_model_10-M2-raw-replay-6881f8b0859c"",""seed"":0,""status"":""success""}]",[],"{""additive_wall_clock_stages"":[""initial_placement_s"",""problem_preparation_s"",""search_kernel_s"",""result_commit_s"",""routing_s""],""nested_fields_must_not_be_summed"":true,""nested_in_search_kernel"":[""return_match_s"",""forecast_s""],""transition_decision_s"":""reported_stage_not_added_to_full_compile""}","[{""run_id"":""qmap154-ising_model_10-M3-s0-r0-6288c0e7ec02"",""seed"":0,""status"":""success""},{""run_id"":""qmap154-ising_model_10-M3-s1-r0-c50a176d9306"",""seed"":1,""status"":""success""},{""run_id"":""qmap154-ising_model_10-M3-s2-r0-b62968eb60c9"",""seed"":2,""status"":""success""}]",[],"{""additive_wall_clock_stages"":[""initial_placement_s"",""problem_preparation_s"",""search_kernel_s"",""result_commit_s"",""routing_s""],""nested_fields_must_not_be_summed"":true,""nested_in_search_kernel"":[""return_match_s"",""forecast_s""],""transition_decision_s"":""reported_stage_not_added_to_full_compile""}","[{""run_id"":""qmap154-ising_model_10-M4-s0-r0-7fe41c62d204"",""seed"":0,""status"":""success""},{""run_id"":""qmap154-ising_model_10-M4-s1-r0-7aa34735bd1f"",""seed"":1,""status"":""success""},{""run_id"":""qmap154-ising_model_10-M4-s2-r0-25ee2a549486"",""seed"":2,""status"":""success""}]",[],"{""additive_wall_clock_stages"":[""initial_placement_s"",""problem_preparation_s"",""search_kernel_s"",""result_commit_s"",""routing_s""],""nested_fields_must_not_be_summed"":true,""nested_in_search_kernel"":[""return_match_s"",""forecast_s""],""transition_decision_s"":""reported_stage_not_added_to_full_compile""}"
qmap154,ising_model_13,e86d670b4294ec453133e6dd18dfac6f90a9459e0c10d6fd7754d621e9f262fe,13,193,120,success,1,1,1/1,1,1,-1.0695579424992159,0.3431601804260797,False,264.0,0.0,66.0,7793.328545537666,6.037751125,e86d670b4294ec453133e6dd18dfac6f90a9459e0c10d6fd7754d621e9f262fe,723fa620e3c70bc4f2b62a00b0f977263b5ce8a0ec2b9ab6199e68b704515e2d,-0.2641320880660531,-0.0,-0.14601214887046388,,,,,,5.980214119,0.053182875,,0.0,,0.003395557,,,success,1,1,1/1,1,1,-1.0754576540861178,0.34114159472518574,False,284.0,0.0,49.0,6205.620274791484,0.014600292,e86d670b4294ec453133e6dd18dfac6f90a9459e0c10d6fd7754d621e9f262fe,723fa620e3c70bc4f2b62a00b0f977263b5ce8a0ec2b9ab6199e68b704515e2d,-0.2841420947377238,-0.0,-0.13190185378569502,,,,,,,,,,,,,,success,3,3,3/3,3,3,-1.029066603149067,0.3573403453078319,False,172.0,2.0,69.0,12920.593847886232,2.544935417,e86d670b4294ec453133e6dd18dfac6f90a9459e0c10d6fd7754d621e9f262fe,723fa620e3c70bc4f2b62a00b0f977263b5ce8a0ec2b9ab6199e68b704515e2d,-0.17208605737636792,-0.005006260436236954,-0.18259018372997332,0.0,,,,,1.635685708,0.869597583,0.106306707,0.639506167,0.085950789,0.012378216,0.000200496,0.000586914,success,3,3,3/3,3,3,-0.9785525591460988,0.375854732812889,False,162.0,2.0,64.0,8364.568141746237,25.322352875,e86d670b4294ec453133e6dd18dfac6f90a9459e0c10d6fd7754d621e9f262fe,723fa620e3c70bc4f2b62a00b0f977263b5ce8a0ec2b9ab6199e68b704515e2d,-0.16208105404053258,-0.005006260436236954,-0.15205153910663044,0.33980553262086693,,,,,1.632612834,23.624775834,0.105980044,23.4033,0.073730085,0.009179592,0.001076617,11.618673324,"[{""run_id"":""qmap154-ising_model_13-M1-s0-r0-92de668b1a9d"",""seed"":0,""status"":""success""}]",[],"{""additive_wall_clock_stages"":[""initial_placement_s"",""problem_preparation_s"",""search_kernel_s"",""result_commit_s"",""routing_s""],""nested_fields_must_not_be_summed"":true,""nested_in_search_kernel"":[""return_match_s"",""forecast_s""],""transition_decision_s"":""reported_stage_not_added_to_full_compile""}","[{""run_id"":""qmap154-ising_model_13-M2-raw-replay-4aa2022d3d1e"",""seed"":0,""status"":""success""}]",[],"{""additive_wall_clock_stages"":[""initial_placement_s"",""problem_preparation_s"",""search_kernel_s"",""result_commit_s"",""routing_s""],""nested_fields_must_not_be_summed"":true,""nested_in_search_kernel"":[""return_match_s"",""forecast_s""],""transition_decision_s"":""reported_stage_not_added_to_full_compile""}","[{""run_id"":""qmap154-ising_model_13-M3-s0-r0-9d90557a56e4"",""seed"":0,""status"":""success""},{""run_id"":""qmap154-ising_model_13-M3-s1-r0-d29ccffbc27a"",""seed"":1,""status"":""success""},{""run_id"":""qmap154-ising_model_13-M3-s2-r0-90f8346cc60c"",""seed"":2,""status"":""success""}]",[],"{""additive_wall_clock_stages"":[""initial_placement_s"",""problem_preparation_s"",""search_kernel_s"",""result_commit_s"",""routing_s""],""nested_fields_must_not_be_summed"":true,""nested_in_search_kernel"":[""return_match_s"",""forecast_s""],""transition_decision_s"":""reported_stage_not_added_to_full_compile""}","[{""run_id"":""qmap154-ising_model_13-M4-s0-r0-e6630597ed6f"",""seed"":0,""status"":""success""},{""run_id"":""qmap154-ising_model_13-M4-s1-r0-6a543746bc88"",""seed"":1,""status"":""success""},{""run_id"":""qmap154-ising_model_13-M4-s2-r0-138277b8df6c"",""seed"":2,""status"":""success""}]",[],"{""additive_wall_clock_stages"":[""initial_placement_s"",""problem_preparation_s"",""search_kernel_s"",""result_commit_s"",""routing_s""],""nested_fields_must_not_be_summed"":true,""nested_in_search_kernel"":[""return_match_s"",""forecast_s""],""transition_decision_s"":""reported_stage_not_added_to_full_compile""}"
qmap154,ising_model_16,5b244278f3e4846bba65a3a6be51e000292bc1c8260030ea3df81daab0b8542c,16,241,150,success,1,1,1/1,1,1,-1.3787292701602665,0.2518984446390086,False,348.0,0.0,66.0,7799.3337428564755,6.258667708,5b244278f3e4846bba65a3a6be51e000292bc1c8260030ea3df81daab0b8542c,0bc1d2c82112d2d6001d45c9e54ea0c9053f8cd99542905cd07c515aba1f589f,-0.34817411608706994,-0.0,-0.20636303337207335,,,,,,6.186647177,0.066866625,,0.0,,0.004183769,,,success,1,1,1/1,1,1,-1.398639135269903,0.24693277749897075,False,360.0,0.0,61.0,8541.90575764063,0.016804625,5b244278f3e4846bba65a3a6be51e000292bc1c8260030ea3df81daab0b8542c,0bc1d2c82112d2d6001d45c9e54ea0c9053f8cd99542905cd07c515aba1f589f,-0.3601801200900724,-0.0,-0.21426689447870764,,,,,,,,,,,,,,success,3,3,3/3,3,3,-1.2796925886702895,0.2781227854082842,False,220.0,3.0,79.0,10395.865442765964,4.101420709,5b244278f3e4846bba65a3a6be51e000292bc1c8260030ea3df81daab0b8542c,0bc1d2c82112d2d6001d45c9e54ea0c9053f8cd99542905cd07c515aba1f589f,-0.22011007338837757,-0.00750939065435543,-0.22824853953345128,0.0,,,,,1.698299917,2.405757167,0.129932749,2.132420625,0.102639626,0.017146111,0.000373633,0.000692179,success,3,3,3/3,3,3,-1.277188510000477,0.27882009944304387,False,210.0,7.0,76.0,9288.502858644055,137.873242042,5b244278f3e4846bba65a3a6be51e000292bc1c8260030ea3df81daab0b8542c,0bc1d2c82112d2d6001d45c9e54ea0c9053f8cd99542905cd07c515aba1f589f,-0.21010507005254223,-0.017521911526829338,-0.21648591465282518,0.4776047107860477,,,,,1.6975,136.134755708,0.129854459,135.858709249,0.094469125,0.028779507,0.003084588,48.795223686,"[{""run_id"":""qmap154-ising_model_16-M1-s0-r0-7b61a631f63d"",""seed"":0,""status"":""success""}]",[],"{""additive_wall_clock_stages"":[""initial_placement_s"",""problem_preparation_s"",""search_kernel_s"",""result_commit_s"",""routing_s""],""nested_fields_must_not_be_summed"":true,""nested_in_search_kernel"":[""return_match_s"",""forecast_s""],""transition_decision_s"":""reported_stage_not_added_to_full_compile""}","[{""run_id"":""qmap154-ising_model_16-M2-raw-replay-ddc8fb2b8d9a"",""seed"":0,""status"":""success""}]",[],"{""additive_wall_clock_stages"":[""initial_placement_s"",""problem_preparation_s"",""search_kernel_s"",""result_commit_s"",""routing_s""],""nested_fields_must_not_be_summed"":true,""nested_in_search_kernel"":[""return_match_s"",""forecast_s""],""transition_decision_s"":""reported_stage_not_added_to_full_compile""}","[{""run_id"":""qmap154-ising_model_16-M3-s0-r0-575842b0bf63"",""seed"":0,""status"":""success""},{""run_id"":""qmap154-ising_model_16-M3-s1-r0-f27d0e813339"",""seed"":1,""status"":""success""},{""run_id"":""qmap154-ising_model_16-M3-s2-r0-a3b160c34726"",""seed"":2,""status"":""success""}]",[],"{""additive_wall_clock_stages"":[""initial_placement_s"",""problem_preparation_s"",""search_kernel_s"",""result_commit_s"",""routing_s""],""nested_fields_must_not_be_summed"":true,""nested_in_search_kernel"":[""return_match_s"",""forecast_s""],""transition_decision_s"":""reported_stage_not_added_to_full_compile""}","[{""run_id"":""qmap154-ising_model_16-M4-s0-r0-f278a1b8a340"",""seed"":0,""status"":""success""},{""run_id"":""qmap154-ising_model_16-M4-s1-r0-6f9ff2356a77"",""seed"":1,""status"":""success""},{""run_id"":""qmap154-ising_model_16-M4-s2-r0-524fc17386f6"",""seed"":2,""status"":""success""}]",[],"{""additive_wall_clock_stages"":[""initial_placement_s"",""problem_preparation_s"",""search_kernel_s"",""result_commit_s"",""routing_s""],""nested_fields_must_not_be_summed"":true,""nested_in_search_kernel"":[""return_match_s"",""forecast_s""],""transition_decision_s"":""reported_stage_not_added_to_full_compile""}"
qmap154,life_238,74b2946fa4cd4b5f2674d1d782198f9847a48610650465988696869ee07ab48b,11,18205,9800,success,1,1,1/1,0,1,,,True,40624.0,0.0,17508.0,1700662.3939081314,51.96079325,74b2946fa4cd4b5f2674d1d782198f9847a48610650465988696869ee07ab48b,735395c9b216a4ca2b715fb8adf9124f9ee740b9b92cca4738ccf4a25a28233d,,,,,,,,,28.205580235,22.660752917,,0.0,,0.851415634,,,success,1,1,1/1,0,1,,,True,40656.0,0.0,17441.0,1694540.7073102477,2.7497585,74b2946fa4cd4b5f2674d1d782198f9847a48610650465988696869ee07ab48b,735395c9b216a4ca2b715fb8adf9124f9ee740b9b92cca4738ccf4a25a28233d,,,,,,,,,,,,,,,,,success,3,3,3/3,0,3,,,True,38630.0,1595.0,17220.0,1733318.4018965699,40.420430459,74b2946fa4cd4b5f2674d1d782198f9847a48610650465988696869ee07ab48b,735395c9b216a4ca2b715fb8adf9124f9ee740b9b92cca4738ccf4a25a28233d,,,,0.0,,,,,5.306291417,31.603399667,1.944361915,26.178041379,3.084019435,2.023208857,0.215733253,0.006467711,success,3,3,3/3,0,3,,,True,29970.0,6413.0,13362.0,1363860.186587711,36.442228041,74b2946fa4cd4b5f2674d1d782198f9847a48610650465988696869ee07ab48b,735395c9b216a4ca2b715fb8adf9124f9ee740b9b92cca4738ccf4a25a28233d,,,,76.40329157310244,,,,,5.279521417,28.412618959,1.470831268,23.49969883,3.05261265,1.542482615,0.109144727,0.567664447,"[{""run_id"":""qmap154-life_238-M1-s0-r0-5743babc8544"",""seed"":0,""status"":""success""}]",[],"{""additive_wall_clock_stages"":[""initial_placement_s"",""problem_preparation_s"",""search_kernel_s"",""result_commit_s"",""routing_s""],""nested_fields_must_not_be_summed"":true,""nested_in_search_kernel"":[""return_match_s"",""forecast_s""],""transition_decision_s"":""reported_stage_not_added_to_full_compile""}","[{""run_id"":""qmap154-life_238-M2-raw-replay-817c9f050480"",""seed"":0,""status"":""success""}]",[],"{""additive_wall_clock_stages"":[""initial_placement_s"",""problem_preparation_s"",""search_kernel_s"",""result_commit_s"",""routing_s""],""nested_fields_must_not_be_summed"":true,""nested_in_search_kernel"":[""return_match_s"",""forecast_s""],""transition_decision_s"":""reported_stage_not_added_to_full_compile""}","[{""run_id"":""qmap154-life_238-M3-s0-r0-2c95e281b7f1"",""seed"":0,""status"":""success""},{""run_id"":""qmap154-life_238-M3-s1-r0-4245b786faf8"",""seed"":1,""status"":""success""},{""run_id"":""qmap154-life_238-M3-s2-r0-1c015631fd39"",""seed"":2,""status"":""success""}]",[],"{""additive_wall_clock_stages"":[""initial_placement_s"",""problem_preparation_s"",""search_kernel_s"",""result_commit_s"",""routing_s""],""nested_fields_must_not_be_summed"":true,""nested_in_search_kernel"":[""return_match_s"",""forecast_s""],""transition_decision_s"":""reported_stage_not_added_to_full_compile""}","[{""run_id"":""qmap154-life_238-M4-s0-r0-7d43201eb02d"",""seed"":0,""status"":""success""},{""run_id"":""qmap154-life_238-M4-s1-r0-2d1fd647305d"",""seed"":1,""status"":""success""},{""run_id"":""qmap154-life_238-M4-s2-r0-6bb293ebd72a"",""seed"":2,""status"":""success""}]",[],"{""additive_wall_clock_stages"":[""initial_placement_s"",""problem_preparation_s"",""search_kernel_s"",""result_commit_s"",""routing_s""],""nested_fields_must_not_be_summed"":true,""nested_in_search_kernel"":[""return_match_s"",""forecast_s""],""transition_decision_s"":""reported_stage_not_added_to_full_compile""}"
qmap154,majority_239,040d1773bb1501d1f86ca2d9028bed22e4dbfe9728922474bce44a5531b21b5a,7,498,267,success,1,1,1/1,1,1,-2.9137745326080458,0.054270497023150614,False,1108.0,0.0,479.0,46729.855626339995,12.230338167,040d1773bb1501d1f86ca2d9028bed22e4dbfe9728922474bce44a5531b21b5a,522d8c11c794b89901f77851be91270d0fed6a5d3fee609cb5b3b549a829a91d,-1.108554369610556,-0.0,-0.3174490816281732,,,,,,11.933389902,0.274005,,0.0,,0.015684366,,,success,1,1,1/1,1,1,-2.903630921154011,0.05482379734590389,False,1108.0,0.0,469.0,44547.09268165529,0.081410916,040d1773bb1501d1f86ca2d9028bed22e4dbfe9728922474bce44a5531b21b5a,522d8c11c794b89901f77851be91270d0fed6a5d3fee609cb5b3b549a829a91d,-1.108554369610556,-0.0,-0.30730547017413845,,,,,,,,,,,,,,success,3,3,3/3,3,3,-2.9165680016993223,0.054119105619200206,False,1060.0,14.0,490.0,52563.812205243456,6.536105667,040d1773bb1501d1f86ca2d9028bed22e4dbfe9728922474bce44a5531b21b5a,522d8c11c794b89901f77851be91270d0fed6a5d3fee609cb5b3b549a829a91d,-1.0605303535985464,-0.035043823053658676,-0.33322274367780047,0.0,,,,,2.787218666,3.656208833,0.36055704,2.725312507,0.505165703,0.040186167,0.016403718,0.005402156,success,3,3,3/3,3,3,-2.9390144509757516,0.05291785618858417,False,768.0,175.0,350.0,37102.80075269707,32.431877875,040d1773bb1501d1f86ca2d9028bed22e4dbfe9728922474bce44a5531b21b5a,522d8c11c794b89901f77851be91270d0fed6a5d3fee609cb5b3b549a829a91d,-0.7683842561921543,-0.4380477881707335,-0.2448113252435472,2.64692337617652,,,,,2.969962667,29.3559885,0.407072211,28.334052752,0.544908043,0.033548117,0.01440109,8.928461555,"[{""run_id"":""qmap154-majority_239-M1-s0-r0-3deec12c88f8"",""seed"":0,""status"":""success""}]",[],"{""additive_wall_clock_stages"":[""initial_placement_s"",""problem_preparation_s"",""search_kernel_s"",""result_commit_s"",""routing_s""],""nested_fields_must_not_be_summed"":true,""nested_in_search_kernel"":[""return_match_s"",""forecast_s""],""transition_decision_s"":""reported_stage_not_added_to_full_compile""}","[{""run_id"":""qmap154-majority_239-M2-raw-replay-3c15656e1227"",""seed"":0,""status"":""success""}]",[],"{""additive_wall_clock_stages"":[""initial_placement_s"",""problem_preparation_s"",""search_kernel_s"",""result_commit_s"",""routing_s""],""nested_fields_must_not_be_summed"":true,""nested_in_search_kernel"":[""return_match_s"",""forecast_s""],""transition_decision_s"":""reported_stage_not_added_to_full_compile""}","[{""run_id"":""qmap154-majority_239-M3-s0-r0-43eae4ab9ef1"",""seed"":0,""status"":""success""},{""run_id"":""qmap154-majority_239-M3-s1-r0-dc69aebd2218"",""seed"":1,""status"":""success""},{""run_id"":""qmap154-majority_239-M3-s2-r0-d16eda1db3cb"",""seed"":2,""status"":""success""}]",[],"{""additive_wall_clock_stages"":[""initial_placement_s"",""problem_preparation_s"",""search_kernel_s"",""result_commit_s"",""routing_s""],""nested_fields_must_not_be_summed"":true,""nested_in_search_kernel"":[""return_match_s"",""forecast_s""],""transition_decision_s"":""reported_stage_not_added_to_full_compile""}","[{""run_id"":""qmap154-majority_239-M4-s0-r0-8b5cf7db1c3f"",""seed"":0,""status"":""success""},{""run_id"":""qmap154-majority_239-M4-s1-r0-960b8605b91a"",""seed"":1,""status"":""success""},{""run_id"":""qmap154-majority_239-M4-s2-r0-73f726655b92"",""seed"":2,""status"":""success""}]",[],"{""additive_wall_clock_stages"":[""initial_placement_s"",""problem_preparation_s"",""search_kernel_s"",""result_commit_s"",""routing_s""],""nested_fields_must_not_be_summed"":true,""nested_in_search_kernel"":[""return_match_s"",""forecast_s""],""transition_decision_s"":""reported_stage_not_added_to_full_compile""}"
qmap154,max46_240,67f3a2ba74dceba2bd89005348bd7f40e3b7118c9e378395e877d9f522f31d3b,10,22001,11844,verifier_fail,0,1,0/1,0,1,,,False,,,,,,67f3a2ba74dceba2bd89005348bd7f40e3b7118c9e378395e877d9f522f31d3b,c1db525c8ac5e52989631c373e07e7d3e71a9c69229ba60247cc9a7b708a2288,,,,,,,,,,,,,,,,,success,1,1,1/1,0,1,,,True,49168.0,0.0,20077.0,1941465.2476463795,3.205795333,67f3a2ba74dceba2bd89005348bd7f40e3b7118c9e378395e877d9f522f31d3b,c1db525c8ac5e52989631c373e07e7d3e71a9c69229ba60247cc9a7b708a2288,,,,,,,,,,,,,,,,,success,3,3,3/3,0,3,,,True,46318.0,2297.0,20042.0,1986108.5874266804,52.844852875,67f3a2ba74dceba2bd89005348bd7f40e3b7118c9e378395e877d9f522f31d3b,c1db525c8ac5e52989631c373e07e7d3e71a9c69229ba60247cc9a7b708a2288,,,,0.0,,,,,4.986453,43.869934125,2.505909814,36.794789526,4.042967085,2.474004745,0.281070941,0.009749389,success,3,3,3/3,0,3,,,True,35784.0,9823.0,15759.0,1610024.3272103826,47.54983025,67f3a2ba74dceba2bd89005348bd7f40e3b7118c9e378395e877d9f522f31d3b,c1db525c8ac5e52989631c373e07e7d3e71a9c69229ba60247cc9a7b708a2288,,,,124.55849620812674,,,,,5.072956458,39.06484975,1.990489895,32.76927333,3.815496782,2.028671026,0.244234464,0.863606185,"[{""run_id"":""qmap154-max46_240-M1-s0-r0-26f940437ecd"",""seed"":0,""status"":""verifier_fail""}]",[],"{""additive_wall_clock_stages"":[""initial_placement_s"",""problem_preparation_s"",""search_kernel_s"",""result_commit_s"",""routing_s""],""nested_fields_must_not_be_summed"":true,""nested_in_search_kernel"":[""return_match_s"",""forecast_s""],""transition_decision_s"":""reported_stage_not_added_to_full_compile""}","[{""run_id"":""qmap154-max46_240-M2-raw-replay-e39104790412"",""seed"":0,""status"":""success""}]",[],"{""additive_wall_clock_stages"":[""initial_placement_s"",""problem_preparation_s"",""search_kernel_s"",""result_commit_s"",""routing_s""],""nested_fields_must_not_be_summed"":true,""nested_in_search_kernel"":[""return_match_s"",""forecast_s""],""transition_decision_s"":""reported_stage_not_added_to_full_compile""}","[{""run_id"":""qmap154-max46_240-M3-s0-r0-bf1551aa476c"",""seed"":0,""status"":""success""},{""run_id"":""qmap154-max46_240-M3-s1-r0-6c69bf5f266a"",""seed"":1,""status"":""success""},{""run_id"":""qmap154-max46_240-M3-s2-r0-80ab93d41f63"",""seed"":2,""status"":""success""}]",[],"{""additive_wall_clock_stages"":[""initial_placement_s"",""problem_preparation_s"",""search_kernel_s"",""result_commit_s"",""routing_s""],""nested_fields_must_not_be_summed"":true,""nested_in_search_kernel"":[""return_match_s"",""forecast_s""],""transition_decision_s"":""reported_stage_not_added_to_full_compile""}","[{""run_id"":""qmap154-max46_240-M4-s0-r0-38852cb2384a"",""seed"":0,""status"":""success""},{""run_id"":""qmap154-max46_240-M4-s1-r0-474dfc723cdb"",""seed"":1,""status"":""success""},{""run_id"":""qmap154-max46_240-M4-s2-r0-3126a9dd10eb"",""seed"":2,""status"":""success""}]",[],"{""additive_wall_clock_stages"":[""initial_placement_s"",""problem_preparation_s"",""search_kernel_s"",""result_commit_s"",""routing_s""],""nested_fields_must_not_be_summed"":true,""nested_in_search_kernel"":[""return_match_s"",""forecast_s""],""transition_decision_s"":""reported_stage_not_added_to_full_compile""}"
qmap154,miller_11,1fbbcea96463dd341d6d14223fe5adfb7ba4dd3fdfaca0da507cf2a2a52eced5,3,41,23,success,1,1,1/1,1,1,-0.23394122910057624,0.7914083263079896,False,96.0,0.0,46.0,4250.515749854419,3.879044708,1fbbcea96463dd341d6d14223fe5adfb7ba4dd3fdfaca0da507cf2a2a52eced5,03642f0066c71475ad306656f464ffcf47707084e513738f85ba057aa4c4ea3c,-0.09604803202401929,-0.0,-0.01030288976595668,,,,,,3.854068041,0.022436542,,0.0,,0.001579285,,,success,1,1,1/1,1,1,-0.23413148576194723,0.7912577699246767,False,96.0,0.0,46.0,4293.314935918172,0.008387167,1fbbcea96463dd341d6d14223fe5adfb7ba4dd3fdfaca0da507cf2a2a52eced5,03642f0066c71475ad306656f464ffcf47707084e513738f85ba057aa4c4ea3c,-0.09604803202401929,-0.0,-0.01049314642732767,,,,,,,,,,,,,,success,3,3,3/3,3,3,-0.23104791015306406,0.7937014387668854,False,92.0,0.0,45.0,4782.854189130573,1.768789958,1fbbcea96463dd341d6d14223fe5adfb7ba4dd3fdfaca0da507cf2a2a52eced5,03642f0066c71475ad306656f464ffcf47707084e513738f85ba057aa4c4ea3c,-0.09204603068968516,-0.0,-0.011411572152778642,0.0,,,,,1.467040791,0.274139459,0.04060538,0.160358039,0.03981279,0.003412247,0.001134566,0.00051906,success,3,3,3/3,3,3,-0.23872221893084747,0.7876336417027736,False,52.0,21.0,25.0,2362.782011491259,2.505828,1fbbcea96463dd341d6d14223fe5adfb7ba4dd3fdfaca0da507cf2a2a52eced5,03642f0066c71475ad306656f464ffcf47707084e513738f85ba057aa4c4ea3c,-0.05202601734634379,-0.052565734580488015,-0.0065401596934154035,0.14501631762475284,,,,,1.42696875,1.023845,0.041905961,0.913311041,0.03385129,0.002102375,0.000610671,0.306104754,"[{""run_id"":""qmap154-miller_11-M1-s0-r0-c91a643792a4"",""seed"":0,""status"":""success""}]",[],"{""additive_wall_clock_stages"":[""initial_placement_s"",""problem_preparation_s"",""search_kernel_s"",""result_commit_s"",""routing_s""],""nested_fields_must_not_be_summed"":true,""nested_in_search_kernel"":[""return_match_s"",""forecast_s""],""transition_decision_s"":""reported_stage_not_added_to_full_compile""}","[{""run_id"":""qmap154-miller_11-M2-raw-replay-ca2c6b51856a"",""seed"":0,""status"":""success""}]",[],"{""additive_wall_clock_stages"":[""initial_placement_s"",""problem_preparation_s"",""search_kernel_s"",""result_commit_s"",""routing_s""],""nested_fields_must_not_be_summed"":true,""nested_in_search_kernel"":[""return_match_s"",""forecast_s""],""transition_decision_s"":""reported_stage_not_added_to_full_compile""}","[{""run_id"":""qmap154-miller_11-M3-s0-r0-29722ba0eae6"",""seed"":0,""status"":""success""},{""run_id"":""qmap154-miller_11-M3-s1-r0-e56569c86938"",""seed"":1,""status"":""success""},{""run_id"":""qmap154-miller_11-M3-s2-r0-7b1627308e10"",""seed"":2,""status"":""success""}]",[],"{""additive_wall_clock_stages"":[""initial_placement_s"",""problem_preparation_s"",""search_kernel_s"",""result_commit_s"",""routing_s""],""nested_fields_must_not_be_summed"":true,""nested_in_search_kernel"":[""return_match_s"",""forecast_s""],""transition_decision_s"":""reported_stage_not_added_to_full_compile""}","[{""run_id"":""qmap154-miller_11-M4-s0-r0-17cdf29c027d"",""seed"":0,""status"":""success""},{""run_id"":""qmap154-miller_11-M4-s1-r0-4f5ea975d28d"",""seed"":1,""status"":""success""},{""run_id"":""qmap154-miller_11-M4-s2-r0-69c519c5ef7b"",""seed"":2,""status"":""success""}]",[],"{""additive_wall_clock_stages"":[""initial_placement_s"",""problem_preparation_s"",""search_kernel_s"",""result_commit_s"",""routing_s""],""nested_fields_must_not_be_summed"":true,""nested_in_search_kernel"":[""return_match_s"",""forecast_s""],""transition_decision_s"":""reported_stage_not_added_to_full_compile""}"
qmap154,mini-alu_167,d6706fe265e77c9974b4e2ee29fd782d6b5f06dab44521e835b1d2c32e7da411,5,236,126,success,1,1,1/1,1,1,-1.3352049438220963,0.26310424833993823,False,524.0,0.0,239.0,24050.932088510843,9.035343,d6706fe265e77c9974b4e2ee29fd782d6b5f06dab44521e835b1d2c32e7da411,c1bd3cf36a06724986e69d9e006224bbb61b4f65cfee04899de25b79196f5f3f,-0.524262174797772,-0.0,-0.10855187713327402,,,,,,8.904739857,0.119413791,,0.0,,0.00761342,,,success,1,1,1/1,1,1,-1.3397153203067649,0.26192022133625675,False,536.0,0.0,225.0,21780.845764295365,0.039558667,d6706fe265e77c9974b4e2ee29fd782d6b5f06dab44521e835b1d2c32e7da411,c1bd3cf36a06724986e69d9e006224bbb61b4f65cfee04899de25b79196f5f3f,-0.5362681788007744,-0.0,-0.10105624961494021,,,,,,,,,,,,,,success,3,3,3/3,3,3,-1.3052281792709997,0.27111066615310586,False,498.0,1.0,232.0,23176.750823695886,3.996287708,d6706fe265e77c9974b4e2ee29fd782d6b5f06dab44521e835b1d2c32e7da411,c1bd3cf36a06724986e69d9e006224bbb61b4f65cfee04899de25b79196f5f3f,-0.49824916612460013,-0.002503130218118477,-0.10269832009830253,0.0,,,,,2.516499708,1.423213166,0.16779425,1.003559425,0.229851039,0.018796682,0.007013517,0.002628317,success,3,3,3/3,3,3,-1.3452080310361587,0.26048551315187507,False,358.0,83.0,167.0,16978.51186058512,13.506933667,d6706fe265e77c9974b4e2ee29fd782d6b5f06dab44521e835b1d2c32e7da411,c1bd3cf36a06724986e69d9e006224bbb61b4f65cfee04899de25b79196f5f3f,-0.3581791194229053,-0.2077598081038336,-0.0768782116183695,1.1557277921285465,,,,,2.331462459,11.106901292,0.171853583,10.6828615,0.211138751,0.014639139,0.005047125,3.552733337,"[{""run_id"":""qmap154-mini-alu_167-M1-s0-r0-656a8f4effb9"",""seed"":0,""status"":""success""}]",[],"{""additive_wall_clock_stages"":[""initial_placement_s"",""problem_preparation_s"",""search_kernel_s"",""result_commit_s"",""routing_s""],""nested_fields_must_not_be_summed"":true,""nested_in_search_kernel"":[""return_match_s"",""forecast_s""],""transition_decision_s"":""reported_stage_not_added_to_full_compile""}","[{""run_id"":""qmap154-mini-alu_167-M2-raw-replay-2bc08aa1e120"",""seed"":0,""status"":""success""}]",[],"{""additive_wall_clock_stages"":[""initial_placement_s"",""problem_preparation_s"",""search_kernel_s"",""result_commit_s"",""routing_s""],""nested_fields_must_not_be_summed"":true,""nested_in_search_kernel"":[""return_match_s"",""forecast_s""],""transition_decision_s"":""reported_stage_not_added_to_full_compile""}","[{""run_id"":""qmap154-mini-alu_167-M3-s0-r0-40a53f3cfc15"",""seed"":0,""status"":""success""},{""run_id"":""qmap154-mini-alu_167-M3-s1-r0-140f95ff9222"",""seed"":1,""status"":""success""},{""run_id"":""qmap154-mini-alu_167-M3-s2-r0-5ea2f913ec9d"",""seed"":2,""status"":""success""}]",[],"{""additive_wall_clock_stages"":[""initial_placement_s"",""problem_preparation_s"",""search_kernel_s"",""result_commit_s"",""routing_s""],""nested_fields_must_not_be_summed"":true,""nested_in_search_kernel"":[""return_match_s"",""forecast_s""],""transition_decision_s"":""reported_stage_not_added_to_full_compile""}","[{""run_id"":""qmap154-mini-alu_167-M4-s0-r0-6c2dfbcc1914"",""seed"":0,""status"":""success""},{""run_id"":""qmap154-mini-alu_167-M4-s1-r0-ca20e6de8c11"",""seed"":1,""status"":""success""},{""run_id"":""qmap154-mini-alu_167-M4-s2-r0-e9286a9edad1"",""seed"":2,""status"":""success""}]",[],"{""additive_wall_clock_stages"":[""initial_placement_s"",""problem_preparation_s"",""search_kernel_s"",""result_commit_s"",""routing_s""],""nested_fields_must_not_be_summed"":true,""nested_in_search_kernel"":[""return_match_s"",""forecast_s""],""transition_decision_s"":""reported_stage_not_added_to_full_compile""}"
qmap154,mini_alu_305,9884edf0a652dbcd3b12d359e9a7b9eee9032e6cd906954e05d636a7a12c59a4,10,141,77,success,1,1,1/1,1,1,-0.8684385803692174,0.41960621939538234,False,316.0,0.0,125.0,12568.600889738587,13.002327958,9884edf0a652dbcd3b12d359e9a7b9eee9032e6cd906954e05d636a7a12c59a4,c4dbe9baefd5409c155e85739afdacae5501abee09821112676d467cd0288b06,-0.31615810541239686,-0.0,-0.12400840827462954,,,,,,12.928124905,0.068134791,,0.0,,0.004229069,,,success,1,1,1/1,1,1,-0.8705851412850425,0.41870647510823267,False,320.0,0.0,117.0,12079.109521342372,0.019557792,9884edf0a652dbcd3b12d359e9a7b9eee9032e6cd906954e05d636a7a12c59a4,c4dbe9baefd5409c155e85739afdacae5501abee09821112676d467cd0288b06,-0.320160106746731,-0.0,-0.12215296785612047,,,,,,,,,,,,,,success,3,3,3/3,3,3,-0.8661531104953745,0.4205663134838345,False,308.0,5.0,117.0,11756.527464048637,4.194724625,9884edf0a652dbcd3b12d359e9a7b9eee9032e6cd906954e05d636a7a12c59a4,c4dbe9baefd5409c155e85739afdacae5501abee09821112676d467cd0288b06,-0.30815410274372856,-0.012515651090592385,-0.11721128997886249,0.0,,,,,2.785964083,1.371134,0.097869961,1.116519586,0.121783957,0.011005878,0.003203482,0.001581816,success,3,3,3/3,3,3,-0.8787155414586654,0.415316025443257,False,208.0,60.0,87.0,9254.36615970381,17.744182334,9884edf0a652dbcd3b12d359e9a7b9eee9032e6cd906954e05d636a7a12c59a4,c4dbe9baefd5409c155e85739afdacae5501abee09821112676d467cd0288b06,-0.20810406938537515,-0.15018781308710863,-0.09288047995859433,0.7076642435662032,,,,,2.860591625,14.887632584,0.100669295,14.639983167,0.118011579,0.008857965,0.00329973,3.429555758,"[{""run_id"":""qmap154-mini_alu_305-M1-s0-r0-cfb4a2b06450"",""seed"":0,""status"":""success""}]",[],"{""additive_wall_clock_stages"":[""initial_placement_s"",""problem_preparation_s"",""search_kernel_s"",""result_commit_s"",""routing_s""],""nested_fields_must_not_be_summed"":true,""nested_in_search_kernel"":[""return_match_s"",""forecast_s""],""transition_decision_s"":""reported_stage_not_added_to_full_compile""}","[{""run_id"":""qmap154-mini_alu_305-M2-raw-replay-20f5c6f0ac10"",""seed"":0,""status"":""success""}]",[],"{""additive_wall_clock_stages"":[""initial_placement_s"",""problem_preparation_s"",""search_kernel_s"",""result_commit_s"",""routing_s""],""nested_fields_must_not_be_summed"":true,""nested_in_search_kernel"":[""return_match_s"",""forecast_s""],""transition_decision_s"":""reported_stage_not_added_to_full_compile""}","[{""run_id"":""qmap154-mini_alu_305-M3-s0-r0-2384d31c9b6a"",""seed"":0,""status"":""success""},{""run_id"":""qmap154-mini_alu_305-M3-s1-r0-0bb7b452442a"",""seed"":1,""status"":""success""},{""run_id"":""qmap154-mini_alu_305-M3-s2-r0-73ed07b21d3f"",""seed"":2,""status"":""success""}]",[],"{""additive_wall_clock_stages"":[""initial_placement_s"",""problem_preparation_s"",""search_kernel_s"",""result_commit_s"",""routing_s""],""nested_fields_must_not_be_summed"":true,""nested_in_search_kernel"":[""return_match_s"",""forecast_s""],""transition_decision_s"":""reported_stage_not_added_to_full_compile""}","[{""run_id"":""qmap154-mini_alu_305-M4-s0-r0-cde16118c677"",""seed"":0,""status"":""success""},{""run_id"":""qmap154-mini_alu_305-M4-s1-r0-2ab128a3dc73"",""seed"":1,""status"":""success""},{""run_id"":""qmap154-mini_alu_305-M4-s2-r0-31514eba768c"",""seed"":2,""status"":""success""}]",[],"{""additive_wall_clock_stages"":[""initial_placement_s"",""problem_preparation_s"",""search_kernel_s"",""result_commit_s"",""routing_s""],""nested_fields_must_not_be_summed"":true,""nested_in_search_kernel"":[""return_match_s"",""forecast_s""],""transition_decision_s"":""reported_stage_not_added_to_full_compile""}"
qmap154,misex1_241,f571e6b12d8e59cb4772af85d23a3ab1679b8b21df2bf9532f95989fedda1371,15,3905,2100,success,1,1,1/1,1,1,-26.924578616631624,2.026768188969607e-12,False,8476.0,0.0,3723.0,361883.5411073375,27.709037667,f571e6b12d8e59cb4772af85d23a3ab1679b8b21df2bf9532f95989fedda1371,e6092d48d5d1067df8ca13dc0ba9e774948ee604809a9491ff5b21766a3764e4,-8.480240827454038,-0.0,-6.746324199581803,,,,,,25.302125692,2.20396425,,0.0,,0.150228739,,,success,1,1,1/1,1,1,-26.92881975438352,2.018190588139657e-12,False,8488.0,0.0,3708.0,361087.9517975192,0.609734916,f571e6b12d8e59cb4772af85d23a3ab1679b8b21df2bf9532f95989fedda1371,e6092d48d5d1067df8ca13dc0ba9e774948ee604809a9491ff5b21766a3764e4,-8.49224683145704,-0.0,-6.738559333330701,,,,,,,,,,,,,,success,3,3,3/3,3,3,-27.573641439854804,1.059057832991389e-12,False,8078.0,342.0,3697.0,393831.35423206806,33.202586083,f571e6b12d8e59cb4772af85d23a3ab1679b8b21df2bf9532f95989fedda1371,e6092d48d5d1067df8ca13dc0ba9e774948ee604809a9491ff5b21766a3764e4,-8.08204169468779,-0.8560705345965192,-6.96552963031505,0.0,,,,,5.172045084,27.732339458,4.899973255,16.232622964,6.404212499,0.414829493,0.068701843,0.00648525,success,3,3,3/3,3,3,-25.8917014759263,5.693468496435623e-12,False,5954.0,1363.0,2708.0,276566.7007324745,53.397860166,f571e6b12d8e59cb4772af85d23a3ab1679b8b21df2bf9532f95989fedda1371,e6092d48d5d1067df8ca13dc0ba9e774948ee604809a9491ff5b21766a3764e4,-5.956978986156364,-3.411766487295484,-4.827445543096789,19.491203666898915,,,,,4.7700855,48.096601209,5.631597851,35.367790376,6.831274788,0.327486753,0.040285041,2.029725312,"[{""run_id"":""qmap154-misex1_241-M1-s0-r0-085eb13cb918"",""seed"":0,""status"":""success""}]",[],"{""additive_wall_clock_stages"":[""initial_placement_s"",""problem_preparation_s"",""search_kernel_s"",""result_commit_s"",""routing_s""],""nested_fields_must_not_be_summed"":true,""nested_in_search_kernel"":[""return_match_s"",""forecast_s""],""transition_decision_s"":""reported_stage_not_added_to_full_compile""}","[{""run_id"":""qmap154-misex1_241-M2-raw-replay-d0bbe3e9d9bf"",""seed"":0,""status"":""success""}]",[],"{""additive_wall_clock_stages"":[""initial_placement_s"",""problem_preparation_s"",""search_kernel_s"",""result_commit_s"",""routing_s""],""nested_fields_must_not_be_summed"":true,""nested_in_search_kernel"":[""return_match_s"",""forecast_s""],""transition_decision_s"":""reported_stage_not_added_to_full_compile""}","[{""run_id"":""qmap154-misex1_241-M3-s0-r0-8d40051994e0"",""seed"":0,""status"":""success""},{""run_id"":""qmap154-misex1_241-M3-s1-r0-942ad3a92e81"",""seed"":1,""status"":""success""},{""run_id"":""qmap154-misex1_241-M3-s2-r0-eeb3bbee0913"",""seed"":2,""status"":""success""}]",[],"{""additive_wall_clock_stages"":[""initial_placement_s"",""problem_preparation_s"",""search_kernel_s"",""result_commit_s"",""routing_s""],""nested_fields_must_not_be_summed"":true,""nested_in_search_kernel"":[""return_match_s"",""forecast_s""],""transition_decision_s"":""reported_stage_not_added_to_full_compile""}","[{""run_id"":""qmap154-misex1_241-M4-s0-r0-39991ce1462b"",""seed"":0,""status"":""success""},{""run_id"":""qmap154-misex1_241-M4-s1-r0-b80b273ed23c"",""seed"":1,""status"":""success""},{""run_id"":""qmap154-misex1_241-M4-s2-r0-75d831738626"",""seed"":2,""status"":""success""}]",[],"{""additive_wall_clock_stages"":[""initial_placement_s"",""problem_preparation_s"",""search_kernel_s"",""result_commit_s"",""routing_s""],""nested_fields_must_not_be_summed"":true,""nested_in_search_kernel"":[""return_match_s"",""forecast_s""],""transition_decision_s"":""reported_stage_not_added_to_full_compile""}"
qmap154,mlp4_245,4adf02f2ebf3a225585ba480d6f0c839a879562a7bcb11fa3d065ee9d2cce73b,16,15295,8232,success,1,1,1/1,0,1,,,True,33756.0,0.0,14706.0,1439865.509242983,43.862107166,4adf02f2ebf3a225585ba480d6f0c839a879562a7bcb11fa3d065ee9d2cce73b,092b720458ad8e0b5bc4e63b8913e051901160e86ac2512201cd63b374f19674,,,,,,,,,32.877835035,10.06025225,,0.0,,0.723109961,,,success,1,1,1/1,0,1,,,True,33772.0,0.0,14498.0,1427888.9116772586,2.330436917,4adf02f2ebf3a225585ba480d6f0c839a879562a7bcb11fa3d065ee9d2cce73b,092b720458ad8e0b5bc4e63b8913e051901160e86ac2512201cd63b374f19674,,,,,,,,,,,,,,,,,success,3,3,3/3,0,3,,,True,32080.0,1257.0,14517.0,1477187.7932605082,37.872032208,4adf02f2ebf3a225585ba480d6f0c839a879562a7bcb11fa3d065ee9d2cce73b,092b720458ad8e0b5bc4e63b8913e051901160e86ac2512201cd63b374f19674,,,,0.0,,,,,6.157772792,28.909639625,1.942637908,23.893405234,2.68762663,1.805297375,0.162980525,0.004951576,success,3,3,3/3,0,3,,,True,24878.0,5421.0,11155.0,1147895.421225494,34.808625542,4adf02f2ebf3a225585ba480d6f0c839a879562a7bcb11fa3d065ee9d2cce73b,092b720458ad8e0b5bc4e63b8913e051901160e86ac2512201cd63b374f19674,,,,65.86516721459587,,,,,6.059131333,26.508678958,1.337192587,22.016223791,2.631856615,1.354569674,0.085616664,0.516785792,"[{""run_id"":""qmap154-mlp4_245-M1-s0-r0-a22aedf56bc9"",""seed"":0,""status"":""success""}]",[],"{""additive_wall_clock_stages"":[""initial_placement_s"",""problem_preparation_s"",""search_kernel_s"",""result_commit_s"",""routing_s""],""nested_fields_must_not_be_summed"":true,""nested_in_search_kernel"":[""return_match_s"",""forecast_s""],""transition_decision_s"":""reported_stage_not_added_to_full_compile""}","[{""run_id"":""qmap154-mlp4_245-M2-raw-replay-1861f9b40000"",""seed"":0,""status"":""success""}]",[],"{""additive_wall_clock_stages"":[""initial_placement_s"",""problem_preparation_s"",""search_kernel_s"",""result_commit_s"",""routing_s""],""nested_fields_must_not_be_summed"":true,""nested_in_search_kernel"":[""return_match_s"",""forecast_s""],""transition_decision_s"":""reported_stage_not_added_to_full_compile""}","[{""run_id"":""qmap154-mlp4_245-M3-s0-r0-0091a6a02002"",""seed"":0,""status"":""success""},{""run_id"":""qmap154-mlp4_245-M3-s1-r0-67dbca2768fb"",""seed"":1,""status"":""success""},{""run_id"":""qmap154-mlp4_245-M3-s2-r0-8f4fc9bdc682"",""seed"":2,""status"":""success""}]",[],"{""additive_wall_clock_stages"":[""initial_placement_s"",""problem_preparation_s"",""search_kernel_s"",""result_commit_s"",""routing_s""],""nested_fields_must_not_be_summed"":true,""nested_in_search_kernel"":[""return_match_s"",""forecast_s""],""transition_decision_s"":""reported_stage_not_added_to_full_compile""}","[{""run_id"":""qmap154-mlp4_245-M4-s0-r0-70cc53708c26"",""seed"":0,""status"":""success""},{""run_id"":""qmap154-mlp4_245-M4-s1-r0-471f8be9a999"",""seed"":1,""status"":""success""},{""run_id"":""qmap154-mlp4_245-M4-s2-r0-7ecf52844139"",""seed"":2,""status"":""success""}]",[],"{""additive_wall_clock_stages"":[""initial_placement_s"",""problem_preparation_s"",""search_kernel_s"",""result_commit_s"",""routing_s""],""nested_fields_must_not_be_summed"":true,""nested_in_search_kernel"":[""return_match_s"",""forecast_s""],""transition_decision_s"":""reported_stage_not_added_to_full_compile""}"
qmap154,mod10_171,c8d56b244118432388e76545f2d8c01bfa8f43508c1f8ae17157e79bf41289da,5,201,108,success,1,1,1/1,1,1,-1.1289397064560092,0.32337594814333637,False,440.0,0.0,196.0,18985.681781630148,9.141771542,c8d56b244118432388e76545f2d8c01bfa8f43508c1f8ae17157e79bf41289da,bd9a91ca71c52d6d2f20c649eb0095bfc7ad9a4f79dcada8a82ba8a16abf4d99,-0.44022014677675514,-0.0,-0.08705599592707057,,,,,,9.023731947,0.1084055,,0.0,,0.006528378,,,success,1,1,1/1,1,1,-1.1339240384043872,0.3217681453138016,False,444.0,0.0,196.0,19131.258798687017,0.033131625,c8d56b244118432388e76545f2d8c01bfa8f43508c1f8ae17157e79bf41289da,bd9a91ca71c52d6d2f20c649eb0095bfc7ad9a4f79dcada8a82ba8a16abf4d99,-0.44422214811108923,-0.0,-0.08803832654111446,,,,,,,,,,,,,,success,3,3,3/3,3,3,-1.1200341294790968,0.3262686590536359,False,424.0,2.0,198.0,20578.919257306396,3.688155291,c8d56b244118432388e76545f2d8c01bfa8f43508c1f8ae17157e79bf41289da,bd9a91ca71c52d6d2f20c649eb0095bfc7ad9a4f79dcada8a82ba8a16abf4d99,-0.42421214143941854,-0.005006260436236954,-0.09089272018550126,0.0,,,,,2.303316,1.307976084,0.147106623,0.924206912,0.186670168,0.032500267,0.005507282,0.002246092,success,3,3,3/3,3,3,-1.1477385281169916,0.3173536448214352,False,298.0,73.0,138.0,14605.911343997663,12.09843325,c8d56b244118432388e76545f2d8c01bfa8f43508c1f8ae17157e79bf41289da,bd9a91ca71c52d6d2f20c649eb0095bfc7ad9a4f79dcada8a82ba8a16abf4d99,-0.29814909940789325,-0.1827285059226488,-0.06519735903426607,0.9386322903896143,,,,,2.314220833,9.742562458,0.14864008,9.379375541,0.177483915,0.011480808,0.004041331,2.695568285,"[{""run_id"":""qmap154-mod10_171-M1-s0-r0-82946a737c7b"",""seed"":0,""status"":""success""}]",[],"{""additive_wall_clock_stages"":[""initial_placement_s"",""problem_preparation_s"",""search_kernel_s"",""result_commit_s"",""routing_s""],""nested_fields_must_not_be_summed"":true,""nested_in_search_kernel"":[""return_match_s"",""forecast_s""],""transition_decision_s"":""reported_stage_not_added_to_full_compile""}","[{""run_id"":""qmap154-mod10_171-M2-raw-replay-f3a4a318edc5"",""seed"":0,""status"":""success""}]",[],"{""additive_wall_clock_stages"":[""initial_placement_s"",""problem_preparation_s"",""search_kernel_s"",""result_commit_s"",""routing_s""],""nested_fields_must_not_be_summed"":true,""nested_in_search_kernel"":[""return_match_s"",""forecast_s""],""transition_decision_s"":""reported_stage_not_added_to_full_compile""}","[{""run_id"":""qmap154-mod10_171-M3-s0-r0-a8f060c59bf4"",""seed"":0,""status"":""success""},{""run_id"":""qmap154-mod10_171-M3-s1-r0-ec81a1f40e2c"",""seed"":1,""status"":""success""},{""run_id"":""qmap154-mod10_171-M3-s2-r0-c9fb9e0a52ca"",""seed"":2,""status"":""success""}]",[],"{""additive_wall_clock_stages"":[""initial_placement_s"",""problem_preparation_s"",""search_kernel_s"",""result_commit_s"",""routing_s""],""nested_fields_must_not_be_summed"":true,""nested_in_search_kernel"":[""return_match_s"",""forecast_s""],""transition_decision_s"":""reported_stage_not_added_to_full_compile""}","[{""run_id"":""qmap154-mod10_171-M4-s0-r0-778af290934c"",""seed"":0,""status"":""success""},{""run_id"":""qmap154-mod10_171-M4-s1-r0-294e5aa2057a"",""seed"":1,""status"":""success""},{""run_id"":""qmap154-mod10_171-M4-s2-r0-34835e4d59cf"",""seed"":2,""status"":""success""}]",[],"{""additive_wall_clock_stages"":[""initial_placement_s"",""problem_preparation_s"",""search_kernel_s"",""result_commit_s"",""routing_s""],""nested_fields_must_not_be_summed"":true,""nested_in_search_kernel"":[""return_match_s"",""forecast_s""],""transition_decision_s"":""reported_stage_not_added_to_full_compile""}"
qmap154,mod10_176,8dd641baf48f55eb172b86f9b05a182576f0a52226d20cb90648426e4be1ced7,5,148,78,success,1,1,1/1,1,1,-0.8216036454264437,0.43972592431932533,False,324.0,0.0,141.0,13407.122465267012,8.903863667,8dd641baf48f55eb172b86f9b05a182576f0a52226d20cb90648426e4be1ced7,c2e9f959fc3201e2c6816483c56cc7d1ca0384600f8d7c8384a4e2f2935de74e,-0.32416210808106516,-0.0,-0.06205661377662937,,,,,,8.818710804,0.078163625,,0.0,,0.00470829,,,success,1,1,1/1,1,1,-0.820630113386257,0.4401542200415281,False,324.0,0.0,137.0,13014.637221155388,0.025222375,8dd641baf48f55eb172b86f9b05a182576f0a52226d20cb90648426e4be1ced7,c2e9f959fc3201e2c6816483c56cc7d1ca0384600f8d7c8384a4e2f2935de74e,-0.32416210808106516,-0.0,-0.06108308173644261,,,,,,,,,,,,,,success,3,3,3/3,3,3,-0.8150878036721066,0.44260046370920064,False,310.0,2.0,142.0,14469.036670399833,3.419516208,8dd641baf48f55eb172b86f9b05a182576f0a52226d20cb90648426e4be1ced7,c2e9f959fc3201e2c6816483c56cc7d1ca0384600f8d7c8384a4e2f2935de74e,-0.31015510341089564,-0.005006260436236954,-0.06354500219773851,0.0,,,,,2.282476708,1.07517325,0.108604833,0.796210453,0.133637797,0.011180639,0.00437571,0.001550551,success,3,3,3/3,3,3,-0.8356318018160775,0.4336004453250428,False,222.0,52.0,102.0,10263.67012296337,9.832251875,8dd641baf48f55eb172b86f9b05a182576f0a52226d20cb90648426e4be1ced7,c2e9f959fc3201e2c6816483c56cc7d1ca0384600f8d7c8384a4e2f2935de74e,-0.22211107405554462,-0.1301627713421608,-0.04797303284962295,0.6520540747313843,,,,,2.287483208,7.507265708,0.107634378,7.239192086,0.125771543,0.008272409,0.00388076,2.026802887,"[{""run_id"":""qmap154-mod10_176-M1-s0-r0-b8f694237fa7"",""seed"":0,""status"":""success""}]",[],"{""additive_wall_clock_stages"":[""initial_placement_s"",""problem_preparation_s"",""search_kernel_s"",""result_commit_s"",""routing_s""],""nested_fields_must_not_be_summed"":true,""nested_in_search_kernel"":[""return_match_s"",""forecast_s""],""transition_decision_s"":""reported_stage_not_added_to_full_compile""}","[{""run_id"":""qmap154-mod10_176-M2-raw-replay-1b7d8a4cb6d9"",""seed"":0,""status"":""success""}]",[],"{""additive_wall_clock_stages"":[""initial_placement_s"",""problem_preparation_s"",""search_kernel_s"",""result_commit_s"",""routing_s""],""nested_fields_must_not_be_summed"":true,""nested_in_search_kernel"":[""return_match_s"",""forecast_s""],""transition_decision_s"":""reported_stage_not_added_to_full_compile""}","[{""run_id"":""qmap154-mod10_176-M3-s0-r0-5e22a46db57b"",""seed"":0,""status"":""success""},{""run_id"":""qmap154-mod10_176-M3-s1-r0-650b3812c557"",""seed"":1,""status"":""success""},{""run_id"":""qmap154-mod10_176-M3-s2-r0-12e518e809b7"",""seed"":2,""status"":""success""}]",[],"{""additive_wall_clock_stages"":[""initial_placement_s"",""problem_preparation_s"",""search_kernel_s"",""result_commit_s"",""routing_s""],""nested_fields_must_not_be_summed"":true,""nested_in_search_kernel"":[""return_match_s"",""forecast_s""],""transition_decision_s"":""reported_stage_not_added_to_full_compile""}","[{""run_id"":""qmap154-mod10_176-M4-s0-r0-18e280792ae3"",""seed"":0,""status"":""success""},{""run_id"":""qmap154-mod10_176-M4-s1-r0-8cd8f738e07b"",""seed"":1,""status"":""success""},{""run_id"":""qmap154-mod10_176-M4-s2-r0-a3bbf2561a20"",""seed"":2,""status"":""success""}]",[],"{""additive_wall_clock_stages"":[""initial_placement_s"",""problem_preparation_s"",""search_kernel_s"",""result_commit_s"",""routing_s""],""nested_fields_must_not_be_summed"":true,""nested_in_search_kernel"":[""return_match_s"",""forecast_s""],""transition_decision_s"":""reported_stage_not_added_to_full_compile""}"
qmap154,mod5adder_127,f42ebeaf660df39d4e1ffb31f0acaa52f76b35b6cae60b9e161b163b3a0ef143,6,447,239,success,1,1,1/1,1,1,-2.5495934199974566,0.07811341889972387,False,980.0,0.0,431.0,41227.38632175701,11.528730334,f42ebeaf660df39d4e1ffb31f0acaa52f76b35b6cae60b9e161b163b3a0ef143,1413bae2a9c0831f0bd6d12aeef19b2dd2a0fd80a521875463663ce89b8d37cc,-0.9804903269118637,-0.0,-0.23698547823461796,,,,,,11.275001764,0.232958084,,0.0,,0.014175892,,,success,1,1,1/1,1,1,-2.5463332959358693,0.07836849389836191,False,984.0,0.0,418.0,39387.107376110376,0.069304083,f42ebeaf660df39d4e1ffb31f0acaa52f76b35b6cae60b9e161b163b3a0ef143,1413bae2a9c0831f0bd6d12aeef19b2dd2a0fd80a521875463663ce89b8d37cc,-0.9844923282461978,-0.0,-0.22972335283869627,,,,,,,,,,,,,,success,3,3,3/3,3,3,-2.5389701209125692,0.07894766448574253,False,946.0,2.0,443.0,46004.77203711133,5.863641334,f42ebeaf660df39d4e1ffb31f0acaa52f76b35b6cae60b9e161b163b3a0ef143,1413bae2a9c0831f0bd6d12aeef19b2dd2a0fd80a521875463663ce89b8d37cc,-0.9464733155700235,-0.005006260436236954,-0.25145517062251627,0.0,,,,,2.731352875,3.003512166,0.290271034,2.230943081,0.419264377,0.050820112,0.012210566,0.004782128,success,3,3,3/3,3,3,-2.587234957098756,0.07522776076056183,False,668.0,163.0,306.0,31508.961301483414,24.808421917,f42ebeaf660df39d4e1ffb31f0acaa52f76b35b6cae60b9e161b163b3a0ef143,1413bae2a9c0831f0bd6d12aeef19b2dd2a0fd80a521875463663ce89b8d37cc,-0.668334222833801,-0.40801022555331173,-0.17877289386066791,2.24574187506739,,,,,2.746005292,21.991704416,0.324123336,21.186146758,0.416178747,0.026095152,0.009676991,6.970745235,"[{""run_id"":""qmap154-mod5adder_127-M1-s0-r0-9894d2d96243"",""seed"":0,""status"":""success""}]",[],"{""additive_wall_clock_stages"":[""initial_placement_s"",""problem_preparation_s"",""search_kernel_s"",""result_commit_s"",""routing_s""],""nested_fields_must_not_be_summed"":true,""nested_in_search_kernel"":[""return_match_s"",""forecast_s""],""transition_decision_s"":""reported_stage_not_added_to_full_compile""}","[{""run_id"":""qmap154-mod5adder_127-M2-raw-replay-de21ea1191a4"",""seed"":0,""status"":""success""}]",[],"{""additive_wall_clock_stages"":[""initial_placement_s"",""problem_preparation_s"",""search_kernel_s"",""result_commit_s"",""routing_s""],""nested_fields_must_not_be_summed"":true,""nested_in_search_kernel"":[""return_match_s"",""forecast_s""],""transition_decision_s"":""reported_stage_not_added_to_full_compile""}","[{""run_id"":""qmap154-mod5adder_127-M3-s0-r0-fd711bb01383"",""seed"":0,""status"":""success""},{""run_id"":""qmap154-mod5adder_127-M3-s1-r0-8924d534606f"",""seed"":1,""status"":""success""},{""run_id"":""qmap154-mod5adder_127-M3-s2-r0-bfaf95101166"",""seed"":2,""status"":""success""}]",[],"{""additive_wall_clock_stages"":[""initial_placement_s"",""problem_preparation_s"",""search_kernel_s"",""result_commit_s"",""routing_s""],""nested_fields_must_not_be_summed"":true,""nested_in_search_kernel"":[""return_match_s"",""forecast_s""],""transition_decision_s"":""reported_stage_not_added_to_full_compile""}","[{""run_id"":""qmap154-mod5adder_127-M4-s0-r0-f0666b77d15c"",""seed"":0,""status"":""success""},{""run_id"":""qmap154-mod5adder_127-M4-s1-r0-27c47acff51e"",""seed"":1,""status"":""success""},{""run_id"":""qmap154-mod5adder_127-M4-s2-r0-c6da6a284c38"",""seed"":2,""status"":""success""}]",[],"{""additive_wall_clock_stages"":[""initial_placement_s"",""problem_preparation_s"",""search_kernel_s"",""result_commit_s"",""routing_s""],""nested_fields_must_not_be_summed"":true,""nested_in_search_kernel"":[""return_match_s"",""forecast_s""],""transition_decision_s"":""reported_stage_not_added_to_full_compile""}"
qmap154,mod5d1_63,8f646fba050365ee2bd40785201080ab4d94bb85dfd7caae056eb74513b04579,5,21,13,success,1,1,1/1,1,1,-0.14728815277224638,0.8630452527005426,False,64.0,0.0,26.0,3005.76385279476,4.657694083,8f646fba050365ee2bd40785201080ab4d94bb85dfd7caae056eb74513b04579,0f8218e8002dfafc678093a8ccf970fdfbf41f3a39852762bd6f72946c3776b5,-0.0640320213493462,-0.0,-0.01179214252778263,,,,,,4.644484758,0.011731292,,0.0,,0.00094986,,,success,1,1,1/1,1,1,-0.14585782426564778,0.8642805741751188,False,64.0,0.0,24.0,2421.6148766451643,0.005148167,8f646fba050365ee2bd40785201080ab4d94bb85dfd7caae056eb74513b04579,0f8218e8002dfafc678093a8ccf970fdfbf41f3a39852762bd6f72946c3776b5,-0.0640320213493462,-0.0,-0.010361814021184034,,,,,,,,,,,,,,success,3,3,3/3,3,3,-0.1364957269061223,0.8724100481416929,False,54.0,0.0,24.0,2792.0766205172154,1.720170041,8f646fba050365ee2bd40785201080ab4d94bb85dfd7caae056eb74513b04579,0f8218e8002dfafc678093a8ccf970fdfbf41f3a39852762bd6f72946c3776b5,-0.054027018013510855,-0.0,-0.011004719997493879,0.0,,,,,1.527343375,0.170082583,0.014459918,0.105763832,0.018158334,0.001904011,0.00053303,0.00021853,success,3,3,3/3,3,3,-0.13674443709822914,0.8721930978510162,False,38.0,8.0,17.0,1720.0051169291357,2.962425959,8f646fba050365ee2bd40785201080ab4d94bb85dfd7caae056eb74513b04579,0f8218e8002dfafc678093a8ccf970fdfbf41f3a39852762bd6f72946c3776b5,-0.03801901267617431,-0.020025041744947816,-0.007236393781989474,0.05954895876874287,,,,,1.520357458,1.4205815,0.013595708,1.34490175,0.029898833,0.001373529,0.000640563,0.174062338,"[{""run_id"":""qmap154-mod5d1_63-M1-s0-r0-0c16880d5e24"",""seed"":0,""status"":""success""}]",[],"{""additive_wall_clock_stages"":[""initial_placement_s"",""problem_preparation_s"",""search_kernel_s"",""result_commit_s"",""routing_s""],""nested_fields_must_not_be_summed"":true,""nested_in_search_kernel"":[""return_match_s"",""forecast_s""],""transition_decision_s"":""reported_stage_not_added_to_full_compile""}","[{""run_id"":""qmap154-mod5d1_63-M2-raw-replay-e0d7cdf22fd9"",""seed"":0,""status"":""success""}]",[],"{""additive_wall_clock_stages"":[""initial_placement_s"",""problem_preparation_s"",""search_kernel_s"",""result_commit_s"",""routing_s""],""nested_fields_must_not_be_summed"":true,""nested_in_search_kernel"":[""return_match_s"",""forecast_s""],""transition_decision_s"":""reported_stage_not_added_to_full_compile""}","[{""run_id"":""qmap154-mod5d1_63-M3-s0-r0-45adf1990b6b"",""seed"":0,""status"":""success""},{""run_id"":""qmap154-mod5d1_63-M3-s1-r0-fe79db7bbb00"",""seed"":1,""status"":""success""},{""run_id"":""qmap154-mod5d1_63-M3-s2-r0-b5940be47d63"",""seed"":2,""status"":""success""}]",[],"{""additive_wall_clock_stages"":[""initial_placement_s"",""problem_preparation_s"",""search_kernel_s"",""result_commit_s"",""routing_s""],""nested_fields_must_not_be_summed"":true,""nested_in_search_kernel"":[""return_match_s"",""forecast_s""],""transition_decision_s"":""reported_stage_not_added_to_full_compile""}","[{""run_id"":""qmap154-mod5d1_63-M4-s0-r0-07b450747b04"",""seed"":0,""status"":""success""},{""run_id"":""qmap154-mod5d1_63-M4-s1-r0-90f454935375"",""seed"":1,""status"":""success""},{""run_id"":""qmap154-mod5d1_63-M4-s2-r0-cb53fce5d873"",""seed"":2,""status"":""success""}]",[],"{""additive_wall_clock_stages"":[""initial_placement_s"",""problem_preparation_s"",""search_kernel_s"",""result_commit_s"",""routing_s""],""nested_fields_must_not_be_summed"":true,""nested_in_search_kernel"":[""return_match_s"",""forecast_s""],""transition_decision_s"":""reported_stage_not_added_to_full_compile""}"
qmap154,mod5d2_64,2b0c30df2cb02052a00194a2064cbb204e581278c89c93f9dff8bf4741e22dc2,5,44,25,success,1,1,1/1,1,1,-0.2631091265264395,0.7686580117553311,False,104.0,0.0,50.0,4729.997693227506,7.217703292,2b0c30df2cb02052a00194a2064cbb204e581278c89c93f9dff8bf4741e22dc2,aedeca46e171ea9df1fe5d5b17eb8996cebe537acd213a4a847c524654d94aa4,-0.10405203469268758,-0.0,-0.02054156584905705,,,,,,7.189457893,0.025363208,,0.0,,0.001881838,,,success,1,1,1/1,1,1,-0.26357532553857693,0.7682997476672501,False,104.0,0.0,50.0,4765.277491910339,0.008530042,2b0c30df2cb02052a00194a2064cbb204e581278c89c93f9dff8bf4741e22dc2,aedeca46e171ea9df1fe5d5b17eb8996cebe537acd213a4a847c524654d94aa4,-0.10405203469268758,-0.0,-0.021007764861194506,,,,,,,,,,,,,,success,3,3,3/3,3,3,-0.258810081956877,0.771969620082148,False,100.0,0.0,49.0,4629.248471506069,2.371985042,2b0c30df2cb02052a00194a2064cbb204e581278c89c93f9dff8bf4741e22dc2,aedeca46e171ea9df1fe5d5b17eb8996cebe537acd213a4a847c524654d94aa4,-0.10005003335835344,-0.0,-0.02024452261382872,0.0,,,,,2.028798625,0.303373625,0.029728583,0.185603877,0.056076957,0.003631353,0.001259627,0.000572378,success,3,3,3/3,3,3,-0.27048342115087465,0.7630105497281455,False,76.0,16.0,37.0,3773.9983546837734,3.38357075,2b0c30df2cb02052a00194a2064cbb204e581278c89c93f9dff8bf4741e22dc2,aedeca46e171ea9df1fe5d5b17eb8996cebe537acd213a4a847c524654d94aa4,-0.07603802535234862,-0.04005008348989563,-0.015879786323935566,0.18698574096266127,,,,,2.029620833,1.337853625,0.031696627,1.216395458,0.056507334,0.002841473,0.000919938,0.538117395,"[{""run_id"":""qmap154-mod5d2_64-M1-s0-r0-53237ba60e1f"",""seed"":0,""status"":""success""}]",[],"{""additive_wall_clock_stages"":[""initial_placement_s"",""problem_preparation_s"",""search_kernel_s"",""result_commit_s"",""routing_s""],""nested_fields_must_not_be_summed"":true,""nested_in_search_kernel"":[""return_match_s"",""forecast_s""],""transition_decision_s"":""reported_stage_not_added_to_full_compile""}","[{""run_id"":""qmap154-mod5d2_64-M2-raw-replay-346174c4c648"",""seed"":0,""status"":""success""}]",[],"{""additive_wall_clock_stages"":[""initial_placement_s"",""problem_preparation_s"",""search_kernel_s"",""result_commit_s"",""routing_s""],""nested_fields_must_not_be_summed"":true,""nested_in_search_kernel"":[""return_match_s"",""forecast_s""],""transition_decision_s"":""reported_stage_not_added_to_full_compile""}","[{""run_id"":""qmap154-mod5d2_64-M3-s0-r0-b8fa7c6a3ac6"",""seed"":0,""status"":""success""},{""run_id"":""qmap154-mod5d2_64-M3-s1-r0-11e3bee7692a"",""seed"":1,""status"":""success""},{""run_id"":""qmap154-mod5d2_64-M3-s2-r0-d5a0a72f8401"",""seed"":2,""status"":""success""}]",[],"{""additive_wall_clock_stages"":[""initial_placement_s"",""problem_preparation_s"",""search_kernel_s"",""result_commit_s"",""routing_s""],""nested_fields_must_not_be_summed"":true,""nested_in_search_kernel"":[""return_match_s"",""forecast_s""],""transition_decision_s"":""reported_stage_not_added_to_full_compile""}","[{""run_id"":""qmap154-mod5d2_64-M4-s0-r0-ff462fc7e780"",""seed"":0,""status"":""success""},{""run_id"":""qmap154-mod5d2_64-M4-s1-r0-6f81042dfb79"",""seed"":1,""status"":""success""},{""run_id"":""qmap154-mod5d2_64-M4-s2-r0-29424afe66ec"",""seed"":2,""status"":""success""}]",[],"{""additive_wall_clock_stages"":[""initial_placement_s"",""problem_preparation_s"",""search_kernel_s"",""result_commit_s"",""routing_s""],""nested_fields_must_not_be_summed"":true,""nested_in_search_kernel"":[""return_match_s"",""forecast_s""],""transition_decision_s"":""reported_stage_not_added_to_full_compile""}"
qmap154,mod5mils_65,e20660c789713938e6f9c85c8aab18f2cf88dd5e6ecb77cb136fab96c9497ff9,5,30,16,success,1,1,1/1,1,1,-0.17056358807652214,0.84318947112727,False,68.0,0.0,32.0,3101.456533667922,5.440677708,e20660c789713938e6f9c85c8aab18f2cf88dd5e6ecb77cb136fab96c9497ff9,deb8a136f6d1ecbb3851662b1a98e9b67d1a1bd4e28f5ae0729fcb801dd76b3b,-0.06803402268368033,-0.0,-0.01332754594607344,,,,,,5.422675133,0.016197958,,0.0,,0.001069307,,,success,1,1,1/1,1,1,-0.17121840524565085,0.842637516919016,False,68.0,0.0,32.0,3141.365922961744,0.005967042,e20660c789713938e6f9c85c8aab18f2cf88dd5e6ecb77cb136fab96c9497ff9,deb8a136f6d1ecbb3851662b1a98e9b67d1a1bd4e28f5ae0729fcb801dd76b3b,-0.06803402268368033,-0.0,-0.013982363115202168,,,,,,,,,,,,,,success,3,3,3/3,3,3,-0.1663182657293112,0.8467766912973229,False,64.0,0.0,31.0,3016.655150879662,1.904332875,e20660c789713938e6f9c85c8aab18f2cf88dd5e6ecb77cb136fab96c9497ff9,deb8a136f6d1ecbb3851662b1a98e9b67d1a1bd4e28f5ae0729fcb801dd76b3b,-0.0640320213493462,-0.0,-0.01308422493319664,0.0,,,,,1.675637458,0.201619125,0.018382459,0.110915248,0.040560251,0.00225997,0.000769741,0.000361425,success,3,3,3/3,3,3,-0.1722668221832888,0.8417545444165311,False,46.0,11.0,22.0,2204.740082238138,2.481888958,e20660c789713938e6f9c85c8aab18f2cf88dd5e6ecb77cb136fab96c9497ff9,deb8a136f6d1ecbb3851662b1a98e9b67d1a1bd4e28f5ae0729fcb801dd76b3b,-0.04602301534484258,-0.027534432399303248,-0.009507354992374605,0.09675298053596587,,,,,1.673819667,0.785166916,0.033305459,0.69516296,0.024379291,0.001744509,0.000531811,0.259433149,"[{""run_id"":""qmap154-mod5mils_65-M1-s0-r0-f1e85ca56748"",""seed"":0,""status"":""success""}]",[],"{""additive_wall_clock_stages"":[""initial_placement_s"",""problem_preparation_s"",""search_kernel_s"",""result_commit_s"",""routing_s""],""nested_fields_must_not_be_summed"":true,""nested_in_search_kernel"":[""return_match_s"",""forecast_s""],""transition_decision_s"":""reported_stage_not_added_to_full_compile""}","[{""run_id"":""qmap154-mod5mils_65-M2-raw-replay-828fc2c5f5e3"",""seed"":0,""status"":""success""}]",[],"{""additive_wall_clock_stages"":[""initial_placement_s"",""problem_preparation_s"",""search_kernel_s"",""result_commit_s"",""routing_s""],""nested_fields_must_not_be_summed"":true,""nested_in_search_kernel"":[""return_match_s"",""forecast_s""],""transition_decision_s"":""reported_stage_not_added_to_full_compile""}","[{""run_id"":""qmap154-mod5mils_65-M3-s0-r0-cfe313b6abc3"",""seed"":0,""status"":""success""},{""run_id"":""qmap154-mod5mils_65-M3-s1-r0-74fc0baf0d48"",""seed"":1,""status"":""success""},{""run_id"":""qmap154-mod5mils_65-M3-s2-r0-345743dd1f8d"",""seed"":2,""status"":""success""}]",[],"{""additive_wall_clock_stages"":[""initial_placement_s"",""problem_preparation_s"",""search_kernel_s"",""result_commit_s"",""routing_s""],""nested_fields_must_not_be_summed"":true,""nested_in_search_kernel"":[""return_match_s"",""forecast_s""],""transition_decision_s"":""reported_stage_not_added_to_full_compile""}","[{""run_id"":""qmap154-mod5mils_65-M4-s0-r0-74c1fbc503be"",""seed"":0,""status"":""success""},{""run_id"":""qmap154-mod5mils_65-M4-s1-r0-da6963d0f0bc"",""seed"":1,""status"":""success""},{""run_id"":""qmap154-mod5mils_65-M4-s2-r0-444ea09b1df0"",""seed"":2,""status"":""success""}]",[],"{""additive_wall_clock_stages"":[""initial_placement_s"",""problem_preparation_s"",""search_kernel_s"",""result_commit_s"",""routing_s""],""nested_fields_must_not_be_summed"":true,""nested_in_search_kernel"":[""return_match_s"",""forecast_s""],""transition_decision_s"":""reported_stage_not_added_to_full_compile""}"
qmap154,mod8-10_177,29d2d2ba2eb18eb5ab2c49bd53f46992b37b48715ddad032382024339a0ed6c0,6,358,193,success,1,1,1/1,1,1,-2.0609067689877656,0.12733845096995705,False,792.0,0.0,354.0,34228.00686164818,11.656615208,29d2d2ba2eb18eb5ab2c49bd53f46992b37b48715ddad032382024339a0ed6c0,5cf98af98bc591a972ea38b3478c2fbce51b8500d9cbe075935cc6a7b7e8fe53,-0.7923962641981592,-0.0,-0.19367381962284588,,,,,,11.438441992,0.201235167,,0.0,,0.011521578,,,success,1,1,1/1,1,1,-2.0561838157251153,0.1279412869850028,False,792.0,0.0,348.0,32928.32334643097,0.057793333,29d2d2ba2eb18eb5ab2c49bd53f46992b37b48715ddad032382024339a0ed6c0,5cf98af98bc591a972ea38b3478c2fbce51b8500d9cbe075935cc6a7b7e8fe53,-0.7923962641981592,-0.0,-0.18895086636019537,,,,,,,,,,,,,,success,3,3,3/3,3,3,-2.045866987291823,0.12926806760820486,False,766.0,5.0,360.0,35916.51991250397,5.404217584,29d2d2ba2eb18eb5ab2c49bd53f46992b37b48715ddad032382024339a0ed6c0,5cf98af98bc591a972ea38b3478c2fbce51b8500d9cbe075935cc6a7b7e8fe53,-0.7663832555249873,-0.012515651090592385,-0.19440175116524835,0.0,,,,,2.754078417,2.595433125,0.239982628,1.981167584,0.361256634,0.028147221,0.010372896,0.003955801,success,3,3,3/3,3,3,-2.0838642724298504,0.12444837939013145,False,538.0,131.0,253.0,25880.309826987108,19.115998709,29d2d2ba2eb18eb5ab2c49bd53f46992b37b48715ddad032382024339a0ed6c0,5cf98af98bc591a972ea38b3478c2fbce51b8500d9cbe075935cc6a7b7e8fe53,-0.5382691794679415,-0.32791005857352046,-0.1428483492216277,1.7525257189348775,,,,,2.746246583,16.299831792,0.246695203,15.641170121,0.350506425,0.020508051,0.007501686,5.165014156,"[{""run_id"":""qmap154-mod8-10_177-M1-s0-r0-cb91068b9f38"",""seed"":0,""status"":""success""}]",[],"{""additive_wall_clock_stages"":[""initial_placement_s"",""problem_preparation_s"",""search_kernel_s"",""result_commit_s"",""routing_s""],""nested_fields_must_not_be_summed"":true,""nested_in_search_kernel"":[""return_match_s"",""forecast_s""],""transition_decision_s"":""reported_stage_not_added_to_full_compile""}","[{""run_id"":""qmap154-mod8-10_177-M2-raw-replay-81d96edc1edf"",""seed"":0,""status"":""success""}]",[],"{""additive_wall_clock_stages"":[""initial_placement_s"",""problem_preparation_s"",""search_kernel_s"",""result_commit_s"",""routing_s""],""nested_fields_must_not_be_summed"":true,""nested_in_search_kernel"":[""return_match_s"",""forecast_s""],""transition_decision_s"":""reported_stage_not_added_to_full_compile""}","[{""run_id"":""qmap154-mod8-10_177-M3-s0-r0-299f5ba50384"",""seed"":0,""status"":""success""},{""run_id"":""qmap154-mod8-10_177-M3-s1-r0-fb10a805585c"",""seed"":1,""status"":""success""},{""run_id"":""qmap154-mod8-10_177-M3-s2-r0-c70bf30b28a0"",""seed"":2,""status"":""success""}]",[],"{""additive_wall_clock_stages"":[""initial_placement_s"",""problem_preparation_s"",""search_kernel_s"",""result_commit_s"",""routing_s""],""nested_fields_must_not_be_summed"":true,""nested_in_search_kernel"":[""return_match_s"",""forecast_s""],""transition_decision_s"":""reported_stage_not_added_to_full_compile""}","[{""run_id"":""qmap154-mod8-10_177-M4-s0-r0-45a6c77a384b"",""seed"":0,""status"":""success""},{""run_id"":""qmap154-mod8-10_177-M4-s1-r0-ab434c2ddace"",""seed"":1,""status"":""success""},{""run_id"":""qmap154-mod8-10_177-M4-s2-r0-378f177b1456"",""seed"":2,""status"":""success""}]",[],"{""additive_wall_clock_stages"":[""initial_placement_s"",""problem_preparation_s"",""search_kernel_s"",""result_commit_s"",""routing_s""],""nested_fields_must_not_be_summed"":true,""nested_in_search_kernel"":[""return_match_s"",""forecast_s""],""transition_decision_s"":""reported_stage_not_added_to_full_compile""}"
qmap154,mod8-10_178,c8416c44c0070c3fb15d442644a2d57645ab8eacb8876b7384d5baca60842315,6,284,152,success,1,1,1/1,1,1,-1.62663040803199,0.19659089040346633,False,628.0,0.0,280.0,26558.98264681625,9.925188083,c8416c44c0070c3fb15d442644a2d57645ab8eacb8876b7384d5baca60842315,9ce38494d2242bcb2e736d9594fcba93105042a4bc4e1e212dec439bb29670fd,-0.6283142094904596,-0.0,-0.15119705880623308,,,,,,9.75683403,0.154438125,,0.0,,0.009320974,,,success,1,1,1/1,1,1,-1.6284978751508503,0.19622410596530407,False,632.0,0.0,274.0,26048.54445409233,0.047086375,c8416c44c0070c3fb15d442644a2d57645ab8eacb8876b7384d5baca60842315,9ce38494d2242bcb2e736d9594fcba93105042a4bc4e1e212dec439bb29670fd,-0.6323162108247937,-0.0,-0.14906252459075917,,,,,,,,,,,,,,success,3,3,3/3,3,3,-1.6160702742407609,0.19867791675222432,False,604.0,3.0,279.0,29018.61598493756,4.505109334,c8416c44c0070c3fb15d442644a2d57645ab8eacb8876b7384d5baca60842315,9ce38494d2242bcb2e736d9594fcba93105042a4bc4e1e212dec439bb29670fd,-0.6043022014844548,-0.00750939065435543,-0.1571395423666532,0.0,,,,,2.467139,1.939253792,0.198125794,1.407392747,0.27574225,0.022149086,0.008395639,0.00301935,success,3,3,3/3,3,3,-1.6443594139810154,0.19313624355282896,False,422.0,103.0,197.0,20984.549331296996,17.106489125,c8416c44c0070c3fb15d442644a2d57645ab8eacb8876b7384d5baca60842315,9ce38494d2242bcb2e736d9594fcba93105042a4bc4e1e212dec439bb29670fd,-0.4222111407722515,-0.25782241246620313,-0.11720672100726327,1.392167693878241,,,,,2.4749495,14.575384084,0.204879458,14.055494507,0.270185667,0.017195225,0.006648308,4.136085554,"[{""run_id"":""qmap154-mod8-10_178-M1-s0-r0-66c29ca937b6"",""seed"":0,""status"":""success""}]",[],"{""additive_wall_clock_stages"":[""initial_placement_s"",""problem_preparation_s"",""search_kernel_s"",""result_commit_s"",""routing_s""],""nested_fields_must_not_be_summed"":true,""nested_in_search_kernel"":[""return_match_s"",""forecast_s""],""transition_decision_s"":""reported_stage_not_added_to_full_compile""}","[{""run_id"":""qmap154-mod8-10_178-M2-raw-replay-01235f31b587"",""seed"":0,""status"":""success""}]",[],"{""additive_wall_clock_stages"":[""initial_placement_s"",""problem_preparation_s"",""search_kernel_s"",""result_commit_s"",""routing_s""],""nested_fields_must_not_be_summed"":true,""nested_in_search_kernel"":[""return_match_s"",""forecast_s""],""transition_decision_s"":""reported_stage_not_added_to_full_compile""}","[{""run_id"":""qmap154-mod8-10_178-M3-s0-r0-9ead4bba6fbe"",""seed"":0,""status"":""success""},{""run_id"":""qmap154-mod8-10_178-M3-s1-r0-5b3f7348e482"",""seed"":1,""status"":""success""},{""run_id"":""qmap154-mod8-10_178-M3-s2-r0-f9b6228d6819"",""seed"":2,""status"":""success""}]",[],"{""additive_wall_clock_stages"":[""initial_placement_s"",""problem_preparation_s"",""search_kernel_s"",""result_commit_s"",""routing_s""],""nested_fields_must_not_be_summed"":true,""nested_in_search_kernel"":[""return_match_s"",""forecast_s""],""transition_decision_s"":""reported_stage_not_added_to_full_compile""}","[{""run_id"":""qmap154-mod8-10_178-M4-s0-r0-bae116cdc477"",""seed"":0,""status"":""success""},{""run_id"":""qmap154-mod8-10_178-M4-s1-r0-6246ba7e739c"",""seed"":1,""status"":""success""},{""run_id"":""qmap154-mod8-10_178-M4-s2-r0-bdb0cb7901c1"",""seed"":2,""status"":""success""}]",[],"{""additive_wall_clock_stages"":[""initial_placement_s"",""problem_preparation_s"",""search_kernel_s"",""result_commit_s"",""routing_s""],""nested_fields_must_not_be_summed"":true,""nested_in_search_kernel"":[""return_match_s"",""forecast_s""],""transition_decision_s"":""reported_stage_not_added_to_full_compile""}"
qmap154,one-two-three-v0_97,6bc06c9ebf9b722cea0f989fdc71fc87334708b05c6828266ddb11ced211db99,5,238,128,success,1,1,1/1,1,1,-1.3517853274753868,0.2587778447905249,False,536.0,0.0,237.0,22329.19400301642,9.036644375,6bc06c9ebf9b722cea0f989fdc71fc87334708b05c6828266ddb11ced211db99,f56b842710ceff67098b3c465e6bb2af7010e2e7cfcfd194e57c0002ff1f0792,-0.5362681788007744,-0.0,-0.10250108311846956,,,,,,8.897049189,0.128195417,,0.0,,0.00762558,,,success,1,1,1/1,1,1,-1.3520487419024552,0.2587096879499431,False,536.0,0.0,236.0,22198.261669218064,0.038948625,6bc06c9ebf9b722cea0f989fdc71fc87334708b05c6828266ddb11ced211db99,f56b842710ceff67098b3c465e6bb2af7010e2e7cfcfd194e57c0002ff1f0792,-0.5362681788007744,-0.0,-0.10276449754553789,,,,,,,,,,,,,,success,3,3,3/3,3,3,-1.3433090889553985,0.260980630004559,False,516.0,2.0,239.0,24312.6912670554,4.04145825,6bc06c9ebf9b722cea0f989fdc71fc87334708b05c6828266ddb11ced211db99,f56b842710ceff67098b3c465e6bb2af7010e2e7cfcfd194e57c0002ff1f0792,-0.5162581721291037,-0.005006260436236954,-0.10675619797581239,0.0,,,,,2.3440455,1.6209235,0.167556622,1.19352984,0.2211655,0.030347109,0.007080209,0.002641491,success,3,3,3/3,3,3,-1.3695122357859086,0.2542309340669295,False,358.0,88.0,167.0,16744.080530251096,13.208322167,6bc06c9ebf9b722cea0f989fdc71fc87334708b05c6828266ddb11ced211db99,f56b842710ceff67098b3c465e6bb2af7010e2e7cfcfd194e57c0002ff1f0792,-0.3581791194229053,-0.22027545919442598,-0.07804159161243449,1.1137386676531489,,,,,2.328893084,10.832690167,0.167295875,10.42344766,0.204162792,0.013374329,0.005781614,3.246322352,"[{""run_id"":""qmap154-one-two-three-v0_97-M1-s0-r0-654908232bc3"",""seed"":0,""status"":""success""}]",[],"{""additive_wall_clock_stages"":[""initial_placement_s"",""problem_preparation_s"",""search_kernel_s"",""result_commit_s"",""routing_s""],""nested_fields_must_not_be_summed"":true,""nested_in_search_kernel"":[""return_match_s"",""forecast_s""],""transition_decision_s"":""reported_stage_not_added_to_full_compile""}","[{""run_id"":""qmap154-one-two-three-v0_97-M2-raw-replay-7caa413c475f"",""seed"":0,""status"":""success""}]",[],"{""additive_wall_clock_stages"":[""initial_placement_s"",""problem_preparation_s"",""search_kernel_s"",""result_commit_s"",""routing_s""],""nested_fields_must_not_be_summed"":true,""nested_in_search_kernel"":[""return_match_s"",""forecast_s""],""transition_decision_s"":""reported_stage_not_added_to_full_compile""}","[{""run_id"":""qmap154-one-two-three-v0_97-M3-s0-r0-ccbdb539747a"",""seed"":0,""status"":""success""},{""run_id"":""qmap154-one-two-three-v0_97-M3-s1-r0-0aa7ec84ea9b"",""seed"":1,""status"":""success""},{""run_id"":""qmap154-one-two-three-v0_97-M3-s2-r0-902f022e9b7c"",""seed"":2,""status"":""success""}]",[],"{""additive_wall_clock_stages"":[""initial_placement_s"",""problem_preparation_s"",""search_kernel_s"",""result_commit_s"",""routing_s""],""nested_fields_must_not_be_summed"":true,""nested_in_search_kernel"":[""return_match_s"",""forecast_s""],""transition_decision_s"":""reported_stage_not_added_to_full_compile""}","[{""run_id"":""qmap154-one-two-three-v0_97-M4-s0-r0-edba514907c8"",""seed"":0,""status"":""success""},{""run_id"":""qmap154-one-two-three-v0_97-M4-s1-r0-4b53e6f899f0"",""seed"":1,""status"":""success""},{""run_id"":""qmap154-one-two-three-v0_97-M4-s2-r0-ae92dec680da"",""seed"":2,""status"":""success""}]",[],"{""additive_wall_clock_stages"":[""initial_placement_s"",""problem_preparation_s"",""search_kernel_s"",""result_commit_s"",""routing_s""],""nested_fields_must_not_be_summed"":true,""nested_in_search_kernel"":[""return_match_s"",""forecast_s""],""transition_decision_s"":""reported_stage_not_added_to_full_compile""}"
qmap154,one-two-three-v0_98,0a0d73bbac4f2706db89eac74c34669b900537059d81b0bf2094c7f97d0304a3,5,121,65,success,1,1,1/1,1,1,-0.6795145219110669,0.5068630035265466,False,264.0,0.0,119.0,11744.198106370073,8.974952208,0a0d73bbac4f2706db89eac74c34669b900537059d81b0bf2094c7f97d0304a3,128c0e0254d94ccdab6a6be9b32d52c30f48fa533fba3a2d07807d9a236876fd,-0.2641320880660531,-0.0,-0.053261769225394134,,,,,,8.901346207,0.067800875,,0.0,,0.003789663,,,success,1,1,1/1,1,1,-0.681561242821366,0.5058266573360579,False,268.0,0.0,117.0,11071.714919558008,0.019149,0a0d73bbac4f2706db89eac74c34669b900537059d81b0bf2094c7f97d0304a3,128c0e0254d94ccdab6a6be9b32d52c30f48fa533fba3a2d07807d9a236876fd,-0.2681340894003872,-0.0,-0.05130648880135913,,,,,,,,,,,,,,success,3,3,3/3,3,3,-0.6682007764229019,0.5126300846741665,False,252.0,1.0,118.0,11487.926109074093,3.082393916,0a0d73bbac4f2706db89eac74c34669b900537059d81b0bf2094c7f97d0304a3,128c0e0254d94ccdab6a6be9b32d52c30f48fa533fba3a2d07807d9a236876fd,-0.25212608406305065,-0.002503130218118477,-0.05148065303490707,0.0,,,,,2.30558175,0.740379583,0.090574917,0.50878979,0.10725292,0.00894022,0.003335757,0.001295993,success,3,3,3/3,3,3,-0.6917951004634999,0.5006764972844197,False,184.0,43.0,84.0,8282.482348399653,7.0249635,0a0d73bbac4f2706db89eac74c34669b900537059d81b0bf2094c7f97d0304a3,128c0e0254d94ccdab6a6be9b32d52c30f48fa533fba3a2d07807d9a236876fd,-0.18409206137937031,-0.1076345993790945,-0.03794777508541536,0.5345300113179379,,,,,2.304831375,4.680700833,0.092410043,4.451218338,0.102632627,0.006981611,0.002684191,1.553944418,"[{""run_id"":""qmap154-one-two-three-v0_98-M1-s0-r0-31750f6aa9f1"",""seed"":0,""status"":""success""}]",[],"{""additive_wall_clock_stages"":[""initial_placement_s"",""problem_preparation_s"",""search_kernel_s"",""result_commit_s"",""routing_s""],""nested_fields_must_not_be_summed"":true,""nested_in_search_kernel"":[""return_match_s"",""forecast_s""],""transition_decision_s"":""reported_stage_not_added_to_full_compile""}","[{""run_id"":""qmap154-one-two-three-v0_98-M2-raw-replay-168576c9a830"",""seed"":0,""status"":""success""}]",[],"{""additive_wall_clock_stages"":[""initial_placement_s"",""problem_preparation_s"",""search_kernel_s"",""result_commit_s"",""routing_s""],""nested_fields_must_not_be_summed"":true,""nested_in_search_kernel"":[""return_match_s"",""forecast_s""],""transition_decision_s"":""reported_stage_not_added_to_full_compile""}","[{""run_id"":""qmap154-one-two-three-v0_98-M3-s0-r0-7f36ebedb133"",""seed"":0,""status"":""success""},{""run_id"":""qmap154-one-two-three-v0_98-M3-s1-r0-3888b580770c"",""seed"":1,""status"":""success""},{""run_id"":""qmap154-one-two-three-v0_98-M3-s2-r0-ed8f4530fd30"",""seed"":2,""status"":""success""}]",[],"{""additive_wall_clock_stages"":[""initial_placement_s"",""problem_preparation_s"",""search_kernel_s"",""result_commit_s"",""routing_s""],""nested_fields_must_not_be_summed"":true,""nested_in_search_kernel"":[""return_match_s"",""forecast_s""],""transition_decision_s"":""reported_stage_not_added_to_full_compile""}","[{""run_id"":""qmap154-one-two-three-v0_98-M4-s0-r0-7421e7a5cd66"",""seed"":0,""status"":""success""},{""run_id"":""qmap154-one-two-three-v0_98-M4-s1-r0-5084877779e0"",""seed"":1,""status"":""success""},{""run_id"":""qmap154-one-two-three-v0_98-M4-s2-r0-ea9575167ae9"",""seed"":2,""status"":""success""}]",[],"{""additive_wall_clock_stages"":[""initial_placement_s"",""problem_preparation_s"",""search_kernel_s"",""result_commit_s"",""routing_s""],""nested_fields_must_not_be_summed"":true,""nested_in_search_kernel"":[""return_match_s"",""forecast_s""],""transition_decision_s"":""reported_stage_not_added_to_full_compile""}"
qmap154,one-two-three-v1_99,4ea7a43cd39b6fc7c5ba77d77c7ebf00dd92b539d2c56d977ff9bee8952fdd66,5,109,59,success,1,1,1/1,1,1,-0.6208980935203459,0.5374615300614861,False,244.0,0.0,115.0,10771.398072509075,8.057087041,4ea7a43cd39b6fc7c5ba77d77c7ebf00dd92b539d2c56d977ff9bee8952fdd66,597f9522870f88fabcb745b4b5d1d9cc0d8b4bdc8a169f40dbaac20cc9e9957e,-0.24412208139438238,-0.0,-0.04833113855563334,,,,,,7.992866755,0.058734583,,0.0,,0.003556252,,,success,1,1,1/1,1,1,-0.6207588073688484,0.5375363962233751,False,244.0,0.0,113.0,10574.013617029783,0.01985725,4ea7a43cd39b6fc7c5ba77d77c7ebf00dd92b539d2c56d977ff9bee8952fdd66,597f9522870f88fabcb745b4b5d1d9cc0d8b4bdc8a169f40dbaac20cc9e9957e,-0.24412208139438238,-0.0,-0.04819185240413589,,,,,,,,,,,,,,success,3,3,3/3,3,3,-0.619949453529927,0.5379716294743113,False,238.0,1.0,115.0,11120.990274893451,2.984258709,4ea7a43cd39b6fc7c5ba77d77c7ebf00dd92b539d2c56d977ff9bee8952fdd66,597f9522870f88fabcb745b4b5d1d9cc0d8b4bdc8a169f40dbaac20cc9e9957e,-0.23811907939288118,-0.002503130218118477,-0.048881369681430156,0.0,,,,,2.149859666,0.771532209,0.0689455,0.56935096,0.099086288,0.008281231,0.003100074,0.00128903,success,3,3,3/3,3,3,-0.6384487364940528,0.5281110283087319,False,168.0,42.0,79.0,8250.223639521217,6.829196625,4ea7a43cd39b6fc7c5ba77d77c7ebf00dd92b539d2c56d977ff9bee8952fdd66,597f9522870f88fabcb745b4b5d1d9cc0d8b4bdc8a169f40dbaac20cc9e9957e,-0.16808405604203377,-0.10513146916097603,-0.03678833772071291,0.47909532152292766,,,,,2.132808042,4.65037475,0.076592667,4.434350998,0.100299042,0.006283998,0.002438708,1.378716934,"[{""run_id"":""qmap154-one-two-three-v1_99-M1-s0-r0-76a5a5f76e01"",""seed"":0,""status"":""success""}]",[],"{""additive_wall_clock_stages"":[""initial_placement_s"",""problem_preparation_s"",""search_kernel_s"",""result_commit_s"",""routing_s""],""nested_fields_must_not_be_summed"":true,""nested_in_search_kernel"":[""return_match_s"",""forecast_s""],""transition_decision_s"":""reported_stage_not_added_to_full_compile""}","[{""run_id"":""qmap154-one-two-three-v1_99-M2-raw-replay-8b35504049ad"",""seed"":0,""status"":""success""}]",[],"{""additive_wall_clock_stages"":[""initial_placement_s"",""problem_preparation_s"",""search_kernel_s"",""result_commit_s"",""routing_s""],""nested_fields_must_not_be_summed"":true,""nested_in_search_kernel"":[""return_match_s"",""forecast_s""],""transition_decision_s"":""reported_stage_not_added_to_full_compile""}","[{""run_id"":""qmap154-one-two-three-v1_99-M3-s0-r0-c8fdedd86f73"",""seed"":0,""status"":""success""},{""run_id"":""qmap154-one-two-three-v1_99-M3-s1-r0-863a109bc05e"",""seed"":1,""status"":""success""},{""run_id"":""qmap154-one-two-three-v1_99-M3-s2-r0-6202952929ca"",""seed"":2,""status"":""success""}]",[],"{""additive_wall_clock_stages"":[""initial_placement_s"",""problem_preparation_s"",""search_kernel_s"",""result_commit_s"",""routing_s""],""nested_fields_must_not_be_summed"":true,""nested_in_search_kernel"":[""return_match_s"",""forecast_s""],""transition_decision_s"":""reported_stage_not_added_to_full_compile""}","[{""run_id"":""qmap154-one-two-three-v1_99-M4-s0-r0-682b8a33cef2"",""seed"":0,""status"":""success""},{""run_id"":""qmap154-one-two-three-v1_99-M4-s1-r0-1b03297e7247"",""seed"":1,""status"":""success""},{""run_id"":""qmap154-one-two-three-v1_99-M4-s2-r0-15acd165c787"",""seed"":2,""status"":""success""}]",[],"{""additive_wall_clock_stages"":[""initial_placement_s"",""problem_preparation_s"",""search_kernel_s"",""result_commit_s"",""routing_s""],""nested_fields_must_not_be_summed"":true,""nested_in_search_kernel"":[""return_match_s"",""forecast_s""],""transition_decision_s"":""reported_stage_not_added_to_full_compile""}"
qmap154,one-two-three-v2_100,e73d2832157ee147f3cbb3f3ebebd285b8fda1cbf0b6e8f4627f21cf488be333,5,57,32,success,1,1,1/1,1,1,-0.34500147469299014,0.7082193090609793,False,140.0,0.0,62.0,6547.55138544528,6.333073333,e73d2832157ee147f3cbb3f3ebebd285b8fda1cbf0b6e8f4627f21cf488be333,bfdd9a482213e2d32bf8366d6a8cd8b56a177c23f924a551915dcda46029efa3,-0.14007004670169482,-0.0,-0.027427524124764565,,,,,,6.298897982,0.030882292,,0.0,,0.002206564,,,success,1,1,1/1,1,1,-0.34326414971697333,0.7094507855828208,False,140.0,0.0,59.0,5730.218596084863,0.010661208,e73d2832157ee147f3cbb3f3ebebd285b8fda1cbf0b6e8f4627f21cf488be333,bfdd9a482213e2d32bf8366d6a8cd8b56a177c23f924a551915dcda46029efa3,-0.14007004670169482,-0.0,-0.02569019914874776,,,,,,,,,,,,,,success,3,3,3/3,3,3,-0.3395101697940012,0.7121190547691949,False,132.0,1.0,60.0,6787.490501390953,2.3167885,e73d2832157ee147f3cbb3f3ebebd285b8fda1cbf0b6e8f4627f21cf488be333,bfdd9a482213e2d32bf8366d6a8cd8b56a177c23f924a551915dcda46029efa3,-0.13206604403302655,-0.002503130218118477,-0.027437091676325475,0.0,,,,,1.881387,0.408011667,0.037521543,0.283548665,0.053541794,0.004752159,0.001735468,0.000633168,success,3,3,3/3,3,3,-0.3431814239233905,0.7095094778897164,False,92.0,22.0,43.0,4276.574971269481,5.342229083,e73d2832157ee147f3cbb3f3ebebd285b8fda1cbf0b6e8f4627f21cf488be333,bfdd9a482213e2d32bf8366d6a8cd8b56a177c23f924a551915dcda46029efa3,-0.09204603068968516,-0.055068864798606496,-0.01856262456856813,0.24411301703635127,,,,,1.897744709,3.480670167,0.038131791,3.361518624,0.048831671,0.003401995,0.001690691,0.703940525,"[{""run_id"":""qmap154-one-two-three-v2_100-M1-s0-r0-2cfcd86c1ee9"",""seed"":0,""status"":""success""}]",[],"{""additive_wall_clock_stages"":[""initial_placement_s"",""problem_preparation_s"",""search_kernel_s"",""result_commit_s"",""routing_s""],""nested_fields_must_not_be_summed"":true,""nested_in_search_kernel"":[""return_match_s"",""forecast_s""],""transition_decision_s"":""reported_stage_not_added_to_full_compile""}","[{""run_id"":""qmap154-one-two-three-v2_100-M2-raw-replay-b8fdf1cf0864"",""seed"":0,""status"":""success""}]",[],"{""additive_wall_clock_stages"":[""initial_placement_s"",""problem_preparation_s"",""search_kernel_s"",""result_commit_s"",""routing_s""],""nested_fields_must_not_be_summed"":true,""nested_in_search_kernel"":[""return_match_s"",""forecast_s""],""transition_decision_s"":""reported_stage_not_added_to_full_compile""}","[{""run_id"":""qmap154-one-two-three-v2_100-M3-s0-r0-3a9a54523f32"",""seed"":0,""status"":""success""},{""run_id"":""qmap154-one-two-three-v2_100-M3-s1-r0-52db8f661507"",""seed"":1,""status"":""success""},{""run_id"":""qmap154-one-two-three-v2_100-M3-s2-r0-5b533e98bd7c"",""seed"":2,""status"":""success""}]",[],"{""additive_wall_clock_stages"":[""initial_placement_s"",""problem_preparation_s"",""search_kernel_s"",""result_commit_s"",""routing_s""],""nested_fields_must_not_be_summed"":true,""nested_in_search_kernel"":[""return_match_s"",""forecast_s""],""transition_decision_s"":""reported_stage_not_added_to_full_compile""}","[{""run_id"":""qmap154-one-two-three-v2_100-M4-s0-r0-5d604ef21e52"",""seed"":0,""status"":""success""},{""run_id"":""qmap154-one-two-three-v2_100-M4-s1-r0-506d377c3628"",""seed"":1,""status"":""success""},{""run_id"":""qmap154-one-two-three-v2_100-M4-s2-r0-174fa85f4014"",""seed"":2,""status"":""success""}]",[],"{""additive_wall_clock_stages"":[""initial_placement_s"",""problem_preparation_s"",""search_kernel_s"",""result_commit_s"",""routing_s""],""nested_fields_must_not_be_summed"":true,""nested_in_search_kernel"":[""return_match_s"",""forecast_s""],""transition_decision_s"":""reported_stage_not_added_to_full_compile""}"
qmap154,one-two-three-v3_101,46faae924ea2fb39bd42153545d56bde36cb7d2fb617493a033ea462bb80dfac,5,57,32,success,1,1,1/1,1,1,-0.3521562164134087,0.7031702666588894,False,144.0,0.0,64.0,7357.0265444221,7.149468209,46faae924ea2fb39bd42153545d56bde36cb7d2fb617493a033ea462bb80dfac,1bb986199ab7b5ca8fcf89dc5539b8b66c4c411715da7791c1e2bc976665bc76,-0.14407204803602894,-0.0,-0.03058026451084904,,,,,,7.11496377,0.031053792,,0.0,,0.00224328,,,success,1,1,1/1,1,1,-0.3471079630879837,0.7067290234910306,False,144.0,0.0,59.0,5695.024833728676,0.010390917,46faae924ea2fb39bd42153545d56bde36cb7d2fb617493a033ea462bb80dfac,1bb986199ab7b5ca8fcf89dc5539b8b66c4c411715da7791c1e2bc976665bc76,-0.14407204803602894,-0.0,-0.025532011185424006,,,,,,,,,,,,,,success,3,3,3/3,3,3,-0.34059060395122764,0.7113500725105649,False,134.0,1.0,62.0,6723.409312553951,2.461048875,46faae924ea2fb39bd42153545d56bde36cb7d2fb617493a033ea462bb80dfac,1bb986199ab7b5ca8fcf89dc5539b8b66c4c411715da7791c1e2bc976665bc76,-0.1340670447001936,-0.002503130218118477,-0.027752130831111298,0.0,,,,,2.012947125,0.419238667,0.038199418,0.296261914,0.053110836,0.00497961,0.00173261,0.000637377,success,3,3,3/3,3,3,-0.3439994837768589,0.7089292940151233,False,90.0,23.0,42.0,4066.2028338779382,5.536319958,46faae924ea2fb39bd42153545d56bde36cb7d2fb617493a033ea462bb80dfac,1bb986199ab7b5ca8fcf89dc5539b8b66c4c411715da7791c1e2bc976665bc76,-0.0900450300225181,-0.05757199501672497,-0.018878554871085085,0.2337104826026991,,,,,2.027363958,3.481994333,0.036245419,3.365127165,0.048024666,0.003694296,0.00175024,0.693175241,"[{""run_id"":""qmap154-one-two-three-v3_101-M1-s0-r0-5f65a8067120"",""seed"":0,""status"":""success""}]",[],"{""additive_wall_clock_stages"":[""initial_placement_s"",""problem_preparation_s"",""search_kernel_s"",""result_commit_s"",""routing_s""],""nested_fields_must_not_be_summed"":true,""nested_in_search_kernel"":[""return_match_s"",""forecast_s""],""transition_decision_s"":""reported_stage_not_added_to_full_compile""}","[{""run_id"":""qmap154-one-two-three-v3_101-M2-raw-replay-9663b7708aed"",""seed"":0,""status"":""success""}]",[],"{""additive_wall_clock_stages"":[""initial_placement_s"",""problem_preparation_s"",""search_kernel_s"",""result_commit_s"",""routing_s""],""nested_fields_must_not_be_summed"":true,""nested_in_search_kernel"":[""return_match_s"",""forecast_s""],""transition_decision_s"":""reported_stage_not_added_to_full_compile""}","[{""run_id"":""qmap154-one-two-three-v3_101-M3-s0-r0-a9494d8b38b0"",""seed"":0,""status"":""success""},{""run_id"":""qmap154-one-two-three-v3_101-M3-s1-r0-37b23393af22"",""seed"":1,""status"":""success""},{""run_id"":""qmap154-one-two-three-v3_101-M3-s2-r0-557aaccf7a8a"",""seed"":2,""status"":""success""}]",[],"{""additive_wall_clock_stages"":[""initial_placement_s"",""problem_preparation_s"",""search_kernel_s"",""result_commit_s"",""routing_s""],""nested_fields_must_not_be_summed"":true,""nested_in_search_kernel"":[""return_match_s"",""forecast_s""],""transition_decision_s"":""reported_stage_not_added_to_full_compile""}","[{""run_id"":""qmap154-one-two-three-v3_101-M4-s0-r0-1822981feb1c"",""seed"":0,""status"":""success""},{""run_id"":""qmap154-one-two-three-v3_101-M4-s1-r0-1d0bc47251ca"",""seed"":1,""status"":""success""},{""run_id"":""qmap154-one-two-three-v3_101-M4-s2-r0-dbdcb23719f9"",""seed"":2,""status"":""success""}]",[],"{""additive_wall_clock_stages"":[""initial_placement_s"",""problem_preparation_s"",""search_kernel_s"",""result_commit_s"",""routing_s""],""nested_fields_must_not_be_summed"":true,""nested_in_search_kernel"":[""return_match_s"",""forecast_s""],""transition_decision_s"":""reported_stage_not_added_to_full_compile""}"
qmap154,plus63mod4096_163,b808153d3b91e8ede62618c77815e00a84c28c8cbfd9940412cd60a74686cfc3,13,104588,56317,verifier_fail,0,1,0/1,0,1,,,False,,,,,,b808153d3b91e8ede62618c77815e00a84c28c8cbfd9940412cd60a74686cfc3,82be7141c3e83cabed4ef0d9e07a5dd76d40cf9b22819be650b6422add8ec3d6,,,,,,,,,,,,,,,,,success,1,1,1/1,0,1,,,True,232632.0,0.0,100484.0,9770400.482385343,15.795182708,b808153d3b91e8ede62618c77815e00a84c28c8cbfd9940412cd60a74686cfc3,82be7141c3e83cabed4ef0d9e07a5dd76d40cf9b22819be650b6422add8ec3d6,,,,,,,,,,,,,,,,,success,3,3,3/3,0,3,,,True,222118.0,7777.0,101621.0,10385387.50577387,210.797209541,b808153d3b91e8ede62618c77815e00a84c28c8cbfd9940412cd60a74686cfc3,82be7141c3e83cabed4ef0d9e07a5dd76d40cf9b22819be650b6422add8ec3d6,,,,0.0,,,,,6.222029167,185.489307125,10.770715156,154.048858269,18.109856749,12.233834743,1.217748849,0.036945872,success,3,3,3/3,0,3,,,True,170844.0,39104.0,76811.0,7899085.404483384,182.991375417,b808153d3b91e8ede62618c77815e00a84c28c8cbfd9940412cd60a74686cfc3,82be7141c3e83cabed4ef0d9e07a5dd76d40cf9b22819be650b6422add8ec3d6,,,,432.3194957465022,,,,,6.116321625,161.055807083,7.779470392,134.58616004,16.872164165,10.010537624,0.728652166,3.026640718,"[{""run_id"":""qmap154-plus63mod4096_163-M1-s0-r0-318d85dc6062"",""seed"":0,""status"":""verifier_fail""}]",[],"{""additive_wall_clock_stages"":[""initial_placement_s"",""problem_preparation_s"",""search_kernel_s"",""result_commit_s"",""routing_s""],""nested_fields_must_not_be_summed"":true,""nested_in_search_kernel"":[""return_match_s"",""forecast_s""],""transition_decision_s"":""reported_stage_not_added_to_full_compile""}","[{""run_id"":""qmap154-plus63mod4096_163-M2-raw-replay-c5250e100db3"",""seed"":0,""status"":""success""}]",[],"{""additive_wall_clock_stages"":[""initial_placement_s"",""problem_preparation_s"",""search_kernel_s"",""result_commit_s"",""routing_s""],""nested_fields_must_not_be_summed"":true,""nested_in_search_kernel"":[""return_match_s"",""forecast_s""],""transition_decision_s"":""reported_stage_not_added_to_full_compile""}","[{""run_id"":""qmap154-plus63mod4096_163-M3-s0-r0-4448e9c02b8f"",""seed"":0,""status"":""success""},{""run_id"":""qmap154-plus63mod4096_163-M3-s1-r0-79bef7511563"",""seed"":1,""status"":""success""},{""run_id"":""qmap154-plus63mod4096_163-M3-s2-r0-1317ce722bff"",""seed"":2,""status"":""success""}]",[],"{""additive_wall_clock_stages"":[""initial_placement_s"",""problem_preparation_s"",""search_kernel_s"",""result_commit_s"",""routing_s""],""nested_fields_must_not_be_summed"":true,""nested_in_search_kernel"":[""return_match_s"",""forecast_s""],""transition_decision_s"":""reported_stage_not_added_to_full_compile""}","[{""run_id"":""qmap154-plus63mod4096_163-M4-s0-r0-fa1eb19503c9"",""seed"":0,""status"":""success""},{""run_id"":""qmap154-plus63mod4096_163-M4-s1-r0-9c342b6a0086"",""seed"":1,""status"":""success""},{""run_id"":""qmap154-plus63mod4096_163-M4-s2-r0-1ba6b86a3d5f"",""seed"":2,""status"":""success""}]",[],"{""additive_wall_clock_stages"":[""initial_placement_s"",""problem_preparation_s"",""search_kernel_s"",""result_commit_s"",""routing_s""],""nested_fields_must_not_be_summed"":true,""nested_in_search_kernel"":[""return_match_s"",""forecast_s""],""transition_decision_s"":""reported_stage_not_added_to_full_compile""}"
qmap154,plus63mod8192_164,15ed11d4a3dd7ea9656c37ea5e18376eb48e265c74545e1213c96380cf1ba852,14,152012,81852,verifier_fail,0,1,0/1,0,1,,,False,,,,,,15ed11d4a3dd7ea9656c37ea5e18376eb48e265c74545e1213c96380cf1ba852,861955064d2cacec7d2820b67061bb3ca6197e987d7f760707647032eeaa7d3a,,,,,,,,,,,,,,,,,success,1,1,1/1,0,1,,,True,337864.0,0.0,146270.0,14268477.500572147,23.043837708,15ed11d4a3dd7ea9656c37ea5e18376eb48e265c74545e1213c96380cf1ba852,861955064d2cacec7d2820b67061bb3ca6197e987d7f760707647032eeaa7d3a,,,,,,,,,,,,,,,,,success,3,3,3/3,0,3,,,True,323894.0,11891.0,148033.0,14736661.152681746,294.8143845,15ed11d4a3dd7ea9656c37ea5e18376eb48e265c74545e1213c96380cf1ba852,861955064d2cacec7d2820b67061bb3ca6197e987d7f760707647032eeaa7d3a,,,,0.0,,,,,6.650585125,259.488422459,14.280835379,215.694727611,26.334753229,17.386992455,1.654519556,0.04074112,success,3,3,3/3,0,3,,,True,261714.0,55406.0,119945.0,12139964.43917138,262.741529334,15ed11d4a3dd7ea9656c37ea5e18376eb48e265c74545e1213c96380cf1ba852,861955064d2cacec7d2820b67061bb3ca6197e987d7f760707647032eeaa7d3a,,,,579.1999250893675,,,,,6.683325208,232.304899875,11.383725194,192.469099853,24.947031515,15.297534943,0.958342836,4.112308766,"[{""run_id"":""qmap154-plus63mod8192_164-M1-s0-r0-e7e16e7585bc"",""seed"":0,""status"":""verifier_fail""}]",[],"{""additive_wall_clock_stages"":[""initial_placement_s"",""problem_preparation_s"",""search_kernel_s"",""result_commit_s"",""routing_s""],""nested_fields_must_not_be_summed"":true,""nested_in_search_kernel"":[""return_match_s"",""forecast_s""],""transition_decision_s"":""reported_stage_not_added_to_full_compile""}","[{""run_id"":""qmap154-plus63mod8192_164-M2-raw-replay-2f954ef865ba"",""seed"":0,""status"":""success""}]",[],"{""additive_wall_clock_stages"":[""initial_placement_s"",""problem_preparation_s"",""search_kernel_s"",""result_commit_s"",""routing_s""],""nested_fields_must_not_be_summed"":true,""nested_in_search_kernel"":[""return_match_s"",""forecast_s""],""transition_decision_s"":""reported_stage_not_added_to_full_compile""}","[{""run_id"":""qmap154-plus63mod8192_164-M3-s0-r0-a9cc5ab31aff"",""seed"":0,""status"":""success""},{""run_id"":""qmap154-plus63mod8192_164-M3-s1-r0-9f1d852ceff7"",""seed"":1,""status"":""success""},{""run_id"":""qmap154-plus63mod8192_164-M3-s2-r0-5507a1acc469"",""seed"":2,""status"":""success""}]",[],"{""additive_wall_clock_stages"":[""initial_placement_s"",""problem_preparation_s"",""search_kernel_s"",""result_commit_s"",""routing_s""],""nested_fields_must_not_be_summed"":true,""nested_in_search_kernel"":[""return_match_s"",""forecast_s""],""transition_decision_s"":""reported_stage_not_added_to_full_compile""}","[{""run_id"":""qmap154-plus63mod8192_164-M4-s0-r0-b34759876717"",""seed"":0,""status"":""success""},{""run_id"":""qmap154-plus63mod8192_164-M4-s1-r0-64a44d71495f"",""seed"":1,""status"":""success""},{""run_id"":""qmap154-plus63mod8192_164-M4-s2-r0-30396e206750"",""seed"":2,""status"":""success""}]",[],"{""additive_wall_clock_stages"":[""initial_placement_s"",""problem_preparation_s"",""search_kernel_s"",""result_commit_s"",""routing_s""],""nested_fields_must_not_be_summed"":true,""nested_in_search_kernel"":[""return_match_s"",""forecast_s""],""transition_decision_s"":""reported_stage_not_added_to_full_compile""}"
qmap154,pm1_249,d800bdc1387d38e9d43ce4de7c660bcce7f9dfc81455c7ac955f18408479de3d,14,1433,771,success,1,1,1/1,1,1,-9.344997483238087,8.740155504028818e-05,False,3128.0,0.0,1311.0,126664.64265861743,16.973191167,d800bdc1387d38e9d43ce4de7c660bcce7f9dfc81455c7ac955f18408479de3d,e7b38a146c6f35e1ee63457d72217be92f42185047c0fc634023ef9a5444a4c9,-3.1295650434492956,-0.0,-1.9207981959362914,,,,,,16.087991953,0.805185625,,0.0,,0.06081295,,,success,1,1,1/1,1,1,-9.374791685458712,8.483590595870664e-05,False,3136.0,0.0,1314.0,128290.95303427006,0.220592,d800bdc1387d38e9d43ce4de7c660bcce7f9dfc81455c7ac955f18408479de3d,e7b38a146c6f35e1ee63457d72217be92f42185047c0fc634023ef9a5444a4c9,-3.1375690461179637,-0.0,-1.9425883954882481,,,,,,,,,,,,,,success,3,3,3/3,3,3,-9.470340584301713,7.710514220896468e-05,False,2972.0,82.0,1327.0,135653.16274060405,10.850701042,d800bdc1387d38e9d43ce4de7c660bcce7f9dfc81455c7ac955f18408479de3d,e7b38a146c6f35e1ee63457d72217be92f42185047c0fc634023ef9a5444a4c9,-2.973486991410264,-0.2052566778857151,-1.9669913350500343,0.0,,,,,3.252069083,7.358799,1.210231505,4.446701855,1.607921898,0.134057999,0.020495365,0.001699781,success,3,3,3/3,3,3,-9.248032160922827,9.630097053914908e-05,False,2190.0,506.0,987.0,102635.83750484063,16.425056375,d800bdc1387d38e9d43ce4de7c660bcce7f9dfc81455c7ac955f18408479de3d,e7b38a146c6f35e1ee63457d72217be92f42185047c0fc634023ef9a5444a4c9,-2.19109573054794,-1.2665838903679494,-1.4957182961544373,6.80430318953139,,,,,3.299336625,12.908162625,1.363658258,9.764158714,1.654069255,0.110901594,0.013328907,0.750195724,"[{""run_id"":""qmap154-pm1_249-M1-s0-r0-5a9b764c69d9"",""seed"":0,""status"":""success""}]",[],"{""additive_wall_clock_stages"":[""initial_placement_s"",""problem_preparation_s"",""search_kernel_s"",""result_commit_s"",""routing_s""],""nested_fields_must_not_be_summed"":true,""nested_in_search_kernel"":[""return_match_s"",""forecast_s""],""transition_decision_s"":""reported_stage_not_added_to_full_compile""}","[{""run_id"":""qmap154-pm1_249-M2-raw-replay-b5e8c21412cd"",""seed"":0,""status"":""success""}]",[],"{""additive_wall_clock_stages"":[""initial_placement_s"",""problem_preparation_s"",""search_kernel_s"",""result_commit_s"",""routing_s""],""nested_fields_must_not_be_summed"":true,""nested_in_search_kernel"":[""return_match_s"",""forecast_s""],""transition_decision_s"":""reported_stage_not_added_to_full_compile""}","[{""run_id"":""qmap154-pm1_249-M3-s0-r0-6140f87f871d"",""seed"":0,""status"":""success""},{""run_id"":""qmap154-pm1_249-M3-s1-r0-ab7454604657"",""seed"":1,""status"":""success""},{""run_id"":""qmap154-pm1_249-M3-s2-r0-dede709f3538"",""seed"":2,""status"":""success""}]",[],"{""additive_wall_clock_stages"":[""initial_placement_s"",""problem_preparation_s"",""search_kernel_s"",""result_commit_s"",""routing_s""],""nested_fields_must_not_be_summed"":true,""nested_in_search_kernel"":[""return_match_s"",""forecast_s""],""transition_decision_s"":""reported_stage_not_added_to_full_compile""}","[{""run_id"":""qmap154-pm1_249-M4-s0-r0-37a89f6c2fc2"",""seed"":0,""status"":""success""},{""run_id"":""qmap154-pm1_249-M4-s1-r0-ba02627b920c"",""seed"":1,""status"":""success""},{""run_id"":""qmap154-pm1_249-M4-s2-r0-73fce2110d07"",""seed"":2,""status"":""success""}]",[],"{""additive_wall_clock_stages"":[""initial_placement_s"",""problem_preparation_s"",""search_kernel_s"",""result_commit_s"",""routing_s""],""nested_fields_must_not_be_summed"":true,""nested_in_search_kernel"":[""return_match_s"",""forecast_s""],""transition_decision_s"":""reported_stage_not_added_to_full_compile""}"
qmap154,qe_qft_4,081979fd7492baf5b800ab2ecf9a40368544e0b330c139e248e5342892ed469a,5,42,25,success,1,1,1/1,1,1,-0.20575937903646271,0.8140289251436202,False,56.0,0.0,20.0,2205.7549704796156,5.56287675,081979fd7492baf5b800ab2ecf9a40368544e0b330c139e248e5342892ed469a,88a84a8b82cb2f550efd59536a61b50f94fa4230f750dffa51aea4e2b7f2e0c6,-0.05602801868067792,-0.0,-0.011815924389093936,,,,,,5.542966843,0.01833575,,0.0,,0.000867605,,,success,1,1,1/1,1,1,-0.2047293988783395,0.8148677907179451,False,56.0,0.0,16.0,1650.5620692555674,0.006815167,081979fd7492baf5b800ab2ecf9a40368544e0b330c139e248e5342892ed469a,88a84a8b82cb2f550efd59536a61b50f94fa4230f750dffa51aea4e2b7f2e0c6,-0.05602801868067792,-0.0,-0.010785944230970734,,,,,,,,,,,,,,success,3,3,3/3,3,3,-0.19474122371589278,0.8230476157042708,False,44.0,1.0,19.0,1987.8742001668538,1.902869792,081979fd7492baf5b800ab2ecf9a40368544e0b330c139e248e5342892ed469a,88a84a8b82cb2f550efd59536a61b50f94fa4230f750dffa51aea4e2b7f2e0c6,-0.04402201467767551,-0.002503130218118477,-0.01043515013455246,0.0,,,,,1.6974085,0.179695041,0.037688915,0.086994334,0.02328675,0.001869917,0.000229671,0.000192036,success,3,3,3/3,3,3,-0.19225202677532144,0.8250988952714766,False,44.0,0.0,20.0,2072.564370403532,2.800615791,081979fd7492baf5b800ab2ecf9a40368544e0b330c139e248e5342892ed469a,88a84a8b82cb2f550efd59536a61b50f94fa4230f750dffa51aea4e2b7f2e0c6,-0.04402201467767551,-0.0,-0.010314576130955096,0.07515392849420197,,,,,1.698718959,1.072418417,0.035019124,0.976993747,0.024037916,0.001737356,0.000398574,0.192687276,"[{""run_id"":""qmap154-qe_qft_4-M1-s0-r0-d8a5cb7064d5"",""seed"":0,""status"":""success""}]",[],"{""additive_wall_clock_stages"":[""initial_placement_s"",""problem_preparation_s"",""search_kernel_s"",""result_commit_s"",""routing_s""],""nested_fields_must_not_be_summed"":true,""nested_in_search_kernel"":[""return_match_s"",""forecast_s""],""transition_decision_s"":""reported_stage_not_added_to_full_compile""}","[{""run_id"":""qmap154-qe_qft_4-M2-raw-replay-ac9f473c36b9"",""seed"":0,""status"":""success""}]",[],"{""additive_wall_clock_stages"":[""initial_placement_s"",""problem_preparation_s"",""search_kernel_s"",""result_commit_s"",""routing_s""],""nested_fields_must_not_be_summed"":true,""nested_in_search_kernel"":[""return_match_s"",""forecast_s""],""transition_decision_s"":""reported_stage_not_added_to_full_compile""}","[{""run_id"":""qmap154-qe_qft_4-M3-s0-r0-6ac71c0f3b94"",""seed"":0,""status"":""success""},{""run_id"":""qmap154-qe_qft_4-M3-s1-r0-7e2a9499c28b"",""seed"":1,""status"":""success""},{""run_id"":""qmap154-qe_qft_4-M3-s2-r0-ccadfd28c057"",""seed"":2,""status"":""success""}]",[],"{""additive_wall_clock_stages"":[""initial_placement_s"",""problem_preparation_s"",""search_kernel_s"",""result_commit_s"",""routing_s""],""nested_fields_must_not_be_summed"":true,""nested_in_search_kernel"":[""return_match_s"",""forecast_s""],""transition_decision_s"":""reported_stage_not_added_to_full_compile""}","[{""run_id"":""qmap154-qe_qft_4-M4-s0-r0-5e0c0efddea4"",""seed"":0,""status"":""success""},{""run_id"":""qmap154-qe_qft_4-M4-s1-r0-e4b6891e2d53"",""seed"":1,""status"":""success""},{""run_id"":""qmap154-qe_qft_4-M4-s2-r0-acc787d1cf38"",""seed"":2,""status"":""success""}]",[],"{""additive_wall_clock_stages"":[""initial_placement_s"",""problem_preparation_s"",""search_kernel_s"",""result_commit_s"",""routing_s""],""nested_fields_must_not_be_summed"":true,""nested_in_search_kernel"":[""return_match_s"",""forecast_s""],""transition_decision_s"":""reported_stage_not_added_to_full_compile""}"
qmap154,qe_qft_5,9296c4d9d70d4b782022666728fc1ed6948b105b09cf991b52689a4556553f5f,5,51,26,success,1,1,1/1,1,1,-0.2072503495884163,0.8128161363286656,False,48.0,0.0,20.0,2184.382605259369,4.859218083,9296c4d9d70d4b782022666728fc1ed6948b105b09cf991b52689a4556553f5f,6ac9f1d5a1bc02e9f3575bef5df4cdd385eedf0998b26328bed28b5eb758932b,-0.048024016012009646,-0.0,-0.013597950705153591,,,,,,4.838843107,0.018756834,,0.0,,0.000830889,,,success,1,1,1/1,1,1,-0.21094417452473058,0.8098192741652681,False,52.0,0.0,18.0,2013.282054854563,0.007204417,9296c4d9d70d4b782022666728fc1ed6948b105b09cf991b52689a4556553f5f,6ac9f1d5a1bc02e9f3575bef5df4cdd385eedf0998b26328bed28b5eb758932b,-0.05202601734634379,-0.0,-0.013289774307133729,,,,,,,,,,,,,,success,3,3,3/3,3,3,-0.2018642722319898,0.8172058379396716,False,42.0,1.0,17.0,1996.7275226232155,1.745381916,9296c4d9d70d4b782022666728fc1ed6948b105b09cf991b52689a4556553f5f,6ac9f1d5a1bc02e9f3575bef5df4cdd385eedf0998b26328bed28b5eb758932b,-0.042021014010508444,-0.002503130218118477,-0.011711745132109841,0.0,,,,,1.552633292,0.173078208,0.034810376,0.085026334,0.023120875,0.001667261,0.00025121,0.000216765,success,3,3,3/3,3,3,-0.19809918692285353,0.820288487211781,False,38.0,1.0,16.0,1687.7469091049384,2.277351209,9296c4d9d70d4b782022666728fc1ed6948b105b09cf991b52689a4556553f5f,6ac9f1d5a1bc02e9f3575bef5df4cdd385eedf0998b26328bed28b5eb758932b,-0.03801901267617431,-0.002503130218118477,-0.011948661157307682,0.07295405019542764,,,,,1.5495615,0.724026916,0.038417962,0.640984585,0.024083959,0.001559973,0.000373012,0.179865836,"[{""run_id"":""qmap154-qe_qft_5-M1-s0-r0-d92aac33fc57"",""seed"":0,""status"":""success""}]",[],"{""additive_wall_clock_stages"":[""initial_placement_s"",""problem_preparation_s"",""search_kernel_s"",""result_commit_s"",""routing_s""],""nested_fields_must_not_be_summed"":true,""nested_in_search_kernel"":[""return_match_s"",""forecast_s""],""transition_decision_s"":""reported_stage_not_added_to_full_compile""}","[{""run_id"":""qmap154-qe_qft_5-M2-raw-replay-a60cdcd31e31"",""seed"":0,""status"":""success""}]",[],"{""additive_wall_clock_stages"":[""initial_placement_s"",""problem_preparation_s"",""search_kernel_s"",""result_commit_s"",""routing_s""],""nested_fields_must_not_be_summed"":true,""nested_in_search_kernel"":[""return_match_s"",""forecast_s""],""transition_decision_s"":""reported_stage_not_added_to_full_compile""}","[{""run_id"":""qmap154-qe_qft_5-M3-s0-r0-c7dc31be51c3"",""seed"":0,""status"":""success""},{""run_id"":""qmap154-qe_qft_5-M3-s1-r0-c1f3fb055955"",""seed"":1,""status"":""success""},{""run_id"":""qmap154-qe_qft_5-M3-s2-r0-fa490a022df6"",""seed"":2,""status"":""success""}]",[],"{""additive_wall_clock_stages"":[""initial_placement_s"",""problem_preparation_s"",""search_kernel_s"",""result_commit_s"",""routing_s""],""nested_fields_must_not_be_summed"":true,""nested_in_search_kernel"":[""return_match_s"",""forecast_s""],""transition_decision_s"":""reported_stage_not_added_to_full_compile""}","[{""run_id"":""qmap154-qe_qft_5-M4-s0-r0-e7d5f6e7edc9"",""seed"":0,""status"":""success""},{""run_id"":""qmap154-qe_qft_5-M4-s1-r0-ce512a5b9e1d"",""seed"":1,""status"":""success""},{""run_id"":""qmap154-qe_qft_5-M4-s2-r0-d049b8c89970"",""seed"":2,""status"":""success""}]",[],"{""additive_wall_clock_stages"":[""initial_placement_s"",""problem_preparation_s"",""search_kernel_s"",""result_commit_s"",""routing_s""],""nested_fields_must_not_be_summed"":true,""nested_in_search_kernel"":[""return_match_s"",""forecast_s""],""transition_decision_s"":""reported_stage_not_added_to_full_compile""}"
qmap154,qft_10,c254705763939d7764422ef5dd7203e07ed12ba332697bed4093e8e8f77534dc,10,0,0,compiler_error,0,1,0/1,0,1,,,False,,,,,,c254705763939d7764422ef5dd7203e07ed12ba332697bed4093e8e8f77534dc,8df591d39115583de93351c704fbafbad8a140e6ed85ae2cab9d2774d0cd2083,,,,,,,,,,,,,,,,,success,1,1,1/1,1,1,0.0,1.0,False,0.0,0.0,0.0,0.0,2.6125e-05,c254705763939d7764422ef5dd7203e07ed12ba332697bed4093e8e8f77534dc,8df591d39115583de93351c704fbafbad8a140e6ed85ae2cab9d2774d0cd2083,-0.0,-0.0,0.0,,,,,,,,,,,,,,success,3,3,3/3,3,3,0.0,1.0,False,0.0,0.0,0.0,0.0,0.000115416,c254705763939d7764422ef5dd7203e07ed12ba332697bed4093e8e8f77534dc,8df591d39115583de93351c704fbafbad8a140e6ed85ae2cab9d2774d0cd2083,-0.0,-0.0,0.0,0.0,,,,,2.9325e-05,0.0,0.0,0.0,0.0,0.0,0.0,0.0,success,3,3,3/3,3,3,0.0,1.0,False,0.0,0.0,0.0,0.0,0.000122333,c254705763939d7764422ef5dd7203e07ed12ba332697bed4093e8e8f77534dc,8df591d39115583de93351c704fbafbad8a140e6ed85ae2cab9d2774d0cd2083,-0.0,-0.0,0.0,0.0,,,,,2.7895e-05,0.0,0.0,0.0,0.0,0.0,0.0,0.0,"[{""run_id"":""qmap154-qft_10-M1-s0-r0-738ea57b86e1"",""seed"":0,""status"":""compiler_error""}]",[],"{""additive_wall_clock_stages"":[""initial_placement_s"",""problem_preparation_s"",""search_kernel_s"",""result_commit_s"",""routing_s""],""nested_fields_must_not_be_summed"":true,""nested_in_search_kernel"":[""return_match_s"",""forecast_s""],""transition_decision_s"":""reported_stage_not_added_to_full_compile""}","[{""run_id"":""qmap154-qft_10-M2-raw-replay-ab6b8080515d"",""seed"":0,""status"":""success""}]",[],"{""additive_wall_clock_stages"":[""initial_placement_s"",""problem_preparation_s"",""search_kernel_s"",""result_commit_s"",""routing_s""],""nested_fields_must_not_be_summed"":true,""nested_in_search_kernel"":[""return_match_s"",""forecast_s""],""transition_decision_s"":""reported_stage_not_added_to_full_compile""}","[{""run_id"":""qmap154-qft_10-M3-s0-r0-6faf40814899"",""seed"":0,""status"":""success""},{""run_id"":""qmap154-qft_10-M3-s1-r0-5a3e2dae55e0"",""seed"":1,""status"":""success""},{""run_id"":""qmap154-qft_10-M3-s2-r0-5829f4be5693"",""seed"":2,""status"":""success""}]",[],"{""additive_wall_clock_stages"":[""initial_placement_s"",""problem_preparation_s"",""search_kernel_s"",""result_commit_s"",""routing_s""],""nested_fields_must_not_be_summed"":true,""nested_in_search_kernel"":[""return_match_s"",""forecast_s""],""transition_decision_s"":""reported_stage_not_added_to_full_compile""}","[{""run_id"":""qmap154-qft_10-M4-s0-r0-e721e43e9780"",""seed"":0,""status"":""success""},{""run_id"":""qmap154-qft_10-M4-s1-r0-995e5647c8a5"",""seed"":1,""status"":""success""},{""run_id"":""qmap154-qft_10-M4-s2-r0-6cdc20b962f6"",""seed"":2,""status"":""success""}]",[],"{""additive_wall_clock_stages"":[""initial_placement_s"",""problem_preparation_s"",""search_kernel_s"",""result_commit_s"",""routing_s""],""nested_fields_must_not_be_summed"":true,""nested_in_search_kernel"":[""return_match_s"",""forecast_s""],""transition_decision_s"":""reported_stage_not_added_to_full_compile""}"
qmap154,qft_16,2e5720da50a8d2fd9ab1fb290f0329a29fa73b931ac3b1565d4a2c693f566c23,16,0,0,compiler_error,0,1,0/1,0,1,,,False,,,,,,2e5720da50a8d2fd9ab1fb290f0329a29fa73b931ac3b1565d4a2c693f566c23,8df591d39115583de93351c704fbafbad8a140e6ed85ae2cab9d2774d0cd2083,,,,,,,,,,,,,,,,,success,1,1,1/1,1,1,0.0,1.0,False,0.0,0.0,0.0,0.0,2.6292e-05,2e5720da50a8d2fd9ab1fb290f0329a29fa73b931ac3b1565d4a2c693f566c23,8df591d39115583de93351c704fbafbad8a140e6ed85ae2cab9d2774d0cd2083,-0.0,-0.0,0.0,,,,,,,,,,,,,,success,3,3,3/3,3,3,0.0,1.0,False,0.0,0.0,0.0,0.0,0.000131583,2e5720da50a8d2fd9ab1fb290f0329a29fa73b931ac3b1565d4a2c693f566c23,8df591d39115583de93351c704fbafbad8a140e6ed85ae2cab9d2774d0cd2083,-0.0,-0.0,0.0,0.0,,,,,3.314e-05,0.0,0.0,0.0,0.0,0.0,0.0,0.0,success,3,3,3/3,3,3,0.0,1.0,False,0.0,0.0,0.0,0.0,0.000137459,2e5720da50a8d2fd9ab1fb290f0329a29fa73b931ac3b1565d4a2c693f566c23,8df591d39115583de93351c704fbafbad8a140e6ed85ae2cab9d2774d0cd2083,-0.0,-0.0,0.0,0.0,,,,,3.4094e-05,0.0,0.0,0.0,0.0,0.0,0.0,0.0,"[{""run_id"":""qmap154-qft_16-M1-s0-r0-5ccc6f1a59b9"",""seed"":0,""status"":""compiler_error""}]",[],"{""additive_wall_clock_stages"":[""initial_placement_s"",""problem_preparation_s"",""search_kernel_s"",""result_commit_s"",""routing_s""],""nested_fields_must_not_be_summed"":true,""nested_in_search_kernel"":[""return_match_s"",""forecast_s""],""transition_decision_s"":""reported_stage_not_added_to_full_compile""}","[{""run_id"":""qmap154-qft_16-M2-raw-replay-cb69f5349454"",""seed"":0,""status"":""success""}]",[],"{""additive_wall_clock_stages"":[""initial_placement_s"",""problem_preparation_s"",""search_kernel_s"",""result_commit_s"",""routing_s""],""nested_fields_must_not_be_summed"":true,""nested_in_search_kernel"":[""return_match_s"",""forecast_s""],""transition_decision_s"":""reported_stage_not_added_to_full_compile""}","[{""run_id"":""qmap154-qft_16-M3-s0-r0-69de2e8900b0"",""seed"":0,""status"":""success""},{""run_id"":""qmap154-qft_16-M3-s1-r0-55f4e4aa2145"",""seed"":1,""status"":""success""},{""run_id"":""qmap154-qft_16-M3-s2-r0-7f3b99551825"",""seed"":2,""status"":""success""}]",[],"{""additive_wall_clock_stages"":[""initial_placement_s"",""problem_preparation_s"",""search_kernel_s"",""result_commit_s"",""routing_s""],""nested_fields_must_not_be_summed"":true,""nested_in_search_kernel"":[""return_match_s"",""forecast_s""],""transition_decision_s"":""reported_stage_not_added_to_full_compile""}","[{""run_id"":""qmap154-qft_16-M4-s0-r0-7c1a50304703"",""seed"":0,""status"":""success""},{""run_id"":""qmap154-qft_16-M4-s1-r0-bf175e093347"",""seed"":1,""status"":""success""},{""run_id"":""qmap154-qft_16-M4-s2-r0-09062be3a696"",""seed"":2,""status"":""success""}]",[],"{""additive_wall_clock_stages"":[""initial_placement_s"",""problem_preparation_s"",""search_kernel_s"",""result_commit_s"",""routing_s""],""nested_fields_must_not_be_summed"":true,""nested_in_search_kernel"":[""return_match_s"",""forecast_s""],""transition_decision_s"":""reported_stage_not_added_to_full_compile""}"
qmap154,radd_250,cf4a8e6ee6f9677f920d283d31ac6cc79f4dc8ed011444457d1fd4be4aa0fb9d,13,2612,1405,success,1,1,1/1,1,1,-17.2630442538741,3.1824027399224965e-08,False,5828.0,0.0,2511.0,244530.03076282045,27.391115125,cf4a8e6ee6f9677f920d283d31ac6cc79f4dc8ed011444457d1fd4be4aa0fb9d,b91863b81c47b954c9aa0776193d12517fb2318ce713f2a40f6cc4fc6a7f78d8,-5.830915944124838,-0.0,-3.605789484156337,,,,,,24.888439178,2.343670375,,0.0,,0.122953415,,,success,1,1,1/1,1,1,-17.26264553985141,3.183671861512226e-08,False,5836.0,0.0,2513.0,243544.2846596557,0.4035065,cf4a8e6ee6f9677f920d283d31ac6cc79f4dc8ed011444457d1fd4be4aa0fb9d,b91863b81c47b954c9aa0776193d12517fb2318ce713f2a40f6cc4fc6a7f78d8,-5.8389199467935065,-0.0,-3.597386767464978,,,,,,,,,,,,,,success,3,3,3/3,3,3,-17.575647166548805,2.3280559833331392e-08,False,5520.0,205.0,2503.0,262382.45723993925,20.953575167,cf4a8e6ee6f9677f920d283d31ac6cc79f4dc8ed011444457d1fd4be4aa0fb9d,b91863b81c47b954c9aa0776193d12517fb2318ce713f2a40f6cc4fc6a7f78d8,-5.52276184138111,-0.5131416947142877,-3.685390795520141,0.0,,,,,4.706616292,15.677312542,2.695898039,9.422687779,3.456614617,0.272717237,0.042582693,0.003423708,success,3,3,3/3,3,3,-16.92853388945302,4.4466315500556245e-08,False,4126.0,917.0,1872.0,189381.1113843357,26.754564875,cf4a8e6ee6f9677f920d283d31ac6cc79f4dc8ed011444457d1fd4be4aa0fb9d,b91863b81c47b954c9aa0776193d12517fb2318ce713f2a40f6cc4fc6a7f78d8,-4.128064376365662,-2.2953704100146433,-2.6702616627968063,12.872271457052461,,,,,4.750928916,21.596824708,2.390520457,16.022495169,3.044078294,0.218659163,0.02897122,1.324393972,"[{""run_id"":""qmap154-radd_250-M1-s0-r0-dbdd40a49a4d"",""seed"":0,""status"":""success""}]",[],"{""additive_wall_clock_stages"":[""initial_placement_s"",""problem_preparation_s"",""search_kernel_s"",""result_commit_s"",""routing_s""],""nested_fields_must_not_be_summed"":true,""nested_in_search_kernel"":[""return_match_s"",""forecast_s""],""transition_decision_s"":""reported_stage_not_added_to_full_compile""}","[{""run_id"":""qmap154-radd_250-M2-raw-replay-d18d2be5a719"",""seed"":0,""status"":""success""}]",[],"{""additive_wall_clock_stages"":[""initial_placement_s"",""problem_preparation_s"",""search_kernel_s"",""result_commit_s"",""routing_s""],""nested_fields_must_not_be_summed"":true,""nested_in_search_kernel"":[""return_match_s"",""forecast_s""],""transition_decision_s"":""reported_stage_not_added_to_full_compile""}","[{""run_id"":""qmap154-radd_250-M3-s0-r0-9327f787a76d"",""seed"":0,""status"":""success""},{""run_id"":""qmap154-radd_250-M3-s1-r0-960d285388c6"",""seed"":1,""status"":""success""},{""run_id"":""qmap154-radd_250-M3-s2-r0-cbe1a79ba3c2"",""seed"":2,""status"":""success""}]",[],"{""additive_wall_clock_stages"":[""initial_placement_s"",""problem_preparation_s"",""search_kernel_s"",""result_commit_s"",""routing_s""],""nested_fields_must_not_be_summed"":true,""nested_in_search_kernel"":[""return_match_s"",""forecast_s""],""transition_decision_s"":""reported_stage_not_added_to_full_compile""}","[{""run_id"":""qmap154-radd_250-M4-s0-r0-f15eb935bda9"",""seed"":0,""status"":""success""},{""run_id"":""qmap154-radd_250-M4-s1-r0-ef714e5d17f0"",""seed"":1,""status"":""success""},{""run_id"":""qmap154-radd_250-M4-s2-r0-e99f079419a9"",""seed"":2,""status"":""success""}]",[],"{""additive_wall_clock_stages"":[""initial_placement_s"",""problem_preparation_s"",""search_kernel_s"",""result_commit_s"",""routing_s""],""nested_fields_must_not_be_summed"":true,""nested_in_search_kernel"":[""return_match_s"",""forecast_s""],""transition_decision_s"":""reported_stage_not_added_to_full_compile""}"
qmap154,rd32-v0_66,2fdaaefcdde70b3b3597736046e754abdfc97b9e98f6656ea789929fdf6f0ecb,4,22,12,success,1,1,1/1,1,1,-0.12654221380639363,0.8811369526136851,False,52.0,0.0,24.0,2295.7742021789913,5.105421959,2fdaaefcdde70b3b3597736046e754abdfc97b9e98f6656ea789929fdf6f0ecb,3b0ce7b21829e931bc8ef420b2d68219c0f29cee9e7b678c44358838a52eba4e,-0.05202601734634379,-0.0,-0.007764704379474568,,,,,,5.092358828,0.011705208,,0.0,,0.00080657,,,success,1,1,1/1,1,1,-0.12678840590617102,0.8809200503580361,False,52.0,0.0,24.0,2335.914364194275,0.004809541,2fdaaefcdde70b3b3597736046e754abdfc97b9e98f6656ea789929fdf6f0ecb,3b0ce7b21829e931bc8ef420b2d68219c0f29cee9e7b678c44358838a52eba4e,-0.05202601734634379,-0.0,-0.008010896479251977,,,,,,,,,,,,,,success,3,3,3/3,3,3,-0.12236984089908401,0.8848210649630458,False,48.0,0.0,23.0,2217.0074798026344,1.794819458,2fdaaefcdde70b3b3597736046e754abdfc97b9e98f6656ea789929fdf6f0ecb,3b0ce7b21829e931bc8ef420b2d68219c0f29cee9e7b678c44358838a52eba4e,-0.048024016012009646,-0.0,-0.007594332806499101,0.0,,,,,1.620581167,0.154602584,0.013356875,0.091533957,0.017301168,0.001655579,0.000503613,0.000254651,success,3,3,3/3,3,3,-0.1288114042235193,0.8791397519559385,False,34.0,9.0,16.0,1594.6542158453067,2.150609125,2fdaaefcdde70b3b3597736046e754abdfc97b9e98f6656ea789929fdf6f0ecb,3b0ce7b21829e931bc8ef420b2d68219c0f29cee9e7b678c44358838a52eba4e,-0.03401701134184017,-0.022528171963066293,-0.005514728838037582,0.06781058991644308,,,,,1.623782834,0.50568175,0.01451904,0.442636042,0.017411667,0.00127387,0.000345347,0.152572744,"[{""run_id"":""qmap154-rd32-v0_66-M1-s0-r0-e74547daeaa4"",""seed"":0,""status"":""success""}]",[],"{""additive_wall_clock_stages"":[""initial_placement_s"",""problem_preparation_s"",""search_kernel_s"",""result_commit_s"",""routing_s""],""nested_fields_must_not_be_summed"":true,""nested_in_search_kernel"":[""return_match_s"",""forecast_s""],""transition_decision_s"":""reported_stage_not_added_to_full_compile""}","[{""run_id"":""qmap154-rd32-v0_66-M2-raw-replay-8c15a342a95a"",""seed"":0,""status"":""success""}]",[],"{""additive_wall_clock_stages"":[""initial_placement_s"",""problem_preparation_s"",""search_kernel_s"",""result_commit_s"",""routing_s""],""nested_fields_must_not_be_summed"":true,""nested_in_search_kernel"":[""return_match_s"",""forecast_s""],""transition_decision_s"":""reported_stage_not_added_to_full_compile""}","[{""run_id"":""qmap154-rd32-v0_66-M3-s0-r0-e03e2856367f"",""seed"":0,""status"":""success""},{""run_id"":""qmap154-rd32-v0_66-M3-s1-r0-c8e8789f0d51"",""seed"":1,""status"":""success""},{""run_id"":""qmap154-rd32-v0_66-M3-s2-r0-38750e6a8c15"",""seed"":2,""status"":""success""}]",[],"{""additive_wall_clock_stages"":[""initial_placement_s"",""problem_preparation_s"",""search_kernel_s"",""result_commit_s"",""routing_s""],""nested_fields_must_not_be_summed"":true,""nested_in_search_kernel"":[""return_match_s"",""forecast_s""],""transition_decision_s"":""reported_stage_not_added_to_full_compile""}","[{""run_id"":""qmap154-rd32-v0_66-M4-s0-r0-7dbd5cfb9f53"",""seed"":0,""status"":""success""},{""run_id"":""qmap154-rd32-v0_66-M4-s1-r0-4957ccb57b10"",""seed"":1,""status"":""success""},{""run_id"":""qmap154-rd32-v0_66-M4-s2-r0-8fdc2bf7f1c4"",""seed"":2,""status"":""success""}]",[],"{""additive_wall_clock_stages"":[""initial_placement_s"",""problem_preparation_s"",""search_kernel_s"",""result_commit_s"",""routing_s""],""nested_fields_must_not_be_summed"":true,""nested_in_search_kernel"":[""return_match_s"",""forecast_s""],""transition_decision_s"":""reported_stage_not_added_to_full_compile""}"
qmap154,rd32-v1_68,e0b103d516baa0b7f6568f867dab262f2f66620405eb887fb0a4bc2b3b83db45,4,23,12,success,1,1,1/1,1,1,-0.1269464667807012,0.8807808223680241,False,52.0,0.0,24.0,2295.7742021789913,5.136185917,e0b103d516baa0b7f6568f867dab262f2f66620405eb887fb0a4bc2b3b83db45,1af87c944b48a3a306b049844229a4e9736ec4a457ccf4cb66dba96e9659b268,-0.05202601734634379,-0.0,-0.007868912344780167,,,,,,5.123207092,0.011552958,,0.0,,0.000809908,,,success,1,1,1/1,1,1,-0.12719266529483284,0.8805640021297869,False,52.0,0.0,24.0,2335.914364194275,0.0043875,e0b103d516baa0b7f6568f867dab262f2f66620405eb887fb0a4bc2b3b83db45,1af87c944b48a3a306b049844229a4e9736ec4a457ccf4cb66dba96e9659b268,-0.05202601734634379,-0.0,-0.008115110858911789,,,,,,,,,,,,,,success,3,3,3/3,3,3,-0.12277408908678852,0.8844634499385745,False,48.0,0.0,23.0,2217.0074798026344,1.790983542,e0b103d516baa0b7f6568f867dab262f2f66620405eb887fb0a4bc2b3b83db45,1af87c944b48a3a306b049844229a4e9736ec4a457ccf4cb66dba96e9659b268,-0.048024016012009646,-0.0,-0.007698535985201621,0.0,,,,,1.608677083,0.155598042,0.013909667,0.093208749,0.017513251,0.001650095,0.000509904,0.000252164,success,3,3,3/3,3,3,-0.12921559668283367,0.8787844821010494,False,34.0,9.0,16.0,1594.6542158453067,2.140546042,e0b103d516baa0b7f6568f867dab262f2f66620405eb887fb0a4bc2b3b83db45,1af87c944b48a3a306b049844229a4e9736ec4a457ccf4cb66dba96e9659b268,-0.03401701134184017,-0.022528171963066293,-0.0056188762883499525,0.06781058991644308,,,,,1.61805925,0.505320625,0.014263082,0.439212499,0.017219211,0.00129509,0.000342665,0.151412985,"[{""run_id"":""qmap154-rd32-v1_68-M1-s0-r0-86a15f31fe06"",""seed"":0,""status"":""success""}]",[],"{""additive_wall_clock_stages"":[""initial_placement_s"",""problem_preparation_s"",""search_kernel_s"",""result_commit_s"",""routing_s""],""nested_fields_must_not_be_summed"":true,""nested_in_search_kernel"":[""return_match_s"",""forecast_s""],""transition_decision_s"":""reported_stage_not_added_to_full_compile""}","[{""run_id"":""qmap154-rd32-v1_68-M2-raw-replay-eda913633c96"",""seed"":0,""status"":""success""}]",[],"{""additive_wall_clock_stages"":[""initial_placement_s"",""problem_preparation_s"",""search_kernel_s"",""result_commit_s"",""routing_s""],""nested_fields_must_not_be_summed"":true,""nested_in_search_kernel"":[""return_match_s"",""forecast_s""],""transition_decision_s"":""reported_stage_not_added_to_full_compile""}","[{""run_id"":""qmap154-rd32-v1_68-M3-s0-r0-e7d0d2ebc170"",""seed"":0,""status"":""success""},{""run_id"":""qmap154-rd32-v1_68-M3-s1-r0-9d4c75875fa1"",""seed"":1,""status"":""success""},{""run_id"":""qmap154-rd32-v1_68-M3-s2-r0-8c986dbada89"",""seed"":2,""status"":""success""}]",[],"{""additive_wall_clock_stages"":[""initial_placement_s"",""problem_preparation_s"",""search_kernel_s"",""result_commit_s"",""routing_s""],""nested_fields_must_not_be_summed"":true,""nested_in_search_kernel"":[""return_match_s"",""forecast_s""],""transition_decision_s"":""reported_stage_not_added_to_full_compile""}","[{""run_id"":""qmap154-rd32-v1_68-M4-s0-r0-0ba0d9d1cd58"",""seed"":0,""status"":""success""},{""run_id"":""qmap154-rd32-v1_68-M4-s1-r0-057365006f67"",""seed"":1,""status"":""success""},{""run_id"":""qmap154-rd32-v1_68-M4-s2-r0-ab88651e2b44"",""seed"":2,""status"":""success""}]",[],"{""additive_wall_clock_stages"":[""initial_placement_s"",""problem_preparation_s"",""search_kernel_s"",""result_commit_s"",""routing_s""],""nested_fields_must_not_be_summed"":true,""nested_in_search_kernel"":[""return_match_s"",""forecast_s""],""transition_decision_s"":""reported_stage_not_added_to_full_compile""}"
qmap154,rd32_270,0d21004070d0a6614961fe081dffc6b68f22d145e1bac2b93deac3a6cbd14dbf,5,69,36,success,1,1,1/1,1,1,-0.37862589513934025,0.6848017524158954,False,148.0,0.0,68.0,6411.441859268658,8.109081542,0d21004070d0a6614961fe081dffc6b68f22d145e1bac2b93deac3a6cbd14dbf,f59e79293500bbb8716c7675c493f0d3936fe6017204946c1ed33d6a915dc6ab,-0.1480740493703631,-0.0,-0.029397234500245402,,,,,,8.068775892,0.036569959,,0.0,,0.002423763,,,success,1,1,1/1,1,1,-0.37890936732050146,0.6846076576810036,False,148.0,0.0,68.0,6443.982584073131,0.012601459,0d21004070d0a6614961fe081dffc6b68f22d145e1bac2b93deac3a6cbd14dbf,f59e79293500bbb8716c7675c493f0d3936fe6017204946c1ed33d6a915dc6ab,-0.1480740493703631,-0.0,-0.02968070668140657,,,,,,,,,,,,,,success,3,3,3/3,3,3,-0.36840465232129177,0.691837171521757,False,138.0,0.0,67.0,6421.308127992257,2.593252584,0d21004070d0a6614961fe081dffc6b68f22d145e1bac2b93deac3a6cbd14dbf,f59e79293500bbb8716c7675c493f0d3936fe6017204946c1ed33d6a915dc6ab,-0.13806904603452774,-0.0,-0.029180995018032268,0.0,,,,,2.178205417,0.388126,0.039276918,0.260670334,0.055506375,0.004950285,0.00151663,0.000740565,success,3,3,3/3,3,3,-0.38138453310085485,0.6829152356103855,False,96.0,25.0,47.0,4722.044714349889,3.930416042,0d21004070d0a6614961fe081dffc6b68f22d145e1bac2b93deac3a6cbd14dbf,f59e79293500bbb8716c7675c493f0d3936fe6017204946c1ed33d6a915dc6ab,-0.09604803202401929,-0.06257825545296192,-0.02160363435514187,0.2557228416183522,,,,,2.151061834,1.747778791,0.042810792,1.617011003,0.054923458,0.003570318,0.001105851,0.692997309,"[{""run_id"":""qmap154-rd32_270-M1-s0-r0-0f32f4d31a97"",""seed"":0,""status"":""success""}]",[],"{""additive_wall_clock_stages"":[""initial_placement_s"",""problem_preparation_s"",""search_kernel_s"",""result_commit_s"",""routing_s""],""nested_fields_must_not_be_summed"":true,""nested_in_search_kernel"":[""return_match_s"",""forecast_s""],""transition_decision_s"":""reported_stage_not_added_to_full_compile""}","[{""run_id"":""qmap154-rd32_270-M2-raw-replay-96bc32a44831"",""seed"":0,""status"":""success""}]",[],"{""additive_wall_clock_stages"":[""initial_placement_s"",""problem_preparation_s"",""search_kernel_s"",""result_commit_s"",""routing_s""],""nested_fields_must_not_be_summed"":true,""nested_in_search_kernel"":[""return_match_s"",""forecast_s""],""transition_decision_s"":""reported_stage_not_added_to_full_compile""}","[{""run_id"":""qmap154-rd32_270-M3-s0-r0-2b0905f1bf80"",""seed"":0,""status"":""success""},{""run_id"":""qmap154-rd32_270-M3-s1-r0-9cb9c5459ad2"",""seed"":1,""status"":""success""},{""run_id"":""qmap154-rd32_270-M3-s2-r0-ccd00f85029a"",""seed"":2,""status"":""success""}]",[],"{""additive_wall_clock_stages"":[""initial_placement_s"",""problem_preparation_s"",""search_kernel_s"",""result_commit_s"",""routing_s""],""nested_fields_must_not_be_summed"":true,""nested_in_search_kernel"":[""return_match_s"",""forecast_s""],""transition_decision_s"":""reported_stage_not_added_to_full_compile""}","[{""run_id"":""qmap154-rd32_270-M4-s0-r0-374c504b5ae0"",""seed"":0,""status"":""success""},{""run_id"":""qmap154-rd32_270-M4-s1-r0-5e681478788d"",""seed"":1,""status"":""success""},{""run_id"":""qmap154-rd32_270-M4-s2-r0-803bb1771da0"",""seed"":2,""status"":""success""}]",[],"{""additive_wall_clock_stages"":[""initial_placement_s"",""problem_preparation_s"",""search_kernel_s"",""result_commit_s"",""routing_s""],""nested_fields_must_not_be_summed"":true,""nested_in_search_kernel"":[""return_match_s"",""forecast_s""],""transition_decision_s"":""reported_stage_not_added_to_full_compile""}"
qmap154,rd53_130,9986622748f143462cb57b994c62dface6274571ab108abe0d5da591993d56d7,7,837,448,success,1,1,1/1,1,1,-4.8991001230133975,0.007453287095605055,False,1880.0,0.0,785.0,74298.55452539532,15.979051542,9986622748f143462cb57b994c62dface6274571ab108abe0d5da591993d56d7,81275bd8b4fd22f67ea0b69163c32463545e702b941f07167bbd8e5a925c21b6,-1.8809406271370446,-0.0,-0.5214030863938448,,,,,,15.384623289,0.55500325,,0.0,,0.027017117,,,success,1,1,1/1,1,1,-4.903902338220787,0.007417580610701621,False,1880.0,0.0,783.0,75253.40748911489,0.128347875,9986622748f143462cb57b994c62dface6274571ab108abe0d5da591993d56d7,81275bd8b4fd22f67ea0b69163c32463545e702b941f07167bbd8e5a925c21b6,-1.8809406271370446,-0.0,-0.5262053016012347,,,,,,,,,,,,,,success,3,3,3/3,3,3,-4.8985079245766165,0.0074577022277601,False,1794.0,16.0,822.0,86932.64643520868,10.0514475,9986622748f143462cb57b994c62dface6274571ab108abe0d5da591993d56d7,81275bd8b4fd22f67ea0b69163c32463545e702b941f07167bbd8e5a925c21b6,-1.7948975984488607,-0.04005008348989563,-0.5668038331553524,0.0,,,,,3.371386791,6.470921291,0.585803499,4.978973695,0.836696072,0.082221746,0.025636135,0.008245165,success,3,3,3/3,3,3,-4.948557765339691,0.007093632237355454,False,1308.0,294.0,588.0,59568.207947864714,53.206228583,9986622748f143462cb57b994c62dface6274571ab108abe0d5da591993d56d7,81275bd8b4fd22f67ea0b69163c32463545e702b941f07167bbd8e5a925c21b6,-1.308654436327263,-0.7359202841268322,-0.4060119372390183,4.4990810618836425,,,,,3.373579042,49.768901792,0.614921754,48.241955288,0.844380741,0.049133062,0.021179943,13.63353478,"[{""run_id"":""qmap154-rd53_130-M1-s0-r0-275db7c35262"",""seed"":0,""status"":""success""}]",[],"{""additive_wall_clock_stages"":[""initial_placement_s"",""problem_preparation_s"",""search_kernel_s"",""result_commit_s"",""routing_s""],""nested_fields_must_not_be_summed"":true,""nested_in_search_kernel"":[""return_match_s"",""forecast_s""],""transition_decision_s"":""reported_stage_not_added_to_full_compile""}","[{""run_id"":""qmap154-rd53_130-M2-raw-replay-1179346840e3"",""seed"":0,""status"":""success""}]",[],"{""additive_wall_clock_stages"":[""initial_placement_s"",""problem_preparation_s"",""search_kernel_s"",""result_commit_s"",""routing_s""],""nested_fields_must_not_be_summed"":true,""nested_in_search_kernel"":[""return_match_s"",""forecast_s""],""transition_decision_s"":""reported_stage_not_added_to_full_compile""}","[{""run_id"":""qmap154-rd53_130-M3-s0-r0-cffc41273273"",""seed"":0,""status"":""success""},{""run_id"":""qmap154-rd53_130-M3-s1-r0-112c6e6f732b"",""seed"":1,""status"":""success""},{""run_id"":""qmap154-rd53_130-M3-s2-r0-073d9fb045f4"",""seed"":2,""status"":""success""}]",[],"{""additive_wall_clock_stages"":[""initial_placement_s"",""problem_preparation_s"",""search_kernel_s"",""result_commit_s"",""routing_s""],""nested_fields_must_not_be_summed"":true,""nested_in_search_kernel"":[""return_match_s"",""forecast_s""],""transition_decision_s"":""reported_stage_not_added_to_full_compile""}","[{""run_id"":""qmap154-rd53_130-M4-s0-r0-25d5e27b3019"",""seed"":0,""status"":""success""},{""run_id"":""qmap154-rd53_130-M4-s1-r0-382d0b12d6be"",""seed"":1,""status"":""success""},{""run_id"":""qmap154-rd53_130-M4-s2-r0-f307bed43eef"",""seed"":2,""status"":""success""}]",[],"{""additive_wall_clock_stages"":[""initial_placement_s"",""problem_preparation_s"",""search_kernel_s"",""result_commit_s"",""routing_s""],""nested_fields_must_not_be_summed"":true,""nested_in_search_kernel"":[""return_match_s"",""forecast_s""],""transition_decision_s"":""reported_stage_not_added_to_full_compile""}"
qmap154,rd53_131,be9e69cdeacc1bca8baee7df907061733b8c0c8ee5f5400f69c299d861a6c725,7,368,198,success,1,1,1/1,1,1,-2.173888741364781,0.11373447188566607,False,836.0,0.0,357.0,34934.42435753634,12.890791,be9e69cdeacc1bca8baee7df907061733b8c0c8ee5f5400f69c299d861a6c725,7f0697037f362a268f83c4524f85a4e9c04a02bbaaf04c7487e4282627cd3183,-0.8364182788758348,-0.0,-0.2345706181144443,,,,,,12.670975924,0.202602083,,0.0,,0.011786699,,,success,1,1,1/1,1,1,-2.1741004945276523,0.11371039080122965,False,836.0,0.0,353.0,34822.303990789864,0.0586795,be9e69cdeacc1bca8baee7df907061733b8c0c8ee5f5400f69c299d861a6c725,7f0697037f362a268f83c4524f85a4e9c04a02bbaaf04c7487e4282627cd3183,-0.8364182788758348,-0.0,-0.23478237127731585,,,,,,,,,,,,,,success,3,3,3/3,3,3,-2.1577258299956874,0.1155876884173368,False,798.0,8.0,364.0,36960.4489296944,5.530117708,be9e69cdeacc1bca8baee7df907061733b8c0c8ee5f5400f69c299d861a6c725,7f0697037f362a268f83c4524f85a4e9c04a02bbaaf04c7487e4282627cd3183,-0.7983992661996604,-0.020025041744947816,-0.23640167767657755,0.0,,,,,2.878891833,2.555411792,0.25329229,1.922291869,0.336341504,0.042209864,0.012375868,0.003690043,success,3,3,3/3,3,3,-2.2095501479990007,0.10975000867330749,False,604.0,128.0,272.0,28092.665367614954,23.089204375,be9e69cdeacc1bca8baee7df907061733b8c0c8ee5f5400f69c299d861a6c725,7f0697037f362a268f83c4524f85a4e9c04a02bbaaf04c7487e4282627cd3183,-0.6043022014844548,-0.32040066791916505,-0.18194743422087908,1.9317511211796683,,,,,2.882746208,20.143848958,0.267323038,19.463135462,0.358998619,0.022763968,0.011070616,5.750964816,"[{""run_id"":""qmap154-rd53_131-M1-s0-r0-1637adaa8efa"",""seed"":0,""status"":""success""}]",[],"{""additive_wall_clock_stages"":[""initial_placement_s"",""problem_preparation_s"",""search_kernel_s"",""result_commit_s"",""routing_s""],""nested_fields_must_not_be_summed"":true,""nested_in_search_kernel"":[""return_match_s"",""forecast_s""],""transition_decision_s"":""reported_stage_not_added_to_full_compile""}","[{""run_id"":""qmap154-rd53_131-M2-raw-replay-b33d4f9298d5"",""seed"":0,""status"":""success""}]",[],"{""additive_wall_clock_stages"":[""initial_placement_s"",""problem_preparation_s"",""search_kernel_s"",""result_commit_s"",""routing_s""],""nested_fields_must_not_be_summed"":true,""nested_in_search_kernel"":[""return_match_s"",""forecast_s""],""transition_decision_s"":""reported_stage_not_added_to_full_compile""}","[{""run_id"":""qmap154-rd53_131-M3-s0-r0-deef75cd6498"",""seed"":0,""status"":""success""},{""run_id"":""qmap154-rd53_131-M3-s1-r0-e1ffeb7c3b09"",""seed"":1,""status"":""success""},{""run_id"":""qmap154-rd53_131-M3-s2-r0-de317b6336a0"",""seed"":2,""status"":""success""}]",[],"{""additive_wall_clock_stages"":[""initial_placement_s"",""problem_preparation_s"",""search_kernel_s"",""result_commit_s"",""routing_s""],""nested_fields_must_not_be_summed"":true,""nested_in_search_kernel"":[""return_match_s"",""forecast_s""],""transition_decision_s"":""reported_stage_not_added_to_full_compile""}","[{""run_id"":""qmap154-rd53_131-M4-s0-r0-c5c5dd4d6e66"",""seed"":0,""status"":""success""},{""run_id"":""qmap154-rd53_131-M4-s1-r0-38841450aae6"",""seed"":1,""status"":""success""},{""run_id"":""qmap154-rd53_131-M4-s2-r0-6d9b33b75cf4"",""seed"":2,""status"":""success""}]",[],"{""additive_wall_clock_stages"":[""initial_placement_s"",""problem_preparation_s"",""search_kernel_s"",""result_commit_s"",""routing_s""],""nested_fields_must_not_be_summed"":true,""nested_in_search_kernel"":[""return_match_s"",""forecast_s""],""transition_decision_s"":""reported_stage_not_added_to_full_compile""}"
qmap154,rd53_133,7568bb9bf97b4ad2d03827ff66ea80cbed58e1fa811c3c6924e3154f8ac015f0,7,468,252,success,1,1,1/1,1,1,-2.7377746683683317,0.06471419732667412,False,1044.0,0.0,447.0,42336.77260045512,13.510339209,7568bb9bf97b4ad2d03827ff66ea80cbed58e1fa811c3c6924e3154f8ac015f0,8024506c563329d705de8b337ad707bf855f1a07e4e587a132818502c4585def,-1.0445223482612098,-0.0,-0.2896707163610294,,,,,,13.227012873,0.261355708,,0.0,,0.015017748,,,success,1,1,1/1,1,1,-2.7434857265327874,0.06434566414058442,False,1044.0,0.0,447.0,43302.48155893195,0.075707625,7568bb9bf97b4ad2d03827ff66ea80cbed58e1fa811c3c6924e3154f8ac015f0,8024506c563329d705de8b337ad707bf855f1a07e4e587a132818502c4585def,-1.0445223482612098,-0.0,-0.2953817745254851,,,,,,,,,,,,,,success,3,3,3/3,3,3,-2.728229047014538,0.06533489229707198,False,1004.0,6.0,458.0,45939.244956630035,6.55034725,7568bb9bf97b4ad2d03827ff66ea80cbed58e1fa811c3c6924e3154f8ac015f0,8024506c563329d705de8b337ad707bf855f1a07e4e587a132818502c4585def,-1.0045023349178686,-0.01501878130871086,-0.29811906593846205,0.0,,,,,3.002984,3.38945075,0.308757501,2.571079593,0.449329361,0.037087202,0.01545914,0.004743283,success,3,3,3/3,3,3,-2.7722820963341808,0.06251916705750804,False,734.0,162.0,337.0,35065.08642714838,25.565573083,7568bb9bf97b4ad2d03827ff66ea80cbed58e1fa811c3c6924e3154f8ac015f0,8024506c563329d705de8b337ad707bf855f1a07e4e587a132818502c4585def,-0.7343672448503142,-0.40550709533519325,-0.2288261524025808,2.45898358368001,,,,,3.027556167,22.440232083,0.337251921,21.574345077,0.466732047,0.042669535,0.012681313,7.405216765,"[{""run_id"":""qmap154-rd53_133-M1-s0-r0-c214effb5fd4"",""seed"":0,""status"":""success""}]",[],"{""additive_wall_clock_stages"":[""initial_placement_s"",""problem_preparation_s"",""search_kernel_s"",""result_commit_s"",""routing_s""],""nested_fields_must_not_be_summed"":true,""nested_in_search_kernel"":[""return_match_s"",""forecast_s""],""transition_decision_s"":""reported_stage_not_added_to_full_compile""}","[{""run_id"":""qmap154-rd53_133-M2-raw-replay-88a6e618c627"",""seed"":0,""status"":""success""}]",[],"{""additive_wall_clock_stages"":[""initial_placement_s"",""problem_preparation_s"",""search_kernel_s"",""result_commit_s"",""routing_s""],""nested_fields_must_not_be_summed"":true,""nested_in_search_kernel"":[""return_match_s"",""forecast_s""],""transition_decision_s"":""reported_stage_not_added_to_full_compile""}","[{""run_id"":""qmap154-rd53_133-M3-s0-r0-7004b0fb2eed"",""seed"":0,""status"":""success""},{""run_id"":""qmap154-rd53_133-M3-s1-r0-4e4c869f7196"",""seed"":1,""status"":""success""},{""run_id"":""qmap154-rd53_133-M3-s2-r0-4f8523d53ae0"",""seed"":2,""status"":""success""}]",[],"{""additive_wall_clock_stages"":[""initial_placement_s"",""problem_preparation_s"",""search_kernel_s"",""result_commit_s"",""routing_s""],""nested_fields_must_not_be_summed"":true,""nested_in_search_kernel"":[""return_match_s"",""forecast_s""],""transition_decision_s"":""reported_stage_not_added_to_full_compile""}","[{""run_id"":""qmap154-rd53_133-M4-s0-r0-e15f770eb47f"",""seed"":0,""status"":""success""},{""run_id"":""qmap154-rd53_133-M4-s1-r0-ba3bd1bb888c"",""seed"":1,""status"":""success""},{""run_id"":""qmap154-rd53_133-M4-s2-r0-9277ebba3d39"",""seed"":2,""status"":""success""}]",[],"{""additive_wall_clock_stages"":[""initial_placement_s"",""problem_preparation_s"",""search_kernel_s"",""result_commit_s"",""routing_s""],""nested_fields_must_not_be_summed"":true,""nested_in_search_kernel"":[""return_match_s"",""forecast_s""],""transition_decision_s"":""reported_stage_not_added_to_full_compile""}"
qmap154,rd53_135,eb832c5f8f923061439d844842c8a7876f763051b9241b753ac772e69888a63c,7,247,134,success,1,1,1/1,1,1,-1.4429988329212626,0.23621831620082703,False,548.0,0.0,229.0,21870.64425635051,12.173751208,eb832c5f8f923061439d844842c8a7876f763051b9241b753ac772e69888a63c,d99a5c89a27b4238000ebbf1b6a9d01c7f2e0e64c0b3a5d079121d91416ac435,-0.5482741828037768,-0.0,-0.14893292853905923,,,,,,12.015538931,0.146809708,,0.0,,0.007693529,,,success,1,1,1/1,1,1,-1.4434766605279208,0.23610547153044442,False,548.0,0.0,228.0,21814.876956399232,0.039559375,eb832c5f8f923061439d844842c8a7876f763051b9241b753ac772e69888a63c,d99a5c89a27b4238000ebbf1b6a9d01c7f2e0e64c0b3a5d079121d91416ac435,-0.5482741828037768,-0.0,-0.14941075614571742,,,,,,,,,,,,,,success,3,3,3/3,3,3,-1.4369529663109055,0.23765078653040633,False,528.0,2.0,249.0,24647.75235181643,4.53433075,eb832c5f8f923061439d844842c8a7876f763051b9241b753ac772e69888a63c,d99a5c89a27b4238000ebbf1b6a9d01c7f2e0e64c0b3a5d079121d91416ac435,-0.5282641761321062,-0.005006260436236954,-0.1578908081641358,0.0,,,,,2.81625225,1.68988625,0.172599833,1.257625417,0.220331339,0.01950264,0.007117105,0.002555082,success,3,3,3/3,3,3,-1.4719060518108356,0.2294876526975858,False,388.0,88.0,179.0,18449.37087754964,15.722232917,eb832c5f8f923061439d844842c8a7876f763051b9241b753ac772e69888a63c,d99a5c89a27b4238000ebbf1b6a9d01c7f2e0e64c0b3a5d079121d91416ac435,-0.3881941294304113,-0.22027545919442598,-0.11764474160757177,1.2562308119868997,,,,,2.806721125,12.98582925,0.182840046,12.53094458,0.221221296,0.015119314,0.005579688,3.941991169,"[{""run_id"":""qmap154-rd53_135-M1-s0-r0-894053b9f2c4"",""seed"":0,""status"":""success""}]",[],"{""additive_wall_clock_stages"":[""initial_placement_s"",""problem_preparation_s"",""search_kernel_s"",""result_commit_s"",""routing_s""],""nested_fields_must_not_be_summed"":true,""nested_in_search_kernel"":[""return_match_s"",""forecast_s""],""transition_decision_s"":""reported_stage_not_added_to_full_compile""}","[{""run_id"":""qmap154-rd53_135-M2-raw-replay-4c400c4f1489"",""seed"":0,""status"":""success""}]",[],"{""additive_wall_clock_stages"":[""initial_placement_s"",""problem_preparation_s"",""search_kernel_s"",""result_commit_s"",""routing_s""],""nested_fields_must_not_be_summed"":true,""nested_in_search_kernel"":[""return_match_s"",""forecast_s""],""transition_decision_s"":""reported_stage_not_added_to_full_compile""}","[{""run_id"":""qmap154-rd53_135-M3-s0-r0-ceee25b40e71"",""seed"":0,""status"":""success""},{""run_id"":""qmap154-rd53_135-M3-s1-r0-5f0efc1498cf"",""seed"":1,""status"":""success""},{""run_id"":""qmap154-rd53_135-M3-s2-r0-3d7a9fa1b877"",""seed"":2,""status"":""success""}]",[],"{""additive_wall_clock_stages"":[""initial_placement_s"",""problem_preparation_s"",""search_kernel_s"",""result_commit_s"",""routing_s""],""nested_fields_must_not_be_summed"":true,""nested_in_search_kernel"":[""return_match_s"",""forecast_s""],""transition_decision_s"":""reported_stage_not_added_to_full_compile""}","[{""run_id"":""qmap154-rd53_135-M4-s0-r0-922dd629a12d"",""seed"":0,""status"":""success""},{""run_id"":""qmap154-rd53_135-M4-s1-r0-38584181b08f"",""seed"":1,""status"":""success""},{""run_id"":""qmap154-rd53_135-M4-s2-r0-ba65ea003f44"",""seed"":2,""status"":""success""}]",[],"{""additive_wall_clock_stages"":[""initial_placement_s"",""problem_preparation_s"",""search_kernel_s"",""result_commit_s"",""routing_s""],""nested_fields_must_not_be_summed"":true,""nested_in_search_kernel"":[""return_match_s"",""forecast_s""],""transition_decision_s"":""reported_stage_not_added_to_full_compile""}"
qmap154,rd53_138,3b0bd2035db7cf2547b925a5bb182e565f350a0756310fc40ac23ff85782a6ad,8,113,60,success,1,1,1/1,1,1,-0.6531841239417788,0.5203861619163942,False,240.0,0.0,99.0,10032.087655617022,11.1894975,3b0bd2035db7cf2547b925a5bb182e565f350a0756310fc40ac23ff85782a6ad,0343ce7a4253deb6a210527715cd55e3d9990755c84d5feaeec7b9ad5d8bee60,-0.24012008006004826,-0.0,-0.07840644845184826,,,,,,11.132277966,0.052159875,,0.0,,0.003530979,,,success,1,1,1/1,1,1,-0.654711823579246,0.5195917751122073,False,240.0,0.0,88.0,10211.710571575803,0.016123167,3b0bd2035db7cf2547b925a5bb182e565f350a0756310fc40ac23ff85782a6ad,0343ce7a4253deb6a210527715cd55e3d9990755c84d5feaeec7b9ad5d8bee60,-0.24012008006004826,-0.0,-0.07993414808931532,,,,,,,,,,,,,,success,3,3,3/3,3,3,-0.6536480833189783,0.5201447798768686,False,228.0,3.0,107.0,11063.318241674191,3.47567125,3b0bd2035db7cf2547b925a5bb182e565f350a0756310fc40ac23ff85782a6ad,0343ce7a4253deb6a210527715cd55e3d9990755c84d5feaeec7b9ad5d8bee60,-0.22811407605704584,-0.00750939065435543,-0.08086389095957618,0.0,,,,,2.630366792,0.808730334,0.071086086,0.616940752,0.089676166,0.008613586,0.002558238,0.001041389,success,3,3,3/3,3,3,-0.6499249552436968,0.5220849550291556,False,152.0,43.0,62.0,6799.95462564667,9.8970835,3b0bd2035db7cf2547b925a5bb182e565f350a0756310fc40ac23ff85782a6ad,0343ce7a4253deb6a210527715cd55e3d9990755c84d5feaeec7b9ad5d8bee60,-0.15207605070469724,-0.1076345993790945,-0.05555670973002267,0.5099234588019878,,,,,2.67139625,7.194903792,0.071302086,7.007511831,0.082481543,0.006303787,0.002097896,1.76704663,"[{""run_id"":""qmap154-rd53_138-M1-s0-r0-b8483c9aa894"",""seed"":0,""status"":""success""}]",[],"{""additive_wall_clock_stages"":[""initial_placement_s"",""problem_preparation_s"",""search_kernel_s"",""result_commit_s"",""routing_s""],""nested_fields_must_not_be_summed"":true,""nested_in_search_kernel"":[""return_match_s"",""forecast_s""],""transition_decision_s"":""reported_stage_not_added_to_full_compile""}","[{""run_id"":""qmap154-rd53_138-M2-raw-replay-a89bce8e7679"",""seed"":0,""status"":""success""}]",[],"{""additive_wall_clock_stages"":[""initial_placement_s"",""problem_preparation_s"",""search_kernel_s"",""result_commit_s"",""routing_s""],""nested_fields_must_not_be_summed"":true,""nested_in_search_kernel"":[""return_match_s"",""forecast_s""],""transition_decision_s"":""reported_stage_not_added_to_full_compile""}","[{""run_id"":""qmap154-rd53_138-M3-s0-r0-9b895080b31c"",""seed"":0,""status"":""success""},{""run_id"":""qmap154-rd53_138-M3-s1-r0-19b4c5b49e14"",""seed"":1,""status"":""success""},{""run_id"":""qmap154-rd53_138-M3-s2-r0-561d9d4a6320"",""seed"":2,""status"":""success""}]",[],"{""additive_wall_clock_stages"":[""initial_placement_s"",""problem_preparation_s"",""search_kernel_s"",""result_commit_s"",""routing_s""],""nested_fields_must_not_be_summed"":true,""nested_in_search_kernel"":[""return_match_s"",""forecast_s""],""transition_decision_s"":""reported_stage_not_added_to_full_compile""}","[{""run_id"":""qmap154-rd53_138-M4-s0-r0-78c563c81358"",""seed"":0,""status"":""success""},{""run_id"":""qmap154-rd53_138-M4-s1-r0-2b67b85a14ef"",""seed"":1,""status"":""success""},{""run_id"":""qmap154-rd53_138-M4-s2-r0-82c2298668c7"",""seed"":2,""status"":""success""}]",[],"{""additive_wall_clock_stages"":[""initial_placement_s"",""problem_preparation_s"",""search_kernel_s"",""result_commit_s"",""routing_s""],""nested_fields_must_not_be_summed"":true,""nested_in_search_kernel"":[""return_match_s"",""forecast_s""],""transition_decision_s"":""reported_stage_not_added_to_full_compile""}"
qmap154,rd53_251,a15dd882bbe53aea063fc08cb96e33fd774fc6763d90813aa5ed1415ffb775a2,8,1048,564,success,1,1,1/1,1,1,-6.224727127862335,0.0019798639913699637,False,2312.0,0.0,996.0,94542.43551484776,17.523270916,a15dd882bbe53aea063fc08cb96e33fd774fc6763d90813aa5ed1415ffb775a2,49cf12c7ece80d558d05492a1185f17972f3e940b0a4ad61c99b317144e20815,-2.3131567712451315,-0.0,-0.7700495987041375,,,,,,16.678970098,0.782430791,,0.0,,0.046709776,,,success,1,1,1/1,1,1,-6.229088993152077,0.0019712468983094584,False,2312.0,0.0,996.0,94905.46692019027,0.165501542,a15dd882bbe53aea063fc08cb96e33fd774fc6763d90813aa5ed1415ffb775a2,49cf12c7ece80d558d05492a1185f17972f3e940b0a4ad61c99b317144e20815,-2.3131567712451315,-0.0,-0.7744114639938801,,,,,,,,,,,,,,success,3,3,3/3,3,3,-6.243733707771251,0.0019425889062797594,False,2212.0,22.0,1029.0,109221.69308816796,11.952114875,a15dd882bbe53aea063fc08cb96e33fd774fc6763d90813aa5ed1415ffb775a2,49cf12c7ece80d558d05492a1185f17972f3e940b0a4ad61c99b317144e20815,-2.213106737886778,-0.055068864798606496,-0.8296777557878934,0.0,,,,,3.599153625,8.183767708,0.779634597,6.229186251,1.082118796,0.10123992,0.029420295,0.010730544,success,3,3,3/3,3,3,-6.272228399582201,0.0018880166365187693,False,1588.0,377.0,732.0,76301.71304054887,58.072594542,a15dd882bbe53aea063fc08cb96e33fd774fc6763d90813aa5ed1415ffb775a2,49cf12c7ece80d558d05492a1185f17972f3e940b0a4ad61c99b317144e20815,-1.5887945297306525,-0.9436800922306658,-0.5982330197078171,5.548075815557976,,,,,3.584872875,54.411031209,0.815090426,52.380028417,1.102148961,0.061193466,0.022919569,16.276252416,"[{""run_id"":""qmap154-rd53_251-M1-s0-r0-964bc2586111"",""seed"":0,""status"":""success""}]",[],"{""additive_wall_clock_stages"":[""initial_placement_s"",""problem_preparation_s"",""search_kernel_s"",""result_commit_s"",""routing_s""],""nested_fields_must_not_be_summed"":true,""nested_in_search_kernel"":[""return_match_s"",""forecast_s""],""transition_decision_s"":""reported_stage_not_added_to_full_compile""}","[{""run_id"":""qmap154-rd53_251-M2-raw-replay-8bc2b0ed6172"",""seed"":0,""status"":""success""}]",[],"{""additive_wall_clock_stages"":[""initial_placement_s"",""problem_preparation_s"",""search_kernel_s"",""result_commit_s"",""routing_s""],""nested_fields_must_not_be_summed"":true,""nested_in_search_kernel"":[""return_match_s"",""forecast_s""],""transition_decision_s"":""reported_stage_not_added_to_full_compile""}","[{""run_id"":""qmap154-rd53_251-M3-s0-r0-8c4a207770d9"",""seed"":0,""status"":""success""},{""run_id"":""qmap154-rd53_251-M3-s1-r0-67e3e572c5d5"",""seed"":1,""status"":""success""},{""run_id"":""qmap154-rd53_251-M3-s2-r0-d986ab0407c7"",""seed"":2,""status"":""success""}]",[],"{""additive_wall_clock_stages"":[""initial_placement_s"",""problem_preparation_s"",""search_kernel_s"",""result_commit_s"",""routing_s""],""nested_fields_must_not_be_summed"":true,""nested_in_search_kernel"":[""return_match_s"",""forecast_s""],""transition_decision_s"":""reported_stage_not_added_to_full_compile""}","[{""run_id"":""qmap154-rd53_251-M4-s0-r0-1003f9f20878"",""seed"":0,""status"":""success""},{""run_id"":""qmap154-rd53_251-M4-s1-r0-df4f9185c998"",""seed"":1,""status"":""success""},{""run_id"":""qmap154-rd53_251-M4-s2-r0-26d0a1fbf104"",""seed"":2,""status"":""success""}]",[],"{""additive_wall_clock_stages"":[""initial_placement_s"",""problem_preparation_s"",""search_kernel_s"",""result_commit_s"",""routing_s""],""nested_fields_must_not_be_summed"":true,""nested_in_search_kernel"":[""return_match_s"",""forecast_s""],""transition_decision_s"":""reported_stage_not_added_to_full_compile""}"
qmap154,rd53_311,1a2e65e77c47deda845cff04ac39142ee67177958161cb55e0eee9ab9f5a61a5,13,225,124,success,1,1,1/1,1,1,-1.4681848456606534,0.23034321443572237,False,520.0,0.0,203.0,19548.724299280057,15.380118667,1a2e65e77c47deda845cff04ac39142ee67177958161cb55e0eee9ab9f5a61a5,d5ea1181c82247b76accdaa1d94450a06ff1b5f0d0ed437b2d150ac17e0208a8,-0.5202601734634379,-0.0,-0.25885935905227575,,,,,,15.254907131,0.115011791,,0.0,,0.007125139,,,success,1,1,1/1,1,1,-1.4675656147302945,0.23048589425001717,False,520.0,0.0,198.0,19276.440694533714,0.032995583,1a2e65e77c47deda845cff04ac39142ee67177958161cb55e0eee9ab9f5a61a5,d5ea1181c82247b76accdaa1d94450a06ff1b5f0d0ed437b2d150ac17e0208a8,-0.5202601734634379,-0.0,-0.25824012812191677,,,,,,,,,,,,,,success,3,3,3/3,3,3,-1.4680604027304902,0.2303718808038964,False,502.0,5.0,197.0,20413.19190477302,5.453981708,1a2e65e77c47deda845cff04ac39142ee67177958161cb55e0eee9ab9f5a61a5,d5ea1181c82247b76accdaa1d94450a06ff1b5f0d0ed437b2d150ac17e0208a8,-0.5022511674589343,-0.012515651090592385,-0.25999858562814365,0.0,,,,,3.2314815,2.21047425,0.175013831,1.78033988,0.217630623,0.018916368,0.005946372,0.002235177,success,3,3,3/3,3,3,-1.4794568281465788,0.22776136835561964,False,348.0,94.0,152.0,16073.478428218525,25.294811333,1a2e65e77c47deda845cff04ac39142ee67177958161cb55e0eee9ab9f5a61a5,d5ea1181c82247b76accdaa1d94450a06ff1b5f0d0ed437b2d150ac17e0208a8,-0.34817411608706994,-0.23529424050313683,-0.20692315841143222,1.2455911096720216,,,,,3.214235584,22.032834542,0.180564875,21.610442661,0.208829539,0.015119553,0.006302438,4.925085422,"[{""run_id"":""qmap154-rd53_311-M1-s0-r0-6cc3085cbcc1"",""seed"":0,""status"":""success""}]",[],"{""additive_wall_clock_stages"":[""initial_placement_s"",""problem_preparation_s"",""search_kernel_s"",""result_commit_s"",""routing_s""],""nested_fields_must_not_be_summed"":true,""nested_in_search_kernel"":[""return_match_s"",""forecast_s""],""transition_decision_s"":""reported_stage_not_added_to_full_compile""}","[{""run_id"":""qmap154-rd53_311-M2-raw-replay-49aa5c117a09"",""seed"":0,""status"":""success""}]",[],"{""additive_wall_clock_stages"":[""initial_placement_s"",""problem_preparation_s"",""search_kernel_s"",""result_commit_s"",""routing_s""],""nested_fields_must_not_be_summed"":true,""nested_in_search_kernel"":[""return_match_s"",""forecast_s""],""transition_decision_s"":""reported_stage_not_added_to_full_compile""}","[{""run_id"":""qmap154-rd53_311-M3-s0-r0-45d61c13db07"",""seed"":0,""status"":""success""},{""run_id"":""qmap154-rd53_311-M3-s1-r0-a5189826b5be"",""seed"":1,""status"":""success""},{""run_id"":""qmap154-rd53_311-M3-s2-r0-47aa65939d3d"",""seed"":2,""status"":""success""}]",[],"{""additive_wall_clock_stages"":[""initial_placement_s"",""problem_preparation_s"",""search_kernel_s"",""result_commit_s"",""routing_s""],""nested_fields_must_not_be_summed"":true,""nested_in_search_kernel"":[""return_match_s"",""forecast_s""],""transition_decision_s"":""reported_stage_not_added_to_full_compile""}","[{""run_id"":""qmap154-rd53_311-M4-s0-r0-b02b708f7239"",""seed"":0,""status"":""success""},{""run_id"":""qmap154-rd53_311-M4-s1-r0-48232bf0b8fe"",""seed"":1,""status"":""success""},{""run_id"":""qmap154-rd53_311-M4-s2-r0-6efed8cb5669"",""seed"":2,""status"":""success""}]",[],"{""additive_wall_clock_stages"":[""initial_placement_s"",""problem_preparation_s"",""search_kernel_s"",""result_commit_s"",""routing_s""],""nested_fields_must_not_be_summed"":true,""nested_in_search_kernel"":[""return_match_s"",""forecast_s""],""transition_decision_s"":""reported_stage_not_added_to_full_compile""}"
qmap154,rd73_140,f0db956c320d40de51858d908aa0fe247112cd2c9c82085581052b79ba123d2c,10,195,104,success,1,1,1/1,1,1,-1.1578653344344856,0.31415608379315346,False,416.0,0.0,157.0,15665.91121357558,13.941466541,f0db956c320d40de51858d908aa0fe247112cd2c9c82085581052b79ba123d2c,b3a2587c12f7fa87c974b96b7ee83f04ed0701c45d604c85019ec0a515618f78,-0.4162081387707503,-0.0,-0.16184406925974093,,,,,,13.847606897,0.085837458,,0.0,,0.005610704,,,success,1,1,1/1,1,1,-1.1724741497937394,0.30959999612158684,False,416.0,0.0,148.0,17716.47909276825,0.025068833,f0db956c320d40de51858d908aa0fe247112cd2c9c82085581052b79ba123d2c,b3a2587c12f7fa87c974b96b7ee83f04ed0701c45d604c85019ec0a515618f78,-0.4162081387707503,-0.0,-0.1764528846189949,,,,,,,,,,,,,,success,3,3,3/3,3,3,-1.1693351599920516,0.3105733542333794,False,396.0,5.0,188.0,19669.699895593454,4.658225333,f0db956c320d40de51858d908aa0fe247112cd2c9c82085581052b79ba123d2c,b3a2587c12f7fa87c974b96b7ee83f04ed0701c45d604c85019ec0a515618f78,-0.3961981320990796,-0.012515651090592385,-0.1830844999192101,0.0,,,,,3.030487416,1.569551292,0.136403874,1.240562501,0.156936206,0.027571201,0.004293596,0.001835922,success,3,3,3/3,3,3,-1.1669912230312656,0.31130217241566016,False,258.0,82.0,107.0,11671.155161929804,18.299184584,f0db956c320d40de51858d908aa0fe247112cd2c9c82085581052b79ba123d2c,b3a2587c12f7fa87c974b96b7ee83f04ed0701c45d604c85019ec0a515618f78,-0.25812908606455187,-0.2052566778857151,-0.12379233267700436,0.9247635988906445,,,,,3.017669209,15.23090425,0.135816626,14.91101654,0.1470045,0.010634899,0.003665334,3.481068064,"[{""run_id"":""qmap154-rd73_140-M1-s0-r0-8b213fdf1686"",""seed"":0,""status"":""success""}]",[],"{""additive_wall_clock_stages"":[""initial_placement_s"",""problem_preparation_s"",""search_kernel_s"",""result_commit_s"",""routing_s""],""nested_fields_must_not_be_summed"":true,""nested_in_search_kernel"":[""return_match_s"",""forecast_s""],""transition_decision_s"":""reported_stage_not_added_to_full_compile""}","[{""run_id"":""qmap154-rd73_140-M2-raw-replay-377633f5924b"",""seed"":0,""status"":""success""}]",[],"{""additive_wall_clock_stages"":[""initial_placement_s"",""problem_preparation_s"",""search_kernel_s"",""result_commit_s"",""routing_s""],""nested_fields_must_not_be_summed"":true,""nested_in_search_kernel"":[""return_match_s"",""forecast_s""],""transition_decision_s"":""reported_stage_not_added_to_full_compile""}","[{""run_id"":""qmap154-rd73_140-M3-s0-r0-5f4c169a8078"",""seed"":0,""status"":""success""},{""run_id"":""qmap154-rd73_140-M3-s1-r0-72203b67626a"",""seed"":1,""status"":""success""},{""run_id"":""qmap154-rd73_140-M3-s2-r0-4fff63783658"",""seed"":2,""status"":""success""}]",[],"{""additive_wall_clock_stages"":[""initial_placement_s"",""problem_preparation_s"",""search_kernel_s"",""result_commit_s"",""routing_s""],""nested_fields_must_not_be_summed"":true,""nested_in_search_kernel"":[""return_match_s"",""forecast_s""],""transition_decision_s"":""reported_stage_not_added_to_full_compile""}","[{""run_id"":""qmap154-rd73_140-M4-s0-r0-6e270643957b"",""seed"":0,""status"":""success""},{""run_id"":""qmap154-rd73_140-M4-s1-r0-775a7204d4ee"",""seed"":1,""status"":""success""},{""run_id"":""qmap154-rd73_140-M4-s2-r0-824927f9e1da"",""seed"":2,""status"":""success""}]",[],"{""additive_wall_clock_stages"":[""initial_placement_s"",""problem_preparation_s"",""search_kernel_s"",""result_commit_s"",""routing_s""],""nested_fields_must_not_be_summed"":true,""nested_in_search_kernel"":[""return_match_s"",""forecast_s""],""transition_decision_s"":""reported_stage_not_added_to_full_compile""}"
qmap154,rd73_252,181b076ba081017381177d84383cc4f660e01506983ee907420658ef1adbd956,10,4310,2319,success,1,1,1/1,1,1,-27.342132464045225,1.3349430768551419e-12,False,9548.0,0.0,4053.0,391160.087639514,28.049279541,181b076ba081017381177d84383cc4f660e01506983ee907420658ef1adbd956,967ee8de31581897bb178cf42fa18e4a665f917ac3c981af373006ec6b41cec5,-9.552777185055586,-0.0,-4.8720768013918505,,,,,,23.984057188,3.81911025,,0.0,,0.19036293,,,success,1,1,1/1,1,1,-27.347981427015274,1.3271578342240792e-12,False,9560.0,0.0,4045.0,389930.78080557066,0.659467208,181b076ba081017381177d84383cc4f660e01506983ee907420658ef1adbd956,967ee8de31581897bb178cf42fa18e4a665f917ac3c981af373006ec6b41cec5,-9.564783189058588,-0.0,-4.865919760358899,,,,,,,,,,,,,,success,3,3,3/3,3,3,-28.13062814803158,6.067690536279376e-13,False,9104.0,249.0,4157.0,463645.6064837745,40.888521167,181b076ba081017381177d84383cc4f660e01506983ee907420658ef1adbd956,967ee8de31581897bb178cf42fa18e4a665f917ac3c981af373006ec6b41cec5,-9.108555036944496,-0.6232794243115007,-5.49899953302143,0.0,,,,,4.656377459,35.4461215,4.950117248,23.81783386,6.460990762,0.481607199,0.077455962,0.009850256,success,3,3,3/3,3,3,-27.022487181834656,1.8377351819540632e-12,False,6748.0,1520.0,3042.0,307275.6180801461,46.323917167,181b076ba081017381177d84383cc4f660e01506983ee907420658ef1adbd956,967ee8de31581897bb178cf42fa18e4a665f917ac3c981af373006ec6b41cec5,-6.75137625102169,-3.804757931540085,-3.5513645047595763,20.32102886368605,,,,,4.627905625,41.22650625,4.481234667,31.082120161,5.447274608,0.347719431,0.044229324,2.11422881,"[{""run_id"":""qmap154-rd73_252-M1-s0-r0-797447757ccc"",""seed"":0,""status"":""success""}]",[],"{""additive_wall_clock_stages"":[""initial_placement_s"",""problem_preparation_s"",""search_kernel_s"",""result_commit_s"",""routing_s""],""nested_fields_must_not_be_summed"":true,""nested_in_search_kernel"":[""return_match_s"",""forecast_s""],""transition_decision_s"":""reported_stage_not_added_to_full_compile""}","[{""run_id"":""qmap154-rd73_252-M2-raw-replay-660043602790"",""seed"":0,""status"":""success""}]",[],"{""additive_wall_clock_stages"":[""initial_placement_s"",""problem_preparation_s"",""search_kernel_s"",""result_commit_s"",""routing_s""],""nested_fields_must_not_be_summed"":true,""nested_in_search_kernel"":[""return_match_s"",""forecast_s""],""transition_decision_s"":""reported_stage_not_added_to_full_compile""}","[{""run_id"":""qmap154-rd73_252-M3-s0-r0-9b83a28f000a"",""seed"":0,""status"":""success""},{""run_id"":""qmap154-rd73_252-M3-s1-r0-4beba6c16c85"",""seed"":1,""status"":""success""},{""run_id"":""qmap154-rd73_252-M3-s2-r0-26bf4c1e0787"",""seed"":2,""status"":""success""}]",[],"{""additive_wall_clock_stages"":[""initial_placement_s"",""problem_preparation_s"",""search_kernel_s"",""result_commit_s"",""routing_s""],""nested_fields_must_not_be_summed"":true,""nested_in_search_kernel"":[""return_match_s"",""forecast_s""],""transition_decision_s"":""reported_stage_not_added_to_full_compile""}","[{""run_id"":""qmap154-rd73_252-M4-s0-r0-1bb971309b15"",""seed"":0,""status"":""success""},{""run_id"":""qmap154-rd73_252-M4-s1-r0-0999a81cae03"",""seed"":1,""status"":""success""},{""run_id"":""qmap154-rd73_252-M4-s2-r0-1d9fc9ccebc9"",""seed"":2,""status"":""success""}]",[],"{""additive_wall_clock_stages"":[""initial_placement_s"",""problem_preparation_s"",""search_kernel_s"",""result_commit_s"",""routing_s""],""nested_fields_must_not_be_summed"":true,""nested_in_search_kernel"":[""return_match_s"",""forecast_s""],""transition_decision_s"":""reported_stage_not_added_to_full_compile""}"
qmap154,rd84_142,905244f2543b366d276cc748f223b549e8c6712f4b686c6295e2e70e4df2d908,15,288,154,success,1,1,1/1,1,1,-1.9036777539603742,0.14901955292519958,False,628.0,0.0,259.0,27978.249373221213,15.473877042,905244f2543b366d276cc748f223b549e8c6712f4b686c6295e2e70e4df2d908,809c0b1ec89ec0657c4cbe53aa197acde90f7fa702339e2baaca9fac1f7e4267,-0.6283142094904596,-0.0,-0.41701914105152066,,,,,,15.353205919,0.109220459,,0.0,,0.008700371,,,success,1,1,1/1,1,1,-1.8483933036058264,0.15749000176228498,False,628.0,0.0,183.0,22368.962191309052,0.030231625,905244f2543b366d276cc748f223b549e8c6712f4b686c6295e2e70e4df2d908,809c0b1ec89ec0657c4cbe53aa197acde90f7fa702339e2baaca9fac1f7e4267,-0.6283142094904596,-0.0,-0.361734690696973,,,,,,,,,,,,,,success,3,3,3/3,3,3,-1.8670540790388666,0.15457836737555514,False,598.0,17.0,225.0,25161.03806543826,8.080032958,905244f2543b366d276cc748f223b549e8c6712f4b686c6295e2e70e4df2d908,809c0b1ec89ec0657c4cbe53aa197acde90f7fa702339e2baaca9fac1f7e4267,-0.5982991994829535,-0.042553213708014105,-0.3803729135200975,0.0,,,,,3.1807605,4.839257958,0.205169876,4.338905951,0.226930836,0.023695469,0.006656036,0.002567926,success,3,3,3/3,3,3,-1.8264773271198391,0.16097964877368956,False,396.0,120.0,152.0,16112.856081813621,75.094224042,905244f2543b366d276cc748f223b549e8c6712f4b686c6295e2e70e4df2d908,809c0b1ec89ec0657c4cbe53aa197acde90f7fa702339e2baaca9fac1f7e4267,-0.3961981320990796,-0.30037562617421726,-0.27155916542814823,1.5577956632605188,,,,,3.188645125,71.859043875,0.186298791,71.403644122,0.221069585,0.016839504,0.009127172,8.992478164,"[{""run_id"":""qmap154-rd84_142-M1-s0-r0-30c9a408fdc9"",""seed"":0,""status"":""success""}]",[],"{""additive_wall_clock_stages"":[""initial_placement_s"",""problem_preparation_s"",""search_kernel_s"",""result_commit_s"",""routing_s""],""nested_fields_must_not_be_summed"":true,""nested_in_search_kernel"":[""return_match_s"",""forecast_s""],""transition_decision_s"":""reported_stage_not_added_to_full_compile""}","[{""run_id"":""qmap154-rd84_142-M2-raw-replay-4c4099cc0b4f"",""seed"":0,""status"":""success""}]",[],"{""additive_wall_clock_stages"":[""initial_placement_s"",""problem_preparation_s"",""search_kernel_s"",""result_commit_s"",""routing_s""],""nested_fields_must_not_be_summed"":true,""nested_in_search_kernel"":[""return_match_s"",""forecast_s""],""transition_decision_s"":""reported_stage_not_added_to_full_compile""}","[{""run_id"":""qmap154-rd84_142-M3-s0-r0-d2c54de53099"",""seed"":0,""status"":""success""},{""run_id"":""qmap154-rd84_142-M3-s1-r0-7cea29f6728f"",""seed"":1,""status"":""success""},{""run_id"":""qmap154-rd84_142-M3-s2-r0-67ed5be91a8c"",""seed"":2,""status"":""success""}]",[],"{""additive_wall_clock_stages"":[""initial_placement_s"",""problem_preparation_s"",""search_kernel_s"",""result_commit_s"",""routing_s""],""nested_fields_must_not_be_summed"":true,""nested_in_search_kernel"":[""return_match_s"",""forecast_s""],""transition_decision_s"":""reported_stage_not_added_to_full_compile""}","[{""run_id"":""qmap154-rd84_142-M4-s0-r0-247296b54712"",""seed"":0,""status"":""success""},{""run_id"":""qmap154-rd84_142-M4-s1-r0-559be28de4c7"",""seed"":1,""status"":""success""},{""run_id"":""qmap154-rd84_142-M4-s2-r0-973243e8a5b7"",""seed"":2,""status"":""success""}]",[],"{""additive_wall_clock_stages"":[""initial_placement_s"",""problem_preparation_s"",""search_kernel_s"",""result_commit_s"",""routing_s""],""nested_fields_must_not_be_summed"":true,""nested_in_search_kernel"":[""return_match_s"",""forecast_s""],""transition_decision_s"":""reported_stage_not_added_to_full_compile""}"
qmap154,rd84_253,a9efde0279e6a63c1de865e8ae22b6b7bbb96a6b2ae2a58c3038bcafea2c08f4,12,11069,5960,success,1,1,1/1,0,1,,,True,24740.0,0.0,10398.0,1012035.0557592644,40.213673333,a9efde0279e6a63c1de865e8ae22b6b7bbb96a6b2ae2a58c3038bcafea2c08f4,7e316004b8487b934d91a941ae96b926addb50d1259848bcfef23f3dab1f24ae,,,,,,,,,27.812354088,11.767795833,,0.0,,0.475536108,,,success,1,1,1/1,0,1,,,True,24768.0,0.0,10252.0,999068.3851642016,1.666603583,a9efde0279e6a63c1de865e8ae22b6b7bbb96a6b2ae2a58c3038bcafea2c08f4,7e316004b8487b934d91a941ae96b926addb50d1259848bcfef23f3dab1f24ae,,,,,,,,,,,,,,,,,success,3,3,3/3,3,3,-97.05831568684984,7.04870076997407e-43,False,21720.0,2488.0,9495.0,1005277.5986308286,110.445438834,a9efde0279e6a63c1de865e8ae22b6b7bbb96a6b2ae2a58c3038bcafea2c08f4,7e316004b8487b934d91a941ae96b926addb50d1259848bcfef23f3dab1f24ae,-21.730867245434368,-6.2277879826787705,-35.66584018066723,0.0,,,,,5.247645,103.24949675,10.028922205,76.574578118,16.320143327,1.197779655,0.188524842,0.007709065,success,3,3,3/3,3,3,-80.96571003630388,6.87129996302644e-36,False,17700.0,3987.0,7851.0,802500.9102616186,80.407217458,a9efde0279e6a63c1de865e8ae22b6b7bbb96a6b2ae2a58c3038bcafea2c08f4,7e316004b8487b934d91a941ae96b926addb50d1259848bcfef23f3dab1f24ae,-17.708855904428557,-9.979980179638368,-20.080926479269948,63.11780040902435,,,,,5.29287125,73.500755084,8.96454186,49.417207382,14.819711709,1.044068575,0.121121954,1.664354316,"[{""run_id"":""qmap154-rd84_253-M1-s0-r0-27bcdbd43b94"",""seed"":0,""status"":""success""}]",[],"{""additive_wall_clock_stages"":[""initial_placement_s"",""problem_preparation_s"",""search_kernel_s"",""result_commit_s"",""routing_s""],""nested_fields_must_not_be_summed"":true,""nested_in_search_kernel"":[""return_match_s"",""forecast_s""],""transition_decision_s"":""reported_stage_not_added_to_full_compile""}","[{""run_id"":""qmap154-rd84_253-M2-raw-replay-a5ad548ce598"",""seed"":0,""status"":""success""}]",[],"{""additive_wall_clock_stages"":[""initial_placement_s"",""problem_preparation_s"",""search_kernel_s"",""result_commit_s"",""routing_s""],""nested_fields_must_not_be_summed"":true,""nested_in_search_kernel"":[""return_match_s"",""forecast_s""],""transition_decision_s"":""reported_stage_not_added_to_full_compile""}","[{""run_id"":""qmap154-rd84_253-M3-s0-r0-55b7baa28d6f"",""seed"":0,""status"":""success""},{""run_id"":""qmap154-rd84_253-M3-s1-r0-835726c3a432"",""seed"":1,""status"":""success""},{""run_id"":""qmap154-rd84_253-M3-s2-r0-9b36952cf539"",""seed"":2,""status"":""success""}]",[],"{""additive_wall_clock_stages"":[""initial_placement_s"",""problem_preparation_s"",""search_kernel_s"",""result_commit_s"",""routing_s""],""nested_fields_must_not_be_summed"":true,""nested_in_search_kernel"":[""return_match_s"",""forecast_s""],""transition_decision_s"":""reported_stage_not_added_to_full_compile""}","[{""run_id"":""qmap154-rd84_253-M4-s0-r0-948d666977d7"",""seed"":0,""status"":""success""},{""run_id"":""qmap154-rd84_253-M4-s1-r0-17efd9476a8f"",""seed"":1,""status"":""success""},{""run_id"":""qmap154-rd84_253-M4-s2-r0-b32f29c11911"",""seed"":2,""status"":""success""}]",[],"{""additive_wall_clock_stages"":[""initial_placement_s"",""problem_preparation_s"",""search_kernel_s"",""result_commit_s"",""routing_s""],""nested_fields_must_not_be_summed"":true,""nested_in_search_kernel"":[""return_match_s"",""forecast_s""],""transition_decision_s"":""reported_stage_not_added_to_full_compile""}"
qmap154,root_255,2b3237a508e829210f1cc5215a037ed2416c9c8f69d09be3c5cc69f274db9ae8,13,13919,7493,success,1,1,1/1,0,1,,,True,30956.0,0.0,12931.0,1277489.7213047529,49.746880584,2b3237a508e829210f1cc5215a037ed2416c9c8f69d09be3c5cc69f274db9ae8,8576377ff9729d5a67e4ac383ecc04a843aba9ac1ef5b38107dafb6e4d75dc2a,,,,,,,,,33.255398989,15.709482125,,0.0,,0.607720613,,,success,1,1,1/1,0,1,,,True,30976.0,0.0,12550.0,1235556.6262191553,2.048863209,2b3237a508e829210f1cc5215a037ed2416c9c8f69d09be3c5cc69f274db9ae8,8576377ff9729d5a67e4ac383ecc04a843aba9ac1ef5b38107dafb6e4d75dc2a,,,,,,,,,,,,,,,,,success,3,3,3/3,0,3,,,True,29318.0,1055.0,12740.0,1290763.052028516,35.104302417,2b3237a508e829210f1cc5215a037ed2416c9c8f69d09be3c5cc69f274db9ae8,8576377ff9729d5a67e4ac383ecc04a843aba9ac1ef5b38107dafb6e4d75dc2a,,,,0.0,,,,,6.008981583,26.570642375,1.502875143,22.657674415,2.17825532,1.468648672,0.140023184,0.004652202,success,3,3,3/3,0,3,,,True,22610.0,4987.0,9873.0,1017866.0674881164,32.928770083,2b3237a508e829210f1cc5215a037ed2416c9c8f69d09be3c5cc69f274db9ae8,8576377ff9729d5a67e4ac383ecc04a843aba9ac1ef5b38107dafb6e4d75dc2a,,,,53.5163487438743,,,,,6.032872167,24.90478725,1.22281447,21.311086638,2.123382177,1.193032026,0.080199492,0.483804797,"[{""run_id"":""qmap154-root_255-M1-s0-r0-696d66199523"",""seed"":0,""status"":""success""}]",[],"{""additive_wall_clock_stages"":[""initial_placement_s"",""problem_preparation_s"",""search_kernel_s"",""result_commit_s"",""routing_s""],""nested_fields_must_not_be_summed"":true,""nested_in_search_kernel"":[""return_match_s"",""forecast_s""],""transition_decision_s"":""reported_stage_not_added_to_full_compile""}","[{""run_id"":""qmap154-root_255-M2-raw-replay-b36ee17767c0"",""seed"":0,""status"":""success""}]",[],"{""additive_wall_clock_stages"":[""initial_placement_s"",""problem_preparation_s"",""search_kernel_s"",""result_commit_s"",""routing_s""],""nested_fields_must_not_be_summed"":true,""nested_in_search_kernel"":[""return_match_s"",""forecast_s""],""transition_decision_s"":""reported_stage_not_added_to_full_compile""}","[{""run_id"":""qmap154-root_255-M3-s0-r0-c7cec0c1c3d9"",""seed"":0,""status"":""success""},{""run_id"":""qmap154-root_255-M3-s1-r0-1e47420f6fd3"",""seed"":1,""status"":""success""},{""run_id"":""qmap154-root_255-M3-s2-r0-77579111e640"",""seed"":2,""status"":""success""}]",[],"{""additive_wall_clock_stages"":[""initial_placement_s"",""problem_preparation_s"",""search_kernel_s"",""result_commit_s"",""routing_s""],""nested_fields_must_not_be_summed"":true,""nested_in_search_kernel"":[""return_match_s"",""forecast_s""],""transition_decision_s"":""reported_stage_not_added_to_full_compile""}","[{""run_id"":""qmap154-root_255-M4-s0-r0-ddab5febb1f5"",""seed"":0,""status"":""success""},{""run_id"":""qmap154-root_255-M4-s1-r0-b810bdc5442c"",""seed"":1,""status"":""success""},{""run_id"":""qmap154-root_255-M4-s2-r0-71eb8e4f1383"",""seed"":2,""status"":""success""}]",[],"{""additive_wall_clock_stages"":[""initial_placement_s"",""problem_preparation_s"",""search_kernel_s"",""result_commit_s"",""routing_s""],""nested_fields_must_not_be_summed"":true,""nested_in_search_kernel"":[""return_match_s"",""forecast_s""],""transition_decision_s"":""reported_stage_not_added_to_full_compile""}"
qmap154,sao2_257,43706b3214137b0e3861e5fec3fc91ef93dbc649f0787fccbe50e5b3c4eacff8,14,31325,16864,verifier_fail,0,1,0/1,0,1,,,False,,,,,,43706b3214137b0e3861e5fec3fc91ef93dbc649f0787fccbe50e5b3c4eacff8,6401b0d9c825df6e01b3868b1e1d3bfe119305320d5dc1a752084401154a51df,,,,,,,,,,,,,,,,,success,1,1,1/1,0,1,,,True,70276.0,0.0,27908.0,2747218.4606234496,4.480456,43706b3214137b0e3861e5fec3fc91ef93dbc649f0787fccbe50e5b3c4eacff8,6401b0d9c825df6e01b3868b1e1d3bfe119305320d5dc1a752084401154a51df,,,,,,,,,,,,,,,,,success,3,3,3/3,0,3,,,True,66222.0,3931.0,28375.0,2883726.3596729673,72.758617667,43706b3214137b0e3861e5fec3fc91ef93dbc649f0787fccbe50e5b3c4eacff8,6401b0d9c825df6e01b3868b1e1d3bfe119305320d5dc1a752084401154a51df,,,,0.0,,,,,5.4910755,61.700864708,4.075708678,51.730781091,4.972598162,3.380324364,0.330112486,0.011692308,success,3,3,3/3,0,3,,,True,51130.0,13859.0,22389.0,2315258.080113711,85.042804167,43706b3214137b0e3861e5fec3fc91ef93dbc649f0787fccbe50e5b3c4eacff8,6401b0d9c825df6e01b3868b1e1d3bfe119305320d5dc1a752084401154a51df,,,,176.98818013828526,,,,,5.489614833,74.770272459,2.929964994,66.304355594,4.946851424,2.827148914,0.353501172,1.239687075,"[{""run_id"":""qmap154-sao2_257-M1-s0-r0-dd1e3ae1887a"",""seed"":0,""status"":""verifier_fail""}]",[],"{""additive_wall_clock_stages"":[""initial_placement_s"",""problem_preparation_s"",""search_kernel_s"",""result_commit_s"",""routing_s""],""nested_fields_must_not_be_summed"":true,""nested_in_search_kernel"":[""return_match_s"",""forecast_s""],""transition_decision_s"":""reported_stage_not_added_to_full_compile""}","[{""run_id"":""qmap154-sao2_257-M2-raw-replay-e4ef8319b9a2"",""seed"":0,""status"":""success""}]",[],"{""additive_wall_clock_stages"":[""initial_placement_s"",""problem_preparation_s"",""search_kernel_s"",""result_commit_s"",""routing_s""],""nested_fields_must_not_be_summed"":true,""nested_in_search_kernel"":[""return_match_s"",""forecast_s""],""transition_decision_s"":""reported_stage_not_added_to_full_compile""}","[{""run_id"":""qmap154-sao2_257-M3-s0-r0-5a6d98c13f5f"",""seed"":0,""status"":""success""},{""run_id"":""qmap154-sao2_257-M3-s1-r0-d6138dee15ea"",""seed"":1,""status"":""success""},{""run_id"":""qmap154-sao2_257-M3-s2-r0-8c34e90bf801"",""seed"":2,""status"":""success""}]",[],"{""additive_wall_clock_stages"":[""initial_placement_s"",""problem_preparation_s"",""search_kernel_s"",""result_commit_s"",""routing_s""],""nested_fields_must_not_be_summed"":true,""nested_in_search_kernel"":[""return_match_s"",""forecast_s""],""transition_decision_s"":""reported_stage_not_added_to_full_compile""}","[{""run_id"":""qmap154-sao2_257-M4-s0-r0-3be99054f080"",""seed"":0,""status"":""success""},{""run_id"":""qmap154-sao2_257-M4-s1-r0-b58a52ebdb27"",""seed"":1,""status"":""success""},{""run_id"":""qmap154-sao2_257-M4-s2-r0-7b029ed84320"",""seed"":2,""status"":""success""}]",[],"{""additive_wall_clock_stages"":[""initial_placement_s"",""problem_preparation_s"",""search_kernel_s"",""result_commit_s"",""routing_s""],""nested_fields_must_not_be_summed"":true,""nested_in_search_kernel"":[""return_match_s"",""forecast_s""],""transition_decision_s"":""reported_stage_not_added_to_full_compile""}"
qmap154,sf_274,a6601aa8a2f26cecf967808159491730a5ec445ea7982d3bada3e769531cf1b0,6,627,336,success,1,1,1/1,1,1,-3.563561132113359,0.02833773041414477,False,1356.0,0.0,613.0,57597.41405951561,10.017428667,a6601aa8a2f26cecf967808159491730a5ec445ea7982d3bada3e769531cf1b0,347f2925635e65d724b5f3f95c4452d29eeaa4a5c8c1f92a978c3e0a41596c94,-1.3566784523392725,-0.0,-0.3345404064189571,,,,,,9.649805069,0.338594,,0.0,,0.01979804,,,success,1,1,1/1,1,1,-3.5579417168150664,0.02849742015120758,False,1356.0,0.0,600.0,56164.12901965393,0.105646875,a6601aa8a2f26cecf967808159491730a5ec445ea7982d3bada3e769531cf1b0,347f2925635e65d724b5f3f95c4452d29eeaa4a5c8c1f92a978c3e0a41596c94,-1.3566784523392725,-0.0,-0.32892099112066425,,,,,,,,,,,,,,success,3,3,3/3,3,3,-3.554810263531684,0.028586798359913693,False,1314.0,4.0,620.0,64893.35928589789,6.759284541,a6601aa8a2f26cecf967808159491730a5ec445ea7982d3bada3e769531cf1b0,347f2925635e65d724b5f3f95c4452d29eeaa4a5c8c1f92a978c3e0a41596c94,-1.3146574383287641,-0.010012520872473908,-0.3577980309753163,0.0,,,,,2.488563,4.141975917,0.402803919,3.079244323,0.580331118,0.047651529,0.017339576,0.006633464,success,3,3,3/3,3,3,-3.6346135388690244,0.02639413272305033,False,934.0,228.0,436.0,46118.33902054906,34.522146,a6601aa8a2f26cecf967808159491730a5ec445ea7982d3bada3e769531cf1b0,347f2925635e65d724b5f3f95c4452d29eeaa4a5c8c1f92a978c3e0a41596c94,-0.9344673115670211,-0.5707136897310128,-0.25709026421586084,3.117535363844594,,,,,2.486768459,31.945859292,0.477983695,30.777045515,0.630066367,0.035727739,0.012909062,9.013075985,"[{""run_id"":""qmap154-sf_274-M1-s0-r0-68bc1cca2be3"",""seed"":0,""status"":""success""}]",[],"{""additive_wall_clock_stages"":[""initial_placement_s"",""problem_preparation_s"",""search_kernel_s"",""result_commit_s"",""routing_s""],""nested_fields_must_not_be_summed"":true,""nested_in_search_kernel"":[""return_match_s"",""forecast_s""],""transition_decision_s"":""reported_stage_not_added_to_full_compile""}","[{""run_id"":""qmap154-sf_274-M2-raw-replay-c8e77cc0d07e"",""seed"":0,""status"":""success""}]",[],"{""additive_wall_clock_stages"":[""initial_placement_s"",""problem_preparation_s"",""search_kernel_s"",""result_commit_s"",""routing_s""],""nested_fields_must_not_be_summed"":true,""nested_in_search_kernel"":[""return_match_s"",""forecast_s""],""transition_decision_s"":""reported_stage_not_added_to_full_compile""}","[{""run_id"":""qmap154-sf_274-M3-s0-r0-c0441f4882c7"",""seed"":0,""status"":""success""},{""run_id"":""qmap154-sf_274-M3-s1-r0-829d03ce983b"",""seed"":1,""status"":""success""},{""run_id"":""qmap154-sf_274-M3-s2-r0-3bcaa91af5a3"",""seed"":2,""status"":""success""}]",[],"{""additive_wall_clock_stages"":[""initial_placement_s"",""problem_preparation_s"",""search_kernel_s"",""result_commit_s"",""routing_s""],""nested_fields_must_not_be_summed"":true,""nested_in_search_kernel"":[""return_match_s"",""forecast_s""],""transition_decision_s"":""reported_stage_not_added_to_full_compile""}","[{""run_id"":""qmap154-sf_274-M4-s0-r0-f00be20b1416"",""seed"":0,""status"":""success""},{""run_id"":""qmap154-sf_274-M4-s1-r0-424ab701b099"",""seed"":1,""status"":""success""},{""run_id"":""qmap154-sf_274-M4-s2-r0-700d8c0883b9"",""seed"":2,""status"":""success""}]",[],"{""additive_wall_clock_stages"":[""initial_placement_s"",""problem_preparation_s"",""search_kernel_s"",""result_commit_s"",""routing_s""],""nested_fields_must_not_be_summed"":true,""nested_in_search_kernel"":[""return_match_s"",""forecast_s""],""transition_decision_s"":""reported_stage_not_added_to_full_compile""}"
qmap154,sf_276,4b3a5ff4ee6e996fec8dbee995040ab4694fa02a4220ee8b1890926ec0ef8be2,6,627,336,success,1,1,1/1,1,1,-3.5690652021882894,0.028182186016494883,False,1360.0,0.0,609.0,57962.167823935604,10.137167167,4b3a5ff4ee6e996fec8dbee995040ab4694fa02a4220ee8b1890926ec0ef8be2,0de2578357b3fe3730a06654887c35a5066fe38684cfab9b33970e24fa0baf40,-1.3606804536736068,-0.0,-0.3360424751595531,,,,,,9.736786842,0.371250834,,0.0,,0.019687653,,,success,1,1,1/1,1,1,-3.563735381017709,0.028332793025848086,False,1360.0,0.0,604.0,56597.73292120202,0.105243417,4b3a5ff4ee6e996fec8dbee995040ab4694fa02a4220ee8b1890926ec0ef8be2,0de2578357b3fe3730a06654887c35a5066fe38684cfab9b33970e24fa0baf40,-1.3606804536736068,-0.0,-0.33071265398897237,,,,,,,,,,,,,,success,3,3,3/3,3,3,-3.5800026424331803,0.027875624595674345,False,1322.0,8.0,626.0,66463.17343892527,7.053536208,4b3a5ff4ee6e996fec8dbee995040ab4694fa02a4220ee8b1890926ec0ef8be2,0de2578357b3fe3730a06654887c35a5066fe38684cfab9b33970e24fa0baf40,-1.3226614409974324,-0.020025041744947816,-0.3615516692797086,0.0,,,,,2.459105542,4.524648875,0.411748296,3.391031666,0.622511499,0.063955784,0.017710752,0.006615952,success,3,3,3/3,3,3,-3.6366080864510937,0.02634154083539311,False,936.0,228.0,440.0,46118.438520084936,34.57773425,4b3a5ff4ee6e996fec8dbee995040ab4694fa02a4220ee8b1890926ec0ef8be2,0de2578357b3fe3730a06654887c35a5066fe38684cfab9b33970e24fa0baf40,-0.9364683122341881,-0.5707136897310128,-0.2569412585226253,3.1574471890769695,,,,,2.482702291,31.975214625,0.484840246,30.746446542,0.659641965,0.036365986,0.013332671,9.016070151,"[{""run_id"":""qmap154-sf_276-M1-s0-r0-ec14cb1d5d77"",""seed"":0,""status"":""success""}]",[],"{""additive_wall_clock_stages"":[""initial_placement_s"",""problem_preparation_s"",""search_kernel_s"",""result_commit_s"",""routing_s""],""nested_fields_must_not_be_summed"":true,""nested_in_search_kernel"":[""return_match_s"",""forecast_s""],""transition_decision_s"":""reported_stage_not_added_to_full_compile""}","[{""run_id"":""qmap154-sf_276-M2-raw-replay-361e5634d9e8"",""seed"":0,""status"":""success""}]",[],"{""additive_wall_clock_stages"":[""initial_placement_s"",""problem_preparation_s"",""search_kernel_s"",""result_commit_s"",""routing_s""],""nested_fields_must_not_be_summed"":true,""nested_in_search_kernel"":[""return_match_s"",""forecast_s""],""transition_decision_s"":""reported_stage_not_added_to_full_compile""}","[{""run_id"":""qmap154-sf_276-M3-s0-r0-4e647f76ed66"",""seed"":0,""status"":""success""},{""run_id"":""qmap154-sf_276-M3-s1-r0-2787135e40b9"",""seed"":1,""status"":""success""},{""run_id"":""qmap154-sf_276-M3-s2-r0-9df5f6ef4ec3"",""seed"":2,""status"":""success""}]",[],"{""additive_wall_clock_stages"":[""initial_placement_s"",""problem_preparation_s"",""search_kernel_s"",""result_commit_s"",""routing_s""],""nested_fields_must_not_be_summed"":true,""nested_in_search_kernel"":[""return_match_s"",""forecast_s""],""transition_decision_s"":""reported_stage_not_added_to_full_compile""}","[{""run_id"":""qmap154-sf_276-M4-s0-r0-e97140ae5bcc"",""seed"":0,""status"":""success""},{""run_id"":""qmap154-sf_276-M4-s1-r0-7262fad47739"",""seed"":1,""status"":""success""},{""run_id"":""qmap154-sf_276-M4-s2-r0-c900cae75d6b"",""seed"":2,""status"":""success""}]",[],"{""additive_wall_clock_stages"":[""initial_placement_s"",""problem_preparation_s"",""search_kernel_s"",""result_commit_s"",""routing_s""],""nested_fields_must_not_be_summed"":true,""nested_in_search_kernel"":[""return_match_s"",""forecast_s""],""transition_decision_s"":""reported_stage_not_added_to_full_compile""}"
qmap154,sqn_258,9e525b1d35ed9e69aaedcf8bd3fdf71ef4f7393c6838de0a4837f6c92a652f0d,10,8286,4459,success,1,1,1/1,1,1,-56.52739619130158,2.8213941255446305e-25,False,18484.0,0.0,7662.0,737083.6264317728,31.987633042,9e525b1d35ed9e69aaedcf8bd3fdf71ef4f7393c6838de0a4837f6c92a652f0d,cbd9eb5571a10c653ed93743997ed8bf0991df7b3d2317421dd6d3b078982028,-18.49324816595805,-0.0,-13.197051089569044,,,,,,23.621516228,7.904030458,,0.0,,0.35429883,,,success,1,1,1/1,1,1,-56.55800330151196,2.736347558585412e-25,False,18512.0,0.0,7658.0,736825.8370708319,1.266560666,9e525b1d35ed9e69aaedcf8bd3fdf71ef4f7393c6838de0a4837f6c92a652f0d,cbd9eb5571a10c653ed93743997ed8bf0991df7b3d2317421dd6d3b078982028,-18.52126217529839,-0.0,-13.199644190439088,,,,,,,,,,,,,,success,3,3,3/3,3,3,-58.0764353342765,5.994108580340678e-26,False,16582.0,1273.0,7442.0,799463.4636472192,65.312839834,9e525b1d35ed9e69aaedcf8bd3fdf71ef4f7393c6838de0a4837f6c92a652f0d,cbd9eb5571a10c653ed93743997ed8bf0991df7b3d2317421dd6d3b078982028,-16.590296531482167,-3.186484767664821,-13.480138876405817,0.0,,,,,4.623057667,59.14467025,5.959381529,42.914874677,10.050400303,0.974331856,0.1387573,0.005538304,success,3,3,3/3,3,3,-54.48912460505736,2.1660768471897373e-24,False,13034.0,2939.0,5819.0,595843.1753539181,70.874524417,9e525b1d35ed9e69aaedcf8bd3fdf71ef4f7393c6838de0a4837f6c92a652f0d,cbd9eb5571a10c653ed93743997ed8bf0991df7b3d2317421dd6d3b078982028,-13.040521347927786,-7.3566997110502035,-9.262316000959247,41.58531252297501,,,,,4.634365208,64.827696166,9.42623333,41.691477129,13.902672097,0.765092373,0.083616677,1.222600028,"[{""run_id"":""qmap154-sqn_258-M1-s0-r0-b53c2c421785"",""seed"":0,""status"":""success""}]",[],"{""additive_wall_clock_stages"":[""initial_placement_s"",""problem_preparation_s"",""search_kernel_s"",""result_commit_s"",""routing_s""],""nested_fields_must_not_be_summed"":true,""nested_in_search_kernel"":[""return_match_s"",""forecast_s""],""transition_decision_s"":""reported_stage_not_added_to_full_compile""}","[{""run_id"":""qmap154-sqn_258-M2-raw-replay-351184db32ec"",""seed"":0,""status"":""success""}]",[],"{""additive_wall_clock_stages"":[""initial_placement_s"",""problem_preparation_s"",""search_kernel_s"",""result_commit_s"",""routing_s""],""nested_fields_must_not_be_summed"":true,""nested_in_search_kernel"":[""return_match_s"",""forecast_s""],""transition_decision_s"":""reported_stage_not_added_to_full_compile""}","[{""run_id"":""qmap154-sqn_258-M3-s0-r0-31c8615b3304"",""seed"":0,""status"":""success""},{""run_id"":""qmap154-sqn_258-M3-s1-r0-2b415ce9f13a"",""seed"":1,""status"":""success""},{""run_id"":""qmap154-sqn_258-M3-s2-r0-eac4fe4cbfa4"",""seed"":2,""status"":""success""}]",[],"{""additive_wall_clock_stages"":[""initial_placement_s"",""problem_preparation_s"",""search_kernel_s"",""result_commit_s"",""routing_s""],""nested_fields_must_not_be_summed"":true,""nested_in_search_kernel"":[""return_match_s"",""forecast_s""],""transition_decision_s"":""reported_stage_not_added_to_full_compile""}","[{""run_id"":""qmap154-sqn_258-M4-s0-r0-2495ce6ee02b"",""seed"":0,""status"":""success""},{""run_id"":""qmap154-sqn_258-M4-s1-r0-6f4d7007bcff"",""seed"":1,""status"":""success""},{""run_id"":""qmap154-sqn_258-M4-s2-r0-a8e6d98e6c54"",""seed"":2,""status"":""success""}]",[],"{""additive_wall_clock_stages"":[""initial_placement_s"",""problem_preparation_s"",""search_kernel_s"",""result_commit_s"",""routing_s""],""nested_fields_must_not_be_summed"":true,""nested_in_search_kernel"":[""return_match_s"",""forecast_s""],""transition_decision_s"":""reported_stage_not_added_to_full_compile""}"
qmap154,sqrt8_260,5330ce57f4a8a8c2c2ac01c0f03ebfa187a9b427e0b3ff488641834ea78563f6,12,2443,1314,success,1,1,1/1,1,1,-15.793046965945798,1.3840980291703435e-07,False,5432.0,0.0,2337.0,225864.0148708775,24.893329125,5330ce57f4a8a8c2c2ac01c0f03ebfa187a9b427e0b3ff488641834ea78563f6,d98e7512bc079174db9568d8d32e8b0368c4b74ea4252efd3d479ce1696b0d9a,-5.434717812025759,-0.0,-3.0388392407909803,,,,,,22.978794098,1.783873458,,0.0,,0.095216036,,,success,1,1,1/1,1,1,-15.819988024194146,1.3473067863463204e-07,False,5436.0,0.0,2330.0,227790.8716963111,0.380220334,5330ce57f4a8a8c2c2ac01c0f03ebfa187a9b427e0b3ff488641834ea78563f6,d98e7512bc079174db9568d8d32e8b0368c4b74ea4252efd3d479ce1696b0d9a,-5.438719813360093,-0.0,-3.061778297704993,,,,,,,,,,,,,,success,3,3,3/3,3,3,-16.273909225538247,8.557187032206432e-08,False,5170.0,137.0,2379.0,273128.25423364557,23.913309667,5330ce57f4a8a8c2c2ac01c0f03ebfa187a9b427e0b3ff488641834ea78563f6,d98e7512bc079174db9568d8d32e8b0368c4b74ea4252efd3d479ce1696b0d9a,-5.172586724626873,-0.34292883988223133,-3.4389037479000817,0.0,,,,,4.445230417,19.015204458,2.781401313,12.443537239,3.644033722,0.256654024,0.044924718,0.005300056,success,3,3,3/3,3,3,-15.588628303590324,1.698027608819522e-07,False,3852.0,853.0,1738.0,176545.93349037095,28.107859917,5330ce57f4a8a8c2c2ac01c0f03ebfa187a9b427e0b3ff488641834ea78563f6,d98e7512bc079174db9568d8d32e8b0368c4b74ea4252efd3d479ce1696b0d9a,-3.8539272849637745,-2.135170076055061,-2.2753705548665564,11.810821101314051,,,,,4.405268417,23.38597625,2.540315556,17.415341461,3.165027524,0.186342001,0.026627724,1.267957067,"[{""run_id"":""qmap154-sqrt8_260-M1-s0-r0-62f45fcb5266"",""seed"":0,""status"":""success""}]",[],"{""additive_wall_clock_stages"":[""initial_placement_s"",""problem_preparation_s"",""search_kernel_s"",""result_commit_s"",""routing_s""],""nested_fields_must_not_be_summed"":true,""nested_in_search_kernel"":[""return_match_s"",""forecast_s""],""transition_decision_s"":""reported_stage_not_added_to_full_compile""}","[{""run_id"":""qmap154-sqrt8_260-M2-raw-replay-abe59d8af6bd"",""seed"":0,""status"":""success""}]",[],"{""additive_wall_clock_stages"":[""initial_placement_s"",""problem_preparation_s"",""search_kernel_s"",""result_commit_s"",""routing_s""],""nested_fields_must_not_be_summed"":true,""nested_in_search_kernel"":[""return_match_s"",""forecast_s""],""transition_decision_s"":""reported_stage_not_added_to_full_compile""}","[{""run_id"":""qmap154-sqrt8_260-M3-s0-r0-07dcc6b1a58c"",""seed"":0,""status"":""success""},{""run_id"":""qmap154-sqrt8_260-M3-s1-r0-178776b5b0c6"",""seed"":1,""status"":""success""},{""run_id"":""qmap154-sqrt8_260-M3-s2-r0-296d3ea6f23f"",""seed"":2,""status"":""success""}]",[],"{""additive_wall_clock_stages"":[""initial_placement_s"",""problem_preparation_s"",""search_kernel_s"",""result_commit_s"",""routing_s""],""nested_fields_must_not_be_summed"":true,""nested_in_search_kernel"":[""return_match_s"",""forecast_s""],""transition_decision_s"":""reported_stage_not_added_to_full_compile""}","[{""run_id"":""qmap154-sqrt8_260-M4-s0-r0-0e9a6976e926"",""seed"":0,""status"":""success""},{""run_id"":""qmap154-sqrt8_260-M4-s1-r0-cbd8b9b586ed"",""seed"":1,""status"":""success""},{""run_id"":""qmap154-sqrt8_260-M4-s2-r0-9214524d40a9"",""seed"":2,""status"":""success""}]",[],"{""additive_wall_clock_stages"":[""initial_placement_s"",""problem_preparation_s"",""search_kernel_s"",""result_commit_s"",""routing_s""],""nested_fields_must_not_be_summed"":true,""nested_in_search_kernel"":[""return_match_s"",""forecast_s""],""transition_decision_s"":""reported_stage_not_added_to_full_compile""}"
qmap154,squar5_261,205466da7c64551e7ef8d0ebcec9a29c26c1c6c9b66f614d19a34ff916800dc6,13,1617,869,success,1,1,1/1,1,1,-10.386290077183777,3.085258319188213e-05,False,3500.0,0.0,1492.0,144954.25928466464,23.498092875,205466da7c64551e7ef8d0ebcec9a29c26c1c6c9b66f614d19a34ff916800dc6,ad8cd296b52c280d351132d7f6ebd89d93f0d746aeec4d661b6dd42e3d963fb7,-3.5017511675423703,-0.0,-2.0434672854252,,,,,,22.447333813,0.960151042,,0.0,,0.067913532,,,success,1,1,1/1,1,1,-10.393239519582844,3.0638918228213876e-05,False,3504.0,0.0,1483.0,144677.08012841453,0.246748584,205466da7c64551e7ef8d0ebcec9a29c26c1c6c9b66f614d19a34ff916800dc6,ad8cd296b52c280d351132d7f6ebd89d93f0d746aeec4d661b6dd42e3d963fb7,-3.5057531688767045,-0.0,-2.046414726489932,,,,,,,,,,,,,,success,3,3,3/3,3,3,-10.558634476127246,2.596828749500198e-05,False,3334.0,122.0,1509.0,158351.05069301935,13.697923167,205466da7c64551e7ef8d0ebcec9a29c26c1c6c9b66f614d19a34ff916800dc6,ad8cd296b52c280d351132d7f6ebd89d93f0d746aeec4d661b6dd42e3d963fb7,-3.3356681121675034,-0.3053818866104542,-2.1215616795225767,0.0,,,,,4.357954166,9.171204,1.629915218,5.496336068,1.948207979,0.155700922,0.02440585,0.002099724,success,3,3,3/3,3,3,-10.29777153893224,3.3708128802624e-05,False,2456.0,578.0,1109.0,112654.49537272406,18.46251775,205466da7c64551e7ef8d0ebcec9a29c26c1c6c9b66f614d19a34ff916800dc6,ad8cd296b52c280d351132d7f6ebd89d93f0d746aeec4d661b6dd42e3d963fb7,-2.4572288192811604,-1.4468092660724796,-1.5446578266937259,7.624273101413809,,,,,4.329483084,13.918375208,1.483613237,10.485200333,1.910526915,0.119918108,0.015789739,0.843198981,"[{""run_id"":""qmap154-squar5_261-M1-s0-r0-6532ac289d5d"",""seed"":0,""status"":""success""}]",[],"{""additive_wall_clock_stages"":[""initial_placement_s"",""problem_preparation_s"",""search_kernel_s"",""result_commit_s"",""routing_s""],""nested_fields_must_not_be_summed"":true,""nested_in_search_kernel"":[""return_match_s"",""forecast_s""],""transition_decision_s"":""reported_stage_not_added_to_full_compile""}","[{""run_id"":""qmap154-squar5_261-M2-raw-replay-d657c1749b5d"",""seed"":0,""status"":""success""}]",[],"{""additive_wall_clock_stages"":[""initial_placement_s"",""problem_preparation_s"",""search_kernel_s"",""result_commit_s"",""routing_s""],""nested_fields_must_not_be_summed"":true,""nested_in_search_kernel"":[""return_match_s"",""forecast_s""],""transition_decision_s"":""reported_stage_not_added_to_full_compile""}","[{""run_id"":""qmap154-squar5_261-M3-s0-r0-092be0f121e9"",""seed"":0,""status"":""success""},{""run_id"":""qmap154-squar5_261-M3-s1-r0-25fb12ab44c7"",""seed"":1,""status"":""success""},{""run_id"":""qmap154-squar5_261-M3-s2-r0-5e531800a031"",""seed"":2,""status"":""success""}]",[],"{""additive_wall_clock_stages"":[""initial_placement_s"",""problem_preparation_s"",""search_kernel_s"",""result_commit_s"",""routing_s""],""nested_fields_must_not_be_summed"":true,""nested_in_search_kernel"":[""return_match_s"",""forecast_s""],""transition_decision_s"":""reported_stage_not_added_to_full_compile""}","[{""run_id"":""qmap154-squar5_261-M4-s0-r0-0403d6c7ed3c"",""seed"":0,""status"":""success""},{""run_id"":""qmap154-squar5_261-M4-s1-r0-d92ff53882f2"",""seed"":1,""status"":""success""},{""run_id"":""qmap154-squar5_261-M4-s2-r0-6bc109267f94"",""seed"":2,""status"":""success""}]",[],"{""additive_wall_clock_stages"":[""initial_placement_s"",""problem_preparation_s"",""search_kernel_s"",""result_commit_s"",""routing_s""],""nested_fields_must_not_be_summed"":true,""nested_in_search_kernel"":[""return_match_s"",""forecast_s""],""transition_decision_s"":""reported_stage_not_added_to_full_compile""}"
qmap154,square_root_7,94334a0880d4a94503440956c484a2bfa59894baae72b5892bd249f94da01983,15,5114,3089,success,1,1,1/1,1,1,-40.8849860704517,1.7533804378965887e-18,False,13124.0,0.0,5427.0,533457.3371884242,23.374962625,94334a0880d4a94503440956c484a2bfa59894baae72b5892bd249f94da01983,2b411983b60028b915d0f04b3eec84b2d4431c7a6c6d10848d65084622b45704,-13.130566377950306,-0.0,-10.736247823536907,,,,,,16.344664097,6.691734542,,0.0,,0.266355038,,,success,1,1,1/1,1,1,-40.72511624609834,2.0573431714460183e-18,False,13212.0,0.0,5311.0,518681.9066011588,0.862869125,94334a0880d4a94503440956c484a2bfa59894baae72b5892bd249f94da01983,2b411983b60028b915d0f04b3eec84b2d4431c7a6c6d10848d65084622b45704,-13.218610407305656,-0.0,-10.488333969828195,,,,,,,,,,,,,,success,3,3,3/3,3,3,-41.23706802619685,1.2330165513035583e-18,False,12250.0,638.0,5376.0,553306.5511780727,53.491175458,94334a0880d4a94503440956c484a2bfa59894baae72b5892bd249f94da01983,2b411983b60028b915d0f04b3eec84b2d4431c7a6c6d10848d65084622b45704,-12.256129086398296,-1.5969970791595882,-10.390896008817634,0.0,,,,,3.349871375,49.18500325,6.911435312,31.813400431,10.255593048,0.684855938,0.104081573,0.005940067,success,3,3,3/3,3,3,-39.12818769405228,1.0158837129486198e-17,False,9390.0,1915.0,4196.0,439425.61807848,66.385860042,94334a0880d4a94503440956c484a2bfa59894baae72b5892bd249f94da01983,2b411983b60028b915d0f04b3eec84b2d4431c7a6c6d10848d65084622b45704,-9.394698132349388,-4.7934943676968835,-7.916789415693917,31.052059292405268,,,,,3.366528375,62.177762958,6.623052725,44.457101813,10.399205294,0.580763817,0.074546501,1.094740226,"[{""run_id"":""qmap154-square_root_7-M1-s0-r0-1d162d81def2"",""seed"":0,""status"":""success""}]",[],"{""additive_wall_clock_stages"":[""initial_placement_s"",""problem_preparation_s"",""search_kernel_s"",""result_commit_s"",""routing_s""],""nested_fields_must_not_be_summed"":true,""nested_in_search_kernel"":[""return_match_s"",""forecast_s""],""transition_decision_s"":""reported_stage_not_added_to_full_compile""}","[{""run_id"":""qmap154-square_root_7-M2-raw-replay-a54e3dce4f76"",""seed"":0,""status"":""success""}]",[],"{""additive_wall_clock_stages"":[""initial_placement_s"",""problem_preparation_s"",""search_kernel_s"",""result_commit_s"",""routing_s""],""nested_fields_must_not_be_summed"":true,""nested_in_search_kernel"":[""return_match_s"",""forecast_s""],""transition_decision_s"":""reported_stage_not_added_to_full_compile""}","[{""run_id"":""qmap154-square_root_7-M3-s0-r0-3c46c65f1015"",""seed"":0,""status"":""success""},{""run_id"":""qmap154-square_root_7-M3-s1-r0-1e9268038098"",""seed"":1,""status"":""success""},{""run_id"":""qmap154-square_root_7-M3-s2-r0-0d526b3d55bf"",""seed"":2,""status"":""success""}]",[],"{""additive_wall_clock_stages"":[""initial_placement_s"",""problem_preparation_s"",""search_kernel_s"",""result_commit_s"",""routing_s""],""nested_fields_must_not_be_summed"":true,""nested_in_search_kernel"":[""return_match_s"",""forecast_s""],""transition_decision_s"":""reported_stage_not_added_to_full_compile""}","[{""run_id"":""qmap154-square_root_7-M4-s0-r0-a74086b3c562"",""seed"":0,""status"":""success""},{""run_id"":""qmap154-square_root_7-M4-s1-r0-a2c8fa4fe714"",""seed"":1,""status"":""success""},{""run_id"":""qmap154-square_root_7-M4-s2-r0-d59fe3b87e53"",""seed"":2,""status"":""success""}]",[],"{""additive_wall_clock_stages"":[""initial_placement_s"",""problem_preparation_s"",""search_kernel_s"",""result_commit_s"",""routing_s""],""nested_fields_must_not_be_summed"":true,""nested_in_search_kernel"":[""return_match_s"",""forecast_s""],""transition_decision_s"":""reported_stage_not_added_to_full_compile""}"
qmap154,sym10_262,5db52a7209dad55f0dc564044090c5a06872df68846f80b25e1a9ca1519f9cde,12,52162,28084,verifier_fail,0,1,0/1,0,1,,,False,,,,,,5db52a7209dad55f0dc564044090c5a06872df68846f80b25e1a9ca1519f9cde,c55b954cc036d5cb8a29de67de25b79a52c4d76a90bd4661c8c83e4c9efa4cea,,,,,,,,,,,,,,,,,success,1,1,1/1,0,1,,,True,116872.0,0.0,49476.0,4811724.897824518,7.983549375,5db52a7209dad55f0dc564044090c5a06872df68846f80b25e1a9ca1519f9cde,c55b954cc036d5cb8a29de67de25b79a52c4d76a90bd4661c8c83e4c9efa4cea,,,,,,,,,,,,,,,,,success,3,3,3/3,0,3,,,True,111092.0,4318.0,49745.0,5018275.187169907,107.903796375,5db52a7209dad55f0dc564044090c5a06872df68846f80b25e1a9ca1519f9cde,c55b954cc036d5cb8a29de67de25b79a52c4d76a90bd4661c8c83e4c9efa4cea,,,,0.0,,,,,5.340845625,92.34457775,6.615942941,75.417104623,9.041221545,5.959289074,0.597001634,0.019906877,success,3,3,3/3,0,3,,,True,85932.0,20347.0,38283.0,3950465.385597332,101.186937333,5db52a7209dad55f0dc564044090c5a06872df68846f80b25e1a9ca1519f9cde,c55b954cc036d5cb8a29de67de25b79a52c4d76a90bd4661c8c83e4c9efa4cea,,,,240.25795896271734,,,,,5.353194791,87.504623417,4.711353682,72.654974776,8.881520007,4.814172983,0.459619927,1.811963187,"[{""run_id"":""qmap154-sym10_262-M1-s0-r0-132fda8e5870"",""seed"":0,""status"":""verifier_fail""}]",[],"{""additive_wall_clock_stages"":[""initial_placement_s"",""problem_preparation_s"",""search_kernel_s"",""result_commit_s"",""routing_s""],""nested_fields_must_not_be_summed"":true,""nested_in_search_kernel"":[""return_match_s"",""forecast_s""],""transition_decision_s"":""reported_stage_not_added_to_full_compile""}","[{""run_id"":""qmap154-sym10_262-M2-raw-replay-5fb8d26ba9f0"",""seed"":0,""status"":""success""}]",[],"{""additive_wall_clock_stages"":[""initial_placement_s"",""problem_preparation_s"",""search_kernel_s"",""result_commit_s"",""routing_s""],""nested_fields_must_not_be_summed"":true,""nested_in_search_kernel"":[""return_match_s"",""forecast_s""],""transition_decision_s"":""reported_stage_not_added_to_full_compile""}","[{""run_id"":""qmap154-sym10_262-M3-s0-r0-31e864766f4d"",""seed"":0,""status"":""success""},{""run_id"":""qmap154-sym10_262-M3-s1-r0-03b0da21b730"",""seed"":1,""status"":""success""},{""run_id"":""qmap154-sym10_262-M3-s2-r0-2a11a5d39a4a"",""seed"":2,""status"":""success""}]",[],"{""additive_wall_clock_stages"":[""initial_placement_s"",""problem_preparation_s"",""search_kernel_s"",""result_commit_s"",""routing_s""],""nested_fields_must_not_be_summed"":true,""nested_in_search_kernel"":[""return_match_s"",""forecast_s""],""transition_decision_s"":""reported_stage_not_added_to_full_compile""}","[{""run_id"":""qmap154-sym10_262-M4-s0-r0-c7c29e53509b"",""seed"":0,""status"":""success""},{""run_id"":""qmap154-sym10_262-M4-s1-r0-4a4f0448775a"",""seed"":1,""status"":""success""},{""run_id"":""qmap154-sym10_262-M4-s2-r0-d81c2f275ed8"",""seed"":2,""status"":""success""}]",[],"{""additive_wall_clock_stages"":[""initial_placement_s"",""problem_preparation_s"",""search_kernel_s"",""result_commit_s"",""routing_s""],""nested_fields_must_not_be_summed"":true,""nested_in_search_kernel"":[""return_match_s"",""forecast_s""],""transition_decision_s"":""reported_stage_not_added_to_full_compile""}"
qmap154,sym6_145,cfc7a9ef5d3d73772fa0a79c64272948d4d312053c89a7c95c3799d068f28b2a,7,3160,1701,success,1,1,1/1,1,1,-18.81857818759953,6.717309144022302e-09,False,7072.0,0.0,3056.0,289332.0055769858,18.534521125,cfc7a9ef5d3d73772fa0a79c64272948d4d312053c89a7c95c3799d068f28b2a,8f8c718d7c7bfea008e3fcc5b29540e46524a00cad6f02577bb19d602556bd83,-7.075538359102755,-0.0,-2.2685639582016472,,,,,,15.24237895,3.113986042,,0.0,,0.132923841,,,success,1,1,1/1,1,1,-18.82613288625567,6.666753105926102e-09,False,7072.0,0.0,3058.0,290294.08893248934,0.505596292,cfc7a9ef5d3d73772fa0a79c64272948d4d312053c89a7c95c3799d068f28b2a,8f8c718d7c7bfea008e3fcc5b29540e46524a00cad6f02577bb19d602556bd83,-7.075538359102755,-0.0,-2.276118656857789,,,,,,,,,,,,,,success,3,3,3/3,3,3,-19.046662139212035,5.347363831710063e-09,False,6780.0,87.0,3137.0,346983.3430496015,23.282157167,cfc7a9ef5d3d73772fa0a79c64272948d4d312053c89a7c95c3799d068f28b2a,8f8c718d7c7bfea008e3fcc5b29540e46524a00cad6f02577bb19d602556bd83,-6.783392261696363,-0.2177723289763075,-2.583537329334828,0.0,,,,,3.387216708,19.3678705,2.835898904,12.561902276,3.817635117,0.338027716,0.062151507,0.007940077,success,3,3,3/3,3,3,-18.919073958602965,6.075060076681818e-09,False,4942.0,1129.0,2256.0,225371.9651216403,36.961650875,cfc7a9ef5d3d73772fa0a79c64272948d4d312053c89a7c95c3799d068f28b2a,8f8c718d7c7bfea008e3fcc5b29540e46524a00cad6f02577bb19d602556bd83,-4.9444726485698265,-2.8260340162557607,-1.6720904228150835,13.91440933856511,,,,,3.392749875,33.13872075,3.646236553,24.509804099,4.805568403,0.233570337,0.038690106,1.52733727,"[{""run_id"":""qmap154-sym6_145-M1-s0-r0-30ac7d013e69"",""seed"":0,""status"":""success""}]",[],"{""additive_wall_clock_stages"":[""initial_placement_s"",""problem_preparation_s"",""search_kernel_s"",""result_commit_s"",""routing_s""],""nested_fields_must_not_be_summed"":true,""nested_in_search_kernel"":[""return_match_s"",""forecast_s""],""transition_decision_s"":""reported_stage_not_added_to_full_compile""}","[{""run_id"":""qmap154-sym6_145-M2-raw-replay-ba62f865be62"",""seed"":0,""status"":""success""}]",[],"{""additive_wall_clock_stages"":[""initial_placement_s"",""problem_preparation_s"",""search_kernel_s"",""result_commit_s"",""routing_s""],""nested_fields_must_not_be_summed"":true,""nested_in_search_kernel"":[""return_match_s"",""forecast_s""],""transition_decision_s"":""reported_stage_not_added_to_full_compile""}","[{""run_id"":""qmap154-sym6_145-M3-s0-r0-fdb0730a357e"",""seed"":0,""status"":""success""},{""run_id"":""qmap154-sym6_145-M3-s1-r0-b857ffae2a09"",""seed"":1,""status"":""success""},{""run_id"":""qmap154-sym6_145-M3-s2-r0-f1f68a2d912f"",""seed"":2,""status"":""success""}]",[],"{""additive_wall_clock_stages"":[""initial_placement_s"",""problem_preparation_s"",""search_kernel_s"",""result_commit_s"",""routing_s""],""nested_fields_must_not_be_summed"":true,""nested_in_search_kernel"":[""return_match_s"",""forecast_s""],""transition_decision_s"":""reported_stage_not_added_to_full_compile""}","[{""run_id"":""qmap154-sym6_145-M4-s0-r0-2ce581e5746f"",""seed"":0,""status"":""success""},{""run_id"":""qmap154-sym6_145-M4-s1-r0-1a1d3803c869"",""seed"":1,""status"":""success""},{""run_id"":""qmap154-sym6_145-M4-s2-r0-7a0c8f5a4fa9"",""seed"":2,""status"":""success""}]",[],"{""additive_wall_clock_stages"":[""initial_placement_s"",""problem_preparation_s"",""search_kernel_s"",""result_commit_s"",""routing_s""],""nested_fields_must_not_be_summed"":true,""nested_in_search_kernel"":[""return_match_s"",""forecast_s""],""transition_decision_s"":""reported_stage_not_added_to_full_compile""}"
qmap154,sym6_316,2fabbd1041f29f041e6f33a894239db90c289c40d9e93f6e6e5a91771055029c,14,227,123,success,1,1,1/1,1,1,-1.5015535415138224,0.22278378730361423,False,524.0,0.0,215.0,21000.83693991078,14.511433833,2fabbd1041f29f041e6f33a894239db90c289c40d9e93f6e6e5a91771055029c,44922f7483179286676ef6792a0d95652fb5c7eab8351f38b20af7fba08f8fe8,-0.524262174797772,-0.0,-0.2926385053766508,,,,,,14.386112928,0.114837917,,0.0,,0.007274866,,,success,1,1,1/1,1,1,-1.4967026241515085,0.22386711849617555,False,524.0,0.0,207.0,20091.13829063229,0.032811,2fabbd1041f29f041e6f33a894239db90c289c40d9e93f6e6e5a91771055029c,44922f7483179286676ef6792a0d95652fb5c7eab8351f38b20af7fba08f8fe8,-0.524262174797772,-0.0,-0.28778758801433696,,,,,,,,,,,,,,success,3,3,3/3,3,3,-1.5041208469887681,0.22221256682921173,False,498.0,12.0,208.0,21772.283060720867,5.241345416,2fabbd1041f29f041e6f33a894239db90c289c40d9e93f6e6e5a91771055029c,44922f7483179286676ef6792a0d95652fb5c7eab8351f38b20af7fba08f8fe8,-0.49824916612460013,-0.03003756261742172,-0.29118125690734686,0.0,,,,,3.036951084,2.150917083,0.177170372,1.692966172,0.227525086,0.019396782,0.005955643,0.002445732,success,3,3,3/3,3,3,-1.4718612647368479,0.22949793100823246,False,340.0,90.0,150.0,15220.669011391274,20.780446875,2fabbd1041f29f041e6f33a894239db90c289c40d9e93f6e6e5a91771055029c,44922f7483179286676ef6792a0d95652fb5c7eab8351f38b20af7fba08f8fe8,-0.3401701134184017,-0.22528171963066293,-0.2217565703483837,1.2224129754739055,,,,,3.054410291,17.655351667,0.185488791,17.20579554,0.208117964,0.014023542,0.005823204,4.362363666,"[{""run_id"":""qmap154-sym6_316-M1-s0-r0-b9b5aa20c1b8"",""seed"":0,""status"":""success""}]",[],"{""additive_wall_clock_stages"":[""initial_placement_s"",""problem_preparation_s"",""search_kernel_s"",""result_commit_s"",""routing_s""],""nested_fields_must_not_be_summed"":true,""nested_in_search_kernel"":[""return_match_s"",""forecast_s""],""transition_decision_s"":""reported_stage_not_added_to_full_compile""}","[{""run_id"":""qmap154-sym6_316-M2-raw-replay-fe5162298971"",""seed"":0,""status"":""success""}]",[],"{""additive_wall_clock_stages"":[""initial_placement_s"",""problem_preparation_s"",""search_kernel_s"",""result_commit_s"",""routing_s""],""nested_fields_must_not_be_summed"":true,""nested_in_search_kernel"":[""return_match_s"",""forecast_s""],""transition_decision_s"":""reported_stage_not_added_to_full_compile""}","[{""run_id"":""qmap154-sym6_316-M3-s0-r0-6eff9ff58535"",""seed"":0,""status"":""success""},{""run_id"":""qmap154-sym6_316-M3-s1-r0-1012eb78fe39"",""seed"":1,""status"":""success""},{""run_id"":""qmap154-sym6_316-M3-s2-r0-7f519fb1895b"",""seed"":2,""status"":""success""}]",[],"{""additive_wall_clock_stages"":[""initial_placement_s"",""problem_preparation_s"",""search_kernel_s"",""result_commit_s"",""routing_s""],""nested_fields_must_not_be_summed"":true,""nested_in_search_kernel"":[""return_match_s"",""forecast_s""],""transition_decision_s"":""reported_stage_not_added_to_full_compile""}","[{""run_id"":""qmap154-sym6_316-M4-s0-r0-7e5a61b34cf4"",""seed"":0,""status"":""success""},{""run_id"":""qmap154-sym6_316-M4-s1-r0-6b4c08030c4b"",""seed"":1,""status"":""success""},{""run_id"":""qmap154-sym6_316-M4-s2-r0-a18ca1eac54f"",""seed"":2,""status"":""success""}]",[],"{""additive_wall_clock_stages"":[""initial_placement_s"",""problem_preparation_s"",""search_kernel_s"",""result_commit_s"",""routing_s""],""nested_fields_must_not_be_summed"":true,""nested_in_search_kernel"":[""return_match_s"",""forecast_s""],""transition_decision_s"":""reported_stage_not_added_to_full_compile""}"
qmap154,sym9_146,6ecd393a830744f5c1bbf3964bc813e7b8d940c7a39755f70e86d425b203bd44,12,278,148,success,1,1,1/1,1,1,-1.7140184820912978,0.18014044504276833,False,600.0,0.0,227.0,23100.31698383188,14.947579792,6ecd393a830744f5c1bbf3964bc813e7b8d940c7a39755f70e86d425b203bd44,c6f1e5338b5ab4b2db24768dbb525d3de1bf2b96604e0144ab857129bca597da,-0.6003002001501206,-0.0,-0.2884495795540688,,,,,,14.822749853,0.113540125,,0.0,,0.008089066,,,success,1,1,1/1,1,1,-1.7340904168877782,0.1765607239232403,False,600.0,0.0,208.0,25547.66945086616,0.033685,6ecd393a830744f5c1bbf3964bc813e7b8d940c7a39755f70e86d425b203bd44,c6f1e5338b5ab4b2db24768dbb525d3de1bf2b96604e0144ab857129bca597da,-0.6003002001501206,-0.0,-0.3085215143505493,,,,,,,,,,,,,,success,3,3,3/3,3,3,-1.7237919217123947,0.17838842883816533,False,566.0,7.0,256.0,27042.82627470655,5.980063375,6ecd393a830744f5c1bbf3964bc813e7b8d940c7a39755f70e86d425b203bd44,c6f1e5338b5ab4b2db24768dbb525d3de1bf2b96604e0144ab857129bca597da,-0.5662831888082804,-0.017521911526829338,-0.3097995067027344,0.0,,,,,3.143947334,2.714378541,0.182913169,2.222365914,0.234579914,0.022967339,0.005894106,0.002534496,success,3,3,3/3,3,3,-1.7044457192020148,0.18187316704649908,False,364.0,112.0,159.0,18921.676206815646,28.598268917,6ecd393a830744f5c1bbf3964bc813e7b8d940c7a39755f70e86d425b203bd44,c6f1e5338b5ab4b2db24768dbb525d3de1bf2b96604e0144ab857129bca597da,-0.36418212142440654,-0.2803505844292694,-0.23464431096123053,1.3754484160124771,,,,,3.121812875,25.42901575,0.187606082,24.965261463,0.228544709,0.0152421,0.00544702,4.770503042,"[{""run_id"":""qmap154-sym9_146-M1-s0-r0-49079b89facc"",""seed"":0,""status"":""success""}]",[],"{""additive_wall_clock_stages"":[""initial_placement_s"",""problem_preparation_s"",""search_kernel_s"",""result_commit_s"",""routing_s""],""nested_fields_must_not_be_summed"":true,""nested_in_search_kernel"":[""return_match_s"",""forecast_s""],""transition_decision_s"":""reported_stage_not_added_to_full_compile""}","[{""run_id"":""qmap154-sym9_146-M2-raw-replay-abf8a7f89a0f"",""seed"":0,""status"":""success""}]",[],"{""additive_wall_clock_stages"":[""initial_placement_s"",""problem_preparation_s"",""search_kernel_s"",""result_commit_s"",""routing_s""],""nested_fields_must_not_be_summed"":true,""nested_in_search_kernel"":[""return_match_s"",""forecast_s""],""transition_decision_s"":""reported_stage_not_added_to_full_compile""}","[{""run_id"":""qmap154-sym9_146-M3-s0-r0-7a15aee71164"",""seed"":0,""status"":""success""},{""run_id"":""qmap154-sym9_146-M3-s1-r0-1b12776fa499"",""seed"":1,""status"":""success""},{""run_id"":""qmap154-sym9_146-M3-s2-r0-f7446ad52151"",""seed"":2,""status"":""success""}]",[],"{""additive_wall_clock_stages"":[""initial_placement_s"",""problem_preparation_s"",""search_kernel_s"",""result_commit_s"",""routing_s""],""nested_fields_must_not_be_summed"":true,""nested_in_search_kernel"":[""return_match_s"",""forecast_s""],""transition_decision_s"":""reported_stage_not_added_to_full_compile""}","[{""run_id"":""qmap154-sym9_146-M4-s0-r0-f935ff4b1b9a"",""seed"":0,""status"":""success""},{""run_id"":""qmap154-sym9_146-M4-s1-r0-a0adb2a8354a"",""seed"":1,""status"":""success""},{""run_id"":""qmap154-sym9_146-M4-s2-r0-592c9e2f1b14"",""seed"":2,""status"":""success""}]",[],"{""additive_wall_clock_stages"":[""initial_placement_s"",""problem_preparation_s"",""search_kernel_s"",""result_commit_s"",""routing_s""],""nested_fields_must_not_be_summed"":true,""nested_in_search_kernel"":[""return_match_s"",""forecast_s""],""transition_decision_s"":""reported_stage_not_added_to_full_compile""}"
qmap154,sym9_148,6a854c802f048fc965ee3b2fea0772c5ebe941c837e8ea52c657829e243e25b5,10,17478,9408,success,1,1,1/1,0,1,,,True,38912.0,0.0,16643.0,1592960.0211292463,46.606364458,6a854c802f048fc965ee3b2fea0772c5ebe941c837e8ea52c657829e243e25b5,d3c0c4e90790833cd84bdfdcd05135443226e3d67adbb0245588193f5d4ac7e0,,,,,,,,,23.630475998,21.982526667,,0.0,,0.757948875,,,success,1,1,1/1,0,1,,,True,38920.0,0.0,16683.0,1597937.1838544677,2.71167,6a854c802f048fc965ee3b2fea0772c5ebe941c837e8ea52c657829e243e25b5,d3c0c4e90790833cd84bdfdcd05135443226e3d67adbb0245588193f5d4ac7e0,,,,,,,,,,,,,,,,,success,3,3,3/3,0,3,,,True,37214.0,1269.0,16374.0,1596491.079994942,37.472866625,6a854c802f048fc965ee3b2fea0772c5ebe941c837e8ea52c657829e243e25b5,d3c0c4e90790833cd84bdfdcd05135443226e3d67adbb0245588193f5d4ac7e0,,,,0.0,,,,,4.569859833,29.783660833,1.733854377,24.756532581,2.914735141,1.981537104,0.209222442,0.00616764,success,3,3,3/3,0,3,,,True,28330.0,6097.0,12691.0,1314421.4571088299,32.287679041,6a854c802f048fc965ee3b2fea0772c5ebe941c837e8ea52c657829e243e25b5,d3c0c4e90790833cd84bdfdcd05135443226e3d67adbb0245588193f5d4ac7e0,,,,68.77645227278181,,,,,4.618403125,25.107514917,1.45736167,20.35717094,2.948136444,1.542567968,0.098097839,0.531581121,"[{""run_id"":""qmap154-sym9_148-M1-s0-r0-aaf4b3d7ec42"",""seed"":0,""status"":""success""}]",[],"{""additive_wall_clock_stages"":[""initial_placement_s"",""problem_preparation_s"",""search_kernel_s"",""result_commit_s"",""routing_s""],""nested_fields_must_not_be_summed"":true,""nested_in_search_kernel"":[""return_match_s"",""forecast_s""],""transition_decision_s"":""reported_stage_not_added_to_full_compile""}","[{""run_id"":""qmap154-sym9_148-M2-raw-replay-0c18f0db29ff"",""seed"":0,""status"":""success""}]",[],"{""additive_wall_clock_stages"":[""initial_placement_s"",""problem_preparation_s"",""search_kernel_s"",""result_commit_s"",""routing_s""],""nested_fields_must_not_be_summed"":true,""nested_in_search_kernel"":[""return_match_s"",""forecast_s""],""transition_decision_s"":""reported_stage_not_added_to_full_compile""}","[{""run_id"":""qmap154-sym9_148-M3-s0-r0-e6e2ae0106f0"",""seed"":0,""status"":""success""},{""run_id"":""qmap154-sym9_148-M3-s1-r0-e85a5de4c467"",""seed"":1,""status"":""success""},{""run_id"":""qmap154-sym9_148-M3-s2-r0-c0c45bae5fc3"",""seed"":2,""status"":""success""}]",[],"{""additive_wall_clock_stages"":[""initial_placement_s"",""problem_preparation_s"",""search_kernel_s"",""result_commit_s"",""routing_s""],""nested_fields_must_not_be_summed"":true,""nested_in_search_kernel"":[""return_match_s"",""forecast_s""],""transition_decision_s"":""reported_stage_not_added_to_full_compile""}","[{""run_id"":""qmap154-sym9_148-M4-s0-r0-1700d63c950f"",""seed"":0,""status"":""success""},{""run_id"":""qmap154-sym9_148-M4-s1-r0-dfa63f24408b"",""seed"":1,""status"":""success""},{""run_id"":""qmap154-sym9_148-M4-s2-r0-db3d1111d9eb"",""seed"":2,""status"":""success""}]",[],"{""additive_wall_clock_stages"":[""initial_placement_s"",""problem_preparation_s"",""search_kernel_s"",""result_commit_s"",""routing_s""],""nested_fields_must_not_be_summed"":true,""nested_in_search_kernel"":[""return_match_s"",""forecast_s""],""transition_decision_s"":""reported_stage_not_added_to_full_compile""}"
qmap154,sym9_193,26bde4287c6cb5d5b60c40f5aef845bacf25cce07cfdc5871e9fb2dea2c9746c,11,28293,15232,verifier_fail,0,1,0/1,0,1,,,False,,,,,,26bde4287c6cb5d5b60c40f5aef845bacf25cce07cfdc5871e9fb2dea2c9746c,020b03f9efe6cb666429f72bea6634509af42c4f4e4cce1aa21fcd174a4089d9,,,,,,,,,,,,,,,,,success,1,1,1/1,0,1,,,True,63340.0,0.0,26785.0,2603708.0467253057,4.293494,26bde4287c6cb5d5b60c40f5aef845bacf25cce07cfdc5871e9fb2dea2c9746c,020b03f9efe6cb666429f72bea6634509af42c4f4e4cce1aa21fcd174a4089d9,,,,,,,,,,,,,,,,,success,3,3,3/3,0,3,,,True,59872.0,2614.0,26803.0,2710790.4568305775,59.565851667,26bde4287c6cb5d5b60c40f5aef845bacf25cce07cfdc5871e9fb2dea2c9746c,020b03f9efe6cb666429f72bea6634509af42c4f4e4cce1aa21fcd174a4089d9,,,,0.0,,,,,4.903316958,49.370175334,3.033772379,40.721423252,4.789930038,3.294199467,0.332378195,0.010817402,success,3,3,3/3,0,3,,,True,46388.0,12482.0,20602.0,2103165.450424444,56.154904583,26bde4287c6cb5d5b60c40f5aef845bacf25cce07cfdc5871e9fb2dea2c9746c,020b03f9efe6cb666429f72bea6634509af42c4f4e4cce1aa21fcd174a4089d9,,,,153.7035516216594,,,,,4.868361333,47.018642459,2.422952432,38.964347788,4.986136351,2.671266794,0.348488759,0.996285881,"[{""run_id"":""qmap154-sym9_193-M1-s0-r0-aa16fd16611a"",""seed"":0,""status"":""verifier_fail""}]",[],"{""additive_wall_clock_stages"":[""initial_placement_s"",""problem_preparation_s"",""search_kernel_s"",""result_commit_s"",""routing_s""],""nested_fields_must_not_be_summed"":true,""nested_in_search_kernel"":[""return_match_s"",""forecast_s""],""transition_decision_s"":""reported_stage_not_added_to_full_compile""}","[{""run_id"":""qmap154-sym9_193-M2-raw-replay-e294cea0bcdc"",""seed"":0,""status"":""success""}]",[],"{""additive_wall_clock_stages"":[""initial_placement_s"",""problem_preparation_s"",""search_kernel_s"",""result_commit_s"",""routing_s""],""nested_fields_must_not_be_summed"":true,""nested_in_search_kernel"":[""return_match_s"",""forecast_s""],""transition_decision_s"":""reported_stage_not_added_to_full_compile""}","[{""run_id"":""qmap154-sym9_193-M3-s0-r0-38b884b1ae6e"",""seed"":0,""status"":""success""},{""run_id"":""qmap154-sym9_193-M3-s1-r0-e1342700d241"",""seed"":1,""status"":""success""},{""run_id"":""qmap154-sym9_193-M3-s2-r0-8bd44d487a01"",""seed"":2,""status"":""success""}]",[],"{""additive_wall_clock_stages"":[""initial_placement_s"",""problem_preparation_s"",""search_kernel_s"",""result_commit_s"",""routing_s""],""nested_fields_must_not_be_summed"":true,""nested_in_search_kernel"":[""return_match_s"",""forecast_s""],""transition_decision_s"":""reported_stage_not_added_to_full_compile""}","[{""run_id"":""qmap154-sym9_193-M4-s0-r0-2529d142514f"",""seed"":0,""status"":""success""},{""run_id"":""qmap154-sym9_193-M4-s1-r0-77042a052ebc"",""seed"":1,""status"":""success""},{""run_id"":""qmap154-sym9_193-M4-s2-r0-66d256c72a09"",""seed"":2,""status"":""success""}]",[],"{""additive_wall_clock_stages"":[""initial_placement_s"",""problem_preparation_s"",""search_kernel_s"",""result_commit_s"",""routing_s""],""nested_fields_must_not_be_summed"":true,""nested_in_search_kernel"":[""return_match_s"",""forecast_s""],""transition_decision_s"":""reported_stage_not_added_to_full_compile""}"
qmap154,sys6-v0_111,556cc6c9d99e6f8ab21856ebd4604002b6ff842e3cf3a9ebdd6c1e725fb31246,10,182,98,success,1,1,1/1,1,1,-1.101907881816538,0.33223661045268227,False,396.0,0.0,158.0,16278.30467165502,13.972691084,556cc6c9d99e6f8ab21856ebd4604002b6ff842e3cf3a9ebdd6c1e725fb31246,cacf20d4490e210bbc3857919a08c72abcf122a74b9fc709dacba0af9ed2157d,-0.3961981320990796,-0.0,-0.1598724593717558,,,,,,13.888087034,0.077194625,,0.0,,0.005449295,,,success,1,1,1/1,1,1,-1.091041900033039,0.33586637215833154,False,396.0,0.0,121.0,14248.74960595893,0.021090875,556cc6c9d99e6f8ab21856ebd4604002b6ff842e3cf3a9ebdd6c1e725fb31246,cacf20d4490e210bbc3857919a08c72abcf122a74b9fc709dacba0af9ed2157d,-0.3961981320990796,-0.0,-0.14900647758825655,,,,,,,,,,,,,,success,3,3,3/3,3,3,-1.1093836497576832,0.329762147431253,False,370.0,8.0,165.0,18638.699115386156,4.758765416,556cc6c9d99e6f8ab21856ebd4604002b6ff842e3cf3a9ebdd6c1e725fb31246,cacf20d4490e210bbc3857919a08c72abcf122a74b9fc709dacba0af9ed2157d,-0.3701851234259077,-0.020025041744947816,-0.17333619424112495,0.0,,,,,2.98702775,1.713350417,0.131574045,1.404504458,0.142435708,0.029038668,0.003472104,0.001733057,success,3,3,3/3,3,3,-1.089775896756073,0.33629184935704226,False,234.0,76.0,93.0,11654.147401819368,20.485748125,556cc6c9d99e6f8ab21856ebd4604002b6ff842e3cf3a9ebdd6c1e725fb31246,cacf20d4490e210bbc3857919a08c72abcf122a74b9fc709dacba0af9ed2157d,-0.23411707805854703,-0.19023789657700424,-0.11958363177481898,0.8722599014161011,,,,,2.958474417,17.48923475,0.128563958,17.198012584,0.126849292,0.010466576,0.004177478,3.92734863,"[{""run_id"":""qmap154-sys6-v0_111-M1-s0-r0-1a0f2785053b"",""seed"":0,""status"":""success""}]",[],"{""additive_wall_clock_stages"":[""initial_placement_s"",""problem_preparation_s"",""search_kernel_s"",""result_commit_s"",""routing_s""],""nested_fields_must_not_be_summed"":true,""nested_in_search_kernel"":[""return_match_s"",""forecast_s""],""transition_decision_s"":""reported_stage_not_added_to_full_compile""}","[{""run_id"":""qmap154-sys6-v0_111-M2-raw-replay-0f8e6f61ecc8"",""seed"":0,""status"":""success""}]",[],"{""additive_wall_clock_stages"":[""initial_placement_s"",""problem_preparation_s"",""search_kernel_s"",""result_commit_s"",""routing_s""],""nested_fields_must_not_be_summed"":true,""nested_in_search_kernel"":[""return_match_s"",""forecast_s""],""transition_decision_s"":""reported_stage_not_added_to_full_compile""}","[{""run_id"":""qmap154-sys6-v0_111-M3-s0-r0-6d433734f6f2"",""seed"":0,""status"":""success""},{""run_id"":""qmap154-sys6-v0_111-M3-s1-r0-977ad87e792f"",""seed"":1,""status"":""success""},{""run_id"":""qmap154-sys6-v0_111-M3-s2-r0-72f6332ddd63"",""seed"":2,""status"":""success""}]",[],"{""additive_wall_clock_stages"":[""initial_placement_s"",""problem_preparation_s"",""search_kernel_s"",""result_commit_s"",""routing_s""],""nested_fields_must_not_be_summed"":true,""nested_in_search_kernel"":[""return_match_s"",""forecast_s""],""transition_decision_s"":""reported_stage_not_added_to_full_compile""}","[{""run_id"":""qmap154-sys6-v0_111-M4-s0-r0-533a71979bce"",""seed"":0,""status"":""success""},{""run_id"":""qmap154-sys6-v0_111-M4-s1-r0-46670a7ac45c"",""seed"":1,""status"":""success""},{""run_id"":""qmap154-sys6-v0_111-M4-s2-r0-1a3fc7dd8f8a"",""seed"":2,""status"":""success""}]",[],"{""additive_wall_clock_stages"":[""initial_placement_s"",""problem_preparation_s"",""search_kernel_s"",""result_commit_s"",""routing_s""],""nested_fields_must_not_be_summed"":true,""nested_in_search_kernel"":[""return_match_s"",""forecast_s""],""transition_decision_s"":""reported_stage_not_added_to_full_compile""}"
qmap154,urf1_149,bfb4a038a3fbac9ef336ae9bb1049d6eecf898f1b0288765c45315abd7388a4b,9,150205,80878,verifier_fail,0,1,0/1,0,1,,,False,,,,,,bfb4a038a3fbac9ef336ae9bb1049d6eecf898f1b0288765c45315abd7388a4b,e58ea8c2586ea8564800239a5c7f1fdc11addf858454ddcbdcf619908ae4d742,,,,,,,,,,,,,,,,,success,1,1,1/1,0,1,,,True,317244.0,0.0,140659.0,13381915.92628767,23.948462209,bfb4a038a3fbac9ef336ae9bb1049d6eecf898f1b0288765c45315abd7388a4b,e58ea8c2586ea8564800239a5c7f1fdc11addf858454ddcbdcf619908ae4d742,,,,,,,,,,,,,,,,,success,3,3,3/3,0,3,,,True,305524.0,8410.0,140400.0,13562684.825323842,255.956972042,bfb4a038a3fbac9ef336ae9bb1049d6eecf898f1b0288765c45315abd7388a4b,e58ea8c2586ea8564800239a5c7f1fdc11addf858454ddcbdcf619908ae4d742,,,,0.0,,,,,4.282015792,226.257365875,11.980660722,187.017540914,24.148286535,15.987105846,1.303805747,0.032274276,success,3,3,3/3,0,3,,,True,231180.0,59603.0,106716.0,10847476.931742195,202.102819667,bfb4a038a3fbac9ef336ae9bb1049d6eecf898f1b0288765c45315abd7388a4b,e58ea8c2586ea8564800239a5c7f1fdc11addf858454ddcbdcf619908ae4d742,,,,494.92440039966704,,,,,4.252131958,176.065419208,9.507677579,140.436437718,24.125500643,13.194634199,0.69612537,3.04774514,"[{""run_id"":""qmap154-urf1_149-M1-s0-r0-5f5305c3945f"",""seed"":0,""status"":""verifier_fail""}]",[],"{""additive_wall_clock_stages"":[""initial_placement_s"",""problem_preparation_s"",""search_kernel_s"",""result_commit_s"",""routing_s""],""nested_fields_must_not_be_summed"":true,""nested_in_search_kernel"":[""return_match_s"",""forecast_s""],""transition_decision_s"":""reported_stage_not_added_to_full_compile""}","[{""run_id"":""qmap154-urf1_149-M2-raw-replay-c8c68c871e30"",""seed"":0,""status"":""success""}]",[],"{""additive_wall_clock_stages"":[""initial_placement_s"",""problem_preparation_s"",""search_kernel_s"",""result_commit_s"",""routing_s""],""nested_fields_must_not_be_summed"":true,""nested_in_search_kernel"":[""return_match_s"",""forecast_s""],""transition_decision_s"":""reported_stage_not_added_to_full_compile""}","[{""run_id"":""qmap154-urf1_149-M3-s0-r0-752c9ddc0e20"",""seed"":0,""status"":""success""},{""run_id"":""qmap154-urf1_149-M3-s1-r0-ab0c221b9db2"",""seed"":1,""status"":""success""},{""run_id"":""qmap154-urf1_149-M3-s2-r0-5a6692928e56"",""seed"":2,""status"":""success""}]",[],"{""additive_wall_clock_stages"":[""initial_placement_s"",""problem_preparation_s"",""search_kernel_s"",""result_commit_s"",""routing_s""],""nested_fields_must_not_be_summed"":true,""nested_in_search_kernel"":[""return_match_s"",""forecast_s""],""transition_decision_s"":""reported_stage_not_added_to_full_compile""}","[{""run_id"":""qmap154-urf1_149-M4-s0-r0-9291b9870339"",""seed"":0,""status"":""success""},{""run_id"":""qmap154-urf1_149-M4-s1-r0-095c358f9e20"",""seed"":1,""status"":""success""},{""run_id"":""qmap154-urf1_149-M4-s2-r0-0ebb19baf02d"",""seed"":2,""status"":""success""}]",[],"{""additive_wall_clock_stages"":[""initial_placement_s"",""problem_preparation_s"",""search_kernel_s"",""result_commit_s"",""routing_s""],""nested_fields_must_not_be_summed"":true,""nested_in_search_kernel"":[""return_match_s"",""forecast_s""],""transition_decision_s"":""reported_stage_not_added_to_full_compile""}"
qmap154,urf1_278,a1e792ad6dea65292c6f25330a00d88d427b32fa5d9a689ea1e6e25faaed858e,9,44604,26672,success,1,1,1/1,0,1,,,True,112924.0,0.0,46396.0,4487836.974283577,93.858328625,a1e792ad6dea65292c6f25330a00d88d427b32fa5d9a689ea1e6e25faaed858e,bc3231a64a9516c4ba9843da5de45feb5692f44b480ecd69083f02336f504530,,,,,,,,,21.818087101,69.063092417,,0.0,,2.300882339,,,success,1,1,1/1,0,1,,,True,113372.0,0.0,46438.0,4477991.088254035,7.618439166,a1e792ad6dea65292c6f25330a00d88d427b32fa5d9a689ea1e6e25faaed858e,bc3231a64a9516c4ba9843da5de45feb5692f44b480ecd69083f02336f504530,,,,,,,,,,,,,,,,,success,3,3,3/3,0,3,,,True,105074.0,5599.0,46271.0,4627704.041062113,97.550431583,a1e792ad6dea65292c6f25330a00d88d427b32fa5d9a689ea1e6e25faaed858e,bc3231a64a9516c4ba9843da5de45feb5692f44b480ecd69083f02336f504530,,,,0.0,,,,,4.3820515,84.337866625,5.14039852,70.866310982,8.193582271,5.639038801,0.579164337,0.019732698,success,3,3,3/3,0,3,,,True,82780.0,17599.0,36745.0,3764513.443127069,90.034521916,a1e792ad6dea65292c6f25330a00d88d427b32fa5d9a689ea1e6e25faaed858e,bc3231a64a9516c4ba9843da5de45feb5692f44b480ecd69083f02336f504530,,,,202.00363458130363,,,,,4.386019916,78.133101166,4.238114851,64.772138044,8.105199455,4.721325636,0.382639512,1.857599497,"[{""run_id"":""qmap154-urf1_278-M1-s0-r0-c1263d4d8d08"",""seed"":0,""status"":""success""}]",[],"{""additive_wall_clock_stages"":[""initial_placement_s"",""problem_preparation_s"",""search_kernel_s"",""result_commit_s"",""routing_s""],""nested_fields_must_not_be_summed"":true,""nested_in_search_kernel"":[""return_match_s"",""forecast_s""],""transition_decision_s"":""reported_stage_not_added_to_full_compile""}","[{""run_id"":""qmap154-urf1_278-M2-raw-replay-ca327b6368d5"",""seed"":0,""status"":""success""}]",[],"{""additive_wall_clock_stages"":[""initial_placement_s"",""problem_preparation_s"",""search_kernel_s"",""result_commit_s"",""routing_s""],""nested_fields_must_not_be_summed"":true,""nested_in_search_kernel"":[""return_match_s"",""forecast_s""],""transition_decision_s"":""reported_stage_not_added_to_full_compile""}","[{""run_id"":""qmap154-urf1_278-M3-s0-r0-614f40dae5c9"",""seed"":0,""status"":""success""},{""run_id"":""qmap154-urf1_278-M3-s1-r0-591494fc9299"",""seed"":1,""status"":""success""},{""run_id"":""qmap154-urf1_278-M3-s2-r0-5acb3f443233"",""seed"":2,""status"":""success""}]",[],"{""additive_wall_clock_stages"":[""initial_placement_s"",""problem_preparation_s"",""search_kernel_s"",""result_commit_s"",""routing_s""],""nested_fields_must_not_be_summed"":true,""nested_in_search_kernel"":[""return_match_s"",""forecast_s""],""transition_decision_s"":""reported_stage_not_added_to_full_compile""}","[{""run_id"":""qmap154-urf1_278-M4-s0-r0-4291840e07b1"",""seed"":0,""status"":""success""},{""run_id"":""qmap154-urf1_278-M4-s1-r0-860ac9a8df79"",""seed"":1,""status"":""success""},{""run_id"":""qmap154-urf1_278-M4-s2-r0-8fecf3e35b70"",""seed"":2,""status"":""success""}]",[],"{""additive_wall_clock_stages"":[""initial_placement_s"",""problem_preparation_s"",""search_kernel_s"",""result_commit_s"",""routing_s""],""nested_fields_must_not_be_summed"":true,""nested_in_search_kernel"":[""return_match_s"",""forecast_s""],""transition_decision_s"":""reported_stage_not_added_to_full_compile""}"
qmap154,urf2_152,55b93a9b6eff1a8ea7a3f8edb58f348a0de40c2d16d890d46fccff55d4af6183,8,65391,35210,verifier_fail,0,1,0/1,0,1,,,False,,,,,,55b93a9b6eff1a8ea7a3f8edb58f348a0de40c2d16d890d46fccff55d4af6183,b1697bfd804562a025c96ead79708813aa6c2de82300a4a181dd4ee4648f59f1,,,,,,,,,,,,,,,,,success,1,1,1/1,0,1,,,True,138464.0,0.0,62247.0,5900365.313130315,10.651453875,55b93a9b6eff1a8ea7a3f8edb58f348a0de40c2d16d890d46fccff55d4af6183,b1697bfd804562a025c96ead79708813aa6c2de82300a4a181dd4ee4648f59f1,,,,,,,,,,,,,,,,,success,3,3,3/3,0,3,,,True,132584.0,3844.0,61640.0,6042353.294578195,117.539200208,55b93a9b6eff1a8ea7a3f8edb58f348a0de40c2d16d890d46fccff55d4af6183,b1697bfd804562a025c96ead79708813aa6c2de82300a4a181dd4ee4648f59f1,,,,0.0,,,,,3.8239205,102.159917292,5.888235638,83.294486242,11.457629814,7.227120876,0.612342513,0.017726715,success,3,3,3/3,0,3,,,True,96284.0,26512.0,44745.0,4464796.90019996,98.915044333,55b93a9b6eff1a8ea7a3f8edb58f348a0de40c2d16d890d46fccff55d4af6183,b1697bfd804562a025c96ead79708813aa6c2de82300a4a181dd4ee4648f59f1,,,,234.1346111059815,,,,,3.88040525,85.26750475,4.667362609,67.902344839,11.25078707,5.559220552,0.335446084,1.686052252,"[{""run_id"":""qmap154-urf2_152-M1-s0-r0-c1fe7d41f7bd"",""seed"":0,""status"":""verifier_fail""}]",[],"{""additive_wall_clock_stages"":[""initial_placement_s"",""problem_preparation_s"",""search_kernel_s"",""result_commit_s"",""routing_s""],""nested_fields_must_not_be_summed"":true,""nested_in_search_kernel"":[""return_match_s"",""forecast_s""],""transition_decision_s"":""reported_stage_not_added_to_full_compile""}","[{""run_id"":""qmap154-urf2_152-M2-raw-replay-85d4cfabbf31"",""seed"":0,""status"":""success""}]",[],"{""additive_wall_clock_stages"":[""initial_placement_s"",""problem_preparation_s"",""search_kernel_s"",""result_commit_s"",""routing_s""],""nested_fields_must_not_be_summed"":true,""nested_in_search_kernel"":[""return_match_s"",""forecast_s""],""transition_decision_s"":""reported_stage_not_added_to_full_compile""}","[{""run_id"":""qmap154-urf2_152-M3-s0-r0-3089e3712bbd"",""seed"":0,""status"":""success""},{""run_id"":""qmap154-urf2_152-M3-s1-r0-a57f105c4eae"",""seed"":1,""status"":""success""},{""run_id"":""qmap154-urf2_152-M3-s2-r0-d9144573d8ab"",""seed"":2,""status"":""success""}]",[],"{""additive_wall_clock_stages"":[""initial_placement_s"",""problem_preparation_s"",""search_kernel_s"",""result_commit_s"",""routing_s""],""nested_fields_must_not_be_summed"":true,""nested_in_search_kernel"":[""return_match_s"",""forecast_s""],""transition_decision_s"":""reported_stage_not_added_to_full_compile""}","[{""run_id"":""qmap154-urf2_152-M4-s0-r0-3b792d05bb0e"",""seed"":0,""status"":""success""},{""run_id"":""qmap154-urf2_152-M4-s1-r0-616f403bed8f"",""seed"":1,""status"":""success""},{""run_id"":""qmap154-urf2_152-M4-s2-r0-03962e82b769"",""seed"":2,""status"":""success""}]",[],"{""additive_wall_clock_stages"":[""initial_placement_s"",""problem_preparation_s"",""search_kernel_s"",""result_commit_s"",""routing_s""],""nested_fields_must_not_be_summed"":true,""nested_in_search_kernel"":[""return_match_s"",""forecast_s""],""transition_decision_s"":""reported_stage_not_added_to_full_compile""}"
qmap154,urf2_277,6b204da03ed7c6d4a702bf7e75e363c9521987069c738fe559f3b61d7a389ce5,8,16468,10056,success,1,1,1/1,0,1,,,True,43176.0,0.0,17434.0,1673658.52760871,44.039667416,6b204da03ed7c6d4a702bf7e75e363c9521987069c738fe559f3b61d7a389ce5,a341e0eb48aaea959ee63beed1d5e9f5d7c74613a52eb18438e727a217803a76,,,,,,,,,18.619004965,24.3078165,,0.0,,0.87300539,,,success,1,1,1/1,0,1,,,True,43356.0,0.0,17323.0,1665450.366055062,2.860231583,6b204da03ed7c6d4a702bf7e75e363c9521987069c738fe559f3b61d7a389ce5,a341e0eb48aaea959ee63beed1d5e9f5d7c74613a52eb18438e727a217803a76,,,,,,,,,,,,,,,,,success,3,3,3/3,0,3,,,True,39198.0,3096.0,17046.0,1696784.967155217,38.300012333,6b204da03ed7c6d4a702bf7e75e363c9521987069c738fe559f3b61d7a389ce5,a341e0eb48aaea959ee63beed1d5e9f5d7c74613a52eb18438e727a217803a76,,,,0.0,,,,,3.872205667,31.281919375,1.803459671,26.08020416,2.972139107,1.967125177,0.215795497,0.007356799,success,3,3,3/3,0,3,,,True,31612.0,5978.0,13968.0,1423456.1764107407,35.023161209,6b204da03ed7c6d4a702bf7e75e363c9521987069c738fe559f3b61d7a389ce5,a341e0eb48aaea959ee63beed1d5e9f5d7c74613a52eb18438e727a217803a76,,,,71.08505824762277,,,,,3.837914791,28.441677666,1.438127736,23.557451285,2.972702854,1.687375307,0.119957992,0.66411221,"[{""run_id"":""qmap154-urf2_277-M1-s0-r0-ead74f2109e7"",""seed"":0,""status"":""success""}]",[],"{""additive_wall_clock_stages"":[""initial_placement_s"",""problem_preparation_s"",""search_kernel_s"",""result_commit_s"",""routing_s""],""nested_fields_must_not_be_summed"":true,""nested_in_search_kernel"":[""return_match_s"",""forecast_s""],""transition_decision_s"":""reported_stage_not_added_to_full_compile""}","[{""run_id"":""qmap154-urf2_277-M2-raw-replay-1af03f589cc8"",""seed"":0,""status"":""success""}]",[],"{""additive_wall_clock_stages"":[""initial_placement_s"",""problem_preparation_s"",""search_kernel_s"",""result_commit_s"",""routing_s""],""nested_fields_must_not_be_summed"":true,""nested_in_search_kernel"":[""return_match_s"",""forecast_s""],""transition_decision_s"":""reported_stage_not_added_to_full_compile""}","[{""run_id"":""qmap154-urf2_277-M3-s0-r0-18eac6110464"",""seed"":0,""status"":""success""},{""run_id"":""qmap154-urf2_277-M3-s1-r0-6923092b113f"",""seed"":1,""status"":""success""},{""run_id"":""qmap154-urf2_277-M3-s2-r0-70e583095768"",""seed"":2,""status"":""success""}]",[],"{""additive_wall_clock_stages"":[""initial_placement_s"",""problem_preparation_s"",""search_kernel_s"",""result_commit_s"",""routing_s""],""nested_fields_must_not_be_summed"":true,""nested_in_search_kernel"":[""return_match_s"",""forecast_s""],""transition_decision_s"":""reported_stage_not_added_to_full_compile""}","[{""run_id"":""qmap154-urf2_277-M4-s0-r0-2e6c42acac7a"",""seed"":0,""status"":""success""},{""run_id"":""qmap154-urf2_277-M4-s1-r0-6f578855774e"",""seed"":1,""status"":""success""},{""run_id"":""qmap154-urf2_277-M4-s2-r0-45eeca86edac"",""seed"":2,""status"":""success""}]",[],"{""additive_wall_clock_stages"":[""initial_placement_s"",""problem_preparation_s"",""search_kernel_s"",""result_commit_s"",""routing_s""],""nested_fields_must_not_be_summed"":true,""nested_in_search_kernel"":[""return_match_s"",""forecast_s""],""transition_decision_s"":""reported_stage_not_added_to_full_compile""}"
qmap154,urf3_155,0c55a40c9f7259ed883713b1089a34fb52d3bbc047f58e264486f7f2e9ca7447,10,344087,185276,timeout,0,1,0/1,0,1,,,False,,,,,,0c55a40c9f7259ed883713b1089a34fb52d3bbc047f58e264486f7f2e9ca7447,386b25cf8d4ca62c83efdff16d82df40dd12085418dfe45daac4417026251905,,,,,,,,,,,,,,,,,success,1,1,1/1,0,1,,,True,726644.0,0.0,323334.0,30867477.62169818,55.00601525,0c55a40c9f7259ed883713b1089a34fb52d3bbc047f58e264486f7f2e9ca7447,386b25cf8d4ca62c83efdff16d82df40dd12085418dfe45daac4417026251905,,,,,,,,,,,,,,,,,timeout,0,3,0/3,0,3,,,False,,,,,,0c55a40c9f7259ed883713b1089a34fb52d3bbc047f58e264486f7f2e9ca7447,386b25cf8d4ca62c83efdff16d82df40dd12085418dfe45daac4417026251905,,,,,,,,,,,,,,,,,success,3,3,3/3,0,3,,,True,534080.0,132836.0,247201.0,25041010.818370327,482.405595833,0c55a40c9f7259ed883713b1089a34fb52d3bbc047f58e264486f7f2e9ca7447,386b25cf8d4ca62c83efdff16d82df40dd12085418dfe45daac4417026251905,,,,1081.8243039065494,,,,,4.898173458,428.048820625,23.24605657,339.269148962,59.297006298,31.627114773,1.60490282,7.438446511,"[{""run_id"":""qmap154-urf3_155-M1-s0-r0-5d5d7ea0de3a"",""seed"":0,""status"":""timeout""}]",[],"{""additive_wall_clock_stages"":[""initial_placement_s"",""problem_preparation_s"",""search_kernel_s"",""result_commit_s"",""routing_s""],""nested_fields_must_not_be_summed"":true,""nested_in_search_kernel"":[""return_match_s"",""forecast_s""],""transition_decision_s"":""reported_stage_not_added_to_full_compile""}","[{""run_id"":""qmap154-urf3_155-M2-raw-replay-4cd3aba49713"",""seed"":0,""status"":""success""}]",[],"{""additive_wall_clock_stages"":[""initial_placement_s"",""problem_preparation_s"",""search_kernel_s"",""result_commit_s"",""routing_s""],""nested_fields_must_not_be_summed"":true,""nested_in_search_kernel"":[""return_match_s"",""forecast_s""],""transition_decision_s"":""reported_stage_not_added_to_full_compile""}","[{""run_id"":""qmap154-urf3_155-M3-s0-r0-9ed7c2d8d675"",""seed"":0,""status"":""timeout""},{""run_id"":""qmap154-urf3_155-M3-s1-r0-1c169b1e3855"",""seed"":1,""status"":""timeout""},{""run_id"":""qmap154-urf3_155-M3-s2-r0-e435777b2dfc"",""seed"":2,""status"":""timeout""}]",[],"{""additive_wall_clock_stages"":[""initial_placement_s"",""problem_preparation_s"",""search_kernel_s"",""result_commit_s"",""routing_s""],""nested_fields_must_not_be_summed"":true,""nested_in_search_kernel"":[""return_match_s"",""forecast_s""],""transition_decision_s"":""reported_stage_not_added_to_full_compile""}","[{""run_id"":""qmap154-urf3_155-M4-s0-r0-03e03010fe73"",""seed"":0,""status"":""success""},{""run_id"":""qmap154-urf3_155-M4-s1-r0-c77738b656a7"",""seed"":1,""status"":""success""},{""run_id"":""qmap154-urf3_155-M4-s2-r0-10f2fbc2213d"",""seed"":2,""status"":""success""}]",[],"{""additive_wall_clock_stages"":[""initial_placement_s"",""problem_preparation_s"",""search_kernel_s"",""result_commit_s"",""routing_s""],""nested_fields_must_not_be_summed"":true,""nested_in_search_kernel"":[""return_match_s"",""forecast_s""],""transition_decision_s"":""reported_stage_not_added_to_full_compile""}"
qmap154,urf3_279,328bdf07834b8d149b8419faf06dea8ba61a3f59f680d4494fa42d1fb6c9d76b,10,102117,60342,verifier_fail,0,1,0/1,0,1,,,False,,,,,,328bdf07834b8d149b8419faf06dea8ba61a3f59f680d4494fa42d1fb6c9d76b,aa00ae9d98625d41a7e826f5ae41c5fe13a2a4767d1fe1576ddd4972677f85db,,,,,,,,,,,,,,,,,success,1,1,1/1,0,1,,,True,255880.0,0.0,105259.0,10184235.886113122,17.2053055,328bdf07834b8d149b8419faf06dea8ba61a3f59f680d4494fa42d1fb6c9d76b,aa00ae9d98625d41a7e826f5ae41c5fe13a2a4767d1fe1576ddd4972677f85db,,,,,,,,,,,,,,,,,partial,2,3,2/3,0,3,,,True,239915.0,11784.5,105623.0,10494305.739117792,204.870337958,328bdf07834b8d149b8419faf06dea8ba61a3f59f680d4494fa42d1fb6c9d76b,aa00ae9d98625d41a7e826f5ae41c5fe13a2a4767d1fe1576ddd4972677f85db,,,,0.0,,,,,4.739662229,180.1752497705,10.0443740695,150.7780078915,17.4275086535,13.0599832535,1.2088285255,0.031052295,success,3,3,3/3,0,3,,,True,200292.0,37421.0,89204.0,9110537.395175645,202.657949791,328bdf07834b8d149b8419faf06dea8ba61a3f59f680d4494fa42d1fb6c9d76b,aa00ae9d98625d41a7e826f5ae41c5fe13a2a4767d1fe1576ddd4972677f85db,,,,397.69553356633327,,,,,4.773086459,179.078710208,9.394129667,148.69949787,18.620559671,12.124199629,0.767432525,3.644623917,"[{""run_id"":""qmap154-urf3_279-M1-s0-r0-d37dd5bb96a3"",""seed"":0,""status"":""verifier_fail""}]",[],"{""additive_wall_clock_stages"":[""initial_placement_s"",""problem_preparation_s"",""search_kernel_s"",""result_commit_s"",""routing_s""],""nested_fields_must_not_be_summed"":true,""nested_in_search_kernel"":[""return_match_s"",""forecast_s""],""transition_decision_s"":""reported_stage_not_added_to_full_compile""}","[{""run_id"":""qmap154-urf3_279-M2-raw-replay-29efabc788c2"",""seed"":0,""status"":""success""}]",[],"{""additive_wall_clock_stages"":[""initial_placement_s"",""problem_preparation_s"",""search_kernel_s"",""result_commit_s"",""routing_s""],""nested_fields_must_not_be_summed"":true,""nested_in_search_kernel"":[""return_match_s"",""forecast_s""],""transition_decision_s"":""reported_stage_not_added_to_full_compile""}","[{""run_id"":""qmap154-urf3_279-M3-s0-r0-b8cdaaf86190"",""seed"":0,""status"":""success""},{""run_id"":""qmap154-urf3_279-M3-s1-r0-bc970c051ffe"",""seed"":1,""status"":""success""},{""run_id"":""qmap154-urf3_279-M3-s2-r0-a2fc54cdcd09"",""seed"":2,""status"":""timeout""}]",[],"{""additive_wall_clock_stages"":[""initial_placement_s"",""problem_preparation_s"",""search_kernel_s"",""result_commit_s"",""routing_s""],""nested_fields_must_not_be_summed"":true,""nested_in_search_kernel"":[""return_match_s"",""forecast_s""],""transition_decision_s"":""reported_stage_not_added_to_full_compile""}","[{""run_id"":""qmap154-urf3_279-M4-s0-r0-393023bd53b0"",""seed"":0,""status"":""success""},{""run_id"":""qmap154-urf3_279-M4-s1-r0-e92f711261b9"",""seed"":1,""status"":""success""},{""run_id"":""qmap154-urf3_279-M4-s2-r0-daaad8dda69b"",""seed"":2,""status"":""success""}]",[],"{""additive_wall_clock_stages"":[""initial_placement_s"",""problem_preparation_s"",""search_kernel_s"",""result_commit_s"",""routing_s""],""nested_fields_must_not_be_summed"":true,""nested_in_search_kernel"":[""return_match_s"",""forecast_s""],""transition_decision_s"":""reported_stage_not_added_to_full_compile""}"
qmap154,urf4_187,11e30776f79843ad4e7b6d4e62727fc4bd683f9cef5c0ec80fefab01e6d907f8,11,416053,224028,timeout,0,1,0/1,0,1,,,False,,,,,,11e30776f79843ad4e7b6d4e62727fc4bd683f9cef5c0ec80fefab01e6d907f8,ecc8b19d6e3c4cfb0f1758434c84aa018edc8ce2d3fb4bcd0a378b54403e689e,,,,,,,,,,,,,,,,,success,1,1,1/1,0,1,,,True,908544.0,0.0,376889.0,36342222.35273356,61.276072042,11e30776f79843ad4e7b6d4e62727fc4bd683f9cef5c0ec80fefab01e6d907f8,ecc8b19d6e3c4cfb0f1758434c84aa018edc8ce2d3fb4bcd0a378b54403e689e,,,,,,,,,,,,,,,,,timeout,0,3,0/3,0,3,,,False,,,,,,11e30776f79843ad4e7b6d4e62727fc4bd683f9cef5c0ec80fefab01e6d907f8,ecc8b19d6e3c4cfb0f1758434c84aa018edc8ce2d3fb4bcd0a378b54403e689e,,,,,,,,,,,,,,,,,timeout,0,3,0/3,0,3,,,False,,,,,,11e30776f79843ad4e7b6d4e62727fc4bd683f9cef5c0ec80fefab01e6d907f8,ecc8b19d6e3c4cfb0f1758434c84aa018edc8ce2d3fb4bcd0a378b54403e689e,,,,,,,,,,,,,,,,,"[{""run_id"":""qmap154-urf4_187-M1-s0-r0-99713f2fcfd9"",""seed"":0,""status"":""timeout""}]",[],"{""additive_wall_clock_stages"":[""initial_placement_s"",""problem_preparation_s"",""search_kernel_s"",""result_commit_s"",""routing_s""],""nested_fields_must_not_be_summed"":true,""nested_in_search_kernel"":[""return_match_s"",""forecast_s""],""transition_decision_s"":""reported_stage_not_added_to_full_compile""}","[{""run_id"":""qmap154-urf4_187-M2-raw-replay-4c8f9518dc9d"",""seed"":0,""status"":""success""}]",[],"{""additive_wall_clock_stages"":[""initial_placement_s"",""problem_preparation_s"",""search_kernel_s"",""result_commit_s"",""routing_s""],""nested_fields_must_not_be_summed"":true,""nested_in_search_kernel"":[""return_match_s"",""forecast_s""],""transition_decision_s"":""reported_stage_not_added_to_full_compile""}","[{""run_id"":""qmap154-urf4_187-M3-s0-r0-dde1734df2b5"",""seed"":0,""status"":""timeout""},{""run_id"":""qmap154-urf4_187-M3-s1-r0-7325c64231f8"",""seed"":1,""status"":""timeout""},{""run_id"":""qmap154-urf4_187-M3-s2-r0-a44c321f52cc"",""seed"":2,""status"":""timeout""}]",[],"{""additive_wall_clock_stages"":[""initial_placement_s"",""problem_preparation_s"",""search_kernel_s"",""result_commit_s"",""routing_s""],""nested_fields_must_not_be_summed"":true,""nested_in_search_kernel"":[""return_match_s"",""forecast_s""],""transition_decision_s"":""reported_stage_not_added_to_full_compile""}","[{""run_id"":""qmap154-urf4_187-M4-s0-r0-f0298fcd62b3"",""seed"":0,""status"":""timeout""},{""run_id"":""qmap154-urf4_187-M4-s1-r0-9d18e9f99a7b"",""seed"":1,""status"":""timeout""},{""run_id"":""qmap154-urf4_187-M4-s2-r0-4d8f3d0ba6a6"",""seed"":2,""status"":""timeout""}]",[],"{""additive_wall_clock_stages"":[""initial_placement_s"",""problem_preparation_s"",""search_kernel_s"",""result_commit_s"",""routing_s""],""nested_fields_must_not_be_summed"":true,""nested_in_search_kernel"":[""return_match_s"",""forecast_s""],""transition_decision_s"":""reported_stage_not_added_to_full_compile""}"
qmap154,urf5_158,519990e4e669042f5f88609d0678fac03062d4c73dbb340576dccdfb4d4791de,9,133591,71932,verifier_fail,0,1,0/1,0,1,,,False,,,,,,519990e4e669042f5f88609d0678fac03062d4c73dbb340576dccdfb4d4791de,5ff3f3dbc68283a38a153f5364ffb7fb6a6294d99b2b07fe82d3179b0a160b2f,,,,,,,,,,,,,,,,,success,1,1,1/1,0,1,,,True,283364.0,0.0,125409.0,11926084.638397228,20.666102333,519990e4e669042f5f88609d0678fac03062d4c73dbb340576dccdfb4d4791de,5ff3f3dbc68283a38a153f5364ffb7fb6a6294d99b2b07fe82d3179b0a160b2f,,,,,,,,,,,,,,,,,success,3,3,3/3,0,3,,,True,273046.0,7787.0,125241.0,12090698.611451339,227.294222292,519990e4e669042f5f88609d0678fac03062d4c73dbb340576dccdfb4d4791de,5ff3f3dbc68283a38a153f5364ffb7fb6a6294d99b2b07fe82d3179b0a160b2f,,,,0.0,,,,,4.274138583,200.189766208,10.59763276,165.887814129,21.375688569,14.261391878,1.201426772,0.028640021,success,3,3,3/3,0,3,,,True,208138.0,52837.0,96136.0,9699237.893552672,174.587370417,519990e4e669042f5f88609d0678fac03062d4c73dbb340576dccdfb4d4791de,5ff3f3dbc68283a38a153f5364ffb7fb6a6294d99b2b07fe82d3179b0a160b2f,,,,447.9246032006216,,,,,4.270669583,151.695053333,8.011730454,121.060094174,20.71559979,11.540947437,0.626594993,2.669370872,"[{""run_id"":""qmap154-urf5_158-M1-s0-r0-57c105d443fe"",""seed"":0,""status"":""verifier_fail""}]",[],"{""additive_wall_clock_stages"":[""initial_placement_s"",""problem_preparation_s"",""search_kernel_s"",""result_commit_s"",""routing_s""],""nested_fields_must_not_be_summed"":true,""nested_in_search_kernel"":[""return_match_s"",""forecast_s""],""transition_decision_s"":""reported_stage_not_added_to_full_compile""}","[{""run_id"":""qmap154-urf5_158-M2-raw-replay-2912da527436"",""seed"":0,""status"":""success""}]",[],"{""additive_wall_clock_stages"":[""initial_placement_s"",""problem_preparation_s"",""search_kernel_s"",""result_commit_s"",""routing_s""],""nested_fields_must_not_be_summed"":true,""nested_in_search_kernel"":[""return_match_s"",""forecast_s""],""transition_decision_s"":""reported_stage_not_added_to_full_compile""}","[{""run_id"":""qmap154-urf5_158-M3-s0-r0-3d3acb919765"",""seed"":0,""status"":""success""},{""run_id"":""qmap154-urf5_158-M3-s1-r0-cc48fcf17cf6"",""seed"":1,""status"":""success""},{""run_id"":""qmap154-urf5_158-M3-s2-r0-54e458a414aa"",""seed"":2,""status"":""success""}]",[],"{""additive_wall_clock_stages"":[""initial_placement_s"",""problem_preparation_s"",""search_kernel_s"",""result_commit_s"",""routing_s""],""nested_fields_must_not_be_summed"":true,""nested_in_search_kernel"":[""return_match_s"",""forecast_s""],""transition_decision_s"":""reported_stage_not_added_to_full_compile""}","[{""run_id"":""qmap154-urf5_158-M4-s0-r0-d382f17c5a9e"",""seed"":0,""status"":""success""},{""run_id"":""qmap154-urf5_158-M4-s1-r0-0ca42d477aaf"",""seed"":1,""status"":""success""},{""run_id"":""qmap154-urf5_158-M4-s2-r0-2c0942a3f61f"",""seed"":2,""status"":""success""}]",[],"{""additive_wall_clock_stages"":[""initial_placement_s"",""problem_preparation_s"",""search_kernel_s"",""result_commit_s"",""routing_s""],""nested_fields_must_not_be_summed"":true,""nested_in_search_kernel"":[""return_match_s"",""forecast_s""],""transition_decision_s"":""reported_stage_not_added_to_full_compile""}"
qmap154,urf5_280,5cf6399299cef926984e7c5cb768fb3ee0fa8a47a51b246a2188db42073e823c,9,40847,23726,success,1,1,1/1,0,1,,,True,100208.0,0.0,41328.0,3993976.6586240446,86.631378625,5cf6399299cef926984e7c5cb768fb3ee0fa8a47a51b246a2188db42073e823c,a3224a62099d0c8d089a738e0054554ad6fd8887dad314c6216f050b2b48dabb,,,,,,,,,21.895380974,62.156290792,,0.0,,1.973474741,,,success,1,1,1/1,0,1,,,True,100572.0,0.0,41269.0,3970044.0993038826,6.622738666,5cf6399299cef926984e7c5cb768fb3ee0fa8a47a51b246a2188db42073e823c,a3224a62099d0c8d089a738e0054554ad6fd8887dad314c6216f050b2b48dabb,,,,,,,,,,,,,,,,,success,3,3,3/3,0,3,,,True,92490.0,5430.0,40920.0,4109335.9557134924,86.007441834,5cf6399299cef926984e7c5cb768fb3ee0fa8a47a51b246a2188db42073e823c,a3224a62099d0c8d089a738e0054554ad6fd8887dad314c6216f050b2b48dabb,,,,0.0,,,,,4.4462645,73.790315625,4.374756811,60.947785323,7.31057036,4.953206062,0.498991055,0.017370213,success,3,3,3/3,0,3,,,True,72562.0,16304.0,32211.0,3280008.7733406257,78.170237042,5cf6399299cef926984e7c5cb768fb3ee0fa8a47a51b246a2188db42073e823c,a3224a62099d0c8d089a738e0054554ad6fd8887dad314c6216f050b2b48dabb,,,,180.28573862320064,,,,,4.359871417,67.296301916,3.692856012,55.110889597,7.17489814,3.96124506,0.321377542,1.547534106,"[{""run_id"":""qmap154-urf5_280-M1-s0-r0-a0e01d0f4f34"",""seed"":0,""status"":""success""}]",[],"{""additive_wall_clock_stages"":[""initial_placement_s"",""problem_preparation_s"",""search_kernel_s"",""result_commit_s"",""routing_s""],""nested_fields_must_not_be_summed"":true,""nested_in_search_kernel"":[""return_match_s"",""forecast_s""],""transition_decision_s"":""reported_stage_not_added_to_full_compile""}","[{""run_id"":""qmap154-urf5_280-M2-raw-replay-b4c0e0764f92"",""seed"":0,""status"":""success""}]",[],"{""additive_wall_clock_stages"":[""initial_placement_s"",""problem_preparation_s"",""search_kernel_s"",""result_commit_s"",""routing_s""],""nested_fields_must_not_be_summed"":true,""nested_in_search_kernel"":[""return_match_s"",""forecast_s""],""transition_decision_s"":""reported_stage_not_added_to_full_compile""}","[{""run_id"":""qmap154-urf5_280-M3-s0-r0-25c2726cc0f5"",""seed"":0,""status"":""success""},{""run_id"":""qmap154-urf5_280-M3-s1-r0-16990894ddb3"",""seed"":1,""status"":""success""},{""run_id"":""qmap154-urf5_280-M3-s2-r0-95289b1993bd"",""seed"":2,""status"":""success""}]",[],"{""additive_wall_clock_stages"":[""initial_placement_s"",""problem_preparation_s"",""search_kernel_s"",""result_commit_s"",""routing_s""],""nested_fields_must_not_be_summed"":true,""nested_in_search_kernel"":[""return_match_s"",""forecast_s""],""transition_decision_s"":""reported_stage_not_added_to_full_compile""}","[{""run_id"":""qmap154-urf5_280-M4-s0-r0-2e81ad45ab2c"",""seed"":0,""status"":""success""},{""run_id"":""qmap154-urf5_280-M4-s1-r0-d0f81807f678"",""seed"":1,""status"":""success""},{""run_id"":""qmap154-urf5_280-M4-s2-r0-979e39f19065"",""seed"":2,""status"":""success""}]",[],"{""additive_wall_clock_stages"":[""initial_placement_s"",""problem_preparation_s"",""search_kernel_s"",""result_commit_s"",""routing_s""],""nested_fields_must_not_be_summed"":true,""nested_in_search_kernel"":[""return_match_s"",""forecast_s""],""transition_decision_s"":""reported_stage_not_added_to_full_compile""}"
qmap154,urf6_160,880954c5d99eb11659dc5546165525c3911fe05965a70e40c276522a6acd69ab,15,139622,75180,success,1,1,1/1,0,1,,,True,292908.0,0.0,132717.0,12895104.47028097,214.827546291,880954c5d99eb11659dc5546165525c3911fe05965a70e40c276522a6acd69ab,b59f725f5f63096d02ef5f4fb2b8a2277e4395691a9fd6299cf91f084003a4ed,,,,,,,,,39.101761103,167.524479416,,0.0,,6.145880461,,,success,1,1,1/1,0,1,,,True,293304.0,0.0,131296.0,12746640.401732799,21.982143708,880954c5d99eb11659dc5546165525c3911fe05965a70e40c276522a6acd69ab,b59f725f5f63096d02ef5f4fb2b8a2277e4395691a9fd6299cf91f084003a4ed,,,,,,,,,,,,,,,,,success,3,3,3/3,0,3,,,True,283442.0,7906.0,131822.0,12991967.018889498,268.790496084,880954c5d99eb11659dc5546165525c3911fe05965a70e40c276522a6acd69ab,b59f725f5f63096d02ef5f4fb2b8a2277e4395691a9fd6299cf91f084003a4ed,,,,0.0,,,,,6.866586916,236.464834791,14.889283423,195.953903071,23.267902818,15.360680103,1.190042079,0.026839183,success,3,3,3/3,0,3,,,True,214498.0,54456.0,100343.0,10155650.626117483,219.812426125,880954c5d99eb11659dc5546165525c3911fe05965a70e40c276522a6acd69ab,b59f725f5f63096d02ef5f4fb2b8a2277e4395691a9fd6299cf91f084003a4ed,,,,532.0400795464452,,,,,6.89091225,193.360370167,9.495523985,158.184089654,22.974063766,12.013818979,0.735426541,3.039854796,"[{""run_id"":""qmap154-urf6_160-M1-s0-r0-c96a673c384f"",""seed"":0,""status"":""success""}]",[],"{""additive_wall_clock_stages"":[""initial_placement_s"",""problem_preparation_s"",""search_kernel_s"",""result_commit_s"",""routing_s""],""nested_fields_must_not_be_summed"":true,""nested_in_search_kernel"":[""return_match_s"",""forecast_s""],""transition_decision_s"":""reported_stage_not_added_to_full_compile""}","[{""run_id"":""qmap154-urf6_160-M2-raw-replay-12312820abce"",""seed"":0,""status"":""success""}]",[],"{""additive_wall_clock_stages"":[""initial_placement_s"",""problem_preparation_s"",""search_kernel_s"",""result_commit_s"",""routing_s""],""nested_fields_must_not_be_summed"":true,""nested_in_search_kernel"":[""return_match_s"",""forecast_s""],""transition_decision_s"":""reported_stage_not_added_to_full_compile""}","[{""run_id"":""qmap154-urf6_160-M3-s0-r0-40579c984fa5"",""seed"":0,""status"":""success""},{""run_id"":""qmap154-urf6_160-M3-s1-r0-87e147001188"",""seed"":1,""status"":""success""},{""run_id"":""qmap154-urf6_160-M3-s2-r0-0d226aa2352a"",""seed"":2,""status"":""success""}]",[],"{""additive_wall_clock_stages"":[""initial_placement_s"",""problem_preparation_s"",""search_kernel_s"",""result_commit_s"",""routing_s""],""nested_fields_must_not_be_summed"":true,""nested_in_search_kernel"":[""return_match_s"",""forecast_s""],""transition_decision_s"":""reported_stage_not_added_to_full_compile""}","[{""run_id"":""qmap154-urf6_160-M4-s0-r0-be1210901354"",""seed"":0,""status"":""success""},{""run_id"":""qmap154-urf6_160-M4-s1-r0-0dad91440e5b"",""seed"":1,""status"":""success""},{""run_id"":""qmap154-urf6_160-M4-s2-r0-2286936b2a4e"",""seed"":2,""status"":""success""}]",[],"{""additive_wall_clock_stages"":[""initial_placement_s"",""problem_preparation_s"",""search_kernel_s"",""result_commit_s"",""routing_s""],""nested_fields_must_not_be_summed"":true,""nested_in_search_kernel"":[""return_match_s"",""forecast_s""],""transition_decision_s"":""reported_stage_not_added_to_full_compile""}"
qmap154,wim_266,f2f31e619d116aed7be5fcda1e0a22222bbb82cc6791249a4dd8f7fb7ceeefe3,11,795,427,success,1,1,1/1,1,1,-4.915783201136742,0.007329974799113619,False,1748.0,0.0,719.0,68749.0546970183,16.7521415,f2f31e619d116aed7be5fcda1e0a22222bbb82cc6791249a4dd8f7fb7ceeefe3,c1a9adfae7105efb9893ba84c77ccaedb3815eab20936d1f79fbdad29b6be87f,-1.748874583104018,-0.0,-0.7880174772227305,,,,,,16.25198102,0.465292917,,0.0,,0.024125814,,,success,1,1,1/1,1,1,-4.920939886242292,0.007292273717090722,False,1752.0,0.0,720.0,68547.30784745706,0.12195375,f2f31e619d116aed7be5fcda1e0a22222bbb82cc6791249a4dd8f7fb7ceeefe3,c1a9adfae7105efb9893ba84c77ccaedb3815eab20936d1f79fbdad29b6be87f,-1.7528765844383523,-0.0,-0.7891721609939454,,,,,,,,,,,,,,success,3,3,3/3,3,3,-4.988426962816003,0.0068163784800800015,False,1684.0,25.0,771.0,81450.92812169484,10.103826791,f2f31e619d116aed7be5fcda1e0a22222bbb82cc6791249a4dd8f7fb7ceeefe3,c1a9adfae7105efb9893ba84c77ccaedb3815eab20936d1f79fbdad29b6be87f,-1.6848425617546718,-0.06257825545296192,-0.8560301572883956,0.0,,,,,3.345488791,6.601954792,0.633260173,5.034366328,0.857229375,0.082741261,0.021895633,0.00832432,success,3,3,3/3,3,3,-4.9149307963457805,0.007336225568464403,False,1202.0,283.0,537.0,55969.901317489406,51.413765,f2f31e619d116aed7be5fcda1e0a22222bbb82cc6791249a4dd8f7fb7ceeefe3,c1a9adfae7105efb9893ba84c77ccaedb3815eab20936d1f79fbdad29b6be87f,-1.2026014009674082,-0.708385851727529,-0.6226801963098715,4.363085486931377,,,,,3.333695333,47.948218166,0.615258658,46.473598201,0.843975091,0.047846794,0.019146549,13.805654602,"[{""run_id"":""qmap154-wim_266-M1-s0-r0-b67985100320"",""seed"":0,""status"":""success""}]",[],"{""additive_wall_clock_stages"":[""initial_placement_s"",""problem_preparation_s"",""search_kernel_s"",""result_commit_s"",""routing_s""],""nested_fields_must_not_be_summed"":true,""nested_in_search_kernel"":[""return_match_s"",""forecast_s""],""transition_decision_s"":""reported_stage_not_added_to_full_compile""}","[{""run_id"":""qmap154-wim_266-M2-raw-replay-c4976c4456c3"",""seed"":0,""status"":""success""}]",[],"{""additive_wall_clock_stages"":[""initial_placement_s"",""problem_preparation_s"",""search_kernel_s"",""result_commit_s"",""routing_s""],""nested_fields_must_not_be_summed"":true,""nested_in_search_kernel"":[""return_match_s"",""forecast_s""],""transition_decision_s"":""reported_stage_not_added_to_full_compile""}","[{""run_id"":""qmap154-wim_266-M3-s0-r0-ac26b6ce9bf9"",""seed"":0,""status"":""success""},{""run_id"":""qmap154-wim_266-M3-s1-r0-d2a47cca6ecc"",""seed"":1,""status"":""success""},{""run_id"":""qmap154-wim_266-M3-s2-r0-5f592f007c65"",""seed"":2,""status"":""success""}]",[],"{""additive_wall_clock_stages"":[""initial_placement_s"",""problem_preparation_s"",""search_kernel_s"",""result_commit_s"",""routing_s""],""nested_fields_must_not_be_summed"":true,""nested_in_search_kernel"":[""return_match_s"",""forecast_s""],""transition_decision_s"":""reported_stage_not_added_to_full_compile""}","[{""run_id"":""qmap154-wim_266-M4-s0-r0-781010a327ac"",""seed"":0,""status"":""success""},{""run_id"":""qmap154-wim_266-M4-s1-r0-d0cb66ebc05b"",""seed"":1,""status"":""success""},{""run_id"":""qmap154-wim_266-M4-s2-r0-ca594a54286b"",""seed"":2,""status"":""success""}]",[],"{""additive_wall_clock_stages"":[""initial_placement_s"",""problem_preparation_s"",""search_kernel_s"",""result_commit_s"",""routing_s""],""nested_fields_must_not_be_summed"":true,""nested_in_search_kernel"":[""return_match_s"",""forecast_s""],""transition_decision_s"":""reported_stage_not_added_to_full_compile""}"
qmap154,xor5_254,4a6d53e313003be35a7d3c56a5702b8a2f0ce138861f1ff1de53929c6660d26a,6,4,5,success,1,1,1/1,1,1,-0.055260671302234214,0.946238458591237,False,24.0,0.0,10.0,1131.3919595273794,4.339796667,4a6d53e313003be35a7d3c56a5702b8a2f0ce138861f1ff1de53929c6660d26a,5947c78b08c521fdc901e5a75bcdf9d862cf76ad2a61cb2d436f5e9af141dd5b,-0.024012008006004823,-0.0,-0.004985774142499989,,,,,,4.334213972,0.0048785,,0.0,,0.000369072,,,success,1,1,1/1,1,1,-0.055319282884771476,0.9461829996830045,False,24.0,0.0,10.0,1146.0326127000578,0.002301,4a6d53e313003be35a7d3c56a5702b8a2f0ce138861f1ff1de53929c6660d26a,5947c78b08c521fdc901e5a75bcdf9d862cf76ad2a61cb2d436f5e9af141dd5b,-0.024012008006004823,-0.0,-0.00504438572503725,,,,,,,,,,,,,,success,3,3,3/3,3,3,-0.05091687953612207,0.950357661419169,False,20.0,0.0,9.0,1036.0131196695327,1.619884541,4a6d53e313003be35a7d3c56a5702b8a2f0ce138861f1ff1de53929c6660d26a,5947c78b08c521fdc901e5a75bcdf9d862cf76ad2a61cb2d436f5e9af141dd5b,-0.020010006671670688,-0.0,-0.0046439837107219795,0.0,,,,,1.516027709,0.078675625,0.005422293,0.035732041,0.006556541,0.000737667,0.000159293,9.7809e-05,success,3,3,3/3,3,3,-0.05090542252444232,0.9503685497403696,False,20.0,0.0,9.0,1033.1510800838678,1.76144,4a6d53e313003be35a7d3c56a5702b8a2f0ce138861f1ff1de53929c6660d26a,5947c78b08c521fdc901e5a75bcdf9d862cf76ad2a61cb2d436f5e9af141dd5b,-0.020010006671670688,-0.0,-0.004632526699042233,0.011966523674979882,,,,,1.490110667,0.250422292,0.005582458,0.206911877,0.006855916,0.000763893,0.000247657,0.046574509,"[{""run_id"":""qmap154-xor5_254-M1-s0-r0-92ef2c995dfb"",""seed"":0,""status"":""success""}]",[],"{""additive_wall_clock_stages"":[""initial_placement_s"",""problem_preparation_s"",""search_kernel_s"",""result_commit_s"",""routing_s""],""nested_fields_must_not_be_summed"":true,""nested_in_search_kernel"":[""return_match_s"",""forecast_s""],""transition_decision_s"":""reported_stage_not_added_to_full_compile""}","[{""run_id"":""qmap154-xor5_254-M2-raw-replay-150a45a34bf1"",""seed"":0,""status"":""success""}]",[],"{""additive_wall_clock_stages"":[""initial_placement_s"",""problem_preparation_s"",""search_kernel_s"",""result_commit_s"",""routing_s""],""nested_fields_must_not_be_summed"":true,""nested_in_search_kernel"":[""return_match_s"",""forecast_s""],""transition_decision_s"":""reported_stage_not_added_to_full_compile""}","[{""run_id"":""qmap154-xor5_254-M3-s0-r0-f402efb7c036"",""seed"":0,""status"":""success""},{""run_id"":""qmap154-xor5_254-M3-s1-r0-977fa56fcb89"",""seed"":1,""status"":""success""},{""run_id"":""qmap154-xor5_254-M3-s2-r0-dd181bd18fc9"",""seed"":2,""status"":""success""}]",[],"{""additive_wall_clock_stages"":[""initial_placement_s"",""problem_preparation_s"",""search_kernel_s"",""result_commit_s"",""routing_s""],""nested_fields_must_not_be_summed"":true,""nested_in_search_kernel"":[""return_match_s"",""forecast_s""],""transition_decision_s"":""reported_stage_not_added_to_full_compile""}","[{""run_id"":""qmap154-xor5_254-M4-s0-r0-4f8f87b7b017"",""seed"":0,""status"":""success""},{""run_id"":""qmap154-xor5_254-M4-s1-r0-045ddcb08dd9"",""seed"":1,""status"":""success""},{""run_id"":""qmap154-xor5_254-M4-s2-r0-b73e55e2febf"",""seed"":2,""status"":""success""}]",[],"{""additive_wall_clock_stages"":[""initial_placement_s"",""problem_preparation_s"",""search_kernel_s"",""result_commit_s"",""routing_s""],""nested_fields_must_not_be_summed"":true,""nested_in_search_kernel"":[""return_match_s"",""forecast_s""],""transition_decision_s"":""reported_stage_not_added_to_full_compile""}"
qmap154,z4_268,935c1b731051464946985e7a4faa9c24b169fbff8324a41153a00492f1ffbfd9,11,2494,1343,verifier_fail,0,1,0/1,0,1,,,False,,,,,,935c1b731051464946985e7a4faa9c24b169fbff8324a41153a00492f1ffbfd9,848b9448426b7f9dfebf099f3f60bf00a03e2a8a3843aff460fdc7002f60acbc,,,,,,,,,,,,,,,,,success,1,1,1/1,1,1,-15.864835992539614,1.28821772998968e-07,False,5596.0,0.0,2314.0,224975.20273817843,0.38158,935c1b731051464946985e7a4faa9c24b169fbff8324a41153a00492f1ffbfd9,848b9448426b7f9dfebf099f3f60bf00a03e2a8a3843aff460fdc7002f60acbc,-5.598799866733458,-0.0,-2.7858802043352098,,,,,,,,,,,,,,success,3,3,3/3,3,3,-16.113323353630395,1.0047837028751537e-07,False,5292.0,128.0,2404.0,259011.284139749,22.928582167,935c1b731051464946985e7a4faa9c24b169fbff8324a41153a00492f1ffbfd9,848b9448426b7f9dfebf099f3f60bf00a03e2a8a3843aff460fdc7002f60acbc,-5.294647765324064,-0.32040066791916505,-3.0281240022520546,0.0,,,,,4.16895425,18.279108709,2.503930477,12.150250502,3.299395293,0.262828588,0.048101081,0.006287834,success,3,3,3/3,3,3,-15.754495166214438,1.438499396886584e-07,False,3948.0,878.0,1752.0,178219.3351480037,29.255891666,935c1b731051464946985e7a4faa9c24b169fbff8324a41153a00492f1ffbfd9,848b9448426b7f9dfebf099f3f60bf00a03e2a8a3843aff460fdc7002f60acbc,-3.9499753169877936,-2.1977483315080226,-2.1151117217956257,11.85069518241479,,,,,4.183539959,24.7002095,2.408352181,18.936616625,3.204351461,0.184422016,0.030870935,1.379974724,"[{""run_id"":""qmap154-z4_268-M1-s0-r0-db31db5d1085"",""seed"":0,""status"":""verifier_fail""}]",[],"{""additive_wall_clock_stages"":[""initial_placement_s"",""problem_preparation_s"",""search_kernel_s"",""result_commit_s"",""routing_s""],""nested_fields_must_not_be_summed"":true,""nested_in_search_kernel"":[""return_match_s"",""forecast_s""],""transition_decision_s"":""reported_stage_not_added_to_full_compile""}","[{""run_id"":""qmap154-z4_268-M2-raw-replay-94ba2af80219"",""seed"":0,""status"":""success""}]",[],"{""additive_wall_clock_stages"":[""initial_placement_s"",""problem_preparation_s"",""search_kernel_s"",""result_commit_s"",""routing_s""],""nested_fields_must_not_be_summed"":true,""nested_in_search_kernel"":[""return_match_s"",""forecast_s""],""transition_decision_s"":""reported_stage_not_added_to_full_compile""}","[{""run_id"":""qmap154-z4_268-M3-s0-r0-774c3f98cbdb"",""seed"":0,""status"":""success""},{""run_id"":""qmap154-z4_268-M3-s1-r0-93bd224f5b8b"",""seed"":1,""status"":""success""},{""run_id"":""qmap154-z4_268-M3-s2-r0-d72a59b5f05f"",""seed"":2,""status"":""success""}]",[],"{""additive_wall_clock_stages"":[""initial_placement_s"",""problem_preparation_s"",""search_kernel_s"",""result_commit_s"",""routing_s""],""nested_fields_must_not_be_summed"":true,""nested_in_search_kernel"":[""return_match_s"",""forecast_s""],""transition_decision_s"":""reported_stage_not_added_to_full_compile""}","[{""run_id"":""qmap154-z4_268-M4-s0-r0-37feefe90bd3"",""seed"":0,""status"":""success""},{""run_id"":""qmap154-z4_268-M4-s1-r0-4f22b46eae4f"",""seed"":1,""status"":""success""},{""run_id"":""qmap154-z4_268-M4-s2-r0-861db46a2213"",""seed"":2,""status"":""success""}]",[],"{""additive_wall_clock_stages"":[""initial_placement_s"",""problem_preparation_s"",""search_kernel_s"",""result_commit_s"",""routing_s""],""nested_fields_must_not_be_summed"":true,""nested_in_search_kernel"":[""return_match_s"",""forecast_s""],""transition_decision_s"":""reported_stage_not_added_to_full_compile""}"
