dataset,circuit,canonical_sha256,qubits,gates_1q,gates_2q,M1,M2,Default,common_fidelity
zac18,bv_n14_transpiled,a9f1ef0f566a3cc1a347e8cb7bf74983b239326618f114a908e46c6e37c67752,14,29,13,"{""N"": 1, ""complete"": true, ""complete_fidelity"": true, ""fidelity"": 0.8450728175261345, ""fidelity_valid"": 1, ""idle_exposures"": 0.0, ""log_atom_transfer"": -0.05602801868067792, ""log_coherence_linear"": -0.03844011310282679, ""log_fidelity"": -0.1683324807506382, ""log_idle_excitation"": -0.0, ""move_batches"": 26.0, ""move_time_us"": 2768.637261521812, ""seed_status"": [{""seed"": 0, ""status"": ""success""}], ""transfers"": 56.0, ""valid"": 1}","{""N"": 1, ""complete"": true, ""complete_fidelity"": true, ""fidelity"": 0.8449694367086806, ""fidelity_valid"": 1, ""idle_exposures"": 0.0, ""log_atom_transfer"": -0.05602801868067792, ""log_coherence_linear"": -0.03856245420681251, ""log_fidelity"": -0.16845482185462393, ""log_idle_excitation"": -0.0, ""move_batches"": 26.0, ""move_time_us"": 2781.709238336421, ""seed_status"": [{""seed"": 0, ""status"": ""success""}], ""transfers"": 56.0, ""valid"": 1}","{""N"": 3, ""complete"": true, ""complete_fidelity"": true, ""fidelity"": 0.8492499463115744, ""fidelity_valid"": 3, ""idle_exposures"": 0.0, ""log_atom_transfer"": -0.05202601734634379, ""log_coherence_linear"": -0.037511368846603374, ""log_fidelity"": -0.16340173516008066, ""log_idle_excitation"": -0.0, ""move_batches"": 25.0, ""move_time_us"": 2665.112822177856, ""seed_status"": [{""seed"": 0, ""status"": ""success""}, {""seed"": 1, ""status"": ""success""}, {""seed"": 2, ""status"": ""success""}], ""transfers"": 52.0, ""valid"": 3}",True
zac18,bv_n19_transpiled,ff087c43a47c1c89a5515728dba98c1a8254212cb63163c9c21d361c76c1a6ad,19,39,18,"{""N"": 1, ""complete"": true, ""complete_fidelity"": true, ""fidelity"": 0.7774546085489721, ""fidelity_valid"": 1, ""idle_exposures"": 0.0, ""log_atom_transfer"": -0.07603802535234862, ""log_coherence_linear"": -0.0737644843932738, ""log_fidelity"": -0.25173001792049726, ""log_idle_excitation"": -0.0, ""move_batches"": 37.0, ""move_time_us"": 3945.1610014409425, ""seed_status"": [{""seed"": 0, ""status"": ""success""}], ""transfers"": 76.0, ""valid"": 1}","{""N"": 1, ""complete"": true, ""complete_fidelity"": true, ""fidelity"": 0.7787687016761891, ""fidelity_valid"": 1, ""idle_exposures"": 0.0, ""log_atom_transfer"": -0.07603802535234862, ""log_coherence_linear"": -0.07207566064810482, ""log_fidelity"": -0.2500411941753283, ""log_idle_excitation"": -0.0, ""move_batches"": 36.0, ""move_time_us"": 3812.3435303917854, ""seed_status"": [{""seed"": 0, ""status"": ""success""}], ""transfers"": 76.0, ""valid"": 1}","{""N"": 3, ""complete"": true, ""complete_fidelity"": true, ""fidelity"": 0.7825096673937727, ""fidelity_valid"": 3, ""idle_exposures"": 0.0, ""log_atom_transfer"": -0.07203602401801447, ""log_coherence_linear"": -0.07128546995442145, ""log_fidelity"": -0.24524900214731077, ""log_idle_excitation"": -0.0, ""move_batches"": 35.0, ""move_time_us"": 3747.0370947516567, ""seed_status"": [{""seed"": 0, ""status"": ""success""}, {""seed"": 1, ""status"": ""success""}, {""seed"": 2, ""status"": ""success""}], ""transfers"": 72.0, ""valid"": 3}",True
zac18,bv_n30_transpiled,58a8fb4a501fe149a264a128891f77ec760f078cd053bfd81168637de4c8f191,30,39,18,"{""N"": 1, ""complete"": true, ""complete_fidelity"": true, ""fidelity"": 0.7422332160838934, ""fidelity_valid"": 1, ""idle_exposures"": 0.0, ""log_atom_transfer"": -0.07603802535234862, ""log_coherence_linear"": -0.12012624428106154, ""log_fidelity"": -0.298091777808285, ""log_idle_excitation"": -0.0, ""move_batches"": 37.0, ""move_time_us"": 4065.852772306838, ""seed_status"": [{""seed"": 0, ""status"": ""success""}], ""transfers"": 76.0, ""valid"": 1}","{""N"": 1, ""complete"": true, ""complete_fidelity"": true, ""fidelity"": 0.7413474845235002, ""fidelity_valid"": 1, ""idle_exposures"": 0.0, ""log_atom_transfer"": -0.07603802535234862, ""log_coherence_linear"": -0.12132029009908311, ""log_fidelity"": -0.29928582362630657, ""log_idle_excitation"": -0.0, ""move_batches"": 36.0, ""move_time_us"": 4125.315297348518, ""seed_status"": [{""seed"": 0, ""status"": ""success""}], ""transfers"": 76.0, ""valid"": 1}","{""N"": 3, ""complete"": true, ""complete_fidelity"": true, ""fidelity"": 0.7483576077531813, ""fidelity_valid"": 3, ""idle_exposures"": 0.0, ""log_atom_transfer"": -0.07203602401801447, ""log_coherence_linear"": -0.11591079782957751, ""log_fidelity"": -0.2898743300224668, ""log_idle_excitation"": -0.0, ""move_batches"": 35.0, ""move_time_us"": 3853.9080872106674, ""seed_status"": [{""seed"": 0, ""status"": ""success""}, {""seed"": 1, ""status"": ""success""}, {""seed"": 2, ""status"": ""success""}], ""transfers"": 72.0, ""valid"": 3}",True
zac18,bv_n70_transpiled,b0b7114a0df2cf06b93931990669c2490dfc66245eaaed7ea956f3a4fb02967a,70,75,36,"{""N"": 1, ""complete"": true, ""complete_fidelity"": true, ""fidelity"": 0.38134576195499925, ""fidelity_valid"": 1, ""idle_exposures"": 0.0, ""log_atom_transfer"": -0.1600800533733655, ""log_coherence_linear"": -0.6010138690061858, ""log_fidelity"": -0.9640488037022951, ""log_idle_excitation"": -0.0, ""move_batches"": 73.0, ""move_time_us"": 9053.145654620213, ""seed_status"": [{""seed"": 0, ""status"": ""success""}], ""transfers"": 160.0, ""valid"": 1}","{""N"": 1, ""complete"": true, ""complete_fidelity"": true, ""fidelity"": 0.38822880670334686, ""fidelity_valid"": 1, ""idle_exposures"": 0.0, ""log_atom_transfer"": -0.16808405604203377, ""log_coherence_linear"": -0.5751214678052031, ""log_fidelity"": -0.9461604051699807, ""log_idle_excitation"": -0.0, ""move_batches"": 76.0, ""move_time_us"": 8452.663978587909, ""seed_status"": [{""seed"": 0, ""status"": ""success""}], ""transfers"": 168.0, ""valid"": 1}","{""N"": 3, ""complete"": true, ""complete_fidelity"": true, ""fidelity"": 0.3775367331081053, ""fidelity_valid"": 3, ""idle_exposures"": 6.0, ""log_atom_transfer"": -0.15407705137186428, ""log_coherence_linear"": -0.6020366947770479, ""log_fidelity"": -0.9740874087803668, ""log_idle_excitation"": -0.01501878130871086, ""move_batches"": 75.0, ""move_time_us"": 9333.590220801212, ""seed_status"": [{""seed"": 0, ""status"": ""success""}, {""seed"": 1, ""status"": ""success""}, {""seed"": 2, ""status"": ""success""}], ""transfers"": 154.0, ""valid"": 3}",True
zac18,cat_n22_transpiled,db18092cb4f75992883d38c951468535ffe87a4953127995ec4c404b63a4671a,22,43,21,"{""N"": 1, ""complete"": true, ""complete_fidelity"": true, ""fidelity"": 0.748958679252337, ""fidelity_valid"": 1, ""idle_exposures"": 0.0, ""log_atom_transfer"": -0.08804402935535102, ""log_coherence_linear"": -0.08286212183725532, ""log_fidelity"": -0.28907146487412205, ""log_idle_excitation"": -0.0, ""move_batches"": 43.0, ""move_time_us"": 4597.827401074167, ""seed_status"": [{""seed"": 0, ""status"": ""success""}], ""transfers"": 88.0, ""valid"": 1}","{""N"": 1, ""complete"": true, ""complete_fidelity"": true, ""fidelity"": 0.7387287737394874, ""fidelity_valid"": 1, ""idle_exposures"": 0.0, ""log_atom_transfer"": -0.08804402935535102, ""log_coherence_linear"": -0.09661510030849814, ""log_fidelity"": -0.30282444334536485, ""log_idle_excitation"": -0.0, ""move_batches"": 42.0, ""move_time_us"": 4491.71336731659, ""seed_status"": [{""seed"": 0, ""status"": ""success""}], ""transfers"": 88.0, ""valid"": 1}","{""N"": 3, ""complete"": true, ""complete_fidelity"": true, ""fidelity"": 0.754284567972137, ""fidelity_valid"": 3, ""idle_exposures"": 0.0, ""log_atom_transfer"": -0.08404202802101689, ""log_coherence_linear"": -0.07977822936967463, ""log_fidelity"": -0.28198557107220723, ""log_idle_excitation"": -0.0, ""move_batches"": 41.0, ""move_time_us"": 4385.610496188305, ""seed_status"": [{""seed"": 0, ""status"": ""success""}, {""seed"": 1, ""status"": ""success""}, {""seed"": 2, ""status"": ""success""}], ""transfers"": 84.0, ""valid"": 3}",True
zac18,cat_n35_transpiled,7a6c0868d5e5299bb9152d872b95e55e6b2103d870f99ac53dcbcd1ab6718f7b,35,69,34,"{""N"": 1, ""complete"": true, ""complete_fidelity"": true, ""fidelity"": 0.5695901026084134, ""fidelity_valid"": 1, ""idle_exposures"": 0.0, ""log_atom_transfer"": -0.14007004670169482, ""log_coherence_linear"": -0.23163872075059816, ""log_fidelity"": -0.5628382950739362, ""log_idle_excitation"": -0.0, ""move_batches"": 69.0, ""move_time_us"": 8173.5688708148555, ""seed_status"": [{""seed"": 0, ""status"": ""success""}], ""transfers"": 140.0, ""valid"": 1}","{""N"": 1, ""complete"": true, ""complete_fidelity"": true, ""fidelity"": 0.5536180242396278, ""fidelity_valid"": 1, ""idle_exposures"": 0.0, ""log_atom_transfer"": -0.14407204803602894, ""log_coherence_linear"": -0.256078741314691, ""log_fidelity"": -0.5912803169723632, ""log_idle_excitation"": -0.0, ""move_batches"": 69.0, ""move_time_us"": 7499.4401077433085, ""seed_status"": [{""seed"": 0, ""status"": ""success""}], ""transfers"": 144.0, ""valid"": 1}","{""N"": 3, ""complete"": true, ""complete_fidelity"": true, ""fidelity"": 0.5718173093308323, ""fidelity_valid"": 3, ""idle_exposures"": 0.0, ""log_atom_transfer"": -0.13606804536736067, ""log_coherence_linear"": -0.2317381549107165, ""log_fidelity"": -0.5589357278997203, ""log_idle_excitation"": -0.0, ""move_batches"": 67.0, ""move_time_us"": 8176.08791803975, ""seed_status"": [{""seed"": 0, ""status"": ""success""}, {""seed"": 1, ""status"": ""success""}, {""seed"": 2, ""status"": ""success""}], ""transfers"": 136.0, ""valid"": 3}",True
zac18,ghz_n23,0c57c9a79d2a187a90c2266ec22ad092f7f0ef573557f51b42f136c4db7f5afd,23,45,22,"{""N"": 1, ""complete"": true, ""complete_fidelity"": true, ""fidelity"": 0.7368331239440451, ""fidelity_valid"": 1, ""idle_exposures"": 0.0, ""log_atom_transfer"": -0.09204603068968516, ""log_coherence_linear"": -0.08956986234580003, ""log_fidelity"": -0.3053938385585491, ""log_idle_excitation"": -0.0, ""move_batches"": 44.0, ""move_time_us"": 4736.660876789556, ""seed_status"": [{""seed"": 0, ""status"": ""success""}], ""transfers"": 92.0, ""valid"": 1}","{""N"": 1, ""complete"": true, ""complete_fidelity"": true, ""fidelity"": 0.7245465138151905, ""fidelity_valid"": 1, ""idle_exposures"": 0.0, ""log_atom_transfer"": -0.09204603068968516, ""log_coherence_linear"": -0.10638534180626084, ""log_fidelity"": -0.32220931801901, ""log_idle_excitation"": -0.0, ""move_batches"": 44.0, ""move_time_us"": 4736.660876789558, ""seed_status"": [{""seed"": 0, ""status"": ""success""}], ""transfers"": 92.0, ""valid"": 1}","{""N"": 3, ""complete"": true, ""complete_fidelity"": true, ""fidelity"": 0.7408906851696411, ""fidelity_valid"": 3, ""idle_exposures"": 0.0, ""log_atom_transfer"": -0.08804402935535102, ""log_coherence_linear"": -0.08808021307807924, ""log_fidelity"": -0.2999021879564942, ""log_idle_excitation"": -0.0, ""move_batches"": 43.0, ""move_time_us"": 4637.275591391364, ""seed_status"": [{""seed"": 0, ""status"": ""success""}, {""seed"": 1, ""status"": ""success""}, {""seed"": 2, ""status"": ""success""}], ""transfers"": 88.0, ""valid"": 3}",True
zac18,ghz_n40_transpiled,1cded85e597f91b012b3e0ba0ccaf6041a86ed2304877b02eb30beef19006f8d,40,79,39,"{""N"": 1, ""complete"": true, ""complete_fidelity"": true, ""fidelity"": 0.501681585741194, ""fidelity_valid"": 1, ""idle_exposures"": 0.0, ""log_atom_transfer"": -0.1600800533733655, ""log_coherence_linear"": -0.310516911687725, ""log_fidelity"": -0.689789651890475, ""log_idle_excitation"": -0.0, ""move_batches"": 78.0, ""move_time_us"": 9616.665665710747, ""seed_status"": [{""seed"": 0, ""status"": ""success""}], ""transfers"": 160.0, ""valid"": 1}","{""N"": 1, ""complete"": true, ""complete_fidelity"": true, ""fidelity"": 0.48425416335648536, ""fidelity_valid"": 1, ""idle_exposures"": 0.0, ""log_atom_transfer"": -0.16808405604203377, ""log_coherence_linear"": -0.3378686363252383, ""log_fidelity"": -0.7251453791966567, ""log_idle_excitation"": -0.0, ""move_batches"": 79.0, ""move_time_us"": 8661.075866740908, ""seed_status"": [{""seed"": 0, ""status"": ""success""}], ""transfers"": 168.0, ""valid"": 1}","{""N"": 3, ""complete"": true, ""complete_fidelity"": true, ""fidelity"": 0.4979103284087543, ""fidelity_valid"": 3, ""idle_exposures"": 1.0, ""log_atom_transfer"": -0.15607805203903136, ""log_coherence_linear"": -0.3195614125205528, ""log_fidelity"": -0.6973352816070872, ""log_idle_excitation"": -0.002503130218118477, ""move_batches"": 77.0, ""move_time_us"": 9951.673640154344, ""seed_status"": [{""seed"": 0, ""status"": ""success""}, {""seed"": 1, ""status"": ""success""}, {""seed"": 2, ""status"": ""success""}], ""transfers"": 156.0, ""valid"": 3}",True
zac18,ghz_n78_transpiled,173203497ff0bf9e285e83d9eaba591c4bedfc0b78370ddde335d2dfe90c4943,78,155,77,"{""N"": 1, ""complete"": true, ""complete_fidelity"": true, ""fidelity"": 0.1459971492441792, ""fidelity_valid"": 1, ""idle_exposures"": 0.0, ""log_atom_transfer"": -0.3321661107497334, ""log_coherence_linear"": -1.159529375631278, ""log_fidelity"": -1.92416818318923, ""log_idle_excitation"": -0.0, ""move_batches"": 154.0, ""move_time_us"": 17905.88712235583, ""seed_status"": [{""seed"": 0, ""status"": ""success""}], ""transfers"": 332.0, ""valid"": 1}","{""N"": 1, ""complete"": true, ""complete_fidelity"": true, ""fidelity"": 0.1232831997275635, ""fidelity_valid"": 1, ""idle_exposures"": 0.0, ""log_atom_transfer"": -0.3321661107497334, ""log_coherence_linear"": -1.3286323257883803, ""log_fidelity"": -2.0932711333463327, ""log_idle_excitation"": -0.0, ""move_batches"": 157.0, ""move_time_us"": 17414.410732800065, ""seed_status"": [{""seed"": 0, ""status"": ""success""}], ""transfers"": 332.0, ""valid"": 1}","{""N"": 3, ""complete"": true, ""complete_fidelity"": true, ""fidelity"": 0.14584129698424558, ""fidelity_valid"": 3, ""idle_exposures"": 0.0, ""log_atom_transfer"": -0.31615810541239686, ""log_coherence_linear"": -1.1766054532309487, ""log_fidelity"": -1.9252362554515645, ""log_idle_excitation"": -0.0, ""move_batches"": 153.0, ""move_time_us"": 18382.315326242075, ""seed_status"": [{""seed"": 0, ""status"": ""success""}, {""seed"": 1, ""status"": ""success""}, {""seed"": 2, ""status"": ""success""}], ""transfers"": 316.0, ""valid"": 3}",True
zac18,ising_n42,24ea0070b6bfe3a37d44ff0cff0d0f5527dd49518a58af57b394bd775bcaab65,42,144,82,"{""N"": 1, ""complete"": true, ""complete_fidelity"": true, ""fidelity"": 0.37227377657870325, ""fidelity_valid"": 1, ""idle_exposures"": 0.0, ""log_atom_transfer"": -0.24812408272871653, ""log_coherence_linear"": -0.28576674329314394, ""log_fidelity"": -0.9881257368487788, ""log_idle_excitation"": -0.0, ""move_batches"": 22.0, ""move_time_us"": 3115.630741536924, ""seed_status"": [{""seed"": 0, ""status"": ""success""}], ""transfers"": 248.0, ""valid"": 1}","{""N"": 1, ""complete"": true, ""complete_fidelity"": true, ""fidelity"": 0.38530720829738546, ""fidelity_valid"": 1, ""idle_exposures"": 0.0, ""log_atom_transfer"": -0.25212608406305065, ""log_coherence_linear"": -0.2473533243625765, ""log_fidelity"": -0.9537143192525456, ""log_idle_excitation"": -0.0, ""move_batches"": 9.0, ""move_time_us"": 1588.335052109081, ""seed_status"": [{""seed"": 0, ""status"": ""success""}], ""transfers"": 252.0, ""valid"": 1}","{""N"": 3, ""complete"": false, ""complete_fidelity"": false, ""fidelity"": 0.4123057691641012, ""fidelity_valid"": 2, ""idle_exposures"": 1.0, ""log_atom_transfer"": -0.14007004670169482, ""log_coherence_linear"": -0.28918195898377186, ""log_fidelity"": -0.8859900467305035, ""log_idle_excitation"": -0.002503130218118477, ""move_batches"": 27.0, ""move_time_us"": 3391.7921372055757, ""seed_status"": [{""seed"": 0, ""status"": ""success""}, {""seed"": 1, ""status"": ""timeout""}, {""seed"": 2, ""status"": ""success""}], ""transfers"": 140.0, ""valid"": 2}",False
zac18,ising_n98_transpiled,69c9ca8c5d772ffa553ccdd9fa59e2f844a8149741d3dc4180a51f3970bffc6c,98,340,194,"{""N"": 1, ""complete"": true, ""complete_fidelity"": true, ""fidelity"": 0.049496194479219977, ""fidelity_valid"": 1, ""idle_exposures"": 0.0, ""log_atom_transfer"": -0.584292194812784, ""log_coherence_linear"": -1.3471188799294744, ""log_fidelity"": -3.0058594915705275, ""log_idle_excitation"": -0.0, ""move_batches"": 23.0, ""move_time_us"": 3233.372953759612, ""seed_status"": [{""seed"": 0, ""status"": ""success""}], ""transfers"": 584.0, ""valid"": 1}","{""N"": 1, ""complete"": true, ""complete_fidelity"": true, ""fidelity"": 0.05363457365495845, ""fidelity_valid"": 1, ""idle_exposures"": 0.0, ""log_atom_transfer"": -0.584292194812784, ""log_coherence_linear"": -1.2668207763312378, ""log_fidelity"": -2.925561387972291, ""log_idle_excitation"": -0.0, ""move_batches"": 12.0, ""move_time_us"": 1855.1067823772555, ""seed_status"": [{""seed"": 0, ""status"": ""success""}], ""transfers"": 584.0, ""valid"": 1}","{""N"": 3, ""complete"": false, ""complete_fidelity"": false, ""fidelity"": null, ""fidelity_valid"": 0, ""idle_exposures"": null, ""log_atom_transfer"": null, ""log_coherence_linear"": null, ""log_fidelity"": null, ""log_idle_excitation"": null, ""move_batches"": null, ""move_time_us"": null, ""seed_status"": [{""seed"": 0, ""status"": ""timeout""}, {""seed"": 1, ""status"": ""timeout""}, {""seed"": 2, ""status"": ""timeout""}], ""transfers"": null, ""valid"": 0}",False
zac18,knn_n31_transpiled,3f76b58905dfef056646e279e9cb9d21db7c5fa9d04170dcbecd457f91d19faa,31,152,105,"{""N"": 1, ""complete"": true, ""complete_fidelity"": true, ""fidelity"": 0.2162922576669984, ""fidelity_valid"": 1, ""idle_exposures"": 0.0, ""log_atom_transfer"": -0.47623815878576237, ""log_coherence_linear"": -0.48296284945733886, ""log_fidelity"": -1.5311247410835542, ""log_idle_excitation"": -0.0, ""move_batches"": 157.0, ""move_time_us"": 16400.736721031986, ""seed_status"": [{""seed"": 0, ""status"": ""success""}], ""transfers"": 476.0, ""valid"": 1}","{""N"": 1, ""complete"": true, ""complete_fidelity"": true, ""fidelity"": 0.21664450482767328, ""fidelity_valid"": 1, ""idle_exposures"": 0.0, ""log_atom_transfer"": -0.4802401601200965, ""log_coherence_linear"": -0.4773336024422624, ""log_fidelity"": -1.529497495402812, ""log_idle_excitation"": -0.0, ""move_batches"": 149.0, ""move_time_us"": 15477.797136000247, ""seed_status"": [{""seed"": 0, ""status"": ""success""}], ""transfers"": 480.0, ""valid"": 1}","{""N"": 3, ""complete"": true, ""complete_fidelity"": true, ""fidelity"": 0.21135192979286677, ""fidelity_valid"": 3, ""idle_exposures"": 76.0, ""log_atom_transfer"": -0.36618312209157355, ""log_coherence_linear"": -0.4287074097474968, ""log_fidelity"": -1.5542306212191297, ""log_idle_excitation"": -0.19023789657700424, ""move_batches"": 131.0, ""move_time_us"": 15093.615628123564, ""seed_status"": [{""seed"": 0, ""status"": ""success""}, {""seed"": 1, ""status"": ""success""}, {""seed"": 2, ""status"": ""success""}], ""transfers"": 366.0, ""valid"": 3}",True
zac18,multiply_n13_transpiled,8a6d2f76bca6bb915cf3ac1f9aac19a83963cb57ca850c44065a081f61c03370,13,53,40,"{""N"": 1, ""complete"": true, ""complete_fidelity"": true, ""fidelity"": 0.6368179773441586, ""fidelity_valid"": 1, ""idle_exposures"": 0.0, ""log_atom_transfer"": -0.15607805203903136, ""log_coherence_linear"": -0.07878930363851769, ""log_fidelity"": -0.4512714140964261, ""log_idle_excitation"": -0.0, ""move_batches"": 67.0, ""move_time_us"": 7328.826981694516, ""seed_status"": [{""seed"": 0, ""status"": ""success""}], ""transfers"": 156.0, ""valid"": 1}","{""N"": 1, ""complete"": true, ""complete_fidelity"": true, ""fidelity"": 0.6303930207395078, ""fidelity_valid"": 1, ""idle_exposures"": 0.0, ""log_atom_transfer"": -0.16808405604203377, ""log_coherence_linear"": -0.0769236972007909, ""log_fidelity"": -0.46141181166170175, ""log_idle_excitation"": -0.0, ""move_batches"": 54.0, ""move_time_us"": 6493.361689891683, ""seed_status"": [{""seed"": 0, ""status"": ""success""}], ""transfers"": 168.0, ""valid"": 1}","{""N"": 3, ""complete"": true, ""complete_fidelity"": true, ""fidelity"": 0.6495537835205756, ""fidelity_valid"": 3, ""idle_exposures"": 19.0, ""log_atom_transfer"": -0.11005503669418878, ""log_coherence_linear"": -0.058229069746620524, ""log_fidelity"": -0.4314696387238969, ""log_idle_excitation"": -0.04755947414425106, ""move_batches"": 45.0, ""move_time_us"": 5144.6560064215555, ""seed_status"": [{""seed"": 0, ""status"": ""success""}, {""seed"": 1, ""status"": ""success""}, {""seed"": 2, ""status"": ""success""}], ""transfers"": 110.0, ""valid"": 3}",True
zac18,qft_n18_transpiled,2e218cbc6320c2d4600d37ddf2c65f8befcb1d6f62550cd0367b82b62e99979d,18,324,306,"{""N"": 1, ""complete"": true, ""complete_fidelity"": true, ""fidelity"": 0.06832578106574735, ""fidelity_valid"": 1, ""idle_exposures"": 0.0, ""log_atom_transfer"": -0.6483242161621303, ""log_coherence_linear"": -0.4040915185254687, ""log_fidelity"": -2.6834681156087963, ""log_idle_excitation"": -0.0, ""move_batches"": 177.0, ""move_time_us"": 20318.17476446989, ""seed_status"": [{""seed"": 0, ""status"": ""success""}], ""transfers"": 648.0, ""valid"": 1}","{""N"": 1, ""complete"": true, ""complete_fidelity"": true, ""fidelity"": 0.06403900461197844, ""fidelity_valid"": 1, ""idle_exposures"": 0.0, ""log_atom_transfer"": -0.6843422281711375, ""log_coherence_linear"": -0.43286832510540785, ""log_fidelity"": -2.7482629341977427, ""log_idle_excitation"": -0.0, ""move_batches"": 148.0, ""move_time_us"": 20288.537609290932, ""seed_status"": [{""seed"": 0, ""status"": ""success""}], ""transfers"": 684.0, ""valid"": 1}","{""N"": 3, ""complete"": true, ""complete_fidelity"": true, ""fidelity"": 0.08938694922566473, ""fidelity_valid"": 3, ""idle_exposures"": 7.0, ""log_atom_transfer"": -0.40220113410058084, ""log_coherence_linear"": -0.3630009036243715, ""log_fidelity"": -2.4147805892748817, ""log_idle_excitation"": -0.017521911526829338, ""move_batches"": 143.0, ""move_time_us"": 20623.61469965825, ""seed_status"": [{""seed"": 0, ""status"": ""success""}, {""seed"": 1, ""status"": ""success""}, {""seed"": 2, ""status"": ""success""}], ""transfers"": 402.0, ""valid"": 3}",True
zac18,qft_n29_transpiled,48d487f623d47c5260515f2e6365544ad923bb136bcca45db7434ff32b49c46e,29,709,680,"{""N"": 1, ""complete"": true, ""complete_fidelity"": true, ""fidelity"": 0.00129813657994704, ""fidelity_valid"": 1, ""idle_exposures"": 0.0, ""log_atom_transfer"": -1.4727364910349625, ""log_coherence_linear"": -1.5528286004284946, ""log_fidelity"": -6.6468254428559845, ""log_idle_excitation"": -0.0, ""move_batches"": 381.0, ""move_time_us"": 46359.83813261894, ""seed_status"": [{""seed"": 0, ""status"": ""success""}], ""transfers"": 1472.0, ""valid"": 1}","{""N"": 1, ""complete"": true, ""complete_fidelity"": true, ""fidelity"": 0.0013590169790240652, ""fidelity_valid"": 1, ""idle_exposures"": 0.0, ""log_atom_transfer"": -1.484742495037965, ""log_coherence_linear"": -1.4949908036975759, ""log_fidelity"": -6.600993650128068, ""log_idle_excitation"": -0.0, ""move_batches"": 284.0, ""move_time_us"": 40515.88185677209, ""seed_status"": [{""seed"": 0, ""status"": ""success""}], ""transfers"": 1484.0, ""valid"": 1}","{""N"": 3, ""complete"": true, ""complete_fidelity"": true, ""fidelity"": 0.0036573958268649965, ""fidelity_valid"": 3, ""idle_exposures"": 17.0, ""log_atom_transfer"": -0.8484242828788371, ""log_coherence_linear"": -1.096262929338271, ""log_fidelity"": -5.611003907535768, ""log_idle_excitation"": -0.042553213708014105, ""move_batches"": 219.0, ""move_time_us"": 35607.41179912787, ""seed_status"": [{""seed"": 0, ""status"": ""success""}, {""seed"": 1, ""status"": ""success""}, {""seed"": 2, ""status"": ""success""}], ""transfers"": 848.0, ""valid"": 3}",True
zac18,seca_n11_transpiled,1c0c891f63a8f0f185b77b9ef66ee242bf6387b1e252edb4f19a63461206d9d3,11,105,80,"{""N"": 1, ""complete"": true, ""complete_fidelity"": true, ""fidelity"": 0.43057704813787323, ""fidelity_valid"": 1, ""idle_exposures"": 0.0, ""log_atom_transfer"": -0.3001501000750603, ""log_coherence_linear"": -0.10997082561726582, ""log_fidelity"": -0.8426289975210782, ""log_idle_excitation"": -0.0, ""move_batches"": 109.0, ""move_time_us"": 11279.92184091798, ""seed_status"": [{""seed"": 0, ""status"": ""success""}], ""transfers"": 300.0, ""valid"": 1}","{""N"": 1, ""complete"": true, ""complete_fidelity"": true, ""fidelity"": 0.429551707583817, ""fidelity_valid"": 1, ""idle_exposures"": 0.0, ""log_atom_transfer"": -0.30415210140939447, ""log_coherence_linear"": -0.10835298138248813, ""log_fidelity"": -0.8450131546206348, ""log_idle_excitation"": -0.0, ""move_batches"": 80.0, ""move_time_us"": 10145.655889909369, ""seed_status"": [{""seed"": 0, ""status"": ""success""}], ""transfers"": 304.0, ""valid"": 1}","{""N"": 3, ""complete"": true, ""complete_fidelity"": true, ""fidelity"": 0.425037487389489, ""fidelity_valid"": 3, ""idle_exposures"": 51.0, ""log_atom_transfer"": -0.21410707138687635, ""log_coherence_linear"": -0.0813031239856096, ""log_fidelity"": -0.8555779083252804, ""log_idle_excitation"": -0.12765964112404232, ""move_batches"": 77.0, ""move_time_us"": 8099.347267254151, ""seed_status"": [{""seed"": 0, ""status"": ""success""}, {""seed"": 1, ""status"": ""success""}, {""seed"": 2, ""status"": ""success""}], ""transfers"": 214.0, ""valid"": 3}",True
zac18,swap_test_n25_transpiled,b1c5bd70a94288185fa82fe0b7255b6824cc2bbcf26a896a1d770cd7041d56c3,25,122,84,"{""N"": 1, ""complete"": true, ""complete_fidelity"": true, ""fidelity"": 0.3109694926742771, ""fidelity_valid"": 1, ""idle_exposures"": 0.0, ""log_atom_transfer"": -0.38419212809607717, ""log_coherence_linear"": -0.3262093335373515, ""log_fidelity"": -1.1680604659093918, ""log_idle_excitation"": -0.0, ""move_batches"": 133.0, ""move_time_us"": 14114.859496635707, ""seed_status"": [{""seed"": 0, ""status"": ""success""}], ""transfers"": 384.0, ""valid"": 1}","{""N"": 1, ""complete"": true, ""complete_fidelity"": true, ""fidelity"": 0.31916434193060306, ""fidelity_valid"": 1, ""idle_exposures"": 0.0, ""log_atom_transfer"": -0.3801901267617431, ""log_coherence_linear"": -0.30419999935261177, ""log_fidelity"": -1.142049130390318, ""log_idle_excitation"": -0.0, ""move_batches"": 121.0, ""move_time_us"": 12259.246676641184, ""seed_status"": [{""seed"": 0, ""status"": ""success""}], ""transfers"": 380.0, ""valid"": 1}","{""N"": 3, ""complete"": true, ""complete_fidelity"": true, ""fidelity"": 0.31509021375457047, ""fidelity_valid"": 3, ""idle_exposures"": 58.0, ""log_atom_transfer"": -0.2821410940705567, ""log_coherence_linear"": -0.26991463729007037, ""log_fidelity"": -1.1548962882874618, ""log_idle_excitation"": -0.14518155265087165, ""move_batches"": 107.0, ""move_time_us"": 11727.545413869935, ""seed_status"": [{""seed"": 0, ""status"": ""success""}, {""seed"": 1, ""status"": ""success""}, {""seed"": 2, ""status"": ""success""}], ""transfers"": 282.0, ""valid"": 3}",True
zac18,wstate_n27_transpiled,d2cb39ae9b321e8f9cffdc461f673280c0304eb8cfe4803fa00b765f7c2e324d,27,105,52,"{""N"": 1, ""complete"": true, ""complete_fidelity"": true, ""fidelity"": 0.475441363307556, ""fidelity_valid"": 1, ""idle_exposures"": 0.0, ""log_atom_transfer"": -0.21610807205404342, ""log_coherence_linear"": -0.23524674763929512, ""log_fidelity"": -0.7435117204628506, ""log_idle_excitation"": -0.0, ""move_batches"": 72.0, ""move_time_us"": 7918.0221751245645, ""seed_status"": [{""seed"": 0, ""status"": ""success""}], ""transfers"": 216.0, ""valid"": 1}","{""N"": 1, ""complete"": true, ""complete_fidelity"": true, ""fidelity"": 0.42156847197278763, ""fidelity_valid"": 1, ""idle_exposures"": 0.0, ""log_atom_transfer"": -0.30815410274372856, ""log_coherence_linear"": -0.26346206288627233, ""log_fidelity"": -0.863773066399513, ""log_idle_excitation"": -0.0, ""move_batches"": 85.0, ""move_time_us"": 9470.240679040502, ""seed_status"": [{""seed"": 0, ""status"": ""success""}], ""transfers"": 308.0, ""valid"": 1}","{""N"": 3, ""complete"": true, ""complete_fidelity"": true, ""fidelity"": 0.4976139580186141, ""fidelity_valid"": 3, ""idle_exposures"": 3.0, ""log_atom_transfer"": -0.15807905270619843, ""log_coherence_linear"": -0.2401853431400198, ""log_fidelity"": -0.6979306872700858, ""log_idle_excitation"": -0.00750939065435543, ""move_batches"": 66.0, ""move_time_us"": 8262.121160973533, ""seed_status"": [{""seed"": 0, ""status"": ""success""}, {""seed"": 1, ""status"": ""success""}, {""seed"": 2, ""status"": ""success""}], ""transfers"": 158.0, ""valid"": 3}",True
qmap154,0410184_169,be58b162bd8a9700b69db3a25381397ae6cdfc255448c9843b1455ef0304c168,14,182,102,"{""N"": 1, ""complete"": true, ""complete_fidelity"": true, ""fidelity"": 0.2927648793259374, ""fidelity_valid"": 1, ""idle_exposures"": 0.0, ""log_atom_transfer"": -0.43221614410808684, ""log_coherence_linear"": -0.23028184999862716, ""log_fidelity"": -1.2283854517465937, ""log_idle_excitation"": -0.0, ""move_batches"": 163.0, ""move_time_us"": 16381.224431274426, ""seed_status"": [{""seed"": 0, ""status"": ""success""}], ""transfers"": 432.0, ""valid"": 1}","{""N"": 1, ""complete"": true, ""complete_fidelity"": true, ""fidelity"": 0.29442010782334455, ""fidelity_valid"": 1, ""idle_exposures"": 0.0, ""log_atom_transfer"": -0.436218145442421, ""log_coherence_linear"": -0.22064199034714202, ""log_fidelity"": -1.2227475934294427, ""log_idle_excitation"": -0.0, ""move_batches"": 153.0, ""move_time_us"": 15114.007849593469, ""seed_status"": [{""seed"": 0, ""status"": ""success""}], ""transfers"": 436.0, ""valid"": 1}","{""N"": 3, ""complete"": true, ""complete_fidelity"": true, ""fidelity"": 0.30020070766507884, ""fidelity_valid"": 3, ""idle_exposures"": 50.0, ""log_atom_transfer"": -0.320160106746731, ""log_coherence_linear"": -0.19609555314706822, ""log_fidelity"": -1.2033040024734991, ""log_idle_excitation"": -0.12515651090592383, ""move_batches"": 130.0, ""move_time_us"": 14008.317013967726, ""seed_status"": [{""seed"": 0, ""status"": ""success""}, {""seed"": 1, ""status"": ""success""}, {""seed"": 2, ""status"": ""success""}], ""transfers"": 320.0, ""valid"": 3}",True
qmap154,3_17_13,5c1c11e8fdb3c2c2275eee5df9f9f6294b3040059e1f7361e9a7e1e855ff38cc,3,32,17,"{""N"": 1, ""complete"": true, ""complete_fidelity"": true, ""fidelity"": 0.8433764659529815, ""fidelity_valid"": 1, ""idle_exposures"": 0.0, ""log_atom_transfer"": -0.06803402268368033, ""log_coherence_linear"": -0.007493167865772778, ""log_fidelity"": -0.17034184183776974, ""log_idle_excitation"": -0.0, ""move_batches"": 32.0, ""move_time_us"": 2970.5321772823017, ""seed_status"": [{""seed"": 0, ""status"": ""success""}], ""transfers"": 68.0, ""valid"": 1}","{""N"": 1, ""complete"": true, ""complete_fidelity"": true, ""fidelity"": 0.8432999040450452, ""fidelity_valid"": 1, ""idle_exposures"": 0.0, ""log_atom_transfer"": -0.06803402268368033, ""log_coherence_linear"": -0.007583952214626889, ""log_fidelity"": -0.17043262618662386, ""log_idle_excitation"": -0.0, ""move_batches"": 32.0, ""move_time_us"": 3015.810430925166, ""seed_status"": [{""seed"": 0, ""status"": ""success""}], ""transfers"": 68.0, ""valid"": 1}","{""N"": 3, ""complete"": true, ""complete_fidelity"": true, ""fidelity"": 0.8416220248507202, ""fidelity_valid"": 3, ""idle_exposures"": 13.0, ""log_atom_transfer"": -0.040020013343341376, ""log_coherence_linear"": -0.005048909661569721, ""log_fidelity"": -0.17242426712876793, ""log_idle_excitation"": -0.0325406928355402, ""move_batches"": 19.0, ""move_time_us"": 1830.2910508081472, ""seed_status"": [{""seed"": 0, ""status"": ""success""}, {""seed"": 1, ""status"": ""success""}, {""seed"": 2, ""status"": ""success""}], ""transfers"": 40.0, ""valid"": 3}",True
qmap154,4_49_16,f84dd3828bcf2684305f19cf03ec4cb40c22d74e2b41f5714593f6bd3f483ae9,5,175,97,"{""N"": 1, ""complete"": true, ""complete_fidelity"": true, ""fidelity"": 0.3607040729572892, ""fidelity_valid"": 1, ""idle_exposures"": 0.0, ""log_atom_transfer"": -0.40420213476774786, ""log_coherence_linear"": -0.07677083109556071, ""log_fidelity"": -1.019697399322453, ""log_idle_excitation"": -0.0, ""move_batches"": 181.0, ""move_time_us"": 17029.227268008213, ""seed_status"": [{""seed"": 0, ""status"": ""success""}], ""transfers"": 404.0, ""valid"": 1}","{""N"": 1, ""complete"": true, ""complete_fidelity"": true, ""fidelity"": 0.35922801207528, ""fidelity_valid"": 1, ""idle_exposures"": 0.0, ""log_atom_transfer"": -0.408204136102082, ""log_coherence_linear"": -0.07686939141413202, ""log_fidelity"": -1.0237979609753585, ""log_idle_excitation"": -0.0, ""move_batches"": 179.0, ""move_time_us"": 16810.345987514997, ""seed_status"": [{""seed"": 0, ""status"": ""success""}], ""transfers"": 408.0, ""valid"": 1}","{""N"": 3, ""complete"": true, ""complete_fidelity"": true, ""fidelity"": 0.3558298231236555, ""fidelity_valid"": 3, ""idle_exposures"": 66.0, ""log_atom_transfer"": -0.27013509006755426, ""log_coherence_linear"": -0.05923656943148272, ""log_fidelity"": -1.033302687354001, ""log_idle_excitation"": -0.16520659439581947, ""move_batches"": 127.0, ""move_time_us"": 13314.483486765539, ""seed_status"": [{""seed"": 0, ""status"": ""success""}, {""seed"": 1, ""status"": ""success""}, {""seed"": 2, ""status"": ""success""}], ""transfers"": 270.0, ""valid"": 3}",True
qmap154,4gt10-v1_81,157102116dddf0ba09f368852ccbf37928a0e99f99e9d7d4859f84655c619419,5,124,66,"{""N"": 1, ""complete"": true, ""complete_fidelity"": true, ""fidelity"": 0.5001153174664597, ""fidelity_valid"": 1, ""idle_exposures"": 0.0, ""log_atom_transfer"": -0.27213609073472134, ""log_coherence_linear"": -0.05274714001428218, ""log_fidelity"": -0.6929165722191735, ""log_idle_excitation"": -0.0, ""move_batches"": 122.0, ""move_time_us"": 11490.431948238245, ""seed_status"": [{""seed"": 0, ""status"": ""success""}], ""transfers"": 272.0, ""valid"": 1}","{""N"": 1, ""complete"": true, ""complete_fidelity"": true, ""fidelity"": 0.5001419293993478, ""fidelity_valid"": 1, ""idle_exposures"": 0.0, ""log_atom_transfer"": -0.27213609073472134, ""log_coherence_linear"": -0.052693929836644754, ""log_fidelity"": -0.6928633620415361, ""log_idle_excitation"": -0.0, ""move_batches"": 120.0, ""move_time_us"": 11370.636327242406, ""seed_status"": [{""seed"": 0, ""status"": ""success""}], ""transfers"": 272.0, ""valid"": 1}","{""N"": 3, ""complete"": true, ""complete_fidelity"": true, ""fidelity"": 0.49185433145940083, ""fidelity_valid"": 3, ""idle_exposures"": 43.0, ""log_atom_transfer"": -0.19209606404803858, ""log_coherence_linear"": -0.04180867570067607, ""log_fidelity"": -0.7095726805979792, ""log_idle_excitation"": -0.1076345993790945, ""move_batches"": 88.0, ""move_time_us"": 9300.500644201371, ""seed_status"": [{""seed"": 0, ""status"": ""success""}, {""seed"": 1, ""status"": ""success""}, {""seed"": 2, ""status"": ""success""}], ""transfers"": 192.0, ""valid"": 3}",True
qmap154,4gt11_82,aacab69f698e7b9ecb3ad3698004174062167964aebd93c4efcbe624131bff1d,5,27,16,"{""N"": 1, ""complete"": true, ""complete_fidelity"": true, ""fidelity"": 0.8561290257016672, ""fidelity_valid"": 1, ""idle_exposures"": 0.0, ""log_atom_transfer"": -0.05602801868067792, ""log_coherence_linear"": -0.011004280138832808, ""log_fidelity"": -0.15533418323927312, ""log_idle_excitation"": -0.0, ""move_batches"": 24.0, ""move_time_us"": 2391.354506511963, ""seed_status"": [{""seed"": 0, ""status"": ""success""}], ""transfers"": 56.0, ""valid"": 1}","{""N"": 1, ""complete"": true, ""complete_fidelity"": true, ""fidelity"": 0.8564968399606243, ""fidelity_valid"": 1, ""idle_exposures"": 0.0, ""log_atom_transfer"": -0.05602801868067792, ""log_coherence_linear"": -0.010574747604043038, ""log_fidelity"": -0.15490465070448334, ""log_idle_excitation"": -0.0, ""move_batches"": 22.0, ""move_time_us"": 2210.77251335491, ""seed_status"": [{""seed"": 0, ""status"": ""success""}], ""transfers"": 56.0, ""valid"": 1}","{""N"": 3, ""complete"": true, ""complete_fidelity"": true, ""fidelity"": 0.8589571506779314, ""fidelity_valid"": 3, ""idle_exposures"": 5.0, ""log_atom_transfer"": -0.042021014010508444, ""log_coherence_linear"": -0.009197691517561122, ""log_fidelity"": -0.15203624103842434, ""log_idle_excitation"": -0.012515651090592385, ""move_batches"": 19.0, ""move_time_us"": 1912.8330328389245, ""seed_status"": [{""seed"": 0, ""status"": ""success""}, {""seed"": 1, ""status"": ""success""}, {""seed"": 2, ""status"": ""success""}], ""transfers"": 42.0, ""valid"": 3}",True
qmap154,4gt11_83,8e33e885ddd96f3b57ede11f90be05bae3c461df4b9fb1670d222413068d2d44,5,23,14,"{""N"": 1, ""complete"": true, ""complete_fidelity"": true, ""fidelity"": 0.8739675915268008, ""fidelity_valid"": 1, ""idle_exposures"": 0.0, ""log_atom_transfer"": -0.048024016012009646, ""log_coherence_linear"": -0.009611347898380794, ""log_fidelity"": -0.13471198464705628, ""log_idle_excitation"": -0.0, ""move_batches"": 22.0, ""move_time_us"": 2168.7980294939016, ""seed_status"": [{""seed"": 0, ""status"": ""success""}], ""transfers"": 48.0, ""valid"": 1}","{""N"": 1, ""complete"": true, ""complete_fidelity"": true, ""fidelity"": 0.8735559737657692, ""fidelity_valid"": 1, ""idle_exposures"": 0.0, ""log_atom_transfer"": -0.048024016012009646, ""log_coherence_linear"": -0.010082434843151127, ""log_fidelity"": -0.1351830715918266, ""log_idle_excitation"": -0.0, ""move_batches"": 22.0, ""move_time_us"": 2205.8460611385435, ""seed_status"": [{""seed"": 0, ""status"": ""success""}], ""transfers"": 48.0, ""valid"": 1}","{""N"": 3, ""complete"": true, ""complete_fidelity"": true, ""fidelity"": 0.8749101056164484, ""fidelity_valid"": 3, ""idle_exposures"": 6.0, ""log_atom_transfer"": -0.03401701134184017, ""log_coherence_linear"": -0.007521720953399738, ""log_fidelity"": -0.1336341343406166, ""log_idle_excitation"": -0.01501878130871086, ""move_batches"": 16.0, ""move_time_us"": 1605.3470239597495, ""seed_status"": [{""seed"": 0, ""status"": ""success""}, {""seed"": 1, ""status"": ""success""}, {""seed"": 2, ""status"": ""success""}], ""transfers"": 34.0, ""valid"": 3}",True
qmap154,4gt11_84,012b9e9f7ae5656aefa02b50a70cdc55461c1dc41c9fed19de9b1e8eb288a0ae,5,18,9,"{""N"": 1, ""complete"": true, ""complete_fidelity"": true, ""fidelity"": 0.9068524593392224, ""fidelity_valid"": 1, ""idle_exposures"": 0.0, ""log_atom_transfer"": -0.040020013343341376, ""log_coherence_linear"": -0.007241811046984918, ""log_fidelity"": -0.09777551096426074, ""log_idle_excitation"": -0.0, ""move_batches"": 16.0, ""move_time_us"": 1592.9343498347191, ""seed_status"": [{""seed"": 0, ""status"": ""success""}], ""transfers"": 40.0, ""valid"": 1}","{""N"": 1, ""complete"": true, ""complete_fidelity"": true, ""fidelity"": 0.9065763464882078, ""fidelity_valid"": 1, ""idle_exposures"": 0.0, ""log_atom_transfer"": -0.040020013343341376, ""log_coherence_linear"": -0.007546331249003319, ""log_fidelity"": -0.09808003116627913, ""log_idle_excitation"": -0.0, ""move_batches"": 16.0, ""move_time_us"": 1631.7954108998247, ""seed_status"": [{""seed"": 0, ""status"": ""success""}], ""transfers"": 40.0, ""valid"": 1}","{""N"": 3, ""complete"": true, ""complete_fidelity"": true, ""fidelity"": 0.9105067545721256, ""fidelity_valid"": 3, ""idle_exposures"": 5.0, ""log_atom_transfer"": -0.026013008673171894, ""log_coherence_linear"": -0.004711614973677119, ""log_fidelity"": -0.09375396131137584, ""log_idle_excitation"": -0.012515651090592385, ""move_batches"": 11.0, ""move_time_us"": 1146.0869877163889, ""seed_status"": [{""seed"": 0, ""status"": ""success""}, {""seed"": 1, ""status"": ""success""}, {""seed"": 2, ""status"": ""success""}], ""transfers"": 26.0, ""valid"": 3}",True
qmap154,4gt12-v0_86,4ce6bfb1bf9aca450b753d6849ee005106931698bb33d26016c766f8a3c6cd05,6,208,114,"{""N"": 1, ""complete"": true, ""complete_fidelity"": true, ""fidelity"": 0.30387720135344487, ""fidelity_valid"": 1, ""idle_exposures"": 0.0, ""log_atom_transfer"": -0.45222615077975753, ""log_coherence_linear"": -0.1050663215629114, ""log_fidelity"": -1.191131602099132, ""log_idle_excitation"": -0.0, ""move_batches"": 192.0, ""move_time_us"": 18237.367623343936, ""seed_status"": [{""seed"": 0, ""status"": ""success""}], ""transfers"": 452.0, ""valid"": 1}","{""N"": 1, ""complete"": true, ""complete_fidelity"": true, ""fidelity"": 0.3036772767242913, ""fidelity_valid"": 1, ""idle_exposures"": 0.0, ""log_atom_transfer"": -0.45222615077975753, ""log_coherence_linear"": -0.10572445064790231, ""log_fidelity"": -1.191789731184123, ""log_idle_excitation"": -0.0, ""move_batches"": 192.0, ""move_time_us"": 18295.034934455874, ""seed_status"": [{""seed"": 0, ""status"": ""success""}], ""transfers"": 452.0, ""valid"": 1}","{""N"": 3, ""complete"": true, ""complete_fidelity"": true, ""fidelity"": 0.2988352653390513, ""fidelity_valid"": 3, ""idle_exposures"": 73.0, ""log_atom_transfer"": -0.30815410274372856, ""log_coherence_linear"": -0.08314107104176383, ""log_fidelity"": -1.2078628094646042, ""log_idle_excitation"": -0.1827285059226488, ""move_batches"": 139.0, ""move_time_us"": 14825.531843377172, ""seed_status"": [{""seed"": 0, ""status"": ""success""}, {""seed"": 1, ""status"": ""success""}, {""seed"": 2, ""status"": ""success""}], ""transfers"": 308.0, ""valid"": 3}",True
qmap154,4gt12-v0_87,53778d274180d94de3f21dd545732c304f808e584fba613310d33d09a51d427d,6,206,112,"{""N"": 1, ""complete"": true, ""complete_fidelity"": true, ""fidelity"": 0.3086439897431713, ""fidelity_valid"": 1, ""idle_exposures"": 0.0, ""log_atom_transfer"": -0.4482241494454234, ""log_coherence_linear"": -0.1041286975208683, ""log_fidelity"": -1.1755668030576623, ""log_idle_excitation"": -0.0, ""move_batches"": 190.0, ""move_time_us"": 18032.177605980643, ""seed_status"": [{""seed"": 0, ""status"": ""success""}], ""transfers"": 448.0, ""valid"": 1}","{""N"": 1, ""complete"": true, ""complete_fidelity"": true, ""fidelity"": 0.30851034937475985, ""fidelity_valid"": 1, ""idle_exposures"": 0.0, ""log_atom_transfer"": -0.4482241494454234, ""log_coherence_linear"": -0.10456178325657366, ""log_fidelity"": -1.1759998887933676, ""log_idle_excitation"": -0.0, ""move_batches"": 190.0, ""move_time_us"": 18086.582359037253, ""seed_status"": [{""seed"": 0, ""status"": ""success""}], ""transfers"": 448.0, ""valid"": 1}","{""N"": 3, ""complete"": true, ""complete_fidelity"": true, ""fidelity"": 0.30355029102178144, ""fidelity_valid"": 3, ""idle_exposures"": 73.0, ""log_atom_transfer"": -0.30415210140939447, ""log_coherence_linear"": -0.08211341525507886, ""log_fidelity"": -1.1922079786784927, ""log_idle_excitation"": -0.1827285059226488, ""move_batches"": 137.0, ""move_time_us"": 14600.851142849324, ""seed_status"": [{""seed"": 0, ""status"": ""success""}, {""seed"": 1, ""status"": ""success""}, {""seed"": 2, ""status"": ""success""}], ""transfers"": 304.0, ""valid"": 3}",True
qmap154,4gt12-v0_88,337ec9b8fa347392e1e7680c23a11964ecce6b8d6a60f119881338597bff4df8,6,161,86,"{""N"": 1, ""complete"": true, ""complete_fidelity"": true, ""fidelity"": 0.4034815803891876, ""fidelity_valid"": 1, ""idle_exposures"": 0.0, ""log_atom_transfer"": -0.34417211475273585, ""log_coherence_linear"": -0.08406648388033419, ""log_fidelity"": -0.9076244419071995, ""log_idle_excitation"": -0.0, ""move_batches"": 157.0, ""move_time_us"": 14891.799528759133, ""seed_status"": [{""seed"": 0, ""status"": ""success""}], ""transfers"": 344.0, ""valid"": 1}","{""N"": 1, ""complete"": true, ""complete_fidelity"": true, ""fidelity"": 0.40314899976423346, ""fidelity_valid"": 1, ""idle_exposures"": 0.0, ""log_atom_transfer"": -0.34417211475273585, ""log_coherence_linear"": -0.08489110087845715, ""log_fidelity"": -0.9084490589053225, ""log_idle_excitation"": -0.0, ""move_batches"": 156.0, ""move_time_us"": 14939.071478156868, ""seed_status"": [{""seed"": 0, ""status"": ""success""}], ""transfers"": 344.0, ""valid"": 1}","{""N"": 3, ""complete"": true, ""complete_fidelity"": true, ""fidelity"": 0.39738698258331123, ""fidelity_valid"": 3, ""idle_exposures"": 59.0, ""log_atom_transfer"": -0.23411707805854703, ""log_coherence_linear"": -0.061657101657961885, ""log_fidelity"": -0.9228447058596285, ""log_idle_excitation"": -0.14768468286899014, ""move_batches"": 110.0, ""move_time_us"": 11020.398136565396, ""seed_status"": [{""seed"": 0, ""status"": ""success""}, {""seed"": 1, ""status"": ""success""}, {""seed"": 2, ""status"": ""success""}], ""transfers"": 234.0, ""valid"": 3}",True
qmap154,4gt12-v1_89,4f73524b715eb1770efc2d80fc94314f980ad04bd5d39f4bda32e9373bb5114a,6,187,100,"{""N"": 1, ""complete"": true, ""complete_fidelity"": true, ""fidelity"": 0.3397545794216961, ""fidelity_valid"": 1, ""idle_exposures"": 0.0, ""log_atom_transfer"": -0.4162081387707503, ""log_coherence_linear"": -0.10596100943494804, ""log_fidelity"": -1.0795317472434995, ""log_idle_excitation"": -0.0, ""move_batches"": 189.0, ""move_time_us"": 19278.26946012675, ""seed_status"": [{""seed"": 0, ""status"": ""success""}], ""transfers"": 416.0, ""valid"": 1}","{""N"": 1, ""complete"": true, ""complete_fidelity"": true, ""fidelity"": 0.3397504066314697, ""fidelity_valid"": 1, ""idle_exposures"": 0.0, ""log_atom_transfer"": -0.42021014010508445, ""log_coherence_linear"": -0.10197128995376334, ""log_fidelity"": -1.079544029096649, ""log_idle_excitation"": -0.0, ""move_batches"": 181.0, ""move_time_us"": 18203.967050685605, ""seed_status"": [{""seed"": 0, ""status"": ""success""}], ""transfers"": 420.0, ""valid"": 1}","{""N"": 3, ""complete"": true, ""complete_fidelity"": true, ""fidelity"": 0.33941689874299313, ""fidelity_valid"": 3, ""idle_exposures"": 66.0, ""log_atom_transfer"": -0.2821410940705567, ""log_coherence_linear"": -0.07581584986724892, ""log_fidelity"": -1.0805261373714263, ""log_idle_excitation"": -0.16520659439581947, ""move_batches"": 128.0, ""move_time_us"": 13733.94326168788, ""seed_status"": [{""seed"": 0, ""status"": ""success""}, {""seed"": 1, ""status"": ""success""}, {""seed"": 2, ""status"": ""success""}], ""transfers"": 282.0, ""valid"": 3}",True
qmap154,4gt13-v1_93,a18c9f80ee68afee3443e316232d2f6de495ee5d68f0f3ff3c3605e2760916ed,5,58,30,"{""N"": 1, ""complete"": true, ""complete_fidelity"": true, ""fidelity"": 0.7295315263223074, ""fidelity_valid"": 1, ""idle_exposures"": 0.0, ""log_atom_transfer"": -0.12406204136435826, ""log_coherence_linear"": -0.02351178901717161, ""log_fidelity"": -0.31535269560997403, ""log_idle_excitation"": -0.0, ""move_batches"": 54.0, ""move_time_us"": 5147.117969819125, ""seed_status"": [{""seed"": 0, ""status"": ""success""}], ""transfers"": 124.0, ""valid"": 1}","{""N"": 1, ""complete"": true, ""complete_fidelity"": true, ""fidelity"": 0.7288049852066851, ""fidelity_valid"": 1, ""idle_exposures"": 0.0, ""log_atom_transfer"": -0.12406204136435826, ""log_coherence_linear"": -0.02450818617240729, ""log_fidelity"": -0.3163490927652097, ""log_idle_excitation"": -0.0, ""move_batches"": 55.0, ""move_time_us"": 5288.245144687616, ""seed_status"": [{""seed"": 0, ""status"": ""success""}], ""transfers"": 124.0, ""valid"": 1}","{""N"": 3, ""complete"": true, ""complete_fidelity"": true, ""fidelity"": 0.7255329591545231, ""fidelity_valid"": 3, ""idle_exposures"": 19.0, ""log_atom_transfer"": -0.08804402935535102, ""log_coherence_linear"": -0.017466409389688867, ""log_fidelity"": -0.3208487781177351, ""log_idle_excitation"": -0.04755947414425106, ""move_batches"": 39.0, ""move_time_us"": 3857.5212264375728, ""seed_status"": [{""seed"": 0, ""status"": ""success""}, {""seed"": 1, ""status"": ""success""}, {""seed"": 2, ""status"": ""success""}], ""transfers"": 88.0, ""valid"": 3}",True
qmap154,4gt13_90,519ea74d71d3bb4c0342bd16f13d8643d86a0d7adcc9401edc6280a5f0b3209c,5,87,49,"{""N"": 1, ""complete"": true, ""complete_fidelity"": true, ""fidelity"": 0.6021418486770534, ""fidelity_valid"": 1, ""idle_exposures"": 0.0, ""log_atom_transfer"": -0.19609806538237273, ""log_coherence_linear"": -0.03944570187860983, ""log_fidelity"": -0.507262232397826, ""log_idle_excitation"": -0.0, ""move_batches"": 88.0, ""move_time_us"": 8850.802035473474, ""seed_status"": [{""seed"": 0, ""status"": ""success""}], ""transfers"": 196.0, ""valid"": 1}","{""N"": 1, ""complete"": true, ""complete_fidelity"": true, ""fidelity"": 0.6007140092707604, ""fidelity_valid"": 1, ""idle_exposures"": 0.0, ""log_atom_transfer"": -0.20010006671670688, ""log_coherence_linear"": -0.03781778396831961, ""log_fidelity"": -0.5096363158218699, ""log_idle_excitation"": -0.0, ""move_batches"": 86.0, ""move_time_us"": 8274.183678504196, ""seed_status"": [{""seed"": 0, ""status"": ""success""}], ""transfers"": 200.0, ""valid"": 1}","{""N"": 3, ""complete"": true, ""complete_fidelity"": true, ""fidelity"": 0.5974845900852876, ""fidelity_valid"": 3, ""idle_exposures"": 28.0, ""log_atom_transfer"": -0.14407204803602894, ""log_coherence_linear"": -0.02914862688110447, ""log_fidelity"": -0.5150267861612942, ""log_idle_excitation"": -0.07008764610731735, ""move_batches"": 66.0, ""move_time_us"": 6579.585638855747, ""seed_status"": [{""seed"": 0, ""status"": ""success""}, {""seed"": 1, ""status"": ""success""}, {""seed"": 2, ""status"": ""success""}], ""transfers"": 144.0, ""valid"": 3}",True
qmap154,4gt13_91,679c25ee91f79d2be3c2d27eabe3178ef82d031ac02f532a255f82d5b2e14470,5,85,47,"{""N"": 1, ""complete"": true, ""complete_fidelity"": true, ""fidelity"": 0.6137037818783082, ""fidelity_valid"": 1, ""idle_exposures"": 0.0, ""log_atom_transfer"": -0.18809406271370446, ""log_coherence_linear"": -0.03905555299873727, ""log_fidelity"": -0.48824290718419255, ""log_idle_excitation"": -0.0, ""move_batches"": 88.0, ""move_time_us"": 8845.94925906602, ""seed_status"": [{""seed"": 0, ""status"": ""success""}], ""transfers"": 188.0, ""valid"": 1}","{""N"": 1, ""complete"": true, ""complete_fidelity"": true, ""fidelity"": 0.6121462000794132, ""fidelity_valid"": 1, ""idle_exposures"": 0.0, ""log_atom_transfer"": -0.19209606404803858, ""log_coherence_linear"": -0.03759478046081056, ""log_fidelity"": -0.49078413598059994, ""log_idle_excitation"": -0.0, ""move_batches"": 86.0, ""move_time_us"": 8267.062875626812, ""seed_status"": [{""seed"": 0, ""status"": ""success""}], ""transfers"": 192.0, ""valid"": 1}","{""N"": 3, ""complete"": true, ""complete_fidelity"": true, ""fidelity"": 0.6092618406774977, ""fidelity_valid"": 3, ""idle_exposures"": 29.0, ""log_atom_transfer"": -0.1340670447001936, ""log_coherence_linear"": -0.027756039326280225, ""log_fidelity"": -0.49550715182366045, ""log_idle_excitation"": -0.07259077632543583, ""move_batches"": 63.0, ""move_time_us"": 6294.07232658636, ""seed_status"": [{""seed"": 0, ""status"": ""success""}, {""seed"": 1, ""status"": ""success""}, {""seed"": 2, ""status"": ""success""}], ""transfers"": 134.0, ""valid"": 3}",True
qmap154,4gt13_92,f8c690ddce42ddef13013b6f7beb6a0d0cf6b59b925ef995cfb07da443154ebd,5,57,30,"{""N"": 1, ""complete"": true, ""complete_fidelity"": true, ""fidelity"": 0.7232977258519813, ""fidelity_valid"": 1, ""idle_exposures"": 0.0, ""log_atom_transfer"": -0.13206604403302655, ""log_coherence_linear"": -0.024389485007702744, ""log_fidelity"": -0.32393434926017145, ""log_idle_excitation"": -0.0, ""move_batches"": 56.0, ""move_time_us"": 5370.758488330233, ""seed_status"": [{""seed"": 0, ""status"": ""success""}], ""transfers"": 132.0, ""valid"": 1}","{""N"": 1, ""complete"": true, ""complete_fidelity"": true, ""fidelity"": 0.7203268538610678, ""fidelity_valid"": 1, ""idle_exposures"": 0.0, ""log_atom_transfer"": -0.13606804536736067, ""log_coherence_linear"": -0.024503340699650315, ""log_fidelity"": -0.32805020628645315, ""log_idle_excitation"": -0.0, ""move_batches"": 55.0, ""move_time_us"": 5364.743633614141, ""seed_status"": [{""seed"": 0, ""status"": ""success""}], ""transfers"": 136.0, ""valid"": 1}","{""N"": 3, ""complete"": true, ""complete_fidelity"": true, ""fidelity"": 0.725701760443589, ""fidelity_valid"": 3, ""idle_exposures"": 19.0, ""log_atom_transfer"": -0.08604302868818396, ""log_coherence_linear"": -0.019534823793262886, ""log_fidelity"": -0.32061614684514006, ""log_idle_excitation"": -0.04755947414425106, ""move_batches"": 38.0, ""move_time_us"": 4245.267695679983, ""seed_status"": [{""seed"": 0, ""status"": ""success""}, {""seed"": 1, ""status"": ""success""}, {""seed"": 2, ""status"": ""success""}], ""transfers"": 86.0, ""valid"": 3}",True
qmap154,4gt4-v0_72,bfa75e9edbb6ab94cd64844561c0745f471f23c85dfd068594d38324267ec989,6,211,113,"{""N"": 1, ""complete"": true, ""complete_fidelity"": true, ""fidelity"": 0.30242666757416814, ""fidelity_valid"": 1, ""idle_exposures"": 0.0, ""log_atom_transfer"": -0.4562281521140917, ""log_coherence_linear"": -0.10996157706842308, ""log_fidelity"": -1.1959164521424395, ""log_idle_excitation"": -0.0, ""move_batches"": 199.0, ""move_time_us"": 19371.815137787762, ""seed_status"": [{""seed"": 0, ""status"": ""success""}], ""transfers"": 456.0, ""valid"": 1}","{""N"": 1, ""complete"": true, ""complete_fidelity"": true, ""fidelity"": 0.30227877037917567, ""fidelity_valid"": 1, ""idle_exposures"": 0.0, ""log_atom_transfer"": -0.4602301534484258, ""log_coherence_linear"": -0.1064487302501851, ""log_fidelity"": -1.1964056066585358, ""log_idle_excitation"": -0.0, ""move_batches"": 193.0, ""move_time_us"": 18363.29404045166, ""seed_status"": [{""seed"": 0, ""status"": ""success""}], ""transfers"": 460.0, ""valid"": 1}","{""N"": 3, ""complete"": true, ""complete_fidelity"": true, ""fidelity"": 0.2974950260221742, ""fidelity_valid"": 3, ""idle_exposures"": 76.0, ""log_atom_transfer"": -0.31015510341089564, ""log_coherence_linear"": -0.0822380504415923, ""log_fidelity"": -1.2123577733894169, ""log_idle_excitation"": -0.19023789657700424, ""move_batches"": 140.0, ""move_time_us"": 14763.27037187174, ""seed_status"": [{""seed"": 0, ""status"": ""success""}, {""seed"": 1, ""status"": ""success""}, {""seed"": 2, ""status"": ""success""}], ""transfers"": 310.0, ""valid"": 3}",True
qmap154,4gt4-v0_73,620e145abef0b7fc3948370f538a464abbc77025fb86dcf2cd3ef23b08519a4a,6,326,179,"{""N"": 1, ""complete"": true, ""complete_fidelity"": true, ""fidelity"": 0.15113676681281427, ""fidelity_valid"": 1, ""idle_exposures"": 0.0, ""log_atom_transfer"": -0.7243622415144789, ""log_coherence_linear"": -0.1701482107568424, ""log_fidelity"": -1.8895701116203982, ""log_idle_excitation"": -0.0, ""move_batches"": 315.0, ""move_time_us"": 29689.896361436968, ""seed_status"": [{""seed"": 0, ""status"": ""success""}], ""transfers"": 724.0, ""valid"": 1}","{""N"": 1, ""complete"": true, ""complete_fidelity"": true, ""fidelity"": 0.15102237822173115, ""fidelity_valid"": 1, ""idle_exposures"": 0.0, ""log_atom_transfer"": -0.7243622415144789, ""log_coherence_linear"": -0.17090535214029856, ""log_fidelity"": -1.8903272530038544, ""log_idle_excitation"": -0.0, ""move_batches"": 316.0, ""move_time_us"": 29769.877620260722, ""seed_status"": [{""seed"": 0, ""status"": ""success""}], ""transfers"": 724.0, ""valid"": 1}","{""N"": 3, ""complete"": true, ""complete_fidelity"": true, ""fidelity"": 0.14560531103544028, ""fidelity_valid"": 3, ""idle_exposures"": 114.0, ""log_atom_transfer"": -0.5122561707947696, ""log_coherence_linear"": -0.13418299198370426, ""log_fidelity"": -1.926855666993057, ""log_idle_excitation"": -0.2853568448655064, ""move_batches"": 238.0, ""move_time_us"": 24494.934126268156, ""seed_status"": [{""seed"": 0, ""status"": ""success""}, {""seed"": 1, ""status"": ""success""}, {""seed"": 2, ""status"": ""success""}], ""transfers"": 512.0, ""valid"": 3}",True
qmap154,4gt4-v0_78,17585b5581ef461ec1956dcfd5c0d021a2e1cd4acd8ebef58f665e2e9b95f2b1,6,193,107,"{""N"": 1, ""complete"": true, ""complete_fidelity"": true, ""fidelity"": 0.3246670911134975, ""fidelity_valid"": 1, ""idle_exposures"": 0.0, ""log_atom_transfer"": -0.4282141427737527, ""log_coherence_linear"": -0.10249015204708906, ""log_fidelity"": -1.124954956677465, ""log_idle_excitation"": -0.0, ""move_batches"": 193.0, ""move_time_us"": 18349.325719957764, ""seed_status"": [{""seed"": 0, ""status"": ""success""}], ""transfers"": 428.0, ""valid"": 1}","{""N"": 1, ""complete"": true, ""complete_fidelity"": true, ""fidelity"": 0.3243886690998904, ""fidelity_valid"": 1, ""idle_exposures"": 0.0, ""log_atom_transfer"": -0.4282141427737527, ""log_coherence_linear"": -0.10334808151248104, ""log_fidelity"": -1.125812886142857, ""log_idle_excitation"": -0.0, ""move_batches"": 192.0, ""move_time_us"": 18300.16037583708, ""seed_status"": [{""seed"": 0, ""status"": ""success""}], ""transfers"": 428.0, ""valid"": 1}","{""N"": 3, ""complete"": true, ""complete_fidelity"": true, ""fidelity"": 0.31962655496030024, ""fidelity_valid"": 3, ""idle_exposures"": 66.0, ""log_atom_transfer"": -0.3021511007422274, ""log_coherence_linear"": -0.07899362343589628, ""log_fidelity"": -1.1406019804305663, ""log_idle_excitation"": -0.16520659439581947, ""move_batches"": 143.0, ""move_time_us"": 14524.66986370347, ""seed_status"": [{""seed"": 0, ""status"": ""success""}, {""seed"": 1, ""status"": ""success""}, {""seed"": 2, ""status"": ""success""}], ""transfers"": 302.0, ""valid"": 3}",True
qmap154,4gt4-v0_79,a349d8041680093f4e0e734c78665ba74fb201322af6505319a01c6838b887c3,6,185,103,"{""N"": 1, ""complete"": true, ""complete_fidelity"": true, ""fidelity"": 0.33604112119973767, ""fidelity_valid"": 1, ""idle_exposures"": 0.0, ""log_atom_transfer"": -0.42021014010508445, ""log_coherence_linear"": -0.09851146738876426, ""log_fidelity"": -1.0905217419842788, ""log_idle_excitation"": -0.0, ""move_batches"": 186.0, ""move_time_us"": 17647.157645366948, ""seed_status"": [{""seed"": 0, ""status"": ""success""}], ""transfers"": 420.0, ""valid"": 1}","{""N"": 1, ""complete"": true, ""complete_fidelity"": true, ""fidelity"": 0.335969422397284, ""fidelity_valid"": 1, ""idle_exposures"": 0.0, ""log_atom_transfer"": -0.42021014010508445, ""log_coherence_linear"": -0.0987248533345918, ""log_fidelity"": -1.0907351279301063, ""log_idle_excitation"": -0.0, ""move_batches"": 184.0, ""move_time_us"": 17491.634468962147, ""seed_status"": [{""seed"": 0, ""status"": ""success""}], ""transfers"": 420.0, ""valid"": 1}","{""N"": 3, ""complete"": true, ""complete_fidelity"": true, ""fidelity"": 0.33157326156358896, ""fidelity_valid"": 3, ""idle_exposures"": 67.0, ""log_atom_transfer"": -0.2881440960720579, ""log_coherence_linear"": -0.07625253840491703, ""log_fidelity"": -1.103906493581343, ""log_idle_excitation"": -0.16770972461393796, ""move_batches"": 135.0, ""move_time_us"": 14027.29561664786, ""seed_status"": [{""seed"": 0, ""status"": ""success""}, {""seed"": 1, ""status"": ""success""}, {""seed"": 2, ""status"": ""success""}], ""transfers"": 288.0, ""valid"": 3}",True
qmap154,4gt4-v0_80,aacd9d461d97474d739216de7842190ad2c493eec99d4613f395da4a2c442559,6,148,79,"{""N"": 1, ""complete"": true, ""complete_fidelity"": true, ""fidelity"": 0.43031645634766247, ""fidelity_valid"": 1, ""idle_exposures"": 0.0, ""log_atom_transfer"": -0.32416210808106516, ""log_coherence_linear"": -0.07867482250133104, ""log_fidelity"": -0.8432343959746896, ""log_idle_excitation"": -0.0, ""move_batches"": 147.0, ""move_time_us"": 14024.7234767548, ""seed_status"": [{""seed"": 0, ""status"": ""success""}], ""transfers"": 324.0, ""valid"": 1}","{""N"": 1, ""complete"": true, ""complete_fidelity"": true, ""fidelity"": 0.43035645180808557, ""fidelity_valid"": 1, ""idle_exposures"": 0.0, ""log_atom_transfer"": -0.32416210808106516, ""log_coherence_linear"": -0.07858188252361607, ""log_fidelity"": -0.8431414559969747, ""log_idle_excitation"": -0.0, ""move_batches"": 145.0, ""move_time_us"": 13897.790986872884, ""seed_status"": [{""seed"": 0, ""status"": ""success""}], ""transfers"": 324.0, ""valid"": 1}","{""N"": 3, ""complete"": true, ""complete_fidelity"": true, ""fidelity"": 0.4256145215521434, ""fidelity_valid"": 3, ""idle_exposures"": 53.0, ""log_atom_transfer"": -0.22211107405554462, ""log_coherence_linear"": -0.05904678034035851, ""log_fidelity"": -0.8542212213484759, ""log_idle_excitation"": -0.13266590156027927, ""move_batches"": 102.0, ""move_time_us"": 10701.112672580932, ""seed_status"": [{""seed"": 0, ""status"": ""success""}, {""seed"": 1, ""status"": ""success""}, {""seed"": 2, ""status"": ""success""}], ""transfers"": 222.0, ""valid"": 3}",True
qmap154,4gt4-v1_74,5260efec73d65ae2747a06787c59b701521473db0f533363151441c3756e6fd2,6,223,119,"{""N"": 1, ""complete"": true, ""complete_fidelity"": true, ""fidelity"": 0.27879799069030436, ""fidelity_valid"": 1, ""idle_exposures"": 0.0, ""log_atom_transfer"": -0.4922461641230989, ""log_coherence_linear"": -0.12161912898259479, ""log_fidelity"": -1.2772678071149082, ""log_idle_excitation"": -0.0, ""move_batches"": 222.0, ""move_time_us"": 21796.554657619366, ""seed_status"": [{""seed"": 0, ""status"": ""success""}], ""transfers"": 492.0, ""valid"": 1}","{""N"": 1, ""complete"": true, ""complete_fidelity"": true, ""fidelity"": 0.27857524448738136, ""fidelity_valid"": 1, ""idle_exposures"": 0.0, ""log_atom_transfer"": -0.49624816545743305, ""log_coherence_linear"": -0.11841639894699882, ""log_fidelity"": -1.2780670784136463, ""log_idle_excitation"": -0.0, ""move_batches"": 221.0, ""move_time_us"": 20865.736329385032, ""seed_status"": [{""seed"": 0, ""status"": ""success""}], ""transfers"": 496.0, ""valid"": 1}","{""N"": 3, ""complete"": true, ""complete_fidelity"": true, ""fidelity"": 0.2737010299108275, ""fidelity_valid"": 3, ""idle_exposures"": 82.0, ""log_atom_transfer"": -0.33616811208406755, ""log_coherence_linear"": -0.09089159604496208, ""log_fidelity"": -1.295718900023959, ""log_idle_excitation"": -0.2052566778857151, ""move_batches"": 155.0, ""move_time_us"": 16385.82314495054, ""seed_status"": [{""seed"": 0, ""status"": ""success""}, {""seed"": 1, ""status"": ""success""}, {""seed"": 2, ""status"": ""success""}], ""transfers"": 336.0, ""valid"": 3}",True
qmap154,4gt5_75,e039b9c3db8f1e80604503cd9a889b8734bb4401c1182c75a38b1832e598b5aa,5,71,38,"{""N"": 1, ""complete"": true, ""complete_fidelity"": true, ""fidelity"": 0.6669330924653196, ""fidelity_valid"": 1, ""idle_exposures"": 0.0, ""log_atom_transfer"": -0.16408205470769963, ""log_coherence_linear"": -0.029203709602936303, ""log_fidelity"": -0.40506554924446025, ""log_idle_excitation"": -0.0, ""move_batches"": 68.0, ""move_time_us"": 6475.91737400078, ""seed_status"": [{""seed"": 0, ""status"": ""success""}], ""transfers"": 164.0, ""valid"": 1}","{""N"": 1, ""complete"": true, ""complete_fidelity"": true, ""fidelity"": 0.6654120132031999, ""fidelity_valid"": 1, ""idle_exposures"": 0.0, ""log_atom_transfer"": -0.16408205470769963, ""log_coherence_linear"": -0.03148702181160595, ""log_fidelity"": -0.40734886145312993, ""log_idle_excitation"": -0.0, ""move_batches"": 68.0, ""move_time_us"": 6948.406350528713, ""seed_status"": [{""seed"": 0, ""status"": ""success""}], ""transfers"": 164.0, ""valid"": 1}","{""N"": 3, ""complete"": true, ""complete_fidelity"": true, ""fidelity"": 0.6633706550038613, ""fidelity_valid"": 3, ""idle_exposures"": 24.0, ""log_atom_transfer"": -0.11605803869568998, ""log_coherence_linear"": -0.022508438825183955, ""log_fidelity"": -0.41042138768954173, ""log_idle_excitation"": -0.06007512523484344, ""move_batches"": 50.0, ""move_time_us"": 5013.804885484483, ""seed_status"": [{""seed"": 0, ""status"": ""success""}, {""seed"": 1, ""status"": ""success""}, {""seed"": 2, ""status"": ""success""}], ""transfers"": 116.0, ""valid"": 3}",True
qmap154,4gt5_76,02ff18ecd3cbf5d461bcd36200261de37bb114a1b24a49eed03d37f500b7c215,5,79,46,"{""N"": 1, ""complete"": true, ""complete_fidelity"": true, ""fidelity"": 0.6264548113306613, ""fidelity_valid"": 1, ""idle_exposures"": 0.0, ""log_atom_transfer"": -0.1800900600450362, ""log_coherence_linear"": -0.0333080963701009, ""log_fidelity"": -0.4676786360093316, ""log_idle_excitation"": -0.0, ""move_batches"": 77.0, ""move_time_us"": 7308.292786733187, ""seed_status"": [{""seed"": 0, ""status"": ""success""}], ""transfers"": 180.0, ""valid"": 1}","{""N"": 1, ""complete"": true, ""complete_fidelity"": true, ""fidelity"": 0.6259927877065123, ""fidelity_valid"": 1, ""idle_exposures"": 0.0, ""log_atom_transfer"": -0.1800900600450362, ""log_coherence_linear"": -0.034045889544781056, ""log_fidelity"": -0.46841642918401183, ""log_idle_excitation"": -0.0, ""move_batches"": 78.0, ""move_time_us"": 7424.144944735588, ""seed_status"": [{""seed"": 0, ""status"": ""success""}], ""transfers"": 180.0, ""valid"": 1}","{""N"": 3, ""complete"": true, ""complete_fidelity"": true, ""fidelity"": 0.6233918072905074, ""fidelity_valid"": 3, ""idle_exposures"": 25.0, ""log_atom_transfer"": -0.1280640426986924, ""log_coherence_linear"": -0.027656930196321615, ""log_fidelity"": -0.47258005371391043, ""log_idle_excitation"": -0.06257825545296192, ""move_batches"": 61.0, ""move_time_us"": 6258.492990539773, ""seed_status"": [{""seed"": 0, ""status"": ""success""}, {""seed"": 1, ""status"": ""success""}, {""seed"": 2, ""status"": ""success""}], ""transfers"": 128.0, ""valid"": 3}",True
qmap154,4gt5_77,86f25b05a4edb7fc286f425c98d2846447278adb82c6989aeb115afe8cfdb2e0,5,109,58,"{""N"": 1, ""complete"": true, ""complete_fidelity"": true, ""fidelity"": 0.5436857762266762, ""fidelity_valid"": 1, ""idle_exposures"": 0.0, ""log_atom_transfer"": -0.24012008006004826, ""log_coherence_linear"": -0.04583140443483429, ""log_fidelity"": -0.6093838162416683, ""log_idle_excitation"": -0.0, ""move_batches"": 105.0, ""move_time_us"": 9966.118224837242, ""seed_status"": [{""seed"": 0, ""status"": ""success""}], ""transfers"": 240.0, ""valid"": 1}","{""N"": 1, ""complete"": true, ""complete_fidelity"": true, ""fidelity"": 0.5432817575873582, ""fidelity_valid"": 1, ""idle_exposures"": 0.0, ""log_atom_transfer"": -0.24012008006004826, ""log_coherence_linear"": -0.04657479123408157, ""log_fidelity"": -0.6101272030409156, ""log_idle_excitation"": -0.0, ""move_batches"": 105.0, ""move_time_us"": 10083.082940082904, ""seed_status"": [{""seed"": 0, ""status"": ""success""}], ""transfers"": 240.0, ""valid"": 1}","{""N"": 3, ""complete"": true, ""complete_fidelity"": true, ""fidelity"": 0.5409050277288421, ""fidelity_valid"": 3, ""idle_exposures"": 36.0, ""log_atom_transfer"": -0.1660830553748667, ""log_coherence_linear"": -0.03488349005693255, ""log_fidelity"": -0.6145115650308501, ""log_idle_excitation"": -0.09011268785226517, ""move_batches"": 75.0, ""move_time_us"": 7953.489121547699, ""seed_status"": [{""seed"": 0, ""status"": ""success""}, {""seed"": 1, ""status"": ""success""}, {""seed"": 2, ""status"": ""success""}], ""transfers"": 166.0, ""valid"": 3}",True
qmap154,4mod5-bdd_287,a8f4097d0168378803725415aada0c52d1bc452c2a07d485204863fef857bf84,7,56,31,"{""N"": 1, ""complete"": true, ""complete_fidelity"": true, ""fidelity"": 0.7160364109986639, ""fidelity_valid"": 1, ""idle_exposures"": 0.0, ""log_atom_transfer"": -0.12406204136435826, ""log_coherence_linear"": -0.03777090156604738, ""log_fidelity"": -0.33402425996439006, ""log_idle_excitation"": -0.0, ""move_batches"": 61.0, ""move_time_us"": 6041.651753965435, ""seed_status"": [{""seed"": 0, ""status"": ""success""}], ""transfers"": 124.0, ""valid"": 1}","{""N"": 1, ""complete"": true, ""complete_fidelity"": true, ""fidelity"": 0.7156722915736339, ""fidelity_valid"": 1, ""idle_exposures"": 0.0, ""log_atom_transfer"": -0.12406204136435826, ""log_coherence_linear"": -0.03827955172962643, ""log_fidelity"": -0.33453291012796915, ""log_idle_excitation"": -0.0, ""move_batches"": 60.0, ""move_time_us"": 5942.057730718415, ""seed_status"": [{""seed"": 0, ""status"": ""success""}], ""transfers"": 124.0, ""valid"": 1}","{""N"": 3, ""complete"": true, ""complete_fidelity"": true, ""fidelity"": 0.7150321825849565, ""fidelity_valid"": 3, ""idle_exposures"": 23.0, ""log_atom_transfer"": -0.08004002668668275, ""log_coherence_linear"": -0.025624387955353527, ""log_fidelity"": -0.3354277266927457, ""log_idle_excitation"": -0.05757199501672497, ""move_batches"": 39.0, ""move_time_us"": 3872.1095637693884, ""seed_status"": [{""seed"": 0, ""status"": ""success""}, {""seed"": 1, ""status"": ""success""}, {""seed"": 2, ""status"": ""success""}], ""transfers"": 80.0, ""valid"": 3}",True
qmap154,4mod5-v0_18,c99d557b492a18a7a3de36a4531d517c18f9e2dac5eba9a2a992076e0c8093b0,5,61,31,"{""N"": 1, ""complete"": true, ""complete_fidelity"": true, ""fidelity"": 0.7300942226597257, ""fidelity_valid"": 1, ""idle_exposures"": 0.0, ""log_atom_transfer"": -0.11605803869568998, ""log_coherence_linear"": -0.02483210025749684, ""log_fidelity"": -0.3145816810321812, ""log_idle_excitation"": -0.0, ""move_batches"": 56.0, ""move_time_us"": 5286.856033523669, ""seed_status"": [{""seed"": 0, ""status"": ""success""}], ""transfers"": 116.0, ""valid"": 1}","{""N"": 1, ""complete"": true, ""complete_fidelity"": true, ""fidelity"": 0.7298691888794698, ""fidelity_valid"": 1, ""idle_exposures"": 0.0, ""log_atom_transfer"": -0.11605803869568998, ""log_coherence_linear"": -0.02514037343785105, ""log_fidelity"": -0.3148899542125354, ""log_idle_excitation"": -0.0, ""move_batches"": 56.0, ""move_time_us"": 5326.876984679473, ""seed_status"": [{""seed"": 0, ""status"": ""success""}], ""transfers"": 116.0, ""valid"": 1}","{""N"": 3, ""complete"": true, ""complete_fidelity"": true, ""fidelity"": 0.7245682634126596, ""fidelity_valid"": 3, ""idle_exposures"": 20.0, ""log_atom_transfer"": -0.08004002668668275, ""log_coherence_linear"": -0.018385127120373327, ""log_fidelity"": -0.32217930024842, ""log_idle_excitation"": -0.05006260436236954, ""move_batches"": 39.0, ""move_time_us"": 3878.537339426407, ""seed_status"": [{""seed"": 0, ""status"": ""success""}, {""seed"": 1, ""status"": ""success""}, {""seed"": 2, ""status"": ""success""}], ""transfers"": 80.0, ""valid"": 3}",True
qmap154,4mod5-v0_19,7d1896dcc5d2410f21980ed3439eddb034338ed3bc420cbd08732a56ab8a5acb,5,30,16,"{""N"": 1, ""complete"": true, ""complete_fidelity"": true, ""fidelity"": 0.843203146236282, ""fidelity_valid"": 1, ""idle_exposures"": 0.0, ""log_atom_transfer"": -0.06803402268368033, ""log_coherence_linear"": -0.01331132776666331, ""log_fidelity"": -0.170547369897112, ""log_idle_excitation"": -0.0, ""move_batches"": 32.0, ""move_time_us"": 3096.603654854586, ""seed_status"": [{""seed"": 0, ""status"": ""success""}], ""transfers"": 68.0, ""valid"": 1}","{""N"": 1, ""complete"": true, ""complete_fidelity"": true, ""fidelity"": 0.8426505631703021, ""fidelity_valid"": 1, ""idle_exposures"": 0.0, ""log_atom_transfer"": -0.06803402268368033, ""log_coherence_linear"": -0.01396688059747659, ""log_fidelity"": -0.17120292272792528, ""log_idle_excitation"": -0.0, ""move_batches"": 32.0, ""move_time_us"": 3136.7337624436987, ""seed_status"": [{""seed"": 0, ""status"": ""success""}], ""transfers"": 68.0, ""valid"": 1}","{""N"": 3, ""complete"": true, ""complete_fidelity"": true, ""fidelity"": 0.8415119967507206, ""fidelity_valid"": 3, ""idle_exposures"": 11.0, ""log_atom_transfer"": -0.04602301534484258, ""log_coherence_linear"": -0.009795541873723664, ""log_fidelity"": -0.17255500906463783, ""log_idle_excitation"": -0.027534432399303248, ""move_batches"": 22.0, ""move_time_us"": 2291.029321276628, ""seed_status"": [{""seed"": 0, ""status"": ""success""}, {""seed"": 1, ""status"": ""success""}, {""seed"": 2, ""status"": ""success""}], ""transfers"": 46.0, ""valid"": 3}",True
qmap154,4mod5-v0_20,96c783c9bca0ef85595484b3ce3d699b0387661d205d223d6e547c44bdd87c0a,5,18,10,"{""N"": 1, ""complete"": true, ""complete_fidelity"": true, ""fidelity"": 0.8972913783913241, ""fidelity_valid"": 1, ""idle_exposures"": 0.0, ""log_atom_transfer"": -0.04402201467767551, ""log_coherence_linear"": -0.008826390039498158, ""log_fidelity"": -0.1083746331146524, ""log_idle_excitation"": -0.0, ""move_batches"": 18.0, ""move_time_us"": 2130.966744343222, ""seed_status"": [{""seed"": 0, ""status"": ""success""}], ""transfers"": 44.0, ""valid"": 1}","{""N"": 1, ""complete"": true, ""complete_fidelity"": true, ""fidelity"": 0.8980827304883225, ""fidelity_valid"": 1, ""idle_exposures"": 0.0, ""log_atom_transfer"": -0.04402201467767551, ""log_coherence_linear"": -0.007944844355695979, ""log_fidelity"": -0.10749308743085022, ""log_idle_excitation"": -0.0, ""move_batches"": 17.0, ""move_time_us"": 1762.9457914334102, ""seed_status"": [{""seed"": 0, ""status"": ""success""}], ""transfers"": 44.0, ""valid"": 1}","{""N"": 3, ""complete"": true, ""complete_fidelity"": true, ""fidelity"": 0.9013956038402565, ""fidelity_valid"": 3, ""idle_exposures"": 5.0, ""log_atom_transfer"": -0.030015010007506032, ""log_coherence_linear"": -0.00575415627734241, ""log_fidelity"": -0.10381104577291955, ""log_idle_excitation"": -0.012515651090592385, ""move_batches"": 13.0, ""move_time_us"": 1363.8268237303816, ""seed_status"": [{""seed"": 0, ""status"": ""success""}, {""seed"": 1, ""status"": ""success""}, {""seed"": 2, ""status"": ""success""}], ""transfers"": 30.0, ""valid"": 3}",True
qmap154,4mod5-v1_22,42887548d9adb27f8d8ed46b6b9c73698f1b1907034eac1e0d38c3d3351b8a3f,5,20,11,"{""N"": 1, ""complete"": true, ""complete_fidelity"": true, ""fidelity"": 0.8887055572739078, ""fidelity_valid"": 1, ""idle_exposures"": 0.0, ""log_atom_transfer"": -0.048024016012009646, ""log_coherence_linear"": -0.008826428744258104, ""log_fidelity"": -0.11798930499529475, ""log_idle_excitation"": -0.0, ""move_batches"": 20.0, ""move_time_us"": 2007.5564735723406, ""seed_status"": [{""seed"": 0, ""status"": ""success""}], ""transfers"": 48.0, ""valid"": 1}","{""N"": 1, ""complete"": true, ""complete_fidelity"": true, ""fidelity"": 0.8887255660431952, ""fidelity_valid"": 1, ""idle_exposures"": 0.0, ""log_atom_transfer"": -0.048024016012009646, ""log_coherence_linear"": -0.008803914488683437, ""log_fidelity"": -0.11796679073972008, ""log_idle_excitation"": -0.0, ""move_batches"": 19.0, ""move_time_us"": 1948.8140945222096, ""seed_status"": [{""seed"": 0, ""status"": ""success""}], ""transfers"": 48.0, ""valid"": 1}","{""N"": 3, ""complete"": true, ""complete_fidelity"": true, ""fidelity"": 0.8920499746162202, ""fidelity_valid"": 3, ""idle_exposures"": 5.0, ""log_atom_transfer"": -0.03401701134184017, ""log_coherence_linear"": -0.006561599945522752, ""log_fidelity"": -0.1142331226169823, ""log_idle_excitation"": -0.012515651090592385, ""move_batches"": 15.0, ""move_time_us"": 1547.5184797494123, ""seed_status"": [{""seed"": 0, ""status"": ""success""}, {""seed"": 1, ""status"": ""success""}, {""seed"": 2, ""status"": ""success""}], ""transfers"": 34.0, ""valid"": 3}",True
qmap154,4mod5-v1_23,25d68584c24511a5e0c74e934a911155b0d792d0f76ad82dd8241b4aac2f6ae0,5,57,32,"{""N"": 1, ""complete"": true, ""complete_fidelity"": true, ""fidelity"": 0.7096222952855918, ""fidelity_valid"": 1, ""idle_exposures"": 0.0, ""log_atom_transfer"": -0.14007004670169482, ""log_coherence_linear"": -0.0254484784002982, ""log_fidelity"": -0.34302242896852375, ""log_idle_excitation"": -0.0, ""move_batches"": 61.0, ""move_time_us"": 5761.7152260574685, ""seed_status"": [{""seed"": 0, ""status"": ""success""}], ""transfers"": 140.0, ""valid"": 1}","{""N"": 1, ""complete"": true, ""complete_fidelity"": true, ""fidelity"": 0.7092644047559475, ""fidelity_valid"": 1, ""idle_exposures"": 0.0, ""log_atom_transfer"": -0.14007004670169482, ""log_coherence_linear"": -0.025952945088475083, ""log_fidelity"": -0.34352689565670064, ""log_idle_excitation"": -0.0, ""move_batches"": 61.0, ""move_time_us"": 5808.279315177253, ""seed_status"": [{""seed"": 0, ""status"": ""success""}], ""transfers"": 140.0, ""valid"": 1}","{""N"": 3, ""complete"": true, ""complete_fidelity"": true, ""fidelity"": 0.7122718988923818, ""fidelity_valid"": 3, ""idle_exposures"": 24.0, ""log_atom_transfer"": -0.08404202802101689, ""log_coherence_linear"": -0.017674502878728963, ""log_fidelity"": -0.33929556000112004, ""log_idle_excitation"": -0.06007512523484344, ""move_batches"": 40.0, ""move_time_us"": 3947.041292828958, ""seed_status"": [{""seed"": 0, ""status"": ""success""}, {""seed"": 1, ""status"": ""success""}, {""seed"": 2, ""status"": ""success""}], ""transfers"": 84.0, ""valid"": 3}",True
qmap154,4mod5-v1_24,dfcfb0f66a9df92dbce2a4f1948cc61f5cb144f7acf0e867f59c81b20574a24e,5,29,16,"{""N"": 1, ""complete"": true, ""complete_fidelity"": true, ""fidelity"": 0.8399214307312504, ""fidelity_valid"": 1, ""idle_exposures"": 0.0, ""log_atom_transfer"": -0.07203602401801447, ""log_coherence_linear"": -0.013508927907402758, ""log_fidelity"": -0.1744469263631836, ""log_idle_excitation"": -0.0, ""move_batches"": 32.0, ""move_time_us"": 3105.6906486753155, ""seed_status"": [{""seed"": 0, ""status"": ""success""}], ""transfers"": 72.0, ""valid"": 1}","{""N"": 1, ""complete"": true, ""complete_fidelity"": true, ""fidelity"": 0.8398658532358505, ""fidelity_valid"": 1, ""idle_exposures"": 0.0, ""log_atom_transfer"": -0.07203602401801447, ""log_coherence_linear"": -0.013575099970914134, ""log_fidelity"": -0.17451309842669496, ""log_idle_excitation"": -0.0, ""move_batches"": 31.0, ""move_time_us"": 3073.4885740029476, ""seed_status"": [{""seed"": 0, ""status"": ""success""}], ""transfers"": 72.0, ""valid"": 1}","{""N"": 3, ""complete"": true, ""complete_fidelity"": true, ""fidelity"": 0.8379399895684231, ""fidelity_valid"": 3, ""idle_exposures"": 11.0, ""log_atom_transfer"": -0.05002501667917672, ""log_coherence_linear"": -0.010347369041561623, ""log_fidelity"": -0.17680879255780796, ""log_idle_excitation"": -0.027534432399303248, ""move_batches"": 22.0, ""move_time_us"": 2301.848746792682, ""seed_status"": [{""seed"": 0, ""status"": ""success""}, {""seed"": 1, ""status"": ""success""}, {""seed"": 2, ""status"": ""success""}], ""transfers"": 50.0, ""valid"": 3}",True
qmap154,4mod7-v0_94,128f4fc145f17a5c3292150a1026e96555931cd0f863e3eed45c36c456983d23,5,130,70,"{""N"": 1, ""complete"": true, ""complete_fidelity"": true, ""fidelity"": 0.48025118120940175, ""fidelity_valid"": 1, ""idle_exposures"": 0.0, ""log_atom_transfer"": -0.2881440960720579, ""log_coherence_linear"": -0.05541814287418557, ""log_fidelity"": -0.7334460177646025, ""log_idle_excitation"": -0.0, ""move_batches"": 129.0, ""move_time_us"": 12184.608340405988, ""seed_status"": [{""seed"": 0, ""status"": ""success""}], ""transfers"": 288.0, ""valid"": 1}","{""N"": 1, ""complete"": true, ""complete_fidelity"": true, ""fidelity"": 0.4800586396713611, ""fidelity_valid"": 1, ""idle_exposures"": 0.0, ""log_atom_transfer"": -0.2881440960720579, ""log_coherence_linear"": -0.05581914166943712, ""log_fidelity"": -0.7338470165598541, ""log_idle_excitation"": -0.0, ""move_batches"": 127.0, ""move_time_us"": 12095.57720743488, ""seed_status"": [{""seed"": 0, ""status"": ""success""}], ""transfers"": 288.0, ""valid"": 1}","{""N"": 3, ""complete"": true, ""complete_fidelity"": true, ""fidelity"": 0.47232861436881496, ""fidelity_valid"": 3, ""idle_exposures"": 49.0, ""log_atom_transfer"": -0.19609806538237273, ""log_coherence_linear"": -0.041445093871505134, ""log_fidelity"": -0.7500803187600423, ""log_idle_excitation"": -0.12265338068780537, ""move_batches"": 92.0, ""move_time_us"": 9180.29154638319, ""seed_status"": [{""seed"": 0, ""status"": ""success""}, {""seed"": 1, ""status"": ""success""}, {""seed"": 2, ""status"": ""success""}], ""transfers"": 196.0, ""valid"": 3}",True
qmap154,4mod7-v1_96,e681b288918d9cc524f0c1d7c1a8a165a6636b4125d31d13e102129be7eb25b0,5,131,70,"{""N"": 1, ""complete"": true, ""complete_fidelity"": true, ""fidelity"": 0.4752294106930539, ""fidelity_valid"": 1, ""idle_exposures"": 0.0, ""log_atom_transfer"": -0.2881440960720579, ""log_coherence_linear"": -0.06562970176037701, ""log_fidelity"": -0.743957621659796, ""log_idle_excitation"": -0.0, ""move_batches"": 134.0, ""move_time_us"": 15118.36035056448, ""seed_status"": [{""seed"": 0, ""status"": ""success""}], ""transfers"": 288.0, ""valid"": 1}","{""N"": 1, ""complete"": true, ""complete_fidelity"": true, ""fidelity"": 0.4776744972610995, ""fidelity_valid"": 1, ""idle_exposures"": 0.0, ""log_atom_transfer"": -0.292146097406392, ""log_coherence_linear"": -0.056495825294012536, ""log_fidelity"": -0.7388257465277657, ""log_idle_excitation"": -0.0, ""move_batches"": 128.0, ""move_time_us"": 12267.454711528178, ""seed_status"": [{""seed"": 0, ""status"": ""success""}], ""transfers"": 292.0, ""valid"": 1}","{""N"": 3, ""complete"": true, ""complete_fidelity"": true, ""fidelity"": 0.4768748215808535, ""fidelity_valid"": 3, ""idle_exposures"": 46.0, ""log_atom_transfer"": -0.19209606404803858, ""log_coherence_linear"": -0.04307737317701399, ""log_fidelity"": -0.7405012510858636, ""log_idle_excitation"": -0.11514399003344994, ""move_batches"": 89.0, ""move_time_us"": 9675.177864848421, ""seed_status"": [{""seed"": 0, ""status"": ""success""}, {""seed"": 1, ""status"": ""success""}, {""seed"": 2, ""status"": ""success""}], ""transfers"": 192.0, ""valid"": 3}",True
qmap154,9symml_195,26bde4287c6cb5d5b60c40f5aef845bacf25cce07cfdc5871e9fb2dea2c9746c,11,28293,15232,"{""N"": 1, ""complete"": false, ""complete_fidelity"": false, ""fidelity"": null, ""fidelity_valid"": 0, ""idle_exposures"": null, ""log_atom_transfer"": null, ""log_coherence_linear"": null, ""log_fidelity"": null, ""log_idle_excitation"": null, ""move_batches"": null, ""move_time_us"": null, ""seed_status"": [{""seed"": 0, ""status"": ""verifier_fail""}], ""transfers"": null, ""valid"": 0}","{""N"": 1, ""complete"": true, ""complete_fidelity"": false, ""fidelity"": null, ""fidelity_valid"": 0, ""idle_exposures"": 0.0, ""log_atom_transfer"": null, ""log_coherence_linear"": null, ""log_fidelity"": null, ""log_idle_excitation"": null, ""move_batches"": 26785.0, ""move_time_us"": 2603708.0467253057, ""seed_status"": [{""seed"": 0, ""status"": ""success""}], ""transfers"": 63340.0, ""valid"": 1}","{""N"": 3, ""complete"": true, ""complete_fidelity"": false, ""fidelity"": null, ""fidelity_valid"": 0, ""idle_exposures"": 12579.0, ""log_atom_transfer"": null, ""log_coherence_linear"": null, ""log_fidelity"": null, ""log_idle_excitation"": null, ""move_batches"": 20602.0, ""move_time_us"": 2102380.457089135, ""seed_status"": [{""seed"": 0, ""status"": ""success""}, {""seed"": 1, ""status"": ""success""}, {""seed"": 2, ""status"": ""success""}], ""transfers"": 46356.0, ""valid"": 3}",False
qmap154,C17_204,c6a370a3fd82cb35caac5770d763a98a341d78297bfc3c07d9c74ed215b9b620,7,382,205,"{""N"": 1, ""complete"": true, ""complete_fidelity"": true, ""fidelity"": 0.10779345062340649, ""fidelity_valid"": 1, ""idle_exposures"": 0.0, ""log_atom_transfer"": -0.8484242828788371, ""log_coherence_linear"": -0.23692582709362797, ""log_fidelity"": -2.227538377237805, ""log_idle_excitation"": -0.0, ""move_batches"": 364.0, ""move_time_us"": 34773.6042322768, ""seed_status"": [{""seed"": 0, ""status"": ""success""}], ""transfers"": 848.0, ""valid"": 1}","{""N"": 1, ""complete"": true, ""complete_fidelity"": true, ""fidelity"": 0.10610307199399976, ""fidelity_valid"": 1, ""idle_exposures"": 0.0, ""log_atom_transfer"": -0.8604302868818395, ""log_coherence_linear"": -0.24072572587357133, ""log_fidelity"": -2.2433442800207506, ""log_idle_excitation"": -0.0, ""move_batches"": 364.0, ""move_time_us"": 35482.26083376361, ""seed_status"": [{""seed"": 0, ""status"": ""success""}], ""transfers"": 860.0, ""valid"": 1}","{""N"": 3, ""complete"": true, ""complete_fidelity"": true, ""fidelity"": 0.10465595350084454, ""fidelity_valid"": 3, ""idle_exposures"": 133.0, ""log_atom_transfer"": -0.5962981988157865, ""log_coherence_linear"": -0.18567415697722178, ""log_fidelity"": -2.2570769420681054, ""log_idle_excitation"": -0.33291631900975743, ""move_batches"": 273.0, ""move_time_us"": 28206.84105595952, ""seed_status"": [{""seed"": 0, ""status"": ""success""}, {""seed"": 1, ""status"": ""success""}, {""seed"": 2, ""status"": ""success""}], ""transfers"": 596.0, ""valid"": 3}",True
qmap154,adr4_197,3a59691f2cef465889098b3e1fe8dfc1073bdb63f046979516e9ca7612614be8,13,2786,1498,"{""N"": 1, ""complete"": true, ""complete_fidelity"": true, ""fidelity"": 1.0601717374804554e-08, ""fidelity_valid"": 1, ""idle_exposures"": 0.0, ""log_atom_transfer"": -6.179090060211908, ""log_coherence_linear"": -3.838446725499849, ""log_fidelity"": -18.36224983246065, ""log_idle_excitation"": -0.0, ""move_batches"": 2620.0, ""move_time_us"": 256718.7949149563, ""seed_status"": [{""seed"": 0, ""status"": ""success""}], ""transfers"": 6176.0, ""valid"": 1}","{""N"": 1, ""complete"": true, ""complete_fidelity"": true, ""fidelity"": 1.0694494803608008e-08, ""fidelity_valid"": 1, ""idle_exposures"": 0.0, ""log_atom_transfer"": -6.187094062880576, ""log_coherence_linear"": -3.8217296225875534, ""log_fidelity"": -18.353536732217023, ""log_idle_excitation"": -0.0, ""move_batches"": 2603.0, ""move_time_us"": 255031.3795996679, ""seed_status"": [{""seed"": 0, ""status"": ""success""}], ""transfers"": 6184.0, ""valid"": 1}","{""N"": 3, ""complete"": true, ""complete_fidelity"": true, ""fidelity"": 1.4819200519097689e-08, ""fidelity_valid"": 3, ""idle_exposures"": 982.0, ""log_atom_transfer"": -4.366183455758544, ""log_coherence_linear"": -2.8416263717706016, ""log_fidelity"": -18.02734216461339, ""log_idle_excitation"": -2.4580738741923445, ""move_batches"": 1968.0, ""move_time_us"": 200086.7610138077, ""seed_status"": [{""seed"": 0, ""status"": ""success""}, {""seed"": 1, ""status"": ""success""}, {""seed"": 2, ""status"": ""success""}], ""transfers"": 4364.0, ""valid"": 3}",True
qmap154,aj-e11_165,a35a0cb5a5e80b130e60fa4e26dfdd940ac110073cf1e447d5f32ea63e0902b2,5,128,69,"{""N"": 1, ""complete"": true, ""complete_fidelity"": true, ""fidelity"": 0.485842074840411, ""fidelity_valid"": 1, ""idle_exposures"": 0.0, ""log_atom_transfer"": -0.28014009340338963, ""log_coherence_linear"": -0.05746041639681619, ""log_fidelity"": -0.7218716567770166, ""log_idle_excitation"": -0.0, ""move_batches"": 131.0, ""move_time_us"": 12797.837054258944, ""seed_status"": [{""seed"": 0, ""status"": ""success""}], ""transfers"": 280.0, ""valid"": 1}","{""N"": 1, ""complete"": true, ""complete_fidelity"": true, ""fidelity"": 0.48487178543538173, ""fidelity_valid"": 1, ""idle_exposures"": 0.0, ""log_atom_transfer"": -0.2841420947377238, ""log_coherence_linear"": -0.05545754120641239, ""log_fidelity"": -0.723870782920947, ""log_idle_excitation"": -0.0, ""move_batches"": 127.0, ""move_time_us"": 12059.73098745516, ""seed_status"": [{""seed"": 0, ""status"": ""success""}], ""transfers"": 284.0, ""valid"": 1}","{""N"": 3, ""complete"": true, ""complete_fidelity"": true, ""fidelity"": 0.48355088835157856, ""fidelity_valid"": 3, ""idle_exposures"": 49.0, ""log_atom_transfer"": -0.1800900600450362, ""log_coherence_linear"": -0.03958413196596474, ""log_fidelity"": -0.7265987196756171, ""log_idle_excitation"": -0.12265338068780537, ""move_batches"": 85.0, ""move_time_us"": 8338.971941055754, ""seed_status"": [{""seed"": 0, ""status"": ""success""}, {""seed"": 1, ""status"": ""success""}, {""seed"": 2, ""status"": ""success""}], ""transfers"": 180.0, ""valid"": 3}",True
qmap154,alu-bdd_288,13f4bceb146bbcba79157a59457fb4180968dfbf0e27e986fd3a79153e3c761d,7,73,38,"{""N"": 1, ""complete"": true, ""complete_fidelity"": true, ""fidelity"": 0.6551496903431628, ""fidelity_valid"": 1, ""idle_exposures"": 0.0, ""log_atom_transfer"": -0.16408205470769963, ""log_coherence_linear"": -0.046429604922416046, ""log_fidelity"": -0.422891534581944, ""log_idle_excitation"": -0.0, ""move_batches"": 72.0, ""move_time_us"": 7005.243285476675, ""seed_status"": [{""seed"": 0, ""status"": ""success""}], ""transfers"": 164.0, ""valid"": 1}","{""N"": 1, ""complete"": true, ""complete_fidelity"": true, ""fidelity"": 0.6549797512121575, ""fidelity_valid"": 1, ""idle_exposures"": 0.0, ""log_atom_transfer"": -0.16408205470769963, ""log_coherence_linear"": -0.04668902834512263, ""log_fidelity"": -0.4231509580046506, ""log_idle_excitation"": -0.0, ""move_batches"": 71.0, ""move_time_us"": 7060.4654913555805, ""seed_status"": [{""seed"": 0, ""status"": ""success""}], ""transfers"": 164.0, ""valid"": 1}","{""N"": 3, ""complete"": true, ""complete_fidelity"": true, ""fidelity"": 0.6553138432130609, ""fidelity_valid"": 3, ""idle_exposures"": 26.0, ""log_atom_transfer"": -0.11005503669418878, ""log_coherence_linear"": -0.03512471084186211, ""log_fidelity"": -0.42264100815895966, ""log_idle_excitation"": -0.0650813856710804, ""move_batches"": 49.0, ""move_time_us"": 5042.429377730769, ""seed_status"": [{""seed"": 0, ""status"": ""success""}, {""seed"": 1, ""status"": ""success""}, {""seed"": 2, ""status"": ""success""}], ""transfers"": 110.0, ""valid"": 3}",True
qmap154,alu-v0_26,ce47031e36a06fb4b5256a25a448d4bcf007a6037c20645310dce86c4bd08620,5,70,38,"{""N"": 1, ""complete"": true, ""complete_fidelity"": true, ""fidelity"": 0.6686202371022227, ""fidelity_valid"": 1, ""idle_exposures"": 0.0, ""log_atom_transfer"": -0.1600800533733655, ""log_coherence_linear"": -0.030979244279521555, ""log_fidelity"": -0.4025390375777094, ""log_idle_excitation"": -0.0, ""move_batches"": 73.0, ""move_time_us"": 6929.874907013938, ""seed_status"": [{""seed"": 0, ""status"": ""success""}], ""transfers"": 160.0, ""valid"": 1}","{""N"": 1, ""complete"": true, ""complete_fidelity"": true, ""fidelity"": 0.668417329393995, ""fidelity_valid"": 1, ""idle_exposures"": 0.0, ""log_atom_transfer"": -0.1600800533733655, ""log_coherence_linear"": -0.031282762617180895, ""log_fidelity"": -0.40284255591536877, ""log_idle_excitation"": -0.0, ""move_batches"": 72.0, ""move_time_us"": 6916.365237425854, ""seed_status"": [{""seed"": 0, ""status"": ""success""}], ""transfers"": 160.0, ""valid"": 1}","{""N"": 3, ""complete"": true, ""complete_fidelity"": true, ""fidelity"": 0.6652863232329731, ""fidelity_valid"": 3, ""idle_exposures"": 24.0, ""log_atom_transfer"": -0.11205603736135585, ""log_coherence_linear"": -0.023926867217568638, ""log_fidelity"": -0.4075377697385903, ""log_idle_excitation"": -0.06007512523484344, ""move_batches"": 52.0, ""move_time_us"": 5441.671048282003, ""seed_status"": [{""seed"": 0, ""status"": ""success""}, {""seed"": 1, ""status"": ""success""}, {""seed"": 2, ""status"": ""success""}], ""transfers"": 112.0, ""valid"": 3}",True
qmap154,alu-v0_27,68e9a8451b3ea56f9d1e2f1c4ca665dc2432ed849ff554148d57480c48d3774f,5,31,17,"{""N"": 1, ""complete"": true, ""complete_fidelity"": true, ""fidelity"": 0.8285210101807691, ""fidelity_valid"": 1, ""idle_exposures"": 0.0, ""log_atom_transfer"": -0.08004002668668275, ""log_coherence_linear"": -0.013558450170195772, ""log_fidelity"": -0.18811308313619315, ""log_idle_excitation"": -0.0, ""move_batches"": 32.0, ""move_time_us"": 3061.4708085342622, ""seed_status"": [{""seed"": 0, ""status"": ""success""}], ""transfers"": 80.0, ""valid"": 1}","{""N"": 1, ""complete"": true, ""complete_fidelity"": true, ""fidelity"": 0.8289120279825818, ""fidelity_valid"": 1, ""idle_exposures"": 0.0, ""log_atom_transfer"": -0.08004002668668275, ""log_coherence_linear"": -0.013086614747510755, ""log_fidelity"": -0.18764124771350812, ""log_idle_excitation"": -0.0, ""move_batches"": 30.0, ""move_time_us"": 2868.2968424252003, ""seed_status"": [{""seed"": 0, ""status"": ""success""}], ""transfers"": 80.0, ""valid"": 1}","{""N"": 3, ""complete"": true, ""complete_fidelity"": true, ""fidelity"": 0.8308608654608615, ""fidelity_valid"": 3, ""idle_exposures"": 12.0, ""log_atom_transfer"": -0.05002501667917672, ""log_coherence_linear"": -0.010715742820456026, ""log_fidelity"": -0.1852929283963691, ""log_idle_excitation"": -0.03003756261742172, ""move_batches"": 22.0, ""move_time_us"": 2277.086191688478, ""seed_status"": [{""seed"": 0, ""status"": ""success""}, {""seed"": 1, ""status"": ""success""}, {""seed"": 2, ""status"": ""success""}], ""transfers"": 50.0, ""valid"": 3}",True
qmap154,alu-v1_28,7a422c31684da3e6854600d1c69901b391b2a7ddcf39fc3caada4e1000f7d33e,5,34,18,"{""N"": 1, ""complete"": true, ""complete_fidelity"": true, ""fidelity"": 0.8231297774714176, ""fidelity_valid"": 1, ""idle_exposures"": 0.0, ""log_atom_transfer"": -0.08004002668668275, ""log_coherence_linear"": -0.014174092619383905, ""log_fidelity"": -0.19464140243593156, ""log_idle_excitation"": -0.0, ""move_batches"": 32.0, ""move_time_us"": 3068.635271594532, ""seed_status"": [{""seed"": 0, ""status"": ""success""}], ""transfers"": 80.0, ""valid"": 1}","{""N"": 1, ""complete"": true, ""complete_fidelity"": true, ""fidelity"": 0.8236783345442589, ""fidelity_valid"": 1, ""idle_exposures"": 0.0, ""log_atom_transfer"": -0.08004002668668275, ""log_coherence_linear"": -0.01350788616930917, ""log_fidelity"": -0.1939751959858568, ""log_idle_excitation"": -0.0, ""move_batches"": 30.0, ""move_time_us"": 2869.325829159886, ""seed_status"": [{""seed"": 0, ""status"": ""success""}], ""transfers"": 80.0, ""valid"": 1}","{""N"": 3, ""complete"": true, ""complete_fidelity"": true, ""fidelity"": 0.8260442647254231, ""fidelity_valid"": 3, ""idle_exposures"": 11.0, ""log_atom_transfer"": -0.05202601734634379, ""log_coherence_linear"": -0.011119184765539704, ""log_fidelity"": -0.19110691764105164, ""log_idle_excitation"": -0.027534432399303248, ""move_batches"": 23.0, ""move_time_us"": 2289.811004405374, ""seed_status"": [{""seed"": 0, ""status"": ""success""}, {""seed"": 1, ""status"": ""success""}, {""seed"": 2, ""status"": ""success""}], ""transfers"": 52.0, ""valid"": 3}",True
qmap154,alu-v1_29,f4b1830ec59011bb4fe7f2f552e3806d7023f74c8b0fd7e7126a5399b35ceca3,5,31,17,"{""N"": 1, ""complete"": true, ""complete_fidelity"": true, ""fidelity"": 0.8285159177368961, ""fidelity_valid"": 1, ""idle_exposures"": 0.0, ""log_atom_transfer"": -0.08004002668668275, ""log_coherence_linear"": -0.013564596616043941, ""log_fidelity"": -0.18811922958204133, ""log_idle_excitation"": -0.0, ""move_batches"": 32.0, ""move_time_us"": 3063.3097477521756, ""seed_status"": [{""seed"": 0, ""status"": ""success""}], ""transfers"": 80.0, ""valid"": 1}","{""N"": 1, ""complete"": true, ""complete_fidelity"": true, ""fidelity"": 0.8289224271679358, ""fidelity_valid"": 1, ""idle_exposures"": 0.0, ""log_atom_transfer"": -0.08004002668668275, ""log_coherence_linear"": -0.013074069242352517, ""log_fidelity"": -0.1876287022083499, ""log_idle_excitation"": -0.0, ""move_batches"": 30.0, ""move_time_us"": 2864.5430239856755, ""seed_status"": [{""seed"": 0, ""status"": ""success""}], ""transfers"": 80.0, ""valid"": 1}","{""N"": 3, ""complete"": true, ""complete_fidelity"": true, ""fidelity"": 0.8328552931836507, ""fidelity_valid"": 3, ""idle_exposures"": 12.0, ""log_atom_transfer"": -0.048024016012009646, ""log_coherence_linear"": -0.01031918466389575, ""log_fidelity"": -0.18289536957264174, ""log_idle_excitation"": -0.03003756261742172, ""move_batches"": 21.0, ""move_time_us"": 2100.0086380992957, ""seed_status"": [{""seed"": 0, ""status"": ""success""}, {""seed"": 1, ""status"": ""success""}, {""seed"": 2, ""status"": ""success""}], ""transfers"": 48.0, ""valid"": 3}",True
qmap154,alu-v2_30,4f2d6f098c8b76352c45f0551f747e1f012bca552b5eb3dc8ae60ff0418b3c43,6,409,221,"{""N"": 1, ""complete"": true, ""complete_fidelity"": true, ""fidelity"": 0.0938848195612532, ""fidelity_valid"": 1, ""idle_exposures"": 0.0, ""log_atom_transfer"": -0.9204603068968517, ""log_coherence_linear"": -0.2147361132696674, ""log_fidelity"": -2.3656865718516213, ""log_idle_excitation"": -0.0, ""move_batches"": 397.0, ""move_time_us"": 37475.14111206235, ""seed_status"": [{""seed"": 0, ""status"": ""success""}], ""transfers"": 920.0, ""valid"": 1}","{""N"": 1, ""complete"": true, ""complete_fidelity"": true, ""fidelity"": 0.09390777422713913, ""fidelity_valid"": 1, ""idle_exposures"": 0.0, ""log_atom_transfer"": -0.9204603068968517, ""log_coherence_linear"": -0.214491644991796, ""log_fidelity"": -2.36544210357375, ""log_idle_excitation"": -0.0, ""move_batches"": 394.0, ""move_time_us"": 37207.81152602434, ""seed_status"": [{""seed"": 0, ""status"": ""success""}], ""transfers"": 920.0, ""valid"": 1}","{""N"": 3, ""complete"": true, ""complete_fidelity"": true, ""fidelity"": 0.09014131347512333, ""fidelity_valid"": 3, ""idle_exposures"": 146.0, ""log_atom_transfer"": -0.6463232154949632, ""log_coherence_linear"": -0.1650790930312651, ""log_fidelity"": -2.406376690324541, ""log_idle_excitation"": -0.3654570118452976, ""move_batches"": 292.0, ""move_time_us"": 29880.03689650336, ""seed_status"": [{""seed"": 0, ""status"": ""success""}, {""seed"": 1, ""status"": ""success""}, {""seed"": 2, ""status"": ""success""}], ""transfers"": 646.0, ""valid"": 3}",True
qmap154,alu-v2_31,e88e32620ce6fb291b6b742761a195ada2487c3a63177d4cb5041b1265b848a3,5,368,198,"{""N"": 1, ""complete"": true, ""complete_fidelity"": true, ""fidelity"": 0.12425955446226541, ""fidelity_valid"": 1, ""idle_exposures"": 0.0, ""log_atom_transfer"": -0.8284142762071665, ""log_coherence_linear"": -0.15406859929955255, ""log_fidelity"": -2.085382719881221, ""log_idle_excitation"": -0.0, ""move_batches"": 351.0, ""move_time_us"": 32904.01203717397, ""seed_status"": [{""seed"": 0, ""status"": ""success""}], ""transfers"": 828.0, ""valid"": 1}","{""N"": 1, ""complete"": true, ""complete_fidelity"": true, ""fidelity"": 0.12441320771749874, ""fidelity_valid"": 1, ""idle_exposures"": 0.0, ""log_atom_transfer"": -0.8284142762071665, ""log_coherence_linear"": -0.15283281236863994, ""log_fidelity"": -2.084146932950308, ""log_idle_excitation"": -0.0, ""move_batches"": 345.0, ""move_time_us"": 32297.584724046716, ""seed_status"": [{""seed"": 0, ""status"": ""success""}], ""transfers"": 828.0, ""valid"": 1}","{""N"": 3, ""complete"": true, ""complete_fidelity"": true, ""fidelity"": 0.12077535724979412, ""fidelity_valid"": 3, ""idle_exposures"": 132.0, ""log_atom_transfer"": -0.5582791861396121, ""log_coherence_linear"": -0.12223079126227876, ""log_fidelity"": -2.113823010568032, ""log_idle_excitation"": -0.33041318879163895, ""move_batches"": 256.0, ""move_time_us"": 26647.92121692785, ""seed_status"": [{""seed"": 0, ""status"": ""success""}, {""seed"": 1, ""status"": ""success""}, {""seed"": 2, ""status"": ""success""}], ""transfers"": 558.0, ""valid"": 3}",True
qmap154,alu-v2_32,53aa97a2f504590ddcf752e24f189501d8300245aff42164ec7a7191a327b3bc,5,135,72,"{""N"": 1, ""complete"": true, ""complete_fidelity"": true, ""fidelity"": 0.4657670014178625, ""fidelity_valid"": 1, ""idle_exposures"": 0.0, ""log_atom_transfer"": -0.30415210140939447, ""log_coherence_linear"": -0.05850857793417602, ""log_fidelity"": -0.764069766854028, ""log_idle_excitation"": -0.0, ""move_batches"": 136.0, ""move_time_us"": 12889.574640797502, ""seed_status"": [{""seed"": 0, ""status"": ""success""}], ""transfers"": 304.0, ""valid"": 1}","{""N"": 1, ""complete"": true, ""complete_fidelity"": true, ""fidelity"": 0.464581680390117, ""fidelity_valid"": 1, ""idle_exposures"": 0.0, ""log_atom_transfer"": -0.30815410274372856, ""log_coherence_linear"": -0.057054700098642025, ""log_fidelity"": -0.7666178903528281, ""log_idle_excitation"": -0.0, ""move_batches"": 130.0, ""move_time_us"": 12314.4239072686, ""seed_status"": [{""seed"": 0, ""status"": ""success""}], ""transfers"": 308.0, ""valid"": 1}","{""N"": 3, ""complete"": true, ""complete_fidelity"": true, ""fidelity"": 0.46415137444687316, ""fidelity_valid"": 3, ""idle_exposures"": 47.0, ""log_atom_transfer"": -0.204102068051041, ""log_coherence_linear"": -0.044386266114816254, ""log_fidelity"": -0.7675445419278832, ""log_idle_excitation"": -0.11764712025156841, ""move_batches"": 94.0, ""move_time_us"": 9890.671904715946, ""seed_status"": [{""seed"": 0, ""status"": ""success""}, {""seed"": 1, ""status"": ""success""}, {""seed"": 2, ""status"": ""success""}], ""transfers"": 204.0, ""valid"": 3}",True
qmap154,alu-v2_33,fe1d0e3dd99cc2fa7f2e2fcac9431aed035eea231c658fd07b119549b2c9925f,5,31,17,"{""N"": 1, ""complete"": true, ""complete_fidelity"": true, ""fidelity"": 0.8269509838234843, ""fidelity_valid"": 1, ""idle_exposures"": 0.0, ""log_atom_transfer"": -0.08004002668668275, ""log_coherence_linear"": -0.015455222611751931, ""log_fidelity"": -0.19000985557774933, ""log_idle_excitation"": -0.0, ""move_batches"": 34.0, ""move_time_us"": 3628.8467812787994, ""seed_status"": [{""seed"": 0, ""status"": ""success""}], ""transfers"": 80.0, ""valid"": 1}","{""N"": 1, ""complete"": true, ""complete_fidelity"": true, ""fidelity"": 0.8275560719967991, ""fidelity_valid"": 1, ""idle_exposures"": 0.0, ""log_atom_transfer"": -0.08004002668668275, ""log_coherence_linear"": -0.01472378033936818, ""log_fidelity"": -0.18927841330536557, ""log_idle_excitation"": -0.0, ""move_batches"": 31.0, ""move_time_us"": 3358.0753284460984, ""seed_status"": [{""seed"": 0, ""status"": ""success""}], ""transfers"": 80.0, ""valid"": 1}","{""N"": 3, ""complete"": true, ""complete_fidelity"": true, ""fidelity"": 0.8313436062368811, ""fidelity_valid"": 3, ""idle_exposures"": 12.0, ""log_atom_transfer"": -0.05002501667917672, ""log_coherence_linear"": -0.010134898769304113, ""log_fidelity"": -0.1847120843452172, ""log_idle_excitation"": -0.03003756261742172, ""move_batches"": 22.0, ""move_time_us"": 2257.256944498329, ""seed_status"": [{""seed"": 0, ""status"": ""success""}, {""seed"": 1, ""status"": ""success""}, {""seed"": 2, ""status"": ""success""}], ""transfers"": 50.0, ""valid"": 3}",True
qmap154,alu-v3_34,d25f1e6ffaf065bfaada147783bc65850a972bf0e1d238430518d6f2f854fcc2,5,46,24,"{""N"": 1, ""complete"": true, ""complete_fidelity"": true, ""fidelity"": 0.7727234519237015, ""fidelity_valid"": 1, ""idle_exposures"": 0.0, ""log_atom_transfer"": -0.10405203469268758, ""log_coherence_linear"": -0.01967894501180952, ""log_fidelity"": -0.2578340538836516, ""log_idle_excitation"": -0.0, ""move_batches"": 46.0, ""move_time_us"": 4337.640471687405, ""seed_status"": [{""seed"": 0, ""status"": ""success""}], ""transfers"": 104.0, ""valid"": 1}","{""N"": 1, ""complete"": true, ""complete_fidelity"": true, ""fidelity"": 0.7724647877620324, ""fidelity_valid"": 1, ""idle_exposures"": 0.0, ""log_atom_transfer"": -0.10405203469268758, ""log_coherence_linear"": -0.02001374456236514, ""log_fidelity"": -0.25816885343420726, ""log_idle_excitation"": -0.0, ""move_batches"": 46.0, ""move_time_us"": 4385.682453107629, ""seed_status"": [{""seed"": 0, ""status"": ""success""}], ""transfers"": 104.0, ""valid"": 1}","{""N"": 3, ""complete"": true, ""complete_fidelity"": true, ""fidelity"": 0.769871232304326, ""fidelity_valid"": 3, ""idle_exposures"": 17.0, ""log_atom_transfer"": -0.07003502335084741, ""log_coherence_linear"": -0.01530004077161207, ""log_fidelity"": -0.26153200889263506, ""log_idle_excitation"": -0.042553213708014105, ""move_batches"": 32.0, ""move_time_us"": 3243.9967937423503, ""seed_status"": [{""seed"": 0, ""status"": ""success""}, {""seed"": 1, ""status"": ""success""}, {""seed"": 2, ""status"": ""success""}], ""transfers"": 70.0, ""valid"": 3}",True
qmap154,alu-v3_35,8005c69009fdf9618f28c60c160a00e576cac183c5a275d2382af5d76f812b14,5,31,18,"{""N"": 1, ""complete"": true, ""complete_fidelity"": true, ""fidelity"": 0.8206205846656462, ""fidelity_valid"": 1, ""idle_exposures"": 0.0, ""log_atom_transfer"": -0.08404202802101689, ""log_coherence_linear"": -0.014125238268810111, ""log_fidelity"": -0.19769441439268592, ""log_idle_excitation"": -0.0, ""move_batches"": 34.0, ""move_time_us"": 3242.819722750612, ""seed_status"": [{""seed"": 0, ""status"": ""success""}], ""transfers"": 84.0, ""valid"": 1}","{""N"": 1, ""complete"": true, ""complete_fidelity"": true, ""fidelity"": 0.8209995016839294, ""fidelity_valid"": 1, ""idle_exposures"": 0.0, ""log_atom_transfer"": -0.08404202802101689, ""log_coherence_linear"": -0.013663600368344402, ""log_fidelity"": -0.1972327764922202, ""log_idle_excitation"": -0.0, ""move_batches"": 32.0, ""move_time_us"": 3052.7126701052516, ""seed_status"": [{""seed"": 0, ""status"": ""success""}], ""transfers"": 84.0, ""valid"": 1}","{""N"": 3, ""complete"": true, ""complete_fidelity"": true, ""fidelity"": 0.8226687026613304, ""fidelity_valid"": 3, ""idle_exposures"": 13.0, ""log_atom_transfer"": -0.05202601734634379, ""log_coherence_linear"": -0.011107849471330379, ""log_fidelity"": -0.1952017077560733, ""log_idle_excitation"": -0.0325406928355402, ""move_batches"": 23.0, ""move_time_us"": 2348.2464029940106, ""seed_status"": [{""seed"": 0, ""status"": ""success""}, {""seed"": 1, ""status"": ""success""}, {""seed"": 2, ""status"": ""success""}], ""transfers"": 52.0, ""valid"": 3}",True
qmap154,alu-v4_36,3851a8b648aa151f77e4ada800ff214766541778f2026981a67f714d6816d18a,5,93,49,"{""N"": 1, ""complete"": true, ""complete_fidelity"": true, ""fidelity"": 0.5914248072164432, ""fidelity_valid"": 1, ""idle_exposures"": 0.0, ""log_atom_transfer"": -0.21210607071970927, ""log_coherence_linear"": -0.03959591993765849, ""log_fidelity"": -0.5252207258482231, ""log_idle_excitation"": -0.0, ""move_batches"": 92.0, ""move_time_us"": 8642.229948709355, ""seed_status"": [{""seed"": 0, ""status"": ""success""}], ""transfers"": 212.0, ""valid"": 1}","{""N"": 1, ""complete"": true, ""complete_fidelity"": true, ""fidelity"": 0.591527142487021, ""fidelity_valid"": 1, ""idle_exposures"": 0.0, ""log_atom_transfer"": -0.21210607071970927, ""log_coherence_linear"": -0.03942290315391056, ""log_fidelity"": -0.5250477090644752, ""log_idle_excitation"": -0.0, ""move_batches"": 91.0, ""move_time_us"": 8538.733446611712, ""seed_status"": [{""seed"": 0, ""status"": ""success""}], ""transfers"": 212.0, ""valid"": 1}","{""N"": 3, ""complete"": true, ""complete_fidelity"": true, ""fidelity"": 0.5891022717638499, ""fidelity_valid"": 3, ""idle_exposures"": 35.0, ""log_atom_transfer"": -0.13806904603452774, ""log_coherence_linear"": -0.029958135272661158, ""log_fidelity"": -0.5291554741321909, ""log_idle_excitation"": -0.0876095576341467, ""move_batches"": 63.0, ""move_time_us"": 6186.253074857907, ""seed_status"": [{""seed"": 0, ""status"": ""success""}, {""seed"": 1, ""status"": ""success""}, {""seed"": 2, ""status"": ""success""}], ""transfers"": 138.0, ""valid"": 3}",True
qmap154,alu-v4_37,e0dd04c87b06b77340c2ea5884b0d7aa8c08bc173a7ad4a394604075fca77d6e,5,31,18,"{""N"": 1, ""complete"": true, ""complete_fidelity"": true, ""fidelity"": 0.8206205846656462, ""fidelity_valid"": 1, ""idle_exposures"": 0.0, ""log_atom_transfer"": -0.08404202802101689, ""log_coherence_linear"": -0.014125238268810111, ""log_fidelity"": -0.19769441439268592, ""log_idle_excitation"": -0.0, ""move_batches"": 34.0, ""move_time_us"": 3242.819722750612, ""seed_status"": [{""seed"": 0, ""status"": ""success""}], ""transfers"": 84.0, ""valid"": 1}","{""N"": 1, ""complete"": true, ""complete_fidelity"": true, ""fidelity"": 0.8210079178006117, ""fidelity_valid"": 1, ""idle_exposures"": 0.0, ""log_atom_transfer"": -0.08404202802101689, ""log_coherence_linear"": -0.01365334935902187, ""log_fidelity"": -0.19722252548289768, ""log_idle_excitation"": -0.0, ""move_batches"": 32.0, ""move_time_us"": 3049.64575664155, ""seed_status"": [{""seed"": 0, ""status"": ""success""}], ""transfers"": 84.0, ""valid"": 1}","{""N"": 3, ""complete"": true, ""complete_fidelity"": true, ""fidelity"": 0.8226687026613304, ""fidelity_valid"": 3, ""idle_exposures"": 13.0, ""log_atom_transfer"": -0.05202601734634379, ""log_coherence_linear"": -0.011107849471330379, ""log_fidelity"": -0.1952017077560733, ""log_idle_excitation"": -0.0325406928355402, ""move_batches"": 23.0, ""move_time_us"": 2348.2464029940106, ""seed_status"": [{""seed"": 0, ""status"": ""success""}, {""seed"": 1, ""status"": ""success""}, {""seed"": 2, ""status"": ""success""}], ""transfers"": 52.0, ""valid"": 3}",True
qmap154,clip_206,061b2a34f02d68d66f40b60624ac224b6594505d785938da624cb18f9863a304,14,27438,14772,"{""N"": 1, ""complete"": true, ""complete_fidelity"": false, ""fidelity"": null, ""fidelity_valid"": 0, ""idle_exposures"": 0.0, ""log_atom_transfer"": null, ""log_coherence_linear"": null, ""log_fidelity"": null, ""log_idle_excitation"": null, ""move_batches"": 25847.0, ""move_time_us"": 2546583.5538859754, ""seed_status"": [{""seed"": 0, ""status"": ""success""}], ""transfers"": 60816.0, ""valid"": 1}","{""N"": 1, ""complete"": true, ""complete_fidelity"": false, ""fidelity"": null, ""fidelity_valid"": 0, ""idle_exposures"": 0.0, ""log_atom_transfer"": null, ""log_coherence_linear"": null, ""log_fidelity"": null, ""log_idle_excitation"": null, ""move_batches"": 25244.0, ""move_time_us"": 2480444.895936986, ""seed_status"": [{""seed"": 0, ""status"": ""success""}], ""transfers"": 60888.0, ""valid"": 1}","{""N"": 3, ""complete"": true, ""complete_fidelity"": false, ""fidelity"": null, ""fidelity_valid"": 0, ""idle_exposures"": 12725.0, ""log_atom_transfer"": null, ""log_coherence_linear"": null, ""log_fidelity"": null, ""log_idle_excitation"": null, ""move_batches"": 19681.0, ""move_time_us"": 2027652.9337547459, ""seed_status"": [{""seed"": 0, ""status"": ""success""}, {""seed"": 1, ""status"": ""success""}, {""seed"": 2, ""status"": ""success""}], ""transfers"": 44508.0, ""valid"": 3}",False
qmap154,cm152a_212,4e61ebc66c256a3be3411259d4f7e555e5e410065ebfac0dfa43079072b7b0d3,12,996,532,"{""N"": 1, ""complete"": true, ""complete_fidelity"": true, ""fidelity"": 0.0018196212240130219, ""fidelity_valid"": 1, ""idle_exposures"": 0.0, ""log_atom_transfer"": -2.201100733883776, ""log_coherence_linear"": -1.1425091052519725, ""log_fidelity"": -6.309126918227293, ""log_idle_excitation"": -0.0, ""move_batches"": 952.0, ""move_time_us"": 91454.07285848694, ""seed_status"": [{""seed"": 0, ""status"": ""success""}], ""transfers"": 2200.0, ""valid"": 1}","{""N"": 1, ""complete"": true, ""complete_fidelity"": true, ""fidelity"": 0.0017955598591295491, ""fidelity_valid"": 1, ""idle_exposures"": 0.0, ""log_atom_transfer"": -2.2051027352181096, ""log_coherence_linear"": -1.1518185921261783, ""log_fidelity"": -6.3224384064358325, ""log_idle_excitation"": -0.0, ""move_batches"": 956.0, ""move_time_us"": 92412.60748574004, ""seed_status"": [{""seed"": 0, ""status"": ""success""}], ""transfers"": 2204.0, ""valid"": 1}","{""N"": 3, ""complete"": true, ""complete_fidelity"": true, ""fidelity"": 0.0019125024769378568, ""fidelity_valid"": 3, ""idle_exposures"": 346.0, ""log_atom_transfer"": -1.544772515052977, ""log_coherence_linear"": -0.8854879731150249, ""log_fidelity"": -6.259342697133516, ""log_idle_excitation"": -0.866083055468993, ""move_batches"": 702.0, ""move_time_us"": 73092.05018234509, ""seed_status"": [{""seed"": 0, ""status"": ""success""}, {""seed"": 1, ""status"": ""success""}, {""seed"": 2, ""status"": ""success""}], ""transfers"": 1544.0, ""valid"": 3}",True
qmap154,cm42a_207,d800bdc1387d38e9d43ce4de7c660bcce7f9dfc81455c7ac955f18408479de3d,14,1433,771,"{""N"": 1, ""complete"": true, ""complete_fidelity"": true, ""fidelity"": 8.740155504028818e-05, ""fidelity_valid"": 1, ""idle_exposures"": 0.0, ""log_atom_transfer"": -3.1295650434492956, ""log_coherence_linear"": -1.9207981959362914, ""log_fidelity"": -9.344997483238087, ""log_idle_excitation"": -0.0, ""move_batches"": 1311.0, ""move_time_us"": 126664.64265861743, ""seed_status"": [{""seed"": 0, ""status"": ""success""}], ""transfers"": 3128.0, ""valid"": 1}","{""N"": 1, ""complete"": true, ""complete_fidelity"": true, ""fidelity"": 8.483590595870664e-05, ""fidelity_valid"": 1, ""idle_exposures"": 0.0, ""log_atom_transfer"": -3.1375690461179637, ""log_coherence_linear"": -1.9425883954882481, ""log_fidelity"": -9.374791685458712, ""log_idle_excitation"": -0.0, ""move_batches"": 1314.0, ""move_time_us"": 128290.95303427006, ""seed_status"": [{""seed"": 0, ""status"": ""success""}], ""transfers"": 3136.0, ""valid"": 1}","{""N"": 3, ""complete"": true, ""complete_fidelity"": true, ""fidelity"": 9.629392908787516e-05, ""fidelity_valid"": 3, ""idle_exposures"": 506.0, ""log_atom_transfer"": -2.19109573054794, ""log_coherence_linear"": -1.4957914180417842, ""log_fidelity"": -9.248105282810174, ""log_idle_excitation"": -1.2665838903679494, ""move_batches"": 987.0, ""move_time_us"": 102635.83750484063, ""seed_status"": [{""seed"": 0, ""status"": ""success""}, {""seed"": 1, ""status"": ""success""}, {""seed"": 2, ""status"": ""success""}], ""transfers"": 2190.0, ""valid"": 3}",True
qmap154,cm82a_208,8314441e90c48c8308a3339a2101e26dc418327808ac370bf91fb6603ef666dd,8,528,283,"{""N"": 1, ""complete"": true, ""complete_fidelity"": true, ""fidelity"": 0.04395406325046809, ""fidelity_valid"": 1, ""idle_exposures"": 0.0, ""log_atom_transfer"": -1.164582388291234, ""log_coherence_linear"": -0.383054718356771, ""log_fidelity"": -3.12461020746409, ""log_idle_excitation"": -0.0, ""move_batches"": 496.0, ""move_time_us"": 48436.27428226652, ""seed_status"": [{""seed"": 0, ""status"": ""success""}], ""transfers"": 1164.0, ""valid"": 1}","{""N"": 1, ""complete"": true, ""complete_fidelity"": true, ""fidelity"": 0.04387574263756171, ""fidelity_valid"": 1, ""idle_exposures"": 0.0, ""log_atom_transfer"": -1.164582388291234, ""log_coherence_linear"": -0.38483818201980197, ""log_fidelity"": -3.126393671127121, ""log_idle_excitation"": -0.0, ""move_batches"": 490.0, ""move_time_us"": 48546.64332938721, ""seed_status"": [{""seed"": 0, ""status"": ""success""}], ""transfers"": 1164.0, ""valid"": 1}","{""N"": 3, ""complete"": true, ""complete_fidelity"": true, ""fidelity"": 0.04256254312848372, ""fidelity_valid"": 3, ""idle_exposures"": 192.0, ""log_atom_transfer"": -0.8124062708698299, ""log_coherence_linear"": -0.28680030821054847, ""log_fidelity"": -3.156780681775211, ""log_idle_excitation"": -0.48060100187874755, ""move_batches"": 357.0, ""move_time_us"": 36875.64610792737, ""seed_status"": [{""seed"": 0, ""status"": ""success""}, {""seed"": 1, ""status"": ""success""}, {""seed"": 2, ""status"": ""success""}], ""transfers"": 812.0, ""valid"": 3}",True
qmap154,cm85a_209,f871046094dbfeb7bd70bf21bddd523ced39b7be53e1154e0c738126b6cc84ff,14,9264,4986,"{""N"": 1, ""complete"": true, ""complete_fidelity"": true, ""fidelity"": 3.1990584466244775e-34, ""fidelity_valid"": 1, ""idle_exposures"": 0.0, ""log_atom_transfer"": -20.402202802435433, ""log_coherence_linear"": -28.950683332695764, ""log_fidelity"": -77.12503663071746, ""log_idle_excitation"": -0.0, ""move_batches"": 8980.0, ""move_time_us"": 881709.0171431705, ""seed_status"": [{""seed"": 0, ""status"": ""success""}], ""transfers"": 20392.0, ""valid"": 1}","{""N"": 1, ""complete"": true, ""complete_fidelity"": true, ""fidelity"": 7.679990688283448e-34, ""fidelity_valid"": 1, ""idle_exposures"": 0.0, ""log_atom_transfer"": -20.422212809107105, ""log_coherence_linear"": -28.05491152240842, ""log_fidelity"": -76.2492748271018, ""log_idle_excitation"": -0.0, ""move_batches"": 8878.0, ""move_time_us"": 869166.549343304, ""seed_status"": [{""seed"": 0, ""status"": ""success""}], ""transfers"": 20412.0, ""valid"": 1}","{""N"": 3, ""complete"": true, ""complete_fidelity"": true, ""fidelity"": 1.526896399787831e-29, ""fidelity_valid"": 3, ""idle_exposures"": 3220.0, ""log_atom_transfer"": -14.61530887298827, ""log_coherence_linear"": -15.890184842893781, ""log_fidelity"": -66.35173051847998, ""log_idle_excitation"": -8.060079302341496, ""move_batches"": 6632.0, ""move_time_us"": 671340.4463615423, ""seed_status"": [{""seed"": 0, ""status"": ""success""}, {""seed"": 1, ""status"": ""success""}, {""seed"": 2, ""status"": ""success""}], ""transfers"": 14608.0, ""valid"": 3}",True
qmap154,cnt3-5_179,398986b61fc4e5e4d9d1098273673bfde3ca29c4c34a234df6b6c3bc60de3fac,16,130,75,"{""N"": 1, ""complete"": true, ""complete_fidelity"": true, ""fidelity"": 0.38697465517767526, ""fidelity_valid"": 1, ""idle_exposures"": 0.0, ""log_atom_transfer"": -0.34417211475273585, ""log_coherence_linear"": -0.19027747590509833, ""log_fidelity"": -0.9493960785939146, ""log_idle_excitation"": -0.0, ""move_batches"": 117.0, ""move_time_us"": 11810.456285125418, ""seed_status"": [{""seed"": 0, ""status"": ""success""}], ""transfers"": 344.0, ""valid"": 1}","{""N"": 1, ""complete"": true, ""complete_fidelity"": true, ""fidelity"": 0.390117345862929, ""fidelity_valid"": 1, ""idle_exposures"": 0.0, ""log_atom_transfer"": -0.36418212142440654, ""log_coherence_linear"": -0.16217908892729843, ""log_fidelity"": -0.9413076982877855, ""log_idle_excitation"": -0.0, ""move_batches"": 90.0, ""move_time_us"": 9119.833119122562, ""seed_status"": [{""seed"": 0, ""status"": ""success""}], ""transfers"": 364.0, ""valid"": 1}","{""N"": 3, ""complete"": true, ""complete_fidelity"": true, ""fidelity"": 0.3965715975982642, ""fidelity_valid"": 3, ""idle_exposures"": 51.0, ""log_atom_transfer"": -0.23211607739137996, ""log_coherence_linear"": -0.1481754730717694, ""log_fidelity"": -0.9248986801904392, ""log_idle_excitation"": -0.12765964112404232, ""move_batches"": 85.0, ""move_time_us"": 9500.929754031848, ""seed_status"": [{""seed"": 0, ""status"": ""success""}, {""seed"": 1, ""status"": ""success""}, {""seed"": 2, ""status"": ""success""}], ""transfers"": 232.0, ""valid"": 3}",True
qmap154,cnt3-5_180,5d572a80ef970ebda2c1a03568d33233b6101732d05e49d2e74bc63a1c1f2812,16,383,205,"{""N"": 1, ""complete"": true, ""complete_fidelity"": true, ""fidelity"": 0.07998999269046161, ""fidelity_valid"": 1, ""idle_exposures"": 0.0, ""log_atom_transfer"": -0.8604302868818395, ""log_coherence_linear"": -0.5229351443458821, ""log_fidelity"": -2.525853743502063, ""log_idle_excitation"": -0.0, ""move_batches"": 315.0, ""move_time_us"": 30626.16446155534, ""seed_status"": [{""seed"": 0, ""status"": ""success""}], ""transfers"": 860.0, ""valid"": 1}","{""N"": 1, ""complete"": true, ""complete_fidelity"": true, ""fidelity"": 0.07748627652789922, ""fidelity_valid"": 1, ""idle_exposures"": 0.0, ""log_atom_transfer"": -0.8684342895505078, ""log_coherence_linear"": -0.5467318335373444, ""log_fidelity"": -2.557654435362194, ""log_idle_excitation"": -0.0, ""move_batches"": 319.0, ""move_time_us"": 32489.523861964215, ""seed_status"": [{""seed"": 0, ""status"": ""success""}], ""transfers"": 868.0, ""valid"": 1}","{""N"": 3, ""complete"": true, ""complete_fidelity"": true, ""fidelity"": 0.08100289248461919, ""fidelity_valid"": 3, ""idle_exposures"": 149.0, ""log_atom_transfer"": -0.5722861908097816, ""log_coherence_linear"": -0.4250273801258896, ""log_fidelity"": -2.5132704152606173, ""log_idle_excitation"": -0.37296640249965307, ""move_batches"": 242.0, ""move_time_us"": 25710.38318409288, ""seed_status"": [{""seed"": 0, ""status"": ""success""}, {""seed"": 1, ""status"": ""success""}, {""seed"": 2, ""status"": ""success""}], ""transfers"": 572.0, ""valid"": 3}",True
qmap154,co14_215,ad531fd39cdc47fc29e5c2641e1df1875cbe7cb0b067c9bf22f2ac428ceb8119,15,14567,7840,"{""N"": 1, ""complete"": false, ""complete_fidelity"": false, ""fidelity"": null, ""fidelity_valid"": 0, ""idle_exposures"": null, ""log_atom_transfer"": null, ""log_coherence_linear"": null, ""log_fidelity"": null, ""log_idle_excitation"": null, ""move_batches"": null, ""move_time_us"": null, ""seed_status"": [{""seed"": 0, ""status"": ""verifier_fail""}], ""transfers"": null, ""valid"": 0}","{""N"": 1, ""complete"": true, ""complete_fidelity"": false, ""fidelity"": null, ""fidelity_valid"": 0, ""idle_exposures"": 0.0, ""log_atom_transfer"": null, ""log_coherence_linear"": null, ""log_fidelity"": null, ""log_idle_excitation"": null, ""move_batches"": 12441.0, ""move_time_us"": 1241620.0048584864, ""seed_status"": [{""seed"": 0, ""status"": ""success""}], ""transfers"": 32692.0, ""valid"": 1}","{""N"": 3, ""complete"": true, ""complete_fidelity"": false, ""fidelity"": null, ""fidelity_valid"": 0, ""idle_exposures"": 5295.0, ""log_atom_transfer"": null, ""log_coherence_linear"": null, ""log_fidelity"": null, ""log_idle_excitation"": null, ""move_batches"": 10254.0, ""move_time_us"": 1066453.8281947568, ""seed_status"": [{""seed"": 0, ""status"": ""success""}, {""seed"": 1, ""status"": ""success""}, {""seed"": 2, ""status"": ""success""}], ""transfers"": 23870.0, ""valid"": 3}",False
qmap154,con1_216,539b7b793a955583b075fc9fc5777a4c471092863a539f628fece84ebf0880c4,9,772,415,"{""N"": 1, ""complete"": true, ""complete_fidelity"": true, ""fidelity"": 0.009552121763997648, ""fidelity_valid"": 1, ""idle_exposures"": 0.0, ""log_atom_transfer"": -1.7048525684263425, ""log_coherence_linear"": -0.6342998027791886, ""log_fidelity"": -4.650991974925948, ""log_idle_excitation"": -0.0, ""move_batches"": 716.0, ""move_time_us"": 69296.44487612281, ""seed_status"": [{""seed"": 0, ""status"": ""success""}], ""transfers"": 1704.0, ""valid"": 1}","{""N"": 1, ""complete"": true, ""complete_fidelity"": true, ""fidelity"": 0.009477696036050937, ""fidelity_valid"": 1, ""idle_exposures"": 0.0, ""log_atom_transfer"": -1.7088545697606767, ""log_coherence_linear"": -0.6381198529435451, ""log_fidelity"": -4.658814026424639, ""log_idle_excitation"": -0.0, ""move_batches"": 715.0, ""move_time_us"": 69740.32762508177, ""seed_status"": [{""seed"": 0, ""status"": ""success""}], ""transfers"": 1708.0, ""valid"": 1}","{""N"": 3, ""complete"": true, ""complete_fidelity"": true, ""fidelity"": 0.009304132095131187, ""fidelity_valid"": 3, ""idle_exposures"": 272.0, ""log_atom_transfer"": -1.1945973982987401, ""log_coherence_linear"": -0.490008244848155, ""log_fidelity"": -4.677296666195538, ""log_idle_excitation"": -0.6808514193282257, ""move_batches"": 534.0, ""move_time_us"": 55447.652168867346, ""seed_status"": [{""seed"": 0, ""status"": ""success""}, {""seed"": 1, ""status"": ""success""}, {""seed"": 2, ""status"": ""success""}], ""transfers"": 1194.0, ""valid"": 3}",True
qmap154,cycle10_2_110,d0e9f326652454eb85d198aecf5ad7c0c22d1cd6f56afa8c33cecacfaf6bf9cd,12,4909,2644,"{""N"": 1, ""complete"": true, ""complete_fidelity"": true, ""fidelity"": 5.254905620910619e-15, ""fidelity_valid"": 1, ""idle_exposures"": 0.0, ""log_atom_transfer"": -10.909455637394858, ""log_coherence_linear"": -7.244077182571089, ""log_fidelity"": -32.879614350607824, ""log_idle_excitation"": -0.0, ""move_batches"": 4737.0, ""move_time_us"": 459184.83902388206, ""seed_status"": [{""seed"": 0, ""status"": ""success""}], ""transfers"": 10904.0, ""valid"": 1}","{""N"": 1, ""complete"": true, ""complete_fidelity"": true, ""fidelity"": 5.429051463555087e-15, ""fidelity_valid"": 1, ""idle_exposures"": 0.0, ""log_atom_transfer"": -10.929465644066529, ""log_coherence_linear"": -7.191464785943698, ""log_fidelity"": -32.847011960652104, ""log_idle_excitation"": -0.0, ""move_batches"": 4704.0, ""move_time_us"": 455054.30775117216, ""seed_status"": [{""seed"": 0, ""status"": ""success""}], ""transfers"": 10924.0, ""valid"": 1}","{""N"": 3, ""complete"": true, ""complete_fidelity"": true, ""fidelity"": 1.5540248825766017e-14, ""fidelity_valid"": 3, ""idle_exposures"": 1713.0, ""log_atom_transfer"": -7.721861574597718, ""log_coherence_linear"": -5.062040999486896, ""log_fidelity"": -31.79534303814532, ""log_idle_excitation"": -4.287862063636951, ""move_batches"": 3486.0, ""move_time_us"": 352404.800666866, ""seed_status"": [{""seed"": 0, ""status"": ""success""}, {""seed"": 1, ""status"": ""success""}, {""seed"": 2, ""status"": ""success""}], ""transfers"": 7718.0, ""valid"": 3}",True
qmap154,dc1_220,fe47d3bb3c105b7015909980311f733d2136e6caa20a9257201fd62f09832947,11,1549,833,"{""N"": 1, ""complete"": true, ""complete_fidelity"": true, ""fidelity"": 6.726652330118368e-05, ""fidelity_valid"": 1, ""idle_exposures"": 0.0, ""log_atom_transfer"": -3.345673115503339, ""log_coherence_linear"": -1.6209576965558707, ""log_fidelity"": -9.606847870015686, ""log_idle_excitation"": -0.0, ""move_batches"": 1431.0, ""move_time_us"": 137135.65975333267, ""seed_status"": [{""seed"": 0, ""status"": ""success""}], ""transfers"": 3344.0, ""valid"": 1}","{""N"": 1, ""complete"": true, ""complete_fidelity"": true, ""fidelity"": 6.497161387978134e-05, ""fidelity_valid"": 1, ""idle_exposures"": 0.0, ""log_atom_transfer"": -3.353677118172007, ""log_coherence_linear"": -1.6476659168673622, ""log_fidelity"": -9.641560092995846, ""log_idle_excitation"": -0.0, ""move_batches"": 1447.0, ""move_time_us"": 139778.72486819947, ""seed_status"": [{""seed"": 0, ""status"": ""success""}], ""transfers"": 3352.0, ""valid"": 1}","{""N"": 3, ""complete"": true, ""complete_fidelity"": true, ""fidelity"": 6.748883829601855e-05, ""fidelity_valid"": 3, ""idle_exposures"": 546.0, ""log_atom_transfer"": -2.3471737825869714, ""log_coherence_linear"": -1.2514493933675588, ""log_fidelity"": -9.60354833233653, ""log_idle_excitation"": -1.3667090990926885, ""move_batches"": 1068.0, ""move_time_us"": 110506.17540383672, ""seed_status"": [{""seed"": 0, ""status"": ""success""}, {""seed"": 1, ""status"": ""success""}, {""seed"": 2, ""status"": ""success""}], ""transfers"": 2346.0, ""valid"": 3}",True
qmap154,dc2_222,b6787eae10fc7c244a9b1621619d00f4646acefe46c270fedb276296d642a776,15,7677,4131,"{""N"": 1, ""complete"": false, ""complete_fidelity"": false, ""fidelity"": null, ""fidelity_valid"": 0, ""idle_exposures"": null, ""log_atom_transfer"": null, ""log_coherence_linear"": null, ""log_fidelity"": null, ""log_idle_excitation"": null, ""move_batches"": null, ""move_time_us"": null, ""seed_status"": [{""seed"": 0, ""status"": ""verifier_fail""}], ""transfers"": null, ""valid"": 0}","{""N"": 1, ""complete"": true, ""complete_fidelity"": true, ""fidelity"": 2.907413768550459e-26, ""fidelity_valid"": 1, ""idle_exposures"": 0.0, ""log_atom_transfer"": -16.99649966691708, ""log_coherence_linear"": -18.79319299706765, ""log_fidelity"": -58.79994847115447, ""log_idle_excitation"": -0.0, ""move_batches"": 7301.0, ""move_time_us"": 714167.6350028921, ""seed_status"": [{""seed"": 0, ""status"": ""success""}], ""transfers"": 16988.0, ""valid"": 1}","{""N"": 3, ""complete"": true, ""complete_fidelity"": true, ""fidelity"": 1.9874917083958927e-24, ""fidelity_valid"": 3, ""idle_exposures"": 2688.0, ""log_atom_transfer"": -12.118060040363769, ""log_coherence_linear"": -12.695910790396688, ""log_fidelity"": -54.57516883619573, ""log_idle_excitation"": -6.728414026302466, ""move_batches"": 5511.0, ""move_time_us"": 561605.0340102179, ""seed_status"": [{""seed"": 0, ""status"": ""success""}, {""seed"": 1, ""status"": ""success""}, {""seed"": 2, ""status"": ""success""}], ""transfers"": 12112.0, ""valid"": 3}",False
qmap154,dist_223,e47341dbc1d6f08e02097b6d62cd49c6395fef428823e3dd1508710d582799fb,13,30873,16624,"{""N"": 1, ""complete"": false, ""complete_fidelity"": false, ""fidelity"": null, ""fidelity_valid"": 0, ""idle_exposures"": null, ""log_atom_transfer"": null, ""log_coherence_linear"": null, ""log_fidelity"": null, ""log_idle_excitation"": null, ""move_batches"": null, ""move_time_us"": null, ""seed_status"": [{""seed"": 0, ""status"": ""verifier_fail""}], ""transfers"": null, ""valid"": 0}","{""N"": 1, ""complete"": true, ""complete_fidelity"": false, ""fidelity"": null, ""fidelity_valid"": 0, ""idle_exposures"": 0.0, ""log_atom_transfer"": null, ""log_coherence_linear"": null, ""log_fidelity"": null, ""log_idle_excitation"": null, ""move_batches"": 27783.0, ""move_time_us"": 2724145.052920068, ""seed_status"": [{""seed"": 0, ""status"": ""success""}], ""transfers"": 68604.0, ""valid"": 1}","{""N"": 3, ""complete"": true, ""complete_fidelity"": false, ""fidelity"": null, ""fidelity_valid"": 0, ""idle_exposures"": 13097.0, ""log_atom_transfer"": null, ""log_coherence_linear"": null, ""log_fidelity"": null, ""log_idle_excitation"": null, ""move_batches"": 21909.0, ""move_time_us"": 2257425.0111212092, ""seed_status"": [{""seed"": 0, ""status"": ""success""}, {""seed"": 1, ""status"": ""success""}, {""seed"": 2, ""status"": ""success""}], ""transfers"": 50074.0, ""valid"": 3}",False
qmap154,ex-1_166,e89bcbd9bbde57b6c42fa552af0bbed91f62d8fcc42c2861bc6203eec7d7c811,3,16,9,"{""N"": 1, ""complete"": true, ""complete_fidelity"": true, ""fidelity"": 0.9103311683773916, ""fidelity_valid"": 1, ""idle_exposures"": 0.0, ""log_atom_transfer"": -0.040020013343341376, ""log_coherence_linear"": -0.0040132144814252636, ""log_fidelity"": -0.0939468243806971, ""log_idle_excitation"": -0.0, ""move_batches"": 18.0, ""move_time_us"": 1701.5187744276054, ""seed_status"": [{""seed"": 0, ""status"": ""success""}], ""transfers"": 40.0, ""valid"": 1}","{""N"": 1, ""complete"": true, ""complete_fidelity"": true, ""fidelity"": 0.9101725766443511, ""fidelity_valid"": 1, ""idle_exposures"": 0.0, ""log_atom_transfer"": -0.040020013343341376, ""log_coherence_linear"": -0.004187442888123508, ""log_fidelity"": -0.09412105278739534, ""log_idle_excitation"": -0.0, ""move_batches"": 18.0, ""move_time_us"": 1736.5139934836852, ""seed_status"": [{""seed"": 0, ""status"": ""success""}], ""transfers"": 40.0, ""valid"": 1}","{""N"": 3, ""complete"": true, ""complete_fidelity"": true, ""fidelity"": 0.9101029807934639, ""fidelity_valid"": 3, ""idle_exposures"": 7.0, ""log_atom_transfer"": -0.024012008006004823, ""log_coherence_linear"": -0.0027500040781292066, ""log_fidelity"": -0.09419752016689383, ""log_idle_excitation"": -0.017521911526829338, ""move_batches"": 11.0, ""move_time_us"": 1094.9851500448194, ""seed_status"": [{""seed"": 0, ""status"": ""success""}, {""seed"": 1, ""status"": ""success""}, {""seed"": 2, ""status"": ""success""}], ""transfers"": 24.0, ""valid"": 3}",True
qmap154,ex1_226,4a6d53e313003be35a7d3c56a5702b8a2f0ce138861f1ff1de53929c6660d26a,6,4,5,"{""N"": 1, ""complete"": true, ""complete_fidelity"": true, ""fidelity"": 0.946238458591237, ""fidelity_valid"": 1, ""idle_exposures"": 0.0, ""log_atom_transfer"": -0.024012008006004823, ""log_coherence_linear"": -0.004985774142499989, ""log_fidelity"": -0.055260671302234214, ""log_idle_excitation"": -0.0, ""move_batches"": 10.0, ""move_time_us"": 1131.3919595273794, ""seed_status"": [{""seed"": 0, ""status"": ""success""}], ""transfers"": 24.0, ""valid"": 1}","{""N"": 1, ""complete"": true, ""complete_fidelity"": true, ""fidelity"": 0.9461829996830045, ""fidelity_valid"": 1, ""idle_exposures"": 0.0, ""log_atom_transfer"": -0.024012008006004823, ""log_coherence_linear"": -0.00504438572503725, ""log_fidelity"": -0.055319282884771476, ""log_idle_excitation"": -0.0, ""move_batches"": 10.0, ""move_time_us"": 1146.0326127000578, ""seed_status"": [{""seed"": 0, ""status"": ""success""}], ""transfers"": 24.0, ""valid"": 1}","{""N"": 3, ""complete"": true, ""complete_fidelity"": true, ""fidelity"": 0.9503685497403696, ""fidelity_valid"": 3, ""idle_exposures"": 0.0, ""log_atom_transfer"": -0.020010006671670688, ""log_coherence_linear"": -0.004632526699042233, ""log_fidelity"": -0.05090542252444232, ""log_idle_excitation"": -0.0, ""move_batches"": 9.0, ""move_time_us"": 1033.1510800838678, ""seed_status"": [{""seed"": 0, ""status"": ""success""}, {""seed"": 1, ""status"": ""success""}, {""seed"": 2, ""status"": ""success""}], ""transfers"": 20.0, ""valid"": 3}",True
qmap154,ex2_227,983207e15135fbfdbac900dec7d7cc3f72d7bfe6a3ba36b5b188fdb8ecf12de1,7,514,275,"{""N"": 1, ""complete"": true, ""complete_fidelity"": true, ""fidelity"": 0.04950301252382014, ""fidelity_valid"": 1, ""idle_exposures"": 0.0, ""log_atom_transfer"": -1.1525763842882315, ""log_coherence_linear"": -0.3204732318023226, ""log_fidelity"": -3.005721752192257, ""log_idle_excitation"": -0.0, ""move_batches"": 489.0, ""move_time_us"": 46819.18591127466, ""seed_status"": [{""seed"": 0, ""status"": ""success""}], ""transfers"": 1152.0, ""valid"": 1}","{""N"": 1, ""complete"": true, ""complete_fidelity"": true, ""fidelity"": 0.049408440922159, ""fidelity_valid"": 1, ""idle_exposures"": 0.0, ""log_atom_transfer"": -1.1565783856225658, ""log_coherence_linear"": -0.31838347879079903, ""log_fidelity"": -3.0076340005150675, ""log_idle_excitation"": -0.0, ""move_batches"": 488.0, ""move_time_us"": 46205.02663712899, ""seed_status"": [{""seed"": 0, ""status"": ""success""}], ""transfers"": 1156.0, ""valid"": 1}","{""N"": 3, ""complete"": true, ""complete_fidelity"": true, ""fidelity"": 0.04798504603162499, ""fidelity_valid"": 3, ""idle_exposures"": 180.0, ""log_atom_transfer"": -0.8004002668668275, ""log_coherence_linear"": -0.25323001539118384, ""log_fidelity"": -3.03686585762104, ""log_idle_excitation"": -0.45056343926132586, ""move_batches"": 367.0, ""move_time_us"": 38118.918210975506, ""seed_status"": [{""seed"": 0, ""status"": ""success""}, {""seed"": 1, ""status"": ""success""}, {""seed"": 2, ""status"": ""success""}], ""transfers"": 800.0, ""valid"": 3}",True
qmap154,ex3_229,18bd03509e493866a3863af424f8d69b46a78f338a1c47d89749a2fca6939020,6,327,175,"{""N"": 1, ""complete"": true, ""complete_fidelity"": true, ""fidelity"": 0.15565634939947603, ""fidelity_valid"": 1, ""idle_exposures"": 0.0, ""log_atom_transfer"": -0.7123562375114765, ""log_coherence_linear"": -0.17243881555014298, ""log_fidelity"": -1.860104590125521, ""log_idle_excitation"": -0.0, ""move_batches"": 320.0, ""move_time_us"": 30225.28043005983, ""seed_status"": [{""seed"": 0, ""status"": ""success""}], ""transfers"": 712.0, ""valid"": 1}","{""N"": 1, ""complete"": true, ""complete_fidelity"": true, ""fidelity"": 0.1552782324615027, ""fidelity_valid"": 1, ""idle_exposures"": 0.0, ""log_atom_transfer"": -0.7163582388458106, ""log_coherence_linear"": -0.17086894718795298, ""log_fidelity"": -1.8625367230976653, ""log_idle_excitation"": -0.0, ""move_batches"": 315.0, ""move_time_us"": 29697.88509066341, ""seed_status"": [{""seed"": 0, ""status"": ""success""}], ""transfers"": 716.0, ""valid"": 1}","{""N"": 3, ""complete"": true, ""complete_fidelity"": true, ""fidelity"": 0.15080596813829564, ""fidelity_valid"": 3, ""idle_exposures"": 121.0, ""log_atom_transfer"": -0.4822411607872636, ""log_coherence_linear"": -0.13133179343401316, ""log_fidelity"": -1.891761247677514, ""log_idle_excitation"": -0.3028787563923357, ""move_batches"": 226.0, ""move_time_us"": 23318.748069628982, ""seed_status"": [{""seed"": 0, ""status"": ""success""}, {""seed"": 1, ""status"": ""success""}, {""seed"": 2, ""status"": ""success""}], ""transfers"": 482.0, ""valid"": 3}",True
qmap154,f2_232,f3c46f00d6661f719aed8ae0269c2cf50e895946566ba9a84f25a54ea134911d,8,978,525,"{""N"": 1, ""complete"": true, ""complete_fidelity"": true, ""fidelity"": 0.003050765041420654, ""fidelity_valid"": 1, ""idle_exposures"": 0.0, ""log_atom_transfer"": -2.1450727152030975, ""log_coherence_linear"": -0.7222616951957477, ""log_fidelity"": -5.792362886563544, ""log_idle_excitation"": -0.0, ""move_batches"": 924.0, ""move_time_us"": 89046.4370613079, ""seed_status"": [{""seed"": 0, ""status"": ""success""}], ""transfers"": 2144.0, ""valid"": 1}","{""N"": 1, ""complete"": true, ""complete_fidelity"": true, ""fidelity"": 0.00303634637419843, ""fidelity_valid"": 1, ""idle_exposures"": 0.0, ""log_atom_transfer"": -2.1490747165374318, ""log_coherence_linear"": -0.7229971442561127, ""log_fidelity"": -5.797100336958243, ""log_idle_excitation"": -0.0, ""move_batches"": 919.0, ""move_time_us"": 89023.87618978412, ""seed_status"": [{""seed"": 0, ""status"": ""success""}], ""transfers"": 2148.0, ""valid"": 1}","{""N"": 3, ""complete"": true, ""complete_fidelity"": true, ""fidelity"": 0.0029545283542280407, ""fidelity_valid"": 3, ""idle_exposures"": 340.0, ""log_atom_transfer"": -1.4927464977066334, ""log_coherence_linear"": -0.554486589966654, ""log_fidelity"": -5.824416250261305, ""log_idle_excitation"": -0.8510642741602822, ""move_batches"": 680.0, ""move_time_us"": 70947.72494576214, ""seed_status"": [{""seed"": 0, ""status"": ""success""}, {""seed"": 1, ""status"": ""success""}, {""seed"": 2, ""status"": ""success""}], ""transfers"": 1492.0, ""valid"": 3}",True
qmap154,graycode6_47,1cc205f827ac11a35917ee7ed71a78f0de65ae3e1b9a1ce15cc5f8ffc673f145,6,10,5,"{""N"": 1, ""complete"": true, ""complete_fidelity"": true, ""fidelity"": 0.9435853622018051, ""fidelity_valid"": 1, ""idle_exposures"": 0.0, ""log_atom_transfer"": -0.024012008006004823, ""log_coherence_linear"": -0.005993277070534335, ""log_fidelity"": -0.05806844428428051, ""log_idle_excitation"": -0.0, ""move_batches"": 10.0, ""move_time_us"": 1123.037359146889, ""seed_status"": [{""seed"": 0, ""status"": ""success""}], ""transfers"": 24.0, ""valid"": 1}","{""N"": 1, ""complete"": true, ""complete_fidelity"": true, ""fidelity"": 0.9435661028903417, ""fidelity_valid"": 1, ""idle_exposures"": 0.0, ""log_atom_transfer"": -0.024012008006004823, ""log_coherence_linear"": -0.006013688056955256, ""log_fidelity"": -0.058088855270701435, ""log_idle_excitation"": -0.0, ""move_batches"": 10.0, ""move_time_us"": 1128.1350025955126, ""seed_status"": [{""seed"": 0, ""status"": ""success""}], ""transfers"": 24.0, ""valid"": 1}","{""N"": 3, ""complete"": true, ""complete_fidelity"": true, ""fidelity"": 0.9477039274861996, ""fidelity_valid"": 3, ""idle_exposures"": 0.0, ""log_atom_transfer"": -0.020010006671670688, ""log_coherence_linear"": -0.005639972405766069, ""log_fidelity"": -0.05371313828517811, ""log_idle_excitation"": -0.0, ""move_batches"": 9.0, ""move_time_us"": 1024.7964797033774, ""seed_status"": [{""seed"": 0, ""status"": ""success""}, {""seed"": 1, ""status"": ""success""}, {""seed"": 2, ""status"": ""success""}], ""transfers"": 20.0, ""valid"": 3}",True
qmap154,ground_state_estimation_10,1339e2c7e5bc81127fa6ab1721b679c0a6f525f4446d354f7ed78b8331f01fac,13,13,3,"{""N"": 1, ""complete"": true, ""complete_fidelity"": true, ""fidelity"": 0.9665585995497005, ""fidelity_valid"": 1, ""idle_exposures"": 0.0, ""log_atom_transfer"": -0.008004002668668275, ""log_coherence_linear"": -0.007071138237996509, ""log_fidelity"": -0.034013351494323545, ""log_idle_excitation"": -0.0, ""move_batches"": 2.0, ""move_time_us"": 199.99282681158866, ""seed_status"": [{""seed"": 0, ""status"": ""success""}], ""transfers"": 8.0, ""valid"": 1}","{""N"": 1, ""complete"": true, ""complete_fidelity"": true, ""fidelity"": 0.9662332898517291, ""fidelity_valid"": 1, ""idle_exposures"": 0.0, ""log_atom_transfer"": -0.008004002668668275, ""log_coherence_linear"": -0.007407759788228736, ""log_fidelity"": -0.03434997304455577, ""log_idle_excitation"": -0.0, ""move_batches"": 2.0, ""move_time_us"": 238.81215109115067, ""seed_status"": [{""seed"": 0, ""status"": ""success""}], ""transfers"": 8.0, ""valid"": 1}","{""N"": 3, ""complete"": true, ""complete_fidelity"": true, ""fidelity"": 0.9711608306325407, ""fidelity_valid"": 3, ""idle_exposures"": 0.0, ""log_atom_transfer"": -0.0040020013343341375, ""log_coherence_linear"": -0.006322978465524478, ""log_fidelity"": -0.029263190387517374, ""log_idle_excitation"": -0.0, ""move_batches"": 1.0, ""move_time_us"": 109.09637512458573, ""seed_status"": [{""seed"": 0, ""status"": ""success""}, {""seed"": 1, ""status"": ""success""}, {""seed"": 2, ""status"": ""success""}], ""transfers"": 4.0, ""valid"": 3}",True
qmap154,ham15_107,569391ab4b0c2412a57e1200e808a8f428979e08eaad630e86b9747cd27e1c16,15,7153,3856,"{""N"": 1, ""complete"": true, ""complete_fidelity"": true, ""fidelity"": 4.2087761696794895e-24, ""fidelity_valid"": 1, ""idle_exposures"": 0.0, ""log_atom_transfer"": -15.947975317321538, ""log_coherence_linear"": -16.40231178416166, ""log_fidelity"": -53.824870322461216, ""log_idle_excitation"": -0.0, ""move_batches"": 6804.0, ""move_time_us"": 664500.152028049, ""seed_status"": [{""seed"": 0, ""status"": ""success""}], ""transfers"": 15940.0, ""valid"": 1}","{""N"": 1, ""complete"": true, ""complete_fidelity"": true, ""fidelity"": 4.417142731734287e-24, ""fidelity_valid"": 1, ""idle_exposures"": 0.0, ""log_atom_transfer"": -15.975989326661876, ""log_coherence_linear"": -16.325976637944624, ""log_fidelity"": -53.77654918558452, ""log_idle_excitation"": -0.0, ""move_batches"": 6795.0, ""move_time_us"": 661513.8680989906, ""seed_status"": [{""seed"": 0, ""status"": ""success""}], ""transfers"": 15968.0, ""valid"": 1}","{""N"": 3, ""complete"": true, ""complete_fidelity"": true, ""fidelity"": 1.096340977110424e-22, ""fidelity_valid"": 3, ""idle_exposures"": 2524.0, ""log_atom_transfer"": -11.323662775498441, ""log_coherence_linear"": -11.488782176634928, ""log_fidelity"": -50.56489379522581, ""log_idle_excitation"": -6.317900670531036, ""move_batches"": 5081.0, ""move_time_us"": 519602.41033542185, ""seed_status"": [{""seed"": 0, ""status"": ""success""}, {""seed"": 1, ""status"": ""success""}, {""seed"": 2, ""status"": ""success""}], ""transfers"": 11318.0, ""valid"": 3}",True
qmap154,ham3_102,58301ee4a0a5e02f220e6d4a288841abc82b921ffdda76a4f40848b79ddebfd9,3,14,9,"{""N"": 1, ""complete"": true, ""complete_fidelity"": true, ""fidelity"": 0.9110926672902858, ""fidelity_valid"": 1, ""idle_exposures"": 0.0, ""log_atom_transfer"": -0.040020013343341376, ""log_coherence_linear"": -0.003777146607619789, ""log_fidelity"": -0.09311066648888763, ""log_idle_excitation"": -0.0, ""move_batches"": 18.0, ""move_time_us"": 1704.9708630940681, ""seed_status"": [{""seed"": 0, ""status"": ""success""}], ""transfers"": 40.0, ""valid"": 1}","{""N"": 1, ""complete"": true, ""complete_fidelity"": true, ""fidelity"": 0.9108366416416142, ""fidelity_valid"": 1, ""idle_exposures"": 0.0, ""log_atom_transfer"": -0.040020013343341376, ""log_coherence_linear"": -0.004058195547446185, ""log_fidelity"": -0.09339171542871402, ""log_idle_excitation"": -0.0, ""move_batches"": 18.0, ""move_time_us"": 1741.3119432117587, ""seed_status"": [{""seed"": 0, ""status"": ""success""}], ""transfers"": 40.0, ""valid"": 1}","{""N"": 3, ""complete"": true, ""complete_fidelity"": true, ""fidelity"": 0.910969415861617, ""fidelity_valid"": 3, ""idle_exposures"": 7.0, ""log_atom_transfer"": -0.024012008006004823, ""log_coherence_linear"": -0.002398528265886437, ""log_fidelity"": -0.09324595433664706, ""log_idle_excitation"": -0.017521911526829338, ""move_batches"": 11.0, ""move_time_us"": 1092.731311211921, ""seed_status"": [{""seed"": 0, ""status"": ""success""}, {""seed"": 1, ""status"": ""success""}, {""seed"": 2, ""status"": ""success""}], ""transfers"": 24.0, ""valid"": 3}",True
qmap154,ham7_104,923c1c3fb38d5e8209a2560552ac8abb6166dacce97b433ca1b7f99201f12f48,7,276,149,"{""N"": 1, ""complete"": true, ""complete_fidelity"": true, ""fidelity"": 0.20129974317739016, ""fidelity_valid"": 1, ""idle_exposures"": 0.0, ""log_atom_transfer"": -0.6003002001501206, ""log_coherence_linear"": -0.17297886781465371, ""log_fidelity"": -1.6029602221574228, ""log_idle_excitation"": -0.0, ""move_batches"": 266.0, ""move_time_us"": 25771.006018564854, ""seed_status"": [{""seed"": 0, ""status"": ""success""}], ""transfers"": 600.0, ""valid"": 1}","{""N"": 1, ""complete"": true, ""complete_fidelity"": true, ""fidelity"": 0.20189162869620608, ""fidelity_valid"": 1, ""idle_exposures"": 0.0, ""log_atom_transfer"": -0.6003002001501206, ""log_coherence_linear"": -0.17004286280421563, ""log_fidelity"": -1.6000242171469847, ""log_idle_excitation"": -0.0, ""move_batches"": 263.0, ""move_time_us"": 24948.730236487023, ""seed_status"": [{""seed"": 0, ""status"": ""success""}], ""transfers"": 600.0, ""valid"": 1}","{""N"": 3, ""complete"": true, ""complete_fidelity"": true, ""fidelity"": 0.1986925402879986, ""fidelity_valid"": 3, ""idle_exposures"": 93.0, ""log_atom_transfer"": -0.4162081387707503, ""log_coherence_linear"": -0.13731626946751066, ""log_fidelity"": -1.6159966727159278, ""log_idle_excitation"": -0.23279111028501837, ""move_batches"": 195.0, ""move_time_us"": 20838.432420544817, ""seed_status"": [{""seed"": 0, ""status"": ""success""}, {""seed"": 1, ""status"": ""success""}, {""seed"": 2, ""status"": ""success""}], ""transfers"": 416.0, ""valid"": 3}",True
qmap154,hwb4_49,547887c699e18e58deacddbf6fc41fe56a076cdfbc42dbf128fa464548b0253e,5,189,104,"{""N"": 1, ""complete"": true, ""complete_fidelity"": true, ""fidelity"": 0.33793784952754075, ""fidelity_valid"": 1, ""idle_exposures"": 0.0, ""log_atom_transfer"": -0.42421214143941854, ""log_coherence_linear"": -0.0826682797546443, ""log_fidelity"": -1.0848932775440452, ""log_idle_excitation"": -0.0, ""move_batches"": 192.0, ""move_time_us"": 18090.89336208967, ""seed_status"": [{""seed"": 0, ""status"": ""success""}], ""transfers"": 424.0, ""valid"": 1}","{""N"": 1, ""complete"": true, ""complete_fidelity"": true, ""fidelity"": 0.33727940079533897, ""fidelity_valid"": 1, ""idle_exposures"": 0.0, ""log_atom_transfer"": -0.42421214143941854, ""log_coherence_linear"": -0.0846186118606558, ""log_fidelity"": -1.0868436096500567, ""log_idle_excitation"": -0.0, ""move_batches"": 191.0, ""move_time_us"": 18561.92643533266, ""seed_status"": [{""seed"": 0, ""status"": ""success""}], ""transfers"": 424.0, ""valid"": 1}","{""N"": 3, ""complete"": true, ""complete_fidelity"": true, ""fidelity"": 0.3300261600350574, ""fidelity_valid"": 3, ""idle_exposures"": 72.0, ""log_atom_transfer"": -0.2881440960720579, ""log_coherence_linear"": -0.062201026703458236, ""log_fidelity"": -1.1085833548300288, ""log_idle_excitation"": -0.18022537570453034, ""move_batches"": 134.0, ""move_time_us"": 13737.537557103567, ""seed_status"": [{""seed"": 0, ""status"": ""success""}, {""seed"": 1, ""status"": ""success""}, {""seed"": 2, ""status"": ""success""}], ""transfers"": 288.0, ""valid"": 3}",True
qmap154,hwb5_53,9e3f053dbede7457444bf109616af357b3ab6d81a6a1537fd8fe7bc8559feb88,6,1087,598,"{""N"": 1, ""complete"": true, ""complete_fidelity"": true, ""fidelity"": 0.0016835772247393347, ""fidelity_valid"": 1, ""idle_exposures"": 0.0, ""log_atom_transfer"": -2.4612308206154947, ""log_coherence_linear"": -0.6019546929940323, ""log_fidelity"": -6.3868344488741755, ""log_idle_excitation"": -0.0, ""move_batches"": 1091.0, ""move_time_us"": 103084.3265533379, ""seed_status"": [{""seed"": 0, ""status"": ""success""}], ""transfers"": 2460.0, ""valid"": 1}","{""N"": 1, ""complete"": true, ""complete_fidelity"": true, ""fidelity"": 0.0016625120710309534, ""fidelity_valid"": 1, ""idle_exposures"": 0.0, ""log_atom_transfer"": -2.473236824618497, ""log_coherence_linear"": -0.6025397648069799, ""log_fidelity"": -6.399425524690126, ""log_idle_excitation"": -0.0, ""move_batches"": 1083.0, ""move_time_us"": 102271.30926832509, ""seed_status"": [{""seed"": 0, ""status"": ""success""}], ""transfers"": 2472.0, ""valid"": 1}","{""N"": 3, ""complete"": true, ""complete_fidelity"": true, ""fidelity"": 0.0015200012180798836, ""fidelity_valid"": 3, ""idle_exposures"": 397.0, ""log_atom_transfer"": -1.720860573763679, ""log_coherence_linear"": -0.45079193713456533, ""log_fidelity"": -6.489044142755929, ""log_idle_excitation"": -0.9937426965930354, ""move_batches"": 793.0, ""move_time_us"": 79720.8541604046, ""seed_status"": [{""seed"": 0, ""status"": ""success""}, {""seed"": 1, ""status"": ""success""}, {""seed"": 2, ""status"": ""success""}], ""transfers"": 1720.0, ""valid"": 3}",True
qmap154,hwb6_56,61bf78e6eb8fe2cb88b844a4608037f20080a920d6382321fb11614e9e3bb9ff,7,5466,2952,"{""N"": 1, ""complete"": true, ""complete_fidelity"": true, ""fidelity"": 4.0403827386176245e-15, ""fidelity_valid"": 1, ""idle_exposures"": 0.0, ""log_atom_transfer"": -12.20610406971912, ""log_coherence_linear"": -4.4992634181165885, ""log_fidelity"": -33.14243697014333, ""log_idle_excitation"": -0.0, ""move_batches"": 5225.0, ""move_time_us"": 493872.17301636335, ""seed_status"": [{""seed"": 0, ""status"": ""success""}], ""transfers"": 12200.0, ""valid"": 1}","{""N"": 1, ""complete"": true, ""complete_fidelity"": true, ""fidelity"": 3.98571120791936e-15, ""fidelity_valid"": 1, ""idle_exposures"": 0.0, ""log_atom_transfer"": -12.242122081728127, ""log_coherence_linear"": -4.476869063309841, ""log_fidelity"": -33.15606062734559, ""log_idle_excitation"": -0.0, ""move_batches"": 5183.0, ""move_time_us"": 490547.6740270252, ""seed_status"": [{""seed"": 0, ""status"": ""success""}], ""transfers"": 12236.0, ""valid"": 1}","{""N"": 3, ""complete"": true, ""complete_fidelity"": true, ""fidelity"": 3.350172221134547e-15, ""fidelity_valid"": 3, ""idle_exposures"": 1971.0, ""log_atom_transfer"": -8.568284856809388, ""log_coherence_linear"": -3.3907636474029084, ""log_fidelity"": -33.32976464110123, ""log_idle_excitation"": -4.933669659911518, ""move_batches"": 3894.0, ""move_time_us"": 391689.91182711296, ""seed_status"": [{""seed"": 0, ""status"": ""success""}, {""seed"": 1, ""status"": ""success""}, {""seed"": 2, ""status"": ""success""}], ""transfers"": 8564.0, ""valid"": 3}",True
qmap154,hwb7_59,950a93cdf9ae6380467be0579e9ab37db18a441bb35be76d383f287ce0ec41b0,8,19803,10677,"{""N"": 1, ""complete"": true, ""complete_fidelity"": false, ""fidelity"": null, ""fidelity_valid"": 0, ""idle_exposures"": 0.0, ""log_atom_transfer"": null, ""log_coherence_linear"": null, ""log_fidelity"": null, ""log_idle_excitation"": null, ""move_batches"": 18716.0, ""move_time_us"": 1786361.6631254698, ""seed_status"": [{""seed"": 0, ""status"": ""success""}], ""transfers"": 44088.0, ""valid"": 1}","{""N"": 1, ""complete"": true, ""complete_fidelity"": false, ""fidelity"": null, ""fidelity_valid"": 0, ""idle_exposures"": 0.0, ""log_atom_transfer"": null, ""log_coherence_linear"": null, ""log_fidelity"": null, ""log_idle_excitation"": null, ""move_batches"": 18586.0, ""move_time_us"": 1767730.6306554554, ""seed_status"": [{""seed"": 0, ""status"": ""success""}], ""transfers"": 44236.0, ""valid"": 1}","{""N"": 3, ""complete"": true, ""complete_fidelity"": false, ""fidelity"": null, ""fidelity_valid"": 0, ""idle_exposures"": 7102.0, ""log_atom_transfer"": null, ""log_coherence_linear"": null, ""log_fidelity"": null, ""log_idle_excitation"": null, ""move_batches"": 14237.0, ""move_time_us"": 1454953.3900286977, ""seed_status"": [{""seed"": 0, ""status"": ""success""}, {""seed"": 1, ""status"": ""success""}, {""seed"": 2, ""status"": ""success""}], ""transfers"": 31848.0, ""valid"": 3}",False
qmap154,hwb8_113,098a7e756517835d61b73098b65dcade06705dc6384a960ba0c8f6079b350618,9,56362,30368,"{""N"": 1, ""complete"": false, ""complete_fidelity"": false, ""fidelity"": null, ""fidelity_valid"": 0, ""idle_exposures"": null, ""log_atom_transfer"": null, ""log_coherence_linear"": null, ""log_fidelity"": null, ""log_idle_excitation"": null, ""move_batches"": null, ""move_time_us"": null, ""seed_status"": [{""seed"": 0, ""status"": ""verifier_fail""}], ""transfers"": null, ""valid"": 0}","{""N"": 1, ""complete"": true, ""complete_fidelity"": false, ""fidelity"": null, ""fidelity_valid"": 0, ""idle_exposures"": 0.0, ""log_atom_transfer"": null, ""log_coherence_linear"": null, ""log_fidelity"": null, ""log_idle_excitation"": null, ""move_batches"": 53661.0, ""move_time_us"": 5132618.332493023, ""seed_status"": [{""seed"": 0, ""status"": ""success""}], ""transfers"": 126272.0, ""valid"": 1}","{""N"": 3, ""complete"": true, ""complete_fidelity"": false, ""fidelity"": null, ""fidelity_valid"": 0, ""idle_exposures"": 21527.0, ""log_atom_transfer"": null, ""log_coherence_linear"": null, ""log_fidelity"": null, ""log_idle_excitation"": null, ""move_batches"": 40782.0, ""move_time_us"": 4166107.198080412, ""seed_status"": [{""seed"": 0, ""status"": ""success""}, {""seed"": 1, ""status"": ""success""}, {""seed"": 2, ""status"": ""success""}], ""transfers"": 91196.0, ""valid"": 3}",False
qmap154,hwb9_119,2e9923dba4ff19f3f08945bfa534866386905120e3c1b07e74a1e22ae55d9865,10,168794,90945,"{""N"": 1, ""complete"": false, ""complete_fidelity"": false, ""fidelity"": null, ""fidelity_valid"": 0, ""idle_exposures"": null, ""log_atom_transfer"": null, ""log_coherence_linear"": null, ""log_fidelity"": null, ""log_idle_excitation"": null, ""move_batches"": null, ""move_time_us"": null, ""seed_status"": [{""seed"": 0, ""status"": ""verifier_fail""}], ""transfers"": null, ""valid"": 0}","{""N"": 1, ""complete"": true, ""complete_fidelity"": false, ""fidelity"": null, ""fidelity_valid"": 0, ""idle_exposures"": 0.0, ""log_atom_transfer"": null, ""log_coherence_linear"": null, ""log_fidelity"": null, ""log_idle_excitation"": null, ""move_batches"": 161232.0, ""move_time_us"": 15466864.869619647, ""seed_status"": [{""seed"": 0, ""status"": ""success""}], ""transfers"": 377136.0, ""valid"": 1}","{""N"": 3, ""complete"": false, ""complete_fidelity"": false, ""fidelity"": null, ""fidelity_valid"": 0, ""idle_exposures"": 60799.0, ""log_atom_transfer"": null, ""log_coherence_linear"": null, ""log_fidelity"": null, ""log_idle_excitation"": null, ""move_batches"": 133160.0, ""move_time_us"": 13819136.05866135, ""seed_status"": [{""seed"": 0, ""status"": ""success""}, {""seed"": 1, ""status"": ""memory_limit""}, {""seed"": 2, ""status"": ""success""}], ""transfers"": 297479.0, ""valid"": 2}",False
qmap154,inc_237,58d3414c21ba4637af265a4f3068c543e65f5215444e5deb86f582d6bf36ae9a,16,8613,4636,"{""N"": 1, ""complete"": true, ""complete_fidelity"": true, ""fidelity"": 2.5893217059754297e-31, ""fidelity_valid"": 1, ""idle_exposures"": 0.0, ""log_atom_transfer"": -18.789396264698777, ""log_coherence_linear"": -25.816914109803566, ""log_fidelity"": -70.42874193098781, ""log_idle_excitation"": -0.0, ""move_batches"": 8202.0, ""move_time_us"": 796259.4238413484, ""seed_status"": [{""seed"": 0, ""status"": ""success""}], ""transfers"": 18780.0, ""valid"": 1}","{""N"": 1, ""complete"": true, ""complete_fidelity"": true, ""fidelity"": 1.2198344103846941e-31, ""fidelity_valid"": 1, ""idle_exposures"": 0.0, ""log_atom_transfer"": -18.80140226870178, ""log_coherence_linear"": -26.55758893728792, ""log_fidelity"": -71.18142276247517, ""log_idle_excitation"": -0.0, ""move_batches"": 8196.0, ""move_time_us"": 809028.3355635618, ""seed_status"": [{""seed"": 0, ""status"": ""success""}], ""transfers"": 18792.0, ""valid"": 1}","{""N"": 3, ""complete"": true, ""complete_fidelity"": true, ""fidelity"": 4.565155757202051e-28, ""fidelity_valid"": 3, ""idle_exposures"": 3012.0, ""log_atom_transfer"": -13.410706471353695, ""log_coherence_linear"": -16.181363725687383, ""log_fidelity"": -62.9539299704994, ""log_idle_excitation"": -7.539428216972852, ""move_batches"": 6065.0, ""move_time_us"": 624887.6538636805, ""seed_status"": [{""seed"": 0, ""status"": ""success""}, {""seed"": 1, ""status"": ""success""}, {""seed"": 2, ""status"": ""success""}], ""transfers"": 13404.0, ""valid"": 3}",True
qmap154,ising_model_10,336240af3b70f2a7d564efaceb5dd66d45d448242fbce0e46d2e9bcb6c0dd8ea,10,145,90,"{""N"": 1, ""complete"": true, ""complete_fidelity"": true, ""fidelity"": 0.4533160385506787, ""fidelity_valid"": 1, ""idle_exposures"": 0.0, ""log_atom_transfer"": -0.21610807205404342, ""log_coherence_linear"": -0.08042237742542627, ""log_fidelity"": -0.7911657399037444, ""log_idle_excitation"": -0.0, ""move_batches"": 46.0, ""move_time_us"": 5552.227820623095, ""seed_status"": [{""seed"": 0, ""status"": ""success""}], ""transfers"": 216.0, ""valid"": 1}","{""N"": 1, ""complete"": true, ""complete_fidelity"": true, ""fidelity"": 0.4557950619916643, ""fidelity_valid"": 1, ""idle_exposures"": 0.0, ""log_atom_transfer"": -0.21610807205404342, ""log_coherence_linear"": -0.0749686334681991, ""log_fidelity"": -0.7857119959465172, ""log_idle_excitation"": -0.0, ""move_batches"": 36.0, ""move_time_us"": 4740.512083456241, ""seed_status"": [{""seed"": 0, ""status"": ""success""}], ""transfers"": 216.0, ""valid"": 1}","{""N"": 3, ""complete"": true, ""complete_fidelity"": true, ""fidelity"": 0.4947350879519567, ""fidelity_valid"": 3, ""idle_exposures"": 0.0, ""log_atom_transfer"": -0.1280640426986924, ""log_coherence_linear"": -0.08103350240282456, ""log_fidelity"": -0.7037328355257917, ""log_idle_excitation"": -0.0, ""move_batches"": 51.0, ""move_time_us"": 5745.474606203305, ""seed_status"": [{""seed"": 0, ""status"": ""success""}, {""seed"": 1, ""status"": ""success""}, {""seed"": 2, ""status"": ""success""}], ""transfers"": 128.0, ""valid"": 3}",True
qmap154,ising_model_13,e86d670b4294ec453133e6dd18dfac6f90a9459e0c10d6fd7754d621e9f262fe,13,193,120,"{""N"": 1, ""complete"": true, ""complete_fidelity"": true, ""fidelity"": 0.3431601804260797, ""fidelity_valid"": 1, ""idle_exposures"": 0.0, ""log_atom_transfer"": -0.2641320880660531, ""log_coherence_linear"": -0.14601214887046388, ""log_fidelity"": -1.0695579424992159, ""log_idle_excitation"": -0.0, ""move_batches"": 66.0, ""move_time_us"": 7793.328545537666, ""seed_status"": [{""seed"": 0, ""status"": ""success""}], ""transfers"": 264.0, ""valid"": 1}","{""N"": 1, ""complete"": true, ""complete_fidelity"": true, ""fidelity"": 0.34114159472518574, ""fidelity_valid"": 1, ""idle_exposures"": 0.0, ""log_atom_transfer"": -0.2841420947377238, ""log_coherence_linear"": -0.13190185378569502, ""log_fidelity"": -1.0754576540861178, ""log_idle_excitation"": -0.0, ""move_batches"": 49.0, ""move_time_us"": 6205.620274791484, ""seed_status"": [{""seed"": 0, ""status"": ""success""}], ""transfers"": 284.0, ""valid"": 1}","{""N"": 3, ""complete"": true, ""complete_fidelity"": true, ""fidelity"": 0.37691103695713307, ""fidelity_valid"": 3, ""idle_exposures"": 0.0, ""log_atom_transfer"": -0.1600800533733655, ""log_coherence_linear"": -0.1416131351106636, ""log_fidelity"": -0.9757460956219267, ""log_idle_excitation"": -0.0, ""move_batches"": 66.0, ""move_time_us"": 7159.815369636961, ""seed_status"": [{""seed"": 0, ""status"": ""success""}, {""seed"": 1, ""status"": ""success""}, {""seed"": 2, ""status"": ""success""}], ""transfers"": 160.0, ""valid"": 3}",True
qmap154,ising_model_16,5b244278f3e4846bba65a3a6be51e000292bc1c8260030ea3df81daab0b8542c,16,241,150,"{""N"": 1, ""complete"": true, ""complete_fidelity"": true, ""fidelity"": 0.2518984446390086, ""fidelity_valid"": 1, ""idle_exposures"": 0.0, ""log_atom_transfer"": -0.34817411608706994, ""log_coherence_linear"": -0.20636303337207335, ""log_fidelity"": -1.3787292701602665, ""log_idle_excitation"": -0.0, ""move_batches"": 66.0, ""move_time_us"": 7799.3337428564755, ""seed_status"": [{""seed"": 0, ""status"": ""success""}], ""transfers"": 348.0, ""valid"": 1}","{""N"": 1, ""complete"": true, ""complete_fidelity"": true, ""fidelity"": 0.24693277749897075, ""fidelity_valid"": 1, ""idle_exposures"": 0.0, ""log_atom_transfer"": -0.3601801200900724, ""log_coherence_linear"": -0.21426689447870764, ""log_fidelity"": -1.398639135269903, ""log_idle_excitation"": -0.0, ""move_batches"": 61.0, ""move_time_us"": 8541.90575764063, ""seed_status"": [{""seed"": 0, ""status"": ""success""}], ""transfers"": 360.0, ""valid"": 1}","{""N"": 3, ""complete"": true, ""complete_fidelity"": true, ""fidelity"": 0.28329133085182784, ""fidelity_valid"": 3, ""idle_exposures"": 5.0, ""log_atom_transfer"": -0.204102068051041, ""log_coherence_linear"": -0.22233707049173784, ""log_fidelity"": -1.2612794732074926, ""log_idle_excitation"": -0.012515651090592385, ""move_batches"": 81.0, ""move_time_us"": 9386.686833590262, ""seed_status"": [{""seed"": 0, ""status"": ""success""}, {""seed"": 1, ""status"": ""success""}, {""seed"": 2, ""status"": ""success""}], ""transfers"": 204.0, ""valid"": 3}",True
qmap154,life_238,74b2946fa4cd4b5f2674d1d782198f9847a48610650465988696869ee07ab48b,11,18205,9800,"{""N"": 1, ""complete"": true, ""complete_fidelity"": false, ""fidelity"": null, ""fidelity_valid"": 0, ""idle_exposures"": 0.0, ""log_atom_transfer"": null, ""log_coherence_linear"": null, ""log_fidelity"": null, ""log_idle_excitation"": null, ""move_batches"": 17508.0, ""move_time_us"": 1700662.3939081314, ""seed_status"": [{""seed"": 0, ""status"": ""success""}], ""transfers"": 40624.0, ""valid"": 1}","{""N"": 1, ""complete"": true, ""complete_fidelity"": false, ""fidelity"": null, ""fidelity_valid"": 0, ""idle_exposures"": 0.0, ""log_atom_transfer"": null, ""log_coherence_linear"": null, ""log_fidelity"": null, ""log_idle_excitation"": null, ""move_batches"": 17441.0, ""move_time_us"": 1694540.7073102477, ""seed_status"": [{""seed"": 0, ""status"": ""success""}], ""transfers"": 40656.0, ""valid"": 1}","{""N"": 3, ""complete"": true, ""complete_fidelity"": false, ""fidelity"": null, ""fidelity_valid"": 0, ""idle_exposures"": 6403.0, ""log_atom_transfer"": null, ""log_coherence_linear"": null, ""log_fidelity"": null, ""log_idle_excitation"": null, ""move_batches"": 13371.0, ""move_time_us"": 1362813.3269015143, ""seed_status"": [{""seed"": 0, ""status"": ""success""}, {""seed"": 1, ""status"": ""success""}, {""seed"": 2, ""status"": ""success""}], ""transfers"": 29972.0, ""valid"": 3}",False
qmap154,majority_239,040d1773bb1501d1f86ca2d9028bed22e4dbfe9728922474bce44a5531b21b5a,7,498,267,"{""N"": 1, ""complete"": true, ""complete_fidelity"": true, ""fidelity"": 0.054270497023150614, ""fidelity_valid"": 1, ""idle_exposures"": 0.0, ""log_atom_transfer"": -1.108554369610556, ""log_coherence_linear"": -0.3174490816281732, ""log_fidelity"": -2.9137745326080458, ""log_idle_excitation"": -0.0, ""move_batches"": 479.0, ""move_time_us"": 46729.855626339995, ""seed_status"": [{""seed"": 0, ""status"": ""success""}], ""transfers"": 1108.0, ""valid"": 1}","{""N"": 1, ""complete"": true, ""complete_fidelity"": true, ""fidelity"": 0.05482379734590389, ""fidelity_valid"": 1, ""idle_exposures"": 0.0, ""log_atom_transfer"": -1.108554369610556, ""log_coherence_linear"": -0.30730547017413845, ""log_fidelity"": -2.903630921154011, ""log_idle_excitation"": -0.0, ""move_batches"": 469.0, ""move_time_us"": 44547.09268165529, ""seed_status"": [{""seed"": 0, ""status"": ""success""}], ""transfers"": 1108.0, ""valid"": 1}","{""N"": 3, ""complete"": true, ""complete_fidelity"": true, ""fidelity"": 0.05291785618858417, ""fidelity_valid"": 3, ""idle_exposures"": 175.0, ""log_atom_transfer"": -0.7683842561921543, ""log_coherence_linear"": -0.2448113252435472, ""log_fidelity"": -2.9390144509757516, ""log_idle_excitation"": -0.4380477881707335, ""move_batches"": 350.0, ""move_time_us"": 37102.80075269707, ""seed_status"": [{""seed"": 0, ""status"": ""success""}, {""seed"": 1, ""status"": ""success""}, {""seed"": 2, ""status"": ""success""}], ""transfers"": 768.0, ""valid"": 3}",True
qmap154,max46_240,67f3a2ba74dceba2bd89005348bd7f40e3b7118c9e378395e877d9f522f31d3b,10,22001,11844,"{""N"": 1, ""complete"": false, ""complete_fidelity"": false, ""fidelity"": null, ""fidelity_valid"": 0, ""idle_exposures"": null, ""log_atom_transfer"": null, ""log_coherence_linear"": null, ""log_fidelity"": null, ""log_idle_excitation"": null, ""move_batches"": null, ""move_time_us"": null, ""seed_status"": [{""seed"": 0, ""status"": ""verifier_fail""}], ""transfers"": null, ""valid"": 0}","{""N"": 1, ""complete"": true, ""complete_fidelity"": false, ""fidelity"": null, ""fidelity_valid"": 0, ""idle_exposures"": 0.0, ""log_atom_transfer"": null, ""log_coherence_linear"": null, ""log_fidelity"": null, ""log_idle_excitation"": null, ""move_batches"": 20077.0, ""move_time_us"": 1941465.2476463795, ""seed_status"": [{""seed"": 0, ""status"": ""success""}], ""transfers"": 49168.0, ""valid"": 1}","{""N"": 3, ""complete"": true, ""complete_fidelity"": false, ""fidelity"": null, ""fidelity_valid"": 0, ""idle_exposures"": 9789.0, ""log_atom_transfer"": null, ""log_coherence_linear"": null, ""log_fidelity"": null, ""log_idle_excitation"": null, ""move_batches"": 15750.0, ""move_time_us"": 1607014.4733817116, ""seed_status"": [{""seed"": 0, ""status"": ""success""}, {""seed"": 1, ""status"": ""success""}, {""seed"": 2, ""status"": ""success""}], ""transfers"": 35716.0, ""valid"": 3}",False
qmap154,miller_11,1fbbcea96463dd341d6d14223fe5adfb7ba4dd3fdfaca0da507cf2a2a52eced5,3,41,23,"{""N"": 1, ""complete"": true, ""complete_fidelity"": true, ""fidelity"": 0.7914083263079896, ""fidelity_valid"": 1, ""idle_exposures"": 0.0, ""log_atom_transfer"": -0.09604803202401929, ""log_coherence_linear"": -0.01030288976595668, ""log_fidelity"": -0.23394122910057624, ""log_idle_excitation"": -0.0, ""move_batches"": 46.0, ""move_time_us"": 4250.515749854419, ""seed_status"": [{""seed"": 0, ""status"": ""success""}], ""transfers"": 96.0, ""valid"": 1}","{""N"": 1, ""complete"": true, ""complete_fidelity"": true, ""fidelity"": 0.7912577699246767, ""fidelity_valid"": 1, ""idle_exposures"": 0.0, ""log_atom_transfer"": -0.09604803202401929, ""log_coherence_linear"": -0.01049314642732767, ""log_fidelity"": -0.23413148576194723, ""log_idle_excitation"": -0.0, ""move_batches"": 46.0, ""move_time_us"": 4293.314935918172, ""seed_status"": [{""seed"": 0, ""status"": ""success""}], ""transfers"": 96.0, ""valid"": 1}","{""N"": 3, ""complete"": true, ""complete_fidelity"": true, ""fidelity"": 0.7876336417027736, ""fidelity_valid"": 3, ""idle_exposures"": 21.0, ""log_atom_transfer"": -0.05202601734634379, ""log_coherence_linear"": -0.0065401596934154035, ""log_fidelity"": -0.23872221893084747, ""log_idle_excitation"": -0.052565734580488015, ""move_batches"": 25.0, ""move_time_us"": 2362.782011491259, ""seed_status"": [{""seed"": 0, ""status"": ""success""}, {""seed"": 1, ""status"": ""success""}, {""seed"": 2, ""status"": ""success""}], ""transfers"": 52.0, ""valid"": 3}",True
qmap154,mini-alu_167,d6706fe265e77c9974b4e2ee29fd782d6b5f06dab44521e835b1d2c32e7da411,5,236,126,"{""N"": 1, ""complete"": true, ""complete_fidelity"": true, ""fidelity"": 0.26310424833993823, ""fidelity_valid"": 1, ""idle_exposures"": 0.0, ""log_atom_transfer"": -0.524262174797772, ""log_coherence_linear"": -0.10855187713327402, ""log_fidelity"": -1.3352049438220963, ""log_idle_excitation"": -0.0, ""move_batches"": 239.0, ""move_time_us"": 24050.932088510843, ""seed_status"": [{""seed"": 0, ""status"": ""success""}], ""transfers"": 524.0, ""valid"": 1}","{""N"": 1, ""complete"": true, ""complete_fidelity"": true, ""fidelity"": 0.26192022133625675, ""fidelity_valid"": 1, ""idle_exposures"": 0.0, ""log_atom_transfer"": -0.5362681788007744, ""log_coherence_linear"": -0.10105624961494021, ""log_fidelity"": -1.3397153203067649, ""log_idle_excitation"": -0.0, ""move_batches"": 225.0, ""move_time_us"": 21780.845764295365, ""seed_status"": [{""seed"": 0, ""status"": ""success""}], ""transfers"": 536.0, ""valid"": 1}","{""N"": 3, ""complete"": true, ""complete_fidelity"": true, ""fidelity"": 0.26048323601955914, ""fidelity_valid"": 3, ""idle_exposures"": 83.0, ""log_atom_transfer"": -0.3581791194229053, ""log_coherence_linear"": -0.07768855667734206, ""log_fidelity"": -1.345216772951368, ""log_idle_excitation"": -0.2077598081038336, ""move_batches"": 167.0, ""move_time_us"": 17464.39375283503, ""seed_status"": [{""seed"": 0, ""status"": ""success""}, {""seed"": 1, ""status"": ""success""}, {""seed"": 2, ""status"": ""success""}], ""transfers"": 358.0, ""valid"": 3}",True
qmap154,mini_alu_305,9884edf0a652dbcd3b12d359e9a7b9eee9032e6cd906954e05d636a7a12c59a4,10,141,77,"{""N"": 1, ""complete"": true, ""complete_fidelity"": true, ""fidelity"": 0.41960621939538234, ""fidelity_valid"": 1, ""idle_exposures"": 0.0, ""log_atom_transfer"": -0.31615810541239686, ""log_coherence_linear"": -0.12400840827462954, ""log_fidelity"": -0.8684385803692174, ""log_idle_excitation"": -0.0, ""move_batches"": 125.0, ""move_time_us"": 12568.600889738587, ""seed_status"": [{""seed"": 0, ""status"": ""success""}], ""transfers"": 316.0, ""valid"": 1}","{""N"": 1, ""complete"": true, ""complete_fidelity"": true, ""fidelity"": 0.41870647510823267, ""fidelity_valid"": 1, ""idle_exposures"": 0.0, ""log_atom_transfer"": -0.320160106746731, ""log_coherence_linear"": -0.12215296785612047, ""log_fidelity"": -0.8705851412850425, ""log_idle_excitation"": -0.0, ""move_batches"": 117.0, ""move_time_us"": 12079.109521342372, ""seed_status"": [{""seed"": 0, ""status"": ""success""}], ""transfers"": 320.0, ""valid"": 1}","{""N"": 3, ""complete"": true, ""complete_fidelity"": true, ""fidelity"": 0.4173218516316984, ""fidelity_valid"": 3, ""idle_exposures"": 60.0, ""log_atom_transfer"": -0.20610306871820808, ""log_coherence_linear"": -0.08933457994577952, ""log_fidelity"": -0.8738975284332872, ""log_idle_excitation"": -0.15018781308710863, ""move_batches"": 84.0, ""move_time_us"": 8617.550089449986, ""seed_status"": [{""seed"": 0, ""status"": ""success""}, {""seed"": 1, ""status"": ""success""}, {""seed"": 2, ""status"": ""success""}], ""transfers"": 206.0, ""valid"": 3}",True
qmap154,misex1_241,f571e6b12d8e59cb4772af85d23a3ab1679b8b21df2bf9532f95989fedda1371,15,3905,2100,"{""N"": 1, ""complete"": true, ""complete_fidelity"": true, ""fidelity"": 2.026768188969607e-12, ""fidelity_valid"": 1, ""idle_exposures"": 0.0, ""log_atom_transfer"": -8.480240827454038, ""log_coherence_linear"": -6.746324199581803, ""log_fidelity"": -26.924578616631624, ""log_idle_excitation"": -0.0, ""move_batches"": 3723.0, ""move_time_us"": 361883.5411073375, ""seed_status"": [{""seed"": 0, ""status"": ""success""}], ""transfers"": 8476.0, ""valid"": 1}","{""N"": 1, ""complete"": true, ""complete_fidelity"": true, ""fidelity"": 2.018190588139657e-12, ""fidelity_valid"": 1, ""idle_exposures"": 0.0, ""log_atom_transfer"": -8.49224683145704, ""log_coherence_linear"": -6.738559333330701, ""log_fidelity"": -26.92881975438352, ""log_idle_excitation"": -0.0, ""move_batches"": 3708.0, ""move_time_us"": 361087.9517975192, ""seed_status"": [{""seed"": 0, ""status"": ""success""}], ""transfers"": 8488.0, ""valid"": 1}","{""N"": 3, ""complete"": true, ""complete_fidelity"": true, ""fidelity"": 5.690413266355979e-12, ""fidelity_valid"": 3, ""idle_exposures"": 1362.0, ""log_atom_transfer"": -5.958979986823531, ""log_coherence_linear"": -4.827445543096789, ""log_fidelity"": -25.892238240136727, ""log_idle_excitation"": -3.4092633570773656, ""move_batches"": 2708.0, ""move_time_us"": 277193.9911735479, ""seed_status"": [{""seed"": 0, ""status"": ""success""}, {""seed"": 1, ""status"": ""success""}, {""seed"": 2, ""status"": ""success""}], ""transfers"": 5956.0, ""valid"": 3}",True
qmap154,mlp4_245,4adf02f2ebf3a225585ba480d6f0c839a879562a7bcb11fa3d065ee9d2cce73b,16,15295,8232,"{""N"": 1, ""complete"": true, ""complete_fidelity"": false, ""fidelity"": null, ""fidelity_valid"": 0, ""idle_exposures"": 0.0, ""log_atom_transfer"": null, ""log_coherence_linear"": null, ""log_fidelity"": null, ""log_idle_excitation"": null, ""move_batches"": 14706.0, ""move_time_us"": 1439865.509242983, ""seed_status"": [{""seed"": 0, ""status"": ""success""}], ""transfers"": 33756.0, ""valid"": 1}","{""N"": 1, ""complete"": true, ""complete_fidelity"": false, ""fidelity"": null, ""fidelity_valid"": 0, ""idle_exposures"": 0.0, ""log_atom_transfer"": null, ""log_coherence_linear"": null, ""log_fidelity"": null, ""log_idle_excitation"": null, ""move_batches"": 14498.0, ""move_time_us"": 1427888.9116772586, ""seed_status"": [{""seed"": 0, ""status"": ""success""}], ""transfers"": 33772.0, ""valid"": 1}","{""N"": 3, ""complete"": true, ""complete_fidelity"": false, ""fidelity"": null, ""fidelity_valid"": 0, ""idle_exposures"": 5422.0, ""log_atom_transfer"": null, ""log_coherence_linear"": null, ""log_fidelity"": null, ""log_idle_excitation"": null, ""move_batches"": 11190.0, ""move_time_us"": 1154972.3073492502, ""seed_status"": [{""seed"": 0, ""status"": ""success""}, {""seed"": 1, ""status"": ""success""}, {""seed"": 2, ""status"": ""success""}], ""transfers"": 24864.0, ""valid"": 3}",False
qmap154,mod10_171,c8d56b244118432388e76545f2d8c01bfa8f43508c1f8ae17157e79bf41289da,5,201,108,"{""N"": 1, ""complete"": true, ""complete_fidelity"": true, ""fidelity"": 0.32337594814333637, ""fidelity_valid"": 1, ""idle_exposures"": 0.0, ""log_atom_transfer"": -0.44022014677675514, ""log_coherence_linear"": -0.08705599592707057, ""log_fidelity"": -1.1289397064560092, ""log_idle_excitation"": -0.0, ""move_batches"": 196.0, ""move_time_us"": 18985.681781630148, ""seed_status"": [{""seed"": 0, ""status"": ""success""}], ""transfers"": 440.0, ""valid"": 1}","{""N"": 1, ""complete"": true, ""complete_fidelity"": true, ""fidelity"": 0.3217681453138016, ""fidelity_valid"": 1, ""idle_exposures"": 0.0, ""log_atom_transfer"": -0.44422214811108923, ""log_coherence_linear"": -0.08803832654111446, ""log_fidelity"": -1.1339240384043872, ""log_idle_excitation"": -0.0, ""move_batches"": 196.0, ""move_time_us"": 19131.258798687017, ""seed_status"": [{""seed"": 0, ""status"": ""success""}], ""transfers"": 444.0, ""valid"": 1}","{""N"": 3, ""complete"": true, ""complete_fidelity"": true, ""fidelity"": 0.31767254867252387, ""fidelity_valid"": 3, ""idle_exposures"": 73.0, ""log_atom_transfer"": -0.29814909940789325, ""log_coherence_linear"": -0.06419297880187701, ""log_fidelity"": -1.1467341478846025, ""log_idle_excitation"": -0.1827285059226488, ""move_batches"": 141.0, ""move_time_us"": 14218.912193496208, ""seed_status"": [{""seed"": 0, ""status"": ""success""}, {""seed"": 1, ""status"": ""success""}, {""seed"": 2, ""status"": ""success""}], ""transfers"": 298.0, ""valid"": 3}",True
qmap154,mod10_176,8dd641baf48f55eb172b86f9b05a182576f0a52226d20cb90648426e4be1ced7,5,148,78,"{""N"": 1, ""complete"": true, ""complete_fidelity"": true, ""fidelity"": 0.43972592431932533, ""fidelity_valid"": 1, ""idle_exposures"": 0.0, ""log_atom_transfer"": -0.32416210808106516, ""log_coherence_linear"": -0.06205661377662937, ""log_fidelity"": -0.8216036454264437, ""log_idle_excitation"": -0.0, ""move_batches"": 141.0, ""move_time_us"": 13407.122465267012, ""seed_status"": [{""seed"": 0, ""status"": ""success""}], ""transfers"": 324.0, ""valid"": 1}","{""N"": 1, ""complete"": true, ""complete_fidelity"": true, ""fidelity"": 0.4401542200415281, ""fidelity_valid"": 1, ""idle_exposures"": 0.0, ""log_atom_transfer"": -0.32416210808106516, ""log_coherence_linear"": -0.06108308173644261, ""log_fidelity"": -0.820630113386257, ""log_idle_excitation"": -0.0, ""move_batches"": 137.0, ""move_time_us"": 13014.637221155388, ""seed_status"": [{""seed"": 0, ""status"": ""success""}], ""transfers"": 324.0, ""valid"": 1}","{""N"": 3, ""complete"": true, ""complete_fidelity"": true, ""fidelity"": 0.4336004453250428, ""fidelity_valid"": 3, ""idle_exposures"": 52.0, ""log_atom_transfer"": -0.22211107405554462, ""log_coherence_linear"": -0.04797303284962295, ""log_fidelity"": -0.8356318018160775, ""log_idle_excitation"": -0.1301627713421608, ""move_batches"": 103.0, ""move_time_us"": 10263.67012296337, ""seed_status"": [{""seed"": 0, ""status"": ""success""}, {""seed"": 1, ""status"": ""success""}, {""seed"": 2, ""status"": ""success""}], ""transfers"": 222.0, ""valid"": 3}",True
qmap154,mod5adder_127,f42ebeaf660df39d4e1ffb31f0acaa52f76b35b6cae60b9e161b163b3a0ef143,6,447,239,"{""N"": 1, ""complete"": true, ""complete_fidelity"": true, ""fidelity"": 0.07811341889972387, ""fidelity_valid"": 1, ""idle_exposures"": 0.0, ""log_atom_transfer"": -0.9804903269118637, ""log_coherence_linear"": -0.23698547823461796, ""log_fidelity"": -2.5495934199974566, ""log_idle_excitation"": -0.0, ""move_batches"": 431.0, ""move_time_us"": 41227.38632175701, ""seed_status"": [{""seed"": 0, ""status"": ""success""}], ""transfers"": 980.0, ""valid"": 1}","{""N"": 1, ""complete"": true, ""complete_fidelity"": true, ""fidelity"": 0.07836849389836191, ""fidelity_valid"": 1, ""idle_exposures"": 0.0, ""log_atom_transfer"": -0.9844923282461978, ""log_coherence_linear"": -0.22972335283869627, ""log_fidelity"": -2.5463332959358693, ""log_idle_excitation"": -0.0, ""move_batches"": 418.0, ""move_time_us"": 39387.107376110376, ""seed_status"": [{""seed"": 0, ""status"": ""success""}], ""transfers"": 984.0, ""valid"": 1}","{""N"": 3, ""complete"": true, ""complete_fidelity"": true, ""fidelity"": 0.0752201323139989, ""fidelity_valid"": 3, ""idle_exposures"": 163.0, ""log_atom_transfer"": -0.6663332221666339, ""log_coherence_linear"": -0.1832362646300701, ""log_fidelity"": -2.587336366914654, ""log_idle_excitation"": -0.40801022555331173, ""move_batches"": 307.0, ""move_time_us"": 32926.296018076275, ""seed_status"": [{""seed"": 0, ""status"": ""success""}, {""seed"": 1, ""status"": ""success""}, {""seed"": 2, ""status"": ""success""}], ""transfers"": 666.0, ""valid"": 3}",True
qmap154,mod5d1_63,8f646fba050365ee2bd40785201080ab4d94bb85dfd7caae056eb74513b04579,5,21,13,"{""N"": 1, ""complete"": true, ""complete_fidelity"": true, ""fidelity"": 0.8630452527005426, ""fidelity_valid"": 1, ""idle_exposures"": 0.0, ""log_atom_transfer"": -0.0640320213493462, ""log_coherence_linear"": -0.01179214252778263, ""log_fidelity"": -0.14728815277224638, ""log_idle_excitation"": -0.0, ""move_batches"": 26.0, ""move_time_us"": 3005.76385279476, ""seed_status"": [{""seed"": 0, ""status"": ""success""}], ""transfers"": 64.0, ""valid"": 1}","{""N"": 1, ""complete"": true, ""complete_fidelity"": true, ""fidelity"": 0.8642805741751188, ""fidelity_valid"": 1, ""idle_exposures"": 0.0, ""log_atom_transfer"": -0.0640320213493462, ""log_coherence_linear"": -0.010361814021184034, ""log_fidelity"": -0.14585782426564778, ""log_idle_excitation"": -0.0, ""move_batches"": 24.0, ""move_time_us"": 2421.6148766451643, ""seed_status"": [{""seed"": 0, ""status"": ""success""}], ""transfers"": 64.0, ""valid"": 1}","{""N"": 3, ""complete"": true, ""complete_fidelity"": true, ""fidelity"": 0.8721930978510162, ""fidelity_valid"": 3, ""idle_exposures"": 8.0, ""log_atom_transfer"": -0.03801901267617431, ""log_coherence_linear"": -0.007236393781989474, ""log_fidelity"": -0.13674443709822914, ""log_idle_excitation"": -0.020025041744947816, ""move_batches"": 17.0, ""move_time_us"": 1720.0051169291357, ""seed_status"": [{""seed"": 0, ""status"": ""success""}, {""seed"": 1, ""status"": ""success""}, {""seed"": 2, ""status"": ""success""}], ""transfers"": 38.0, ""valid"": 3}",True
qmap154,mod5d2_64,2b0c30df2cb02052a00194a2064cbb204e581278c89c93f9dff8bf4741e22dc2,5,44,25,"{""N"": 1, ""complete"": true, ""complete_fidelity"": true, ""fidelity"": 0.7686580117553311, ""fidelity_valid"": 1, ""idle_exposures"": 0.0, ""log_atom_transfer"": -0.10405203469268758, ""log_coherence_linear"": -0.02054156584905705, ""log_fidelity"": -0.2631091265264395, ""log_idle_excitation"": -0.0, ""move_batches"": 50.0, ""move_time_us"": 4729.997693227506, ""seed_status"": [{""seed"": 0, ""status"": ""success""}], ""transfers"": 104.0, ""valid"": 1}","{""N"": 1, ""complete"": true, ""complete_fidelity"": true, ""fidelity"": 0.7682997476672501, ""fidelity_valid"": 1, ""idle_exposures"": 0.0, ""log_atom_transfer"": -0.10405203469268758, ""log_coherence_linear"": -0.021007764861194506, ""log_fidelity"": -0.26357532553857693, ""log_idle_excitation"": -0.0, ""move_batches"": 50.0, ""move_time_us"": 4765.277491910339, ""seed_status"": [{""seed"": 0, ""status"": ""success""}], ""transfers"": 104.0, ""valid"": 1}","{""N"": 3, ""complete"": true, ""complete_fidelity"": true, ""fidelity"": 0.7630131115144404, ""fidelity_valid"": 3, ""idle_exposures"": 16.0, ""log_atom_transfer"": -0.07603802535234862, ""log_coherence_linear"": -0.015876428857914647, ""log_fidelity"": -0.2704800636848537, ""log_idle_excitation"": -0.04005008348989563, ""move_batches"": 37.0, ""move_time_us"": 3772.994308430258, ""seed_status"": [{""seed"": 0, ""status"": ""success""}, {""seed"": 1, ""status"": ""success""}, {""seed"": 2, ""status"": ""success""}], ""transfers"": 76.0, ""valid"": 3}",True
qmap154,mod5mils_65,e20660c789713938e6f9c85c8aab18f2cf88dd5e6ecb77cb136fab96c9497ff9,5,30,16,"{""N"": 1, ""complete"": true, ""complete_fidelity"": true, ""fidelity"": 0.84318947112727, ""fidelity_valid"": 1, ""idle_exposures"": 0.0, ""log_atom_transfer"": -0.06803402268368033, ""log_coherence_linear"": -0.01332754594607344, ""log_fidelity"": -0.17056358807652214, ""log_idle_excitation"": -0.0, ""move_batches"": 32.0, ""move_time_us"": 3101.456533667922, ""seed_status"": [{""seed"": 0, ""status"": ""success""}], ""transfers"": 68.0, ""valid"": 1}","{""N"": 1, ""complete"": true, ""complete_fidelity"": true, ""fidelity"": 0.842637516919016, ""fidelity_valid"": 1, ""idle_exposures"": 0.0, ""log_atom_transfer"": -0.06803402268368033, ""log_coherence_linear"": -0.013982363115202168, ""log_fidelity"": -0.17121840524565085, ""log_idle_excitation"": -0.0, ""move_batches"": 32.0, ""move_time_us"": 3141.365922961744, ""seed_status"": [{""seed"": 0, ""status"": ""success""}], ""transfers"": 68.0, ""valid"": 1}","{""N"": 3, ""complete"": true, ""complete_fidelity"": true, ""fidelity"": 0.8417545444165311, ""fidelity_valid"": 3, ""idle_exposures"": 11.0, ""log_atom_transfer"": -0.04602301534484258, ""log_coherence_linear"": -0.009507354992374605, ""log_fidelity"": -0.1722668221832888, ""log_idle_excitation"": -0.027534432399303248, ""move_batches"": 22.0, ""move_time_us"": 2204.740082238138, ""seed_status"": [{""seed"": 0, ""status"": ""success""}, {""seed"": 1, ""status"": ""success""}, {""seed"": 2, ""status"": ""success""}], ""transfers"": 46.0, ""valid"": 3}",True
qmap154,mod8-10_177,29d2d2ba2eb18eb5ab2c49bd53f46992b37b48715ddad032382024339a0ed6c0,6,358,193,"{""N"": 1, ""complete"": true, ""complete_fidelity"": true, ""fidelity"": 0.12733845096995705, ""fidelity_valid"": 1, ""idle_exposures"": 0.0, ""log_atom_transfer"": -0.7923962641981592, ""log_coherence_linear"": -0.19367381962284588, ""log_fidelity"": -2.0609067689877656, ""log_idle_excitation"": -0.0, ""move_batches"": 354.0, ""move_time_us"": 34228.00686164818, ""seed_status"": [{""seed"": 0, ""status"": ""success""}], ""transfers"": 792.0, ""valid"": 1}","{""N"": 1, ""complete"": true, ""complete_fidelity"": true, ""fidelity"": 0.1279412869850028, ""fidelity_valid"": 1, ""idle_exposures"": 0.0, ""log_atom_transfer"": -0.7923962641981592, ""log_coherence_linear"": -0.18895086636019537, ""log_fidelity"": -2.0561838157251153, ""log_idle_excitation"": -0.0, ""move_batches"": 348.0, ""move_time_us"": 32928.32334643097, ""seed_status"": [{""seed"": 0, ""status"": ""success""}], ""transfers"": 792.0, ""valid"": 1}","{""N"": 3, ""complete"": true, ""complete_fidelity"": true, ""fidelity"": 0.12444837939013145, ""fidelity_valid"": 3, ""idle_exposures"": 131.0, ""log_atom_transfer"": -0.5382691794679415, ""log_coherence_linear"": -0.1428483492216277, ""log_fidelity"": -2.0838642724298504, ""log_idle_excitation"": -0.32791005857352046, ""move_batches"": 253.0, ""move_time_us"": 25880.309826987108, ""seed_status"": [{""seed"": 0, ""status"": ""success""}, {""seed"": 1, ""status"": ""success""}, {""seed"": 2, ""status"": ""success""}], ""transfers"": 538.0, ""valid"": 3}",True
qmap154,mod8-10_178,c8416c44c0070c3fb15d442644a2d57645ab8eacb8876b7384d5baca60842315,6,284,152,"{""N"": 1, ""complete"": true, ""complete_fidelity"": true, ""fidelity"": 0.19659089040346633, ""fidelity_valid"": 1, ""idle_exposures"": 0.0, ""log_atom_transfer"": -0.6283142094904596, ""log_coherence_linear"": -0.15119705880623308, ""log_fidelity"": -1.62663040803199, ""log_idle_excitation"": -0.0, ""move_batches"": 280.0, ""move_time_us"": 26558.98264681625, ""seed_status"": [{""seed"": 0, ""status"": ""success""}], ""transfers"": 628.0, ""valid"": 1}","{""N"": 1, ""complete"": true, ""complete_fidelity"": true, ""fidelity"": 0.19622410596530407, ""fidelity_valid"": 1, ""idle_exposures"": 0.0, ""log_atom_transfer"": -0.6323162108247937, ""log_coherence_linear"": -0.14906252459075917, ""log_fidelity"": -1.6284978751508503, ""log_idle_excitation"": -0.0, ""move_batches"": 274.0, ""move_time_us"": 26048.54445409233, ""seed_status"": [{""seed"": 0, ""status"": ""success""}], ""transfers"": 632.0, ""valid"": 1}","{""N"": 3, ""complete"": true, ""complete_fidelity"": true, ""fidelity"": 0.19320741895051602, ""fidelity_valid"": 3, ""idle_exposures"": 103.0, ""log_atom_transfer"": -0.42421214143941854, ""log_coherence_linear"": -0.11483726393508564, ""log_fidelity"": -1.6439909575760048, ""log_idle_excitation"": -0.25782241246620313, ""move_batches"": 198.0, ""move_time_us"": 20452.018576953946, ""seed_status"": [{""seed"": 0, ""status"": ""success""}, {""seed"": 1, ""status"": ""success""}, {""seed"": 2, ""status"": ""success""}], ""transfers"": 424.0, ""valid"": 3}",True
qmap154,one-two-three-v0_97,6bc06c9ebf9b722cea0f989fdc71fc87334708b05c6828266ddb11ced211db99,5,238,128,"{""N"": 1, ""complete"": true, ""complete_fidelity"": true, ""fidelity"": 0.2587778447905249, ""fidelity_valid"": 1, ""idle_exposures"": 0.0, ""log_atom_transfer"": -0.5362681788007744, ""log_coherence_linear"": -0.10250108311846956, ""log_fidelity"": -1.3517853274753868, ""log_idle_excitation"": -0.0, ""move_batches"": 237.0, ""move_time_us"": 22329.19400301642, ""seed_status"": [{""seed"": 0, ""status"": ""success""}], ""transfers"": 536.0, ""valid"": 1}","{""N"": 1, ""complete"": true, ""complete_fidelity"": true, ""fidelity"": 0.2587096879499431, ""fidelity_valid"": 1, ""idle_exposures"": 0.0, ""log_atom_transfer"": -0.5362681788007744, ""log_coherence_linear"": -0.10276449754553789, ""log_fidelity"": -1.3520487419024552, ""log_idle_excitation"": -0.0, ""move_batches"": 236.0, ""move_time_us"": 22198.261669218064, ""seed_status"": [{""seed"": 0, ""status"": ""success""}], ""transfers"": 536.0, ""valid"": 1}","{""N"": 3, ""complete"": true, ""complete_fidelity"": true, ""fidelity"": 0.2540955256349368, ""fidelity_valid"": 3, ""idle_exposures"": 88.0, ""log_atom_transfer"": -0.3581791194229053, ""log_coherence_linear"": -0.07857435331551382, ""log_fidelity"": -1.370044997488988, ""log_idle_excitation"": -0.22027545919442598, ""move_batches"": 168.0, ""move_time_us"": 17000.68915739319, ""seed_status"": [{""seed"": 0, ""status"": ""success""}, {""seed"": 1, ""status"": ""success""}, {""seed"": 2, ""status"": ""success""}], ""transfers"": 358.0, ""valid"": 3}",True
qmap154,one-two-three-v0_98,0a0d73bbac4f2706db89eac74c34669b900537059d81b0bf2094c7f97d0304a3,5,121,65,"{""N"": 1, ""complete"": true, ""complete_fidelity"": true, ""fidelity"": 0.5068630035265466, ""fidelity_valid"": 1, ""idle_exposures"": 0.0, ""log_atom_transfer"": -0.2641320880660531, ""log_coherence_linear"": -0.053261769225394134, ""log_fidelity"": -0.6795145219110669, ""log_idle_excitation"": -0.0, ""move_batches"": 119.0, ""move_time_us"": 11744.198106370073, ""seed_status"": [{""seed"": 0, ""status"": ""success""}], ""transfers"": 264.0, ""valid"": 1}","{""N"": 1, ""complete"": true, ""complete_fidelity"": true, ""fidelity"": 0.5058266573360579, ""fidelity_valid"": 1, ""idle_exposures"": 0.0, ""log_atom_transfer"": -0.2681340894003872, ""log_coherence_linear"": -0.05130648880135913, ""log_fidelity"": -0.681561242821366, ""log_idle_excitation"": -0.0, ""move_batches"": 117.0, ""move_time_us"": 11071.714919558008, ""seed_status"": [{""seed"": 0, ""status"": ""success""}], ""transfers"": 268.0, ""valid"": 1}","{""N"": 3, ""complete"": true, ""complete_fidelity"": true, ""fidelity"": 0.5006764972844197, ""fidelity_valid"": 3, ""idle_exposures"": 43.0, ""log_atom_transfer"": -0.18409206137937031, ""log_coherence_linear"": -0.03794777508541536, ""log_fidelity"": -0.6917951004634999, ""log_idle_excitation"": -0.1076345993790945, ""move_batches"": 84.0, ""move_time_us"": 8282.482348399653, ""seed_status"": [{""seed"": 0, ""status"": ""success""}, {""seed"": 1, ""status"": ""success""}, {""seed"": 2, ""status"": ""success""}], ""transfers"": 184.0, ""valid"": 3}",True
qmap154,one-two-three-v1_99,4ea7a43cd39b6fc7c5ba77d77c7ebf00dd92b539d2c56d977ff9bee8952fdd66,5,109,59,"{""N"": 1, ""complete"": true, ""complete_fidelity"": true, ""fidelity"": 0.5374615300614861, ""fidelity_valid"": 1, ""idle_exposures"": 0.0, ""log_atom_transfer"": -0.24412208139438238, ""log_coherence_linear"": -0.04833113855563334, ""log_fidelity"": -0.6208980935203459, ""log_idle_excitation"": -0.0, ""move_batches"": 115.0, ""move_time_us"": 10771.398072509075, ""seed_status"": [{""seed"": 0, ""status"": ""success""}], ""transfers"": 244.0, ""valid"": 1}","{""N"": 1, ""complete"": true, ""complete_fidelity"": true, ""fidelity"": 0.5375363962233751, ""fidelity_valid"": 1, ""idle_exposures"": 0.0, ""log_atom_transfer"": -0.24412208139438238, ""log_coherence_linear"": -0.04819185240413589, ""log_fidelity"": -0.6207588073688484, ""log_idle_excitation"": -0.0, ""move_batches"": 113.0, ""move_time_us"": 10574.013617029783, ""seed_status"": [{""seed"": 0, ""status"": ""success""}], ""transfers"": 244.0, ""valid"": 1}","{""N"": 3, ""complete"": true, ""complete_fidelity"": true, ""fidelity"": 0.5281110283087319, ""fidelity_valid"": 3, ""idle_exposures"": 42.0, ""log_atom_transfer"": -0.16808405604203377, ""log_coherence_linear"": -0.03678833772071291, ""log_fidelity"": -0.6384487364940528, ""log_idle_excitation"": -0.10513146916097603, ""move_batches"": 79.0, ""move_time_us"": 8250.223639521217, ""seed_status"": [{""seed"": 0, ""status"": ""success""}, {""seed"": 1, ""status"": ""success""}, {""seed"": 2, ""status"": ""success""}], ""transfers"": 168.0, ""valid"": 3}",True
qmap154,one-two-three-v2_100,e73d2832157ee147f3cbb3f3ebebd285b8fda1cbf0b6e8f4627f21cf488be333,5,57,32,"{""N"": 1, ""complete"": true, ""complete_fidelity"": true, ""fidelity"": 0.7082193090609793, ""fidelity_valid"": 1, ""idle_exposures"": 0.0, ""log_atom_transfer"": -0.14007004670169482, ""log_coherence_linear"": -0.027427524124764565, ""log_fidelity"": -0.34500147469299014, ""log_idle_excitation"": -0.0, ""move_batches"": 62.0, ""move_time_us"": 6547.55138544528, ""seed_status"": [{""seed"": 0, ""status"": ""success""}], ""transfers"": 140.0, ""valid"": 1}","{""N"": 1, ""complete"": true, ""complete_fidelity"": true, ""fidelity"": 0.7094507855828208, ""fidelity_valid"": 1, ""idle_exposures"": 0.0, ""log_atom_transfer"": -0.14007004670169482, ""log_coherence_linear"": -0.02569019914874776, ""log_fidelity"": -0.34326414971697333, ""log_idle_excitation"": -0.0, ""move_batches"": 59.0, ""move_time_us"": 5730.218596084863, ""seed_status"": [{""seed"": 0, ""status"": ""success""}], ""transfers"": 140.0, ""valid"": 1}","{""N"": 3, ""complete"": true, ""complete_fidelity"": true, ""fidelity"": 0.7083884621599502, ""fidelity_valid"": 3, ""idle_exposures"": 22.0, ""log_atom_transfer"": -0.09404703135685223, ""log_coherence_linear"": -0.018142860366559866, ""log_fidelity"": -0.3447626603885493, ""log_idle_excitation"": -0.055068864798606496, ""move_batches"": 42.0, ""move_time_us"": 4157.912073531643, ""seed_status"": [{""seed"": 0, ""status"": ""success""}, {""seed"": 1, ""status"": ""success""}, {""seed"": 2, ""status"": ""success""}], ""transfers"": 94.0, ""valid"": 3}",True
qmap154,one-two-three-v3_101,46faae924ea2fb39bd42153545d56bde36cb7d2fb617493a033ea462bb80dfac,5,57,32,"{""N"": 1, ""complete"": true, ""complete_fidelity"": true, ""fidelity"": 0.7031702666588894, ""fidelity_valid"": 1, ""idle_exposures"": 0.0, ""log_atom_transfer"": -0.14407204803602894, ""log_coherence_linear"": -0.03058026451084904, ""log_fidelity"": -0.3521562164134087, ""log_idle_excitation"": -0.0, ""move_batches"": 64.0, ""move_time_us"": 7357.0265444221, ""seed_status"": [{""seed"": 0, ""status"": ""success""}], ""transfers"": 144.0, ""valid"": 1}","{""N"": 1, ""complete"": true, ""complete_fidelity"": true, ""fidelity"": 0.7067290234910306, ""fidelity_valid"": 1, ""idle_exposures"": 0.0, ""log_atom_transfer"": -0.14407204803602894, ""log_coherence_linear"": -0.025532011185424006, ""log_fidelity"": -0.3471079630879837, ""log_idle_excitation"": -0.0, ""move_batches"": 59.0, ""move_time_us"": 5695.024833728676, ""seed_status"": [{""seed"": 0, ""status"": ""success""}], ""transfers"": 144.0, ""valid"": 1}","{""N"": 3, ""complete"": true, ""complete_fidelity"": true, ""fidelity"": 0.7089386354421985, ""fidelity_valid"": 3, ""idle_exposures"": 23.0, ""log_atom_transfer"": -0.0900450300225181, ""log_coherence_linear"": -0.018865378147243303, ""log_fidelity"": -0.3439863070530171, ""log_idle_excitation"": -0.05757199501672497, ""move_batches"": 42.0, ""move_time_us"": 4062.264708879291, ""seed_status"": [{""seed"": 0, ""status"": ""success""}, {""seed"": 1, ""status"": ""success""}, {""seed"": 2, ""status"": ""success""}], ""transfers"": 90.0, ""valid"": 3}",True
qmap154,plus63mod4096_163,b808153d3b91e8ede62618c77815e00a84c28c8cbfd9940412cd60a74686cfc3,13,104588,56317,"{""N"": 1, ""complete"": false, ""complete_fidelity"": false, ""fidelity"": null, ""fidelity_valid"": 0, ""idle_exposures"": null, ""log_atom_transfer"": null, ""log_coherence_linear"": null, ""log_fidelity"": null, ""log_idle_excitation"": null, ""move_batches"": null, ""move_time_us"": null, ""seed_status"": [{""seed"": 0, ""status"": ""verifier_fail""}], ""transfers"": null, ""valid"": 0}","{""N"": 1, ""complete"": true, ""complete_fidelity"": false, ""fidelity"": null, ""fidelity_valid"": 0, ""idle_exposures"": 0.0, ""log_atom_transfer"": null, ""log_coherence_linear"": null, ""log_fidelity"": null, ""log_idle_excitation"": null, ""move_batches"": 100484.0, ""move_time_us"": 9770400.482385343, ""seed_status"": [{""seed"": 0, ""status"": ""success""}], ""transfers"": 232632.0, ""valid"": 1}","{""N"": 3, ""complete"": true, ""complete_fidelity"": false, ""fidelity"": null, ""fidelity_valid"": 0, ""idle_exposures"": 39106.0, ""log_atom_transfer"": null, ""log_coherence_linear"": null, ""log_fidelity"": null, ""log_idle_excitation"": null, ""move_batches"": 76811.0, ""move_time_us"": 7898089.995893169, ""seed_status"": [{""seed"": 0, ""status"": ""success""}, {""seed"": 1, ""status"": ""success""}, {""seed"": 2, ""status"": ""success""}], ""transfers"": 170754.0, ""valid"": 3}",False
qmap154,plus63mod8192_164,15ed11d4a3dd7ea9656c37ea5e18376eb48e265c74545e1213c96380cf1ba852,14,152012,81852,"{""N"": 1, ""complete"": false, ""complete_fidelity"": false, ""fidelity"": null, ""fidelity_valid"": 0, ""idle_exposures"": null, ""log_atom_transfer"": null, ""log_coherence_linear"": null, ""log_fidelity"": null, ""log_idle_excitation"": null, ""move_batches"": null, ""move_time_us"": null, ""seed_status"": [{""seed"": 0, ""status"": ""verifier_fail""}], ""transfers"": null, ""valid"": 0}","{""N"": 1, ""complete"": true, ""complete_fidelity"": false, ""fidelity"": null, ""fidelity_valid"": 0, ""idle_exposures"": 0.0, ""log_atom_transfer"": null, ""log_coherence_linear"": null, ""log_fidelity"": null, ""log_idle_excitation"": null, ""move_batches"": 146270.0, ""move_time_us"": 14268477.500572147, ""seed_status"": [{""seed"": 0, ""status"": ""success""}], ""transfers"": 337864.0, ""valid"": 1}","{""N"": 3, ""complete"": true, ""complete_fidelity"": false, ""fidelity"": null, ""fidelity_valid"": 0, ""idle_exposures"": 55406.0, ""log_atom_transfer"": null, ""log_coherence_linear"": null, ""log_fidelity"": null, ""log_idle_excitation"": null, ""move_batches"": 120041.0, ""move_time_us"": 12154936.37884791, ""seed_status"": [{""seed"": 0, ""status"": ""success""}, {""seed"": 1, ""status"": ""success""}, {""seed"": 2, ""status"": ""success""}], ""transfers"": 262100.0, ""valid"": 3}",False
qmap154,pm1_249,d800bdc1387d38e9d43ce4de7c660bcce7f9dfc81455c7ac955f18408479de3d,14,1433,771,"{""N"": 1, ""complete"": true, ""complete_fidelity"": true, ""fidelity"": 8.740155504028818e-05, ""fidelity_valid"": 1, ""idle_exposures"": 0.0, ""log_atom_transfer"": -3.1295650434492956, ""log_coherence_linear"": -1.9207981959362914, ""log_fidelity"": -9.344997483238087, ""log_idle_excitation"": -0.0, ""move_batches"": 1311.0, ""move_time_us"": 126664.64265861743, ""seed_status"": [{""seed"": 0, ""status"": ""success""}], ""transfers"": 3128.0, ""valid"": 1}","{""N"": 1, ""complete"": true, ""complete_fidelity"": true, ""fidelity"": 8.483590595870664e-05, ""fidelity_valid"": 1, ""idle_exposures"": 0.0, ""log_atom_transfer"": -3.1375690461179637, ""log_coherence_linear"": -1.9425883954882481, ""log_fidelity"": -9.374791685458712, ""log_idle_excitation"": -0.0, ""move_batches"": 1314.0, ""move_time_us"": 128290.95303427006, ""seed_status"": [{""seed"": 0, ""status"": ""success""}], ""transfers"": 3136.0, ""valid"": 1}","{""N"": 3, ""complete"": true, ""complete_fidelity"": true, ""fidelity"": 9.629392908787516e-05, ""fidelity_valid"": 3, ""idle_exposures"": 506.0, ""log_atom_transfer"": -2.19109573054794, ""log_coherence_linear"": -1.4957914180417842, ""log_fidelity"": -9.248105282810174, ""log_idle_excitation"": -1.2665838903679494, ""move_batches"": 987.0, ""move_time_us"": 102635.83750484063, ""seed_status"": [{""seed"": 0, ""status"": ""success""}, {""seed"": 1, ""status"": ""success""}, {""seed"": 2, ""status"": ""success""}], ""transfers"": 2190.0, ""valid"": 3}",True
qmap154,qe_qft_4,081979fd7492baf5b800ab2ecf9a40368544e0b330c139e248e5342892ed469a,5,42,25,"{""N"": 1, ""complete"": true, ""complete_fidelity"": true, ""fidelity"": 0.8140289251436202, ""fidelity_valid"": 1, ""idle_exposures"": 0.0, ""log_atom_transfer"": -0.05602801868067792, ""log_coherence_linear"": -0.011815924389093936, ""log_fidelity"": -0.20575937903646271, ""log_idle_excitation"": -0.0, ""move_batches"": 20.0, ""move_time_us"": 2205.7549704796156, ""seed_status"": [{""seed"": 0, ""status"": ""success""}], ""transfers"": 56.0, ""valid"": 1}","{""N"": 1, ""complete"": true, ""complete_fidelity"": true, ""fidelity"": 0.8148677907179451, ""fidelity_valid"": 1, ""idle_exposures"": 0.0, ""log_atom_transfer"": -0.05602801868067792, ""log_coherence_linear"": -0.010785944230970734, ""log_fidelity"": -0.2047293988783395, ""log_idle_excitation"": -0.0, ""move_batches"": 16.0, ""move_time_us"": 1650.5620692555674, ""seed_status"": [{""seed"": 0, ""status"": ""success""}], ""transfers"": 56.0, ""valid"": 1}","{""N"": 3, ""complete"": true, ""complete_fidelity"": true, ""fidelity"": 0.825316946213586, ""fidelity_valid"": 3, ""idle_exposures"": 0.0, ""log_atom_transfer"": -0.04402201467767551, ""log_coherence_linear"": -0.010050338551677064, ""log_fidelity"": -0.19198778919604342, ""log_idle_excitation"": -0.0, ""move_batches"": 17.0, ""move_time_us"": 1759.0666628095948, ""seed_status"": [{""seed"": 0, ""status"": ""success""}, {""seed"": 1, ""status"": ""success""}, {""seed"": 2, ""status"": ""success""}], ""transfers"": 44.0, ""valid"": 3}",True
qmap154,qe_qft_5,9296c4d9d70d4b782022666728fc1ed6948b105b09cf991b52689a4556553f5f,5,51,26,"{""N"": 1, ""complete"": true, ""complete_fidelity"": true, ""fidelity"": 0.8128161363286656, ""fidelity_valid"": 1, ""idle_exposures"": 0.0, ""log_atom_transfer"": -0.048024016012009646, ""log_coherence_linear"": -0.013597950705153591, ""log_fidelity"": -0.2072503495884163, ""log_idle_excitation"": -0.0, ""move_batches"": 20.0, ""move_time_us"": 2184.382605259369, ""seed_status"": [{""seed"": 0, ""status"": ""success""}], ""transfers"": 48.0, ""valid"": 1}","{""N"": 1, ""complete"": true, ""complete_fidelity"": true, ""fidelity"": 0.8098192741652681, ""fidelity_valid"": 1, ""idle_exposures"": 0.0, ""log_atom_transfer"": -0.05202601734634379, ""log_coherence_linear"": -0.013289774307133729, ""log_fidelity"": -0.21094417452473058, ""log_idle_excitation"": -0.0, ""move_batches"": 18.0, ""move_time_us"": 2013.282054854563, ""seed_status"": [{""seed"": 0, ""status"": ""success""}], ""transfers"": 52.0, ""valid"": 1}","{""N"": 3, ""complete"": true, ""complete_fidelity"": true, ""fidelity"": 0.820288487211781, ""fidelity_valid"": 3, ""idle_exposures"": 1.0, ""log_atom_transfer"": -0.03801901267617431, ""log_coherence_linear"": -0.011948661157307682, ""log_fidelity"": -0.19809918692285353, ""log_idle_excitation"": -0.002503130218118477, ""move_batches"": 16.0, ""move_time_us"": 1687.7469091049384, ""seed_status"": [{""seed"": 0, ""status"": ""success""}, {""seed"": 1, ""status"": ""success""}, {""seed"": 2, ""status"": ""success""}], ""transfers"": 38.0, ""valid"": 3}",True
qmap154,qft_10,c254705763939d7764422ef5dd7203e07ed12ba332697bed4093e8e8f77534dc,10,0,0,"{""N"": 1, ""complete"": false, ""complete_fidelity"": false, ""fidelity"": null, ""fidelity_valid"": 0, ""idle_exposures"": null, ""log_atom_transfer"": null, ""log_coherence_linear"": null, ""log_fidelity"": null, ""log_idle_excitation"": null, ""move_batches"": null, ""move_time_us"": null, ""seed_status"": [{""seed"": 0, ""status"": ""compiler_error""}], ""transfers"": null, ""valid"": 0}","{""N"": 1, ""complete"": true, ""complete_fidelity"": true, ""fidelity"": 1.0, ""fidelity_valid"": 1, ""idle_exposures"": 0.0, ""log_atom_transfer"": -0.0, ""log_coherence_linear"": 0.0, ""log_fidelity"": 0.0, ""log_idle_excitation"": -0.0, ""move_batches"": 0.0, ""move_time_us"": 0.0, ""seed_status"": [{""seed"": 0, ""status"": ""success""}], ""transfers"": 0.0, ""valid"": 1}","{""N"": 3, ""complete"": false, ""complete_fidelity"": false, ""fidelity"": null, ""fidelity_valid"": 0, ""idle_exposures"": null, ""log_atom_transfer"": null, ""log_coherence_linear"": null, ""log_fidelity"": null, ""log_idle_excitation"": null, ""move_batches"": null, ""move_time_us"": null, ""seed_status"": [{""seed"": 0, ""status"": ""runner_error""}, {""seed"": 1, ""status"": ""runner_error""}, {""seed"": 2, ""status"": ""runner_error""}], ""transfers"": null, ""valid"": 0}",False
qmap154,qft_16,2e5720da50a8d2fd9ab1fb290f0329a29fa73b931ac3b1565d4a2c693f566c23,16,0,0,"{""N"": 1, ""complete"": false, ""complete_fidelity"": false, ""fidelity"": null, ""fidelity_valid"": 0, ""idle_exposures"": null, ""log_atom_transfer"": null, ""log_coherence_linear"": null, ""log_fidelity"": null, ""log_idle_excitation"": null, ""move_batches"": null, ""move_time_us"": null, ""seed_status"": [{""seed"": 0, ""status"": ""compiler_error""}], ""transfers"": null, ""valid"": 0}","{""N"": 1, ""complete"": true, ""complete_fidelity"": true, ""fidelity"": 1.0, ""fidelity_valid"": 1, ""idle_exposures"": 0.0, ""log_atom_transfer"": -0.0, ""log_coherence_linear"": 0.0, ""log_fidelity"": 0.0, ""log_idle_excitation"": -0.0, ""move_batches"": 0.0, ""move_time_us"": 0.0, ""seed_status"": [{""seed"": 0, ""status"": ""success""}], ""transfers"": 0.0, ""valid"": 1}","{""N"": 3, ""complete"": false, ""complete_fidelity"": false, ""fidelity"": null, ""fidelity_valid"": 0, ""idle_exposures"": null, ""log_atom_transfer"": null, ""log_coherence_linear"": null, ""log_fidelity"": null, ""log_idle_excitation"": null, ""move_batches"": null, ""move_time_us"": null, ""seed_status"": [{""seed"": 0, ""status"": ""runner_error""}, {""seed"": 1, ""status"": ""runner_error""}, {""seed"": 2, ""status"": ""runner_error""}], ""transfers"": null, ""valid"": 0}",False
qmap154,radd_250,cf4a8e6ee6f9677f920d283d31ac6cc79f4dc8ed011444457d1fd4be4aa0fb9d,13,2612,1405,"{""N"": 1, ""complete"": true, ""complete_fidelity"": true, ""fidelity"": 3.1824027399224965e-08, ""fidelity_valid"": 1, ""idle_exposures"": 0.0, ""log_atom_transfer"": -5.830915944124838, ""log_coherence_linear"": -3.605789484156337, ""log_fidelity"": -17.2630442538741, ""log_idle_excitation"": -0.0, ""move_batches"": 2511.0, ""move_time_us"": 244530.03076282045, ""seed_status"": [{""seed"": 0, ""status"": ""success""}], ""transfers"": 5828.0, ""valid"": 1}","{""N"": 1, ""complete"": true, ""complete_fidelity"": true, ""fidelity"": 3.183671861512226e-08, ""fidelity_valid"": 1, ""idle_exposures"": 0.0, ""log_atom_transfer"": -5.8389199467935065, ""log_coherence_linear"": -3.597386767464978, ""log_fidelity"": -17.26264553985141, ""log_idle_excitation"": -0.0, ""move_batches"": 2513.0, ""move_time_us"": 243544.2846596557, ""seed_status"": [{""seed"": 0, ""status"": ""success""}], ""transfers"": 5836.0, ""valid"": 1}","{""N"": 3, ""complete"": true, ""complete_fidelity"": true, ""fidelity"": 4.508930994444747e-08, ""fidelity_valid"": 3, ""idle_exposures"": 915.0, ""log_atom_transfer"": -4.126063375698496, ""log_coherence_linear"": -2.6783594292730637, ""log_fidelity"": -16.91462064859044, ""log_idle_excitation"": -2.2903641495784064, ""move_batches"": 1854.0, ""move_time_us"": 188446.48782454644, ""seed_status"": [{""seed"": 0, ""status"": ""success""}, {""seed"": 1, ""status"": ""success""}, {""seed"": 2, ""status"": ""success""}], ""transfers"": 4124.0, ""valid"": 3}",True
qmap154,rd32-v0_66,2fdaaefcdde70b3b3597736046e754abdfc97b9e98f6656ea789929fdf6f0ecb,4,22,12,"{""N"": 1, ""complete"": true, ""complete_fidelity"": true, ""fidelity"": 0.8811369526136851, ""fidelity_valid"": 1, ""idle_exposures"": 0.0, ""log_atom_transfer"": -0.05202601734634379, ""log_coherence_linear"": -0.007764704379474568, ""log_fidelity"": -0.12654221380639363, ""log_idle_excitation"": -0.0, ""move_batches"": 24.0, ""move_time_us"": 2295.7742021789913, ""seed_status"": [{""seed"": 0, ""status"": ""success""}], ""transfers"": 52.0, ""valid"": 1}","{""N"": 1, ""complete"": true, ""complete_fidelity"": true, ""fidelity"": 0.8809200503580361, ""fidelity_valid"": 1, ""idle_exposures"": 0.0, ""log_atom_transfer"": -0.05202601734634379, ""log_coherence_linear"": -0.008010896479251977, ""log_fidelity"": -0.12678840590617102, ""log_idle_excitation"": -0.0, ""move_batches"": 24.0, ""move_time_us"": 2335.914364194275, ""seed_status"": [{""seed"": 0, ""status"": ""success""}], ""transfers"": 52.0, ""valid"": 1}","{""N"": 3, ""complete"": true, ""complete_fidelity"": true, ""fidelity"": 0.879133065939403, ""fidelity_valid"": 3, ""idle_exposures"": 9.0, ""log_atom_transfer"": -0.03401701134184017, ""log_coherence_linear"": -0.005522334047499421, ""log_fidelity"": -0.12881900943298114, ""log_idle_excitation"": -0.022528171963066293, ""move_batches"": 16.0, ""move_time_us"": 1597.5022374496552, ""seed_status"": [{""seed"": 0, ""status"": ""success""}, {""seed"": 1, ""status"": ""success""}, {""seed"": 2, ""status"": ""success""}], ""transfers"": 34.0, ""valid"": 3}",True
qmap154,rd32-v1_68,e0b103d516baa0b7f6568f867dab262f2f66620405eb887fb0a4bc2b3b83db45,4,23,12,"{""N"": 1, ""complete"": true, ""complete_fidelity"": true, ""fidelity"": 0.8807808223680241, ""fidelity_valid"": 1, ""idle_exposures"": 0.0, ""log_atom_transfer"": -0.05202601734634379, ""log_coherence_linear"": -0.007868912344780167, ""log_fidelity"": -0.1269464667807012, ""log_idle_excitation"": -0.0, ""move_batches"": 24.0, ""move_time_us"": 2295.7742021789913, ""seed_status"": [{""seed"": 0, ""status"": ""success""}], ""transfers"": 52.0, ""valid"": 1}","{""N"": 1, ""complete"": true, ""complete_fidelity"": true, ""fidelity"": 0.8805640021297869, ""fidelity_valid"": 1, ""idle_exposures"": 0.0, ""log_atom_transfer"": -0.05202601734634379, ""log_coherence_linear"": -0.008115110858911789, ""log_fidelity"": -0.12719266529483284, ""log_idle_excitation"": -0.0, ""move_batches"": 24.0, ""move_time_us"": 2335.914364194275, ""seed_status"": [{""seed"": 0, ""status"": ""success""}], ""transfers"": 52.0, ""valid"": 1}","{""N"": 3, ""complete"": true, ""complete_fidelity"": true, ""fidelity"": 0.8787777986123866, ""fidelity_valid"": 3, ""idle_exposures"": 9.0, ""log_atom_transfer"": -0.03401701134184017, ""log_coherence_linear"": -0.005626481695835321, ""log_fidelity"": -0.12922320209031904, ""log_idle_excitation"": -0.022528171963066293, ""move_batches"": 16.0, ""move_time_us"": 1597.5022374496552, ""seed_status"": [{""seed"": 0, ""status"": ""success""}, {""seed"": 1, ""status"": ""success""}, {""seed"": 2, ""status"": ""success""}], ""transfers"": 34.0, ""valid"": 3}",True
qmap154,rd32_270,0d21004070d0a6614961fe081dffc6b68f22d145e1bac2b93deac3a6cbd14dbf,5,69,36,"{""N"": 1, ""complete"": true, ""complete_fidelity"": true, ""fidelity"": 0.6848017524158954, ""fidelity_valid"": 1, ""idle_exposures"": 0.0, ""log_atom_transfer"": -0.1480740493703631, ""log_coherence_linear"": -0.029397234500245402, ""log_fidelity"": -0.37862589513934025, ""log_idle_excitation"": -0.0, ""move_batches"": 68.0, ""move_time_us"": 6411.441859268658, ""seed_status"": [{""seed"": 0, ""status"": ""success""}], ""transfers"": 148.0, ""valid"": 1}","{""N"": 1, ""complete"": true, ""complete_fidelity"": true, ""fidelity"": 0.6846076576810036, ""fidelity_valid"": 1, ""idle_exposures"": 0.0, ""log_atom_transfer"": -0.1480740493703631, ""log_coherence_linear"": -0.02968070668140657, ""log_fidelity"": -0.37890936732050146, ""log_idle_excitation"": -0.0, ""move_batches"": 68.0, ""move_time_us"": 6443.982584073131, ""seed_status"": [{""seed"": 0, ""status"": ""success""}], ""transfers"": 148.0, ""valid"": 1}","{""N"": 3, ""complete"": true, ""complete_fidelity"": true, ""fidelity"": 0.6829152356103855, ""fidelity_valid"": 3, ""idle_exposures"": 25.0, ""log_atom_transfer"": -0.09604803202401929, ""log_coherence_linear"": -0.02160363435514187, ""log_fidelity"": -0.38138453310085485, ""log_idle_excitation"": -0.06257825545296192, ""move_batches"": 47.0, ""move_time_us"": 4722.044714349889, ""seed_status"": [{""seed"": 0, ""status"": ""success""}, {""seed"": 1, ""status"": ""success""}, {""seed"": 2, ""status"": ""success""}], ""transfers"": 96.0, ""valid"": 3}",True
qmap154,rd53_130,9986622748f143462cb57b994c62dface6274571ab108abe0d5da591993d56d7,7,837,448,"{""N"": 1, ""complete"": true, ""complete_fidelity"": true, ""fidelity"": 0.007453287095605055, ""fidelity_valid"": 1, ""idle_exposures"": 0.0, ""log_atom_transfer"": -1.8809406271370446, ""log_coherence_linear"": -0.5214030863938448, ""log_fidelity"": -4.8991001230133975, ""log_idle_excitation"": -0.0, ""move_batches"": 785.0, ""move_time_us"": 74298.55452539532, ""seed_status"": [{""seed"": 0, ""status"": ""success""}], ""transfers"": 1880.0, ""valid"": 1}","{""N"": 1, ""complete"": true, ""complete_fidelity"": true, ""fidelity"": 0.007417580610701621, ""fidelity_valid"": 1, ""idle_exposures"": 0.0, ""log_atom_transfer"": -1.8809406271370446, ""log_coherence_linear"": -0.5262053016012347, ""log_fidelity"": -4.903902338220787, ""log_idle_excitation"": -0.0, ""move_batches"": 783.0, ""move_time_us"": 75253.40748911489, ""seed_status"": [{""seed"": 0, ""status"": ""success""}], ""transfers"": 1880.0, ""valid"": 1}","{""N"": 3, ""complete"": true, ""complete_fidelity"": true, ""fidelity"": 0.007091616705334534, ""fidelity_valid"": 3, ""idle_exposures"": 293.0, ""log_atom_transfer"": -1.312656437661597, ""log_coherence_linear"": -0.4060119372390183, ""log_fidelity"": -4.948841938291837, ""log_idle_excitation"": -0.7334171539087138, ""move_batches"": 589.0, ""move_time_us"": 59568.207947864714, ""seed_status"": [{""seed"": 0, ""status"": ""success""}, {""seed"": 1, ""status"": ""success""}, {""seed"": 2, ""status"": ""success""}], ""transfers"": 1312.0, ""valid"": 3}",True
qmap154,rd53_131,be9e69cdeacc1bca8baee7df907061733b8c0c8ee5f5400f69c299d861a6c725,7,368,198,"{""N"": 1, ""complete"": true, ""complete_fidelity"": true, ""fidelity"": 0.11373447188566607, ""fidelity_valid"": 1, ""idle_exposures"": 0.0, ""log_atom_transfer"": -0.8364182788758348, ""log_coherence_linear"": -0.2345706181144443, ""log_fidelity"": -2.173888741364781, ""log_idle_excitation"": -0.0, ""move_batches"": 357.0, ""move_time_us"": 34934.42435753634, ""seed_status"": [{""seed"": 0, ""status"": ""success""}], ""transfers"": 836.0, ""valid"": 1}","{""N"": 1, ""complete"": true, ""complete_fidelity"": true, ""fidelity"": 0.11371039080122965, ""fidelity_valid"": 1, ""idle_exposures"": 0.0, ""log_atom_transfer"": -0.8364182788758348, ""log_coherence_linear"": -0.23478237127731585, ""log_fidelity"": -2.1741004945276523, ""log_idle_excitation"": -0.0, ""move_batches"": 353.0, ""move_time_us"": 34822.303990789864, ""seed_status"": [{""seed"": 0, ""status"": ""success""}], ""transfers"": 836.0, ""valid"": 1}","{""N"": 3, ""complete"": true, ""complete_fidelity"": true, ""fidelity"": 0.10982321789805324, ""fidelity_valid"": 3, ""idle_exposures"": 126.0, ""log_atom_transfer"": -0.610305203485956, ""log_coherence_linear"": -0.1802838606506228, ""log_fidelity"": -2.208883315994009, ""log_idle_excitation"": -0.3153944074829281, ""move_batches"": 271.0, ""move_time_us"": 27456.578698795252, ""seed_status"": [{""seed"": 0, ""status"": ""success""}, {""seed"": 1, ""status"": ""success""}, {""seed"": 2, ""status"": ""success""}], ""transfers"": 610.0, ""valid"": 3}",True
qmap154,rd53_133,7568bb9bf97b4ad2d03827ff66ea80cbed58e1fa811c3c6924e3154f8ac015f0,7,468,252,"{""N"": 1, ""complete"": true, ""complete_fidelity"": true, ""fidelity"": 0.06471419732667412, ""fidelity_valid"": 1, ""idle_exposures"": 0.0, ""log_atom_transfer"": -1.0445223482612098, ""log_coherence_linear"": -0.2896707163610294, ""log_fidelity"": -2.7377746683683317, ""log_idle_excitation"": -0.0, ""move_batches"": 447.0, ""move_time_us"": 42336.77260045512, ""seed_status"": [{""seed"": 0, ""status"": ""success""}], ""transfers"": 1044.0, ""valid"": 1}","{""N"": 1, ""complete"": true, ""complete_fidelity"": true, ""fidelity"": 0.06434566414058442, ""fidelity_valid"": 1, ""idle_exposures"": 0.0, ""log_atom_transfer"": -1.0445223482612098, ""log_coherence_linear"": -0.2953817745254851, ""log_fidelity"": -2.7434857265327874, ""log_idle_excitation"": -0.0, ""move_batches"": 447.0, ""move_time_us"": 43302.48155893195, ""seed_status"": [{""seed"": 0, ""status"": ""success""}], ""transfers"": 1044.0, ""valid"": 1}","{""N"": 3, ""complete"": true, ""complete_fidelity"": true, ""fidelity"": 0.06251916705750804, ""fidelity_valid"": 3, ""idle_exposures"": 162.0, ""log_atom_transfer"": -0.7343672448503142, ""log_coherence_linear"": -0.2288261524025808, ""log_fidelity"": -2.7722820963341808, ""log_idle_excitation"": -0.40550709533519325, ""move_batches"": 337.0, ""move_time_us"": 35065.08642714838, ""seed_status"": [{""seed"": 0, ""status"": ""success""}, {""seed"": 1, ""status"": ""success""}, {""seed"": 2, ""status"": ""success""}], ""transfers"": 734.0, ""valid"": 3}",True
qmap154,rd53_135,eb832c5f8f923061439d844842c8a7876f763051b9241b753ac772e69888a63c,7,247,134,"{""N"": 1, ""complete"": true, ""complete_fidelity"": true, ""fidelity"": 0.23621831620082703, ""fidelity_valid"": 1, ""idle_exposures"": 0.0, ""log_atom_transfer"": -0.5482741828037768, ""log_coherence_linear"": -0.14893292853905923, ""log_fidelity"": -1.4429988329212626, ""log_idle_excitation"": -0.0, ""move_batches"": 229.0, ""move_time_us"": 21870.64425635051, ""seed_status"": [{""seed"": 0, ""status"": ""success""}], ""transfers"": 548.0, ""valid"": 1}","{""N"": 1, ""complete"": true, ""complete_fidelity"": true, ""fidelity"": 0.23610547153044442, ""fidelity_valid"": 1, ""idle_exposures"": 0.0, ""log_atom_transfer"": -0.5482741828037768, ""log_coherence_linear"": -0.14941075614571742, ""log_fidelity"": -1.4434766605279208, ""log_idle_excitation"": -0.0, ""move_batches"": 228.0, ""move_time_us"": 21814.876956399232, ""seed_status"": [{""seed"": 0, ""status"": ""success""}], ""transfers"": 548.0, ""valid"": 1}","{""N"": 3, ""complete"": true, ""complete_fidelity"": true, ""fidelity"": 0.23015454413813366, ""fidelity_valid"": 3, ""idle_exposures"": 88.0, ""log_atom_transfer"": -0.38619312876324424, ""log_coherence_linear"": -0.11674395513206674, ""log_fidelity"": -1.4690042646681634, ""log_idle_excitation"": -0.22027545919442598, ""move_batches"": 174.0, ""move_time_us"": 17916.610862723537, ""seed_status"": [{""seed"": 0, ""status"": ""success""}, {""seed"": 1, ""status"": ""success""}, {""seed"": 2, ""status"": ""success""}], ""transfers"": 386.0, ""valid"": 3}",True
qmap154,rd53_138,3b0bd2035db7cf2547b925a5bb182e565f350a0756310fc40ac23ff85782a6ad,8,113,60,"{""N"": 1, ""complete"": true, ""complete_fidelity"": true, ""fidelity"": 0.5203861619163942, ""fidelity_valid"": 1, ""idle_exposures"": 0.0, ""log_atom_transfer"": -0.24012008006004826, ""log_coherence_linear"": -0.07840644845184826, ""log_fidelity"": -0.6531841239417788, ""log_idle_excitation"": -0.0, ""move_batches"": 99.0, ""move_time_us"": 10032.087655617022, ""seed_status"": [{""seed"": 0, ""status"": ""success""}], ""transfers"": 240.0, ""valid"": 1}","{""N"": 1, ""complete"": true, ""complete_fidelity"": true, ""fidelity"": 0.5195917751122073, ""fidelity_valid"": 1, ""idle_exposures"": 0.0, ""log_atom_transfer"": -0.24012008006004826, ""log_coherence_linear"": -0.07993414808931532, ""log_fidelity"": -0.654711823579246, ""log_idle_excitation"": -0.0, ""move_batches"": 88.0, ""move_time_us"": 10211.710571575803, ""seed_status"": [{""seed"": 0, ""status"": ""success""}], ""transfers"": 240.0, ""valid"": 1}","{""N"": 3, ""complete"": true, ""complete_fidelity"": true, ""fidelity"": 0.5152349940673651, ""fidelity_valid"": 3, ""idle_exposures"": 43.0, ""log_atom_transfer"": -0.16208105404053258, ""log_coherence_linear"": -0.05875893438176337, ""log_fidelity"": -0.6631321832312728, ""log_idle_excitation"": -0.1076345993790945, ""move_batches"": 75.0, ""move_time_us"": 8265.581970299965, ""seed_status"": [{""seed"": 0, ""status"": ""success""}, {""seed"": 1, ""status"": ""success""}, {""seed"": 2, ""status"": ""success""}], ""transfers"": 162.0, ""valid"": 3}",True
qmap154,rd53_251,a15dd882bbe53aea063fc08cb96e33fd774fc6763d90813aa5ed1415ffb775a2,8,1048,564,"{""N"": 1, ""complete"": true, ""complete_fidelity"": true, ""fidelity"": 0.0019798639913699637, ""fidelity_valid"": 1, ""idle_exposures"": 0.0, ""log_atom_transfer"": -2.3131567712451315, ""log_coherence_linear"": -0.7700495987041375, ""log_fidelity"": -6.224727127862335, ""log_idle_excitation"": -0.0, ""move_batches"": 996.0, ""move_time_us"": 94542.43551484776, ""seed_status"": [{""seed"": 0, ""status"": ""success""}], ""transfers"": 2312.0, ""valid"": 1}","{""N"": 1, ""complete"": true, ""complete_fidelity"": true, ""fidelity"": 0.0019712468983094584, ""fidelity_valid"": 1, ""idle_exposures"": 0.0, ""log_atom_transfer"": -2.3131567712451315, ""log_coherence_linear"": -0.7744114639938801, ""log_fidelity"": -6.229088993152077, ""log_idle_excitation"": -0.0, ""move_batches"": 996.0, ""move_time_us"": 94905.46692019027, ""seed_status"": [{""seed"": 0, ""status"": ""success""}], ""transfers"": 2312.0, ""valid"": 1}","{""N"": 3, ""complete"": true, ""complete_fidelity"": true, ""fidelity"": 0.0018879634070310825, ""fidelity_valid"": 3, ""idle_exposures"": 377.0, ""log_atom_transfer"": -1.5887945297306525, ""log_coherence_linear"": -0.5982612134414047, ""log_fidelity"": -6.272256593315789, ""log_idle_excitation"": -0.9436800922306658, ""move_batches"": 732.0, ""move_time_us"": 76306.6184309213, ""seed_status"": [{""seed"": 0, ""status"": ""success""}, {""seed"": 1, ""status"": ""success""}, {""seed"": 2, ""status"": ""success""}], ""transfers"": 1588.0, ""valid"": 3}",True
qmap154,rd53_311,1a2e65e77c47deda845cff04ac39142ee67177958161cb55e0eee9ab9f5a61a5,13,225,124,"{""N"": 1, ""complete"": true, ""complete_fidelity"": true, ""fidelity"": 0.23034321443572237, ""fidelity_valid"": 1, ""idle_exposures"": 0.0, ""log_atom_transfer"": -0.5202601734634379, ""log_coherence_linear"": -0.25885935905227575, ""log_fidelity"": -1.4681848456606534, ""log_idle_excitation"": -0.0, ""move_batches"": 203.0, ""move_time_us"": 19548.724299280057, ""seed_status"": [{""seed"": 0, ""status"": ""success""}], ""transfers"": 520.0, ""valid"": 1}","{""N"": 1, ""complete"": true, ""complete_fidelity"": true, ""fidelity"": 0.23048589425001717, ""fidelity_valid"": 1, ""idle_exposures"": 0.0, ""log_atom_transfer"": -0.5202601734634379, ""log_coherence_linear"": -0.25824012812191677, ""log_fidelity"": -1.4675656147302945, ""log_idle_excitation"": -0.0, ""move_batches"": 198.0, ""move_time_us"": 19276.440694533714, ""seed_status"": [{""seed"": 0, ""status"": ""success""}], ""transfers"": 520.0, ""valid"": 1}","{""N"": 3, ""complete"": true, ""complete_fidelity"": true, ""fidelity"": 0.22818045490705247, ""fidelity_valid"": 3, ""idle_exposures"": 94.0, ""log_atom_transfer"": -0.34617311541990287, ""log_coherence_linear"": -0.2050848244483045, ""log_fidelity"": -1.477618494183451, ""log_idle_excitation"": -0.23529424050313683, ""move_batches"": 149.0, ""move_time_us"": 15793.996359279168, ""seed_status"": [{""seed"": 0, ""status"": ""success""}, {""seed"": 1, ""status"": ""success""}, {""seed"": 2, ""status"": ""success""}], ""transfers"": 346.0, ""valid"": 3}",True
qmap154,rd73_140,f0db956c320d40de51858d908aa0fe247112cd2c9c82085581052b79ba123d2c,10,195,104,"{""N"": 1, ""complete"": true, ""complete_fidelity"": true, ""fidelity"": 0.31415608379315346, ""fidelity_valid"": 1, ""idle_exposures"": 0.0, ""log_atom_transfer"": -0.4162081387707503, ""log_coherence_linear"": -0.16184406925974093, ""log_fidelity"": -1.1578653344344856, ""log_idle_excitation"": -0.0, ""move_batches"": 157.0, ""move_time_us"": 15665.91121357558, ""seed_status"": [{""seed"": 0, ""status"": ""success""}], ""transfers"": 416.0, ""valid"": 1}","{""N"": 1, ""complete"": true, ""complete_fidelity"": true, ""fidelity"": 0.30959999612158684, ""fidelity_valid"": 1, ""idle_exposures"": 0.0, ""log_atom_transfer"": -0.4162081387707503, ""log_coherence_linear"": -0.1764528846189949, ""log_fidelity"": -1.1724741497937394, ""log_idle_excitation"": -0.0, ""move_batches"": 148.0, ""move_time_us"": 17716.47909276825, ""seed_status"": [{""seed"": 0, ""status"": ""success""}], ""transfers"": 416.0, ""valid"": 1}","{""N"": 3, ""complete"": true, ""complete_fidelity"": true, ""fidelity"": 0.31130925864395464, ""fidelity_valid"": 3, ""idle_exposures"": 82.0, ""log_atom_transfer"": -0.262131087398886, ""log_coherence_linear"": -0.12376956975316057, ""log_fidelity"": -1.1669684601074217, ""log_idle_excitation"": -0.2052566778857151, ""move_batches"": 109.0, ""move_time_us"": 11937.036379504138, ""seed_status"": [{""seed"": 0, ""status"": ""success""}, {""seed"": 1, ""status"": ""success""}, {""seed"": 2, ""status"": ""success""}], ""transfers"": 262.0, ""valid"": 3}",True
qmap154,rd73_252,181b076ba081017381177d84383cc4f660e01506983ee907420658ef1adbd956,10,4310,2319,"{""N"": 1, ""complete"": true, ""complete_fidelity"": true, ""fidelity"": 1.3349430768551419e-12, ""fidelity_valid"": 1, ""idle_exposures"": 0.0, ""log_atom_transfer"": -9.552777185055586, ""log_coherence_linear"": -4.8720768013918505, ""log_fidelity"": -27.342132464045225, ""log_idle_excitation"": -0.0, ""move_batches"": 4053.0, ""move_time_us"": 391160.087639514, ""seed_status"": [{""seed"": 0, ""status"": ""success""}], ""transfers"": 9548.0, ""valid"": 1}","{""N"": 1, ""complete"": true, ""complete_fidelity"": true, ""fidelity"": 1.3271578342240792e-12, ""fidelity_valid"": 1, ""idle_exposures"": 0.0, ""log_atom_transfer"": -9.564783189058588, ""log_coherence_linear"": -4.865919760358899, ""log_fidelity"": -27.347981427015274, ""log_idle_excitation"": -0.0, ""move_batches"": 4045.0, ""move_time_us"": 389930.78080557066, ""seed_status"": [{""seed"": 0, ""status"": ""success""}], ""transfers"": 9560.0, ""valid"": 1}","{""N"": 3, ""complete"": true, ""complete_fidelity"": true, ""fidelity"": 1.8377351819540632e-12, ""fidelity_valid"": 3, ""idle_exposures"": 1520.0, ""log_atom_transfer"": -6.75137625102169, ""log_coherence_linear"": -3.5513645047595763, ""log_fidelity"": -27.022487181834656, ""log_idle_excitation"": -3.804757931540085, ""move_batches"": 3042.0, ""move_time_us"": 307275.6180801461, ""seed_status"": [{""seed"": 0, ""status"": ""success""}, {""seed"": 1, ""status"": ""success""}, {""seed"": 2, ""status"": ""success""}], ""transfers"": 6748.0, ""valid"": 3}",True
qmap154,rd84_142,905244f2543b366d276cc748f223b549e8c6712f4b686c6295e2e70e4df2d908,15,288,154,"{""N"": 1, ""complete"": true, ""complete_fidelity"": true, ""fidelity"": 0.14901955292519958, ""fidelity_valid"": 1, ""idle_exposures"": 0.0, ""log_atom_transfer"": -0.6283142094904596, ""log_coherence_linear"": -0.41701914105152066, ""log_fidelity"": -1.9036777539603742, ""log_idle_excitation"": -0.0, ""move_batches"": 259.0, ""move_time_us"": 27978.249373221213, ""seed_status"": [{""seed"": 0, ""status"": ""success""}], ""transfers"": 628.0, ""valid"": 1}","{""N"": 1, ""complete"": true, ""complete_fidelity"": true, ""fidelity"": 0.15749000176228498, ""fidelity_valid"": 1, ""idle_exposures"": 0.0, ""log_atom_transfer"": -0.6283142094904596, ""log_coherence_linear"": -0.361734690696973, ""log_fidelity"": -1.8483933036058264, ""log_idle_excitation"": -0.0, ""move_batches"": 183.0, ""move_time_us"": 22368.962191309052, ""seed_status"": [{""seed"": 0, ""status"": ""success""}], ""transfers"": 628.0, ""valid"": 1}","{""N"": 3, ""complete"": true, ""complete_fidelity"": true, ""fidelity"": 0.16097964877368956, ""fidelity_valid"": 3, ""idle_exposures"": 120.0, ""log_atom_transfer"": -0.3961981320990796, ""log_coherence_linear"": -0.27155916542814823, ""log_fidelity"": -1.8264773271198391, ""log_idle_excitation"": -0.30037562617421726, ""move_batches"": 152.0, ""move_time_us"": 16112.856081813621, ""seed_status"": [{""seed"": 0, ""status"": ""success""}, {""seed"": 1, ""status"": ""success""}, {""seed"": 2, ""status"": ""success""}], ""transfers"": 396.0, ""valid"": 3}",True
qmap154,rd84_253,a9efde0279e6a63c1de865e8ae22b6b7bbb96a6b2ae2a58c3038bcafea2c08f4,12,11069,5960,"{""N"": 1, ""complete"": true, ""complete_fidelity"": false, ""fidelity"": null, ""fidelity_valid"": 0, ""idle_exposures"": 0.0, ""log_atom_transfer"": null, ""log_coherence_linear"": null, ""log_fidelity"": null, ""log_idle_excitation"": null, ""move_batches"": 10398.0, ""move_time_us"": 1012035.0557592644, ""seed_status"": [{""seed"": 0, ""status"": ""success""}], ""transfers"": 24740.0, ""valid"": 1}","{""N"": 1, ""complete"": true, ""complete_fidelity"": false, ""fidelity"": null, ""fidelity_valid"": 0, ""idle_exposures"": 0.0, ""log_atom_transfer"": null, ""log_coherence_linear"": null, ""log_fidelity"": null, ""log_idle_excitation"": null, ""move_batches"": 10252.0, ""move_time_us"": 999068.3851642016, ""seed_status"": [{""seed"": 0, ""status"": ""success""}], ""transfers"": 24768.0, ""valid"": 1}","{""N"": 3, ""complete"": true, ""complete_fidelity"": true, ""fidelity"": 6.872350895567028e-36, ""fidelity_valid"": 3, ""idle_exposures"": 3987.0, ""log_atom_transfer"": -17.708855904428557, ""log_coherence_linear"": -20.080773545736726, ""log_fidelity"": -80.96555710277065, ""log_idle_excitation"": -9.979980179638368, ""move_batches"": 7851.0, ""move_time_us"": 802497.3423082101, ""seed_status"": [{""seed"": 0, ""status"": ""success""}, {""seed"": 1, ""status"": ""success""}, {""seed"": 2, ""status"": ""success""}], ""transfers"": 17700.0, ""valid"": 3}",False
qmap154,root_255,2b3237a508e829210f1cc5215a037ed2416c9c8f69d09be3c5cc69f274db9ae8,13,13919,7493,"{""N"": 1, ""complete"": true, ""complete_fidelity"": false, ""fidelity"": null, ""fidelity_valid"": 0, ""idle_exposures"": 0.0, ""log_atom_transfer"": null, ""log_coherence_linear"": null, ""log_fidelity"": null, ""log_idle_excitation"": null, ""move_batches"": 12931.0, ""move_time_us"": 1277489.7213047529, ""seed_status"": [{""seed"": 0, ""status"": ""success""}], ""transfers"": 30956.0, ""valid"": 1}","{""N"": 1, ""complete"": true, ""complete_fidelity"": false, ""fidelity"": null, ""fidelity_valid"": 0, ""idle_exposures"": 0.0, ""log_atom_transfer"": null, ""log_coherence_linear"": null, ""log_fidelity"": null, ""log_idle_excitation"": null, ""move_batches"": 12550.0, ""move_time_us"": 1235556.6262191553, ""seed_status"": [{""seed"": 0, ""status"": ""success""}], ""transfers"": 30976.0, ""valid"": 1}","{""N"": 3, ""complete"": true, ""complete_fidelity"": false, ""fidelity"": null, ""fidelity_valid"": 0, ""idle_exposures"": 5000.0, ""log_atom_transfer"": null, ""log_coherence_linear"": null, ""log_fidelity"": null, ""log_idle_excitation"": null, ""move_batches"": 9876.0, ""move_time_us"": 1019659.953066201, ""seed_status"": [{""seed"": 0, ""status"": ""success""}, {""seed"": 1, ""status"": ""success""}, {""seed"": 2, ""status"": ""success""}], ""transfers"": 22610.0, ""valid"": 3}",False
qmap154,sao2_257,43706b3214137b0e3861e5fec3fc91ef93dbc649f0787fccbe50e5b3c4eacff8,14,31325,16864,"{""N"": 1, ""complete"": false, ""complete_fidelity"": false, ""fidelity"": null, ""fidelity_valid"": 0, ""idle_exposures"": null, ""log_atom_transfer"": null, ""log_coherence_linear"": null, ""log_fidelity"": null, ""log_idle_excitation"": null, ""move_batches"": null, ""move_time_us"": null, ""seed_status"": [{""seed"": 0, ""status"": ""verifier_fail""}], ""transfers"": null, ""valid"": 0}","{""N"": 1, ""complete"": true, ""complete_fidelity"": false, ""fidelity"": null, ""fidelity_valid"": 0, ""idle_exposures"": 0.0, ""log_atom_transfer"": null, ""log_coherence_linear"": null, ""log_fidelity"": null, ""log_idle_excitation"": null, ""move_batches"": 27908.0, ""move_time_us"": 2747218.4606234496, ""seed_status"": [{""seed"": 0, ""status"": ""success""}], ""transfers"": 70276.0, ""valid"": 1}","{""N"": 3, ""complete"": true, ""complete_fidelity"": false, ""fidelity"": null, ""fidelity_valid"": 0, ""idle_exposures"": 13896.0, ""log_atom_transfer"": null, ""log_coherence_linear"": null, ""log_fidelity"": null, ""log_idle_excitation"": null, ""move_batches"": 22404.0, ""move_time_us"": 2315258.080113711, ""seed_status"": [{""seed"": 0, ""status"": ""success""}, {""seed"": 1, ""status"": ""success""}, {""seed"": 2, ""status"": ""success""}], ""transfers"": 51108.0, ""valid"": 3}",False
qmap154,sf_274,a6601aa8a2f26cecf967808159491730a5ec445ea7982d3bada3e769531cf1b0,6,627,336,"{""N"": 1, ""complete"": true, ""complete_fidelity"": true, ""fidelity"": 0.02833773041414477, ""fidelity_valid"": 1, ""idle_exposures"": 0.0, ""log_atom_transfer"": -1.3566784523392725, ""log_coherence_linear"": -0.3345404064189571, ""log_fidelity"": -3.563561132113359, ""log_idle_excitation"": -0.0, ""move_batches"": 613.0, ""move_time_us"": 57597.41405951561, ""seed_status"": [{""seed"": 0, ""status"": ""success""}], ""transfers"": 1356.0, ""valid"": 1}","{""N"": 1, ""complete"": true, ""complete_fidelity"": true, ""fidelity"": 0.02849742015120758, ""fidelity_valid"": 1, ""idle_exposures"": 0.0, ""log_atom_transfer"": -1.3566784523392725, ""log_coherence_linear"": -0.32892099112066425, ""log_fidelity"": -3.5579417168150664, ""log_idle_excitation"": -0.0, ""move_batches"": 600.0, ""move_time_us"": 56164.12901965393, ""seed_status"": [{""seed"": 0, ""status"": ""success""}], ""transfers"": 1356.0, ""valid"": 1}","{""N"": 3, ""complete"": true, ""complete_fidelity"": true, ""fidelity"": 0.026394266066338226, ""fidelity_valid"": 3, ""idle_exposures"": 228.0, ""log_atom_transfer"": -0.9344673115670211, ""log_coherence_linear"": -0.2570852122237204, ""log_fidelity"": -3.6346084868768838, ""log_idle_excitation"": -0.5707136897310128, ""move_batches"": 436.0, ""move_time_us"": 46117.12899949396, ""seed_status"": [{""seed"": 0, ""status"": ""success""}, {""seed"": 1, ""status"": ""success""}, {""seed"": 2, ""status"": ""success""}], ""transfers"": 934.0, ""valid"": 3}",True
qmap154,sf_276,4b3a5ff4ee6e996fec8dbee995040ab4694fa02a4220ee8b1890926ec0ef8be2,6,627,336,"{""N"": 1, ""complete"": true, ""complete_fidelity"": true, ""fidelity"": 0.028182186016494883, ""fidelity_valid"": 1, ""idle_exposures"": 0.0, ""log_atom_transfer"": -1.3606804536736068, ""log_coherence_linear"": -0.3360424751595531, ""log_fidelity"": -3.5690652021882894, ""log_idle_excitation"": -0.0, ""move_batches"": 609.0, ""move_time_us"": 57962.167823935604, ""seed_status"": [{""seed"": 0, ""status"": ""success""}], ""transfers"": 1360.0, ""valid"": 1}","{""N"": 1, ""complete"": true, ""complete_fidelity"": true, ""fidelity"": 0.028332793025848086, ""fidelity_valid"": 1, ""idle_exposures"": 0.0, ""log_atom_transfer"": -1.3606804536736068, ""log_coherence_linear"": -0.33071265398897237, ""log_fidelity"": -3.563735381017709, ""log_idle_excitation"": -0.0, ""move_batches"": 604.0, ""move_time_us"": 56597.73292120202, ""seed_status"": [{""seed"": 0, ""status"": ""success""}], ""transfers"": 1360.0, ""valid"": 1}","{""N"": 3, ""complete"": true, ""complete_fidelity"": true, ""fidelity"": 0.026339083098214994, ""fidelity_valid"": 3, ""idle_exposures"": 228.0, ""log_atom_transfer"": -0.9364683122341881, ""log_coherence_linear"": -0.2571771181949693, ""log_fidelity"": -3.6367013935153, ""log_idle_excitation"": -0.5707136897310128, ""move_batches"": 440.0, ""move_time_us"": 46140.82069347716, ""seed_status"": [{""seed"": 0, ""status"": ""success""}, {""seed"": 1, ""status"": ""success""}, {""seed"": 2, ""status"": ""success""}], ""transfers"": 936.0, ""valid"": 3}",True
qmap154,sqn_258,9e525b1d35ed9e69aaedcf8bd3fdf71ef4f7393c6838de0a4837f6c92a652f0d,10,8286,4459,"{""N"": 1, ""complete"": true, ""complete_fidelity"": true, ""fidelity"": 2.8213941255446305e-25, ""fidelity_valid"": 1, ""idle_exposures"": 0.0, ""log_atom_transfer"": -18.49324816595805, ""log_coherence_linear"": -13.197051089569044, ""log_fidelity"": -56.52739619130158, ""log_idle_excitation"": -0.0, ""move_batches"": 7662.0, ""move_time_us"": 737083.6264317728, ""seed_status"": [{""seed"": 0, ""status"": ""success""}], ""transfers"": 18484.0, ""valid"": 1}","{""N"": 1, ""complete"": true, ""complete_fidelity"": true, ""fidelity"": 2.736347558585412e-25, ""fidelity_valid"": 1, ""idle_exposures"": 0.0, ""log_atom_transfer"": -18.52126217529839, ""log_coherence_linear"": -13.199644190439088, ""log_fidelity"": -56.55800330151196, ""log_idle_excitation"": -0.0, ""move_batches"": 7658.0, ""move_time_us"": 736825.8370708319, ""seed_status"": [{""seed"": 0, ""status"": ""success""}], ""transfers"": 18512.0, ""valid"": 1}","{""N"": 3, ""complete"": true, ""complete_fidelity"": true, ""fidelity"": 2.2793565245428315e-24, ""fidelity_valid"": 3, ""idle_exposures"": 2936.0, ""log_atom_transfer"": -13.01851034058895, ""log_coherence_linear"": -9.245914939704779, ""log_fidelity"": -54.43814905480173, ""log_idle_excitation"": -7.349190320395849, ""move_batches"": 5820.0, ""move_time_us"": 595840.8288547699, ""seed_status"": [{""seed"": 0, ""status"": ""success""}, {""seed"": 1, ""status"": ""success""}, {""seed"": 2, ""status"": ""success""}], ""transfers"": 13012.0, ""valid"": 3}",True
qmap154,sqrt8_260,5330ce57f4a8a8c2c2ac01c0f03ebfa187a9b427e0b3ff488641834ea78563f6,12,2443,1314,"{""N"": 1, ""complete"": true, ""complete_fidelity"": true, ""fidelity"": 1.3840980291703435e-07, ""fidelity_valid"": 1, ""idle_exposures"": 0.0, ""log_atom_transfer"": -5.434717812025759, ""log_coherence_linear"": -3.0388392407909803, ""log_fidelity"": -15.793046965945798, ""log_idle_excitation"": -0.0, ""move_batches"": 2337.0, ""move_time_us"": 225864.0148708775, ""seed_status"": [{""seed"": 0, ""status"": ""success""}], ""transfers"": 5432.0, ""valid"": 1}","{""N"": 1, ""complete"": true, ""complete_fidelity"": true, ""fidelity"": 1.3473067863463204e-07, ""fidelity_valid"": 1, ""idle_exposures"": 0.0, ""log_atom_transfer"": -5.438719813360093, ""log_coherence_linear"": -3.061778297704993, ""log_fidelity"": -15.819988024194146, ""log_idle_excitation"": -0.0, ""move_batches"": 2330.0, ""move_time_us"": 227790.8716963111, ""seed_status"": [{""seed"": 0, ""status"": ""success""}], ""transfers"": 5436.0, ""valid"": 1}","{""N"": 3, ""complete"": true, ""complete_fidelity"": true, ""fidelity"": 1.698027608819522e-07, ""fidelity_valid"": 3, ""idle_exposures"": 853.0, ""log_atom_transfer"": -3.8539272849637745, ""log_coherence_linear"": -2.2753705548665564, ""log_fidelity"": -15.588628303590324, ""log_idle_excitation"": -2.135170076055061, ""move_batches"": 1738.0, ""move_time_us"": 176545.93349037095, ""seed_status"": [{""seed"": 0, ""status"": ""success""}, {""seed"": 1, ""status"": ""success""}, {""seed"": 2, ""status"": ""success""}], ""transfers"": 3852.0, ""valid"": 3}",True
qmap154,squar5_261,205466da7c64551e7ef8d0ebcec9a29c26c1c6c9b66f614d19a34ff916800dc6,13,1617,869,"{""N"": 1, ""complete"": true, ""complete_fidelity"": true, ""fidelity"": 3.085258319188213e-05, ""fidelity_valid"": 1, ""idle_exposures"": 0.0, ""log_atom_transfer"": -3.5017511675423703, ""log_coherence_linear"": -2.0434672854252, ""log_fidelity"": -10.386290077183777, ""log_idle_excitation"": -0.0, ""move_batches"": 1492.0, ""move_time_us"": 144954.25928466464, ""seed_status"": [{""seed"": 0, ""status"": ""success""}], ""transfers"": 3500.0, ""valid"": 1}","{""N"": 1, ""complete"": true, ""complete_fidelity"": true, ""fidelity"": 3.0638918228213876e-05, ""fidelity_valid"": 1, ""idle_exposures"": 0.0, ""log_atom_transfer"": -3.5057531688767045, ""log_coherence_linear"": -2.046414726489932, ""log_fidelity"": -10.393239519582844, ""log_idle_excitation"": -0.0, ""move_batches"": 1483.0, ""move_time_us"": 144677.08012841453, ""seed_status"": [{""seed"": 0, ""status"": ""success""}], ""transfers"": 3504.0, ""valid"": 1}","{""N"": 3, ""complete"": true, ""complete_fidelity"": true, ""fidelity"": 3.3708128802624e-05, ""fidelity_valid"": 3, ""idle_exposures"": 578.0, ""log_atom_transfer"": -2.4572288192811604, ""log_coherence_linear"": -1.5446578266937259, ""log_fidelity"": -10.29777153893224, ""log_idle_excitation"": -1.4468092660724796, ""move_batches"": 1109.0, ""move_time_us"": 112654.49537272406, ""seed_status"": [{""seed"": 0, ""status"": ""success""}, {""seed"": 1, ""status"": ""success""}, {""seed"": 2, ""status"": ""success""}], ""transfers"": 2456.0, ""valid"": 3}",True
qmap154,square_root_7,94334a0880d4a94503440956c484a2bfa59894baae72b5892bd249f94da01983,15,5114,3089,"{""N"": 1, ""complete"": true, ""complete_fidelity"": true, ""fidelity"": 1.7533804378965887e-18, ""fidelity_valid"": 1, ""idle_exposures"": 0.0, ""log_atom_transfer"": -13.130566377950306, ""log_coherence_linear"": -10.736247823536907, ""log_fidelity"": -40.8849860704517, ""log_idle_excitation"": -0.0, ""move_batches"": 5427.0, ""move_time_us"": 533457.3371884242, ""seed_status"": [{""seed"": 0, ""status"": ""success""}], ""transfers"": 13124.0, ""valid"": 1}","{""N"": 1, ""complete"": true, ""complete_fidelity"": true, ""fidelity"": 2.0573431714460183e-18, ""fidelity_valid"": 1, ""idle_exposures"": 0.0, ""log_atom_transfer"": -13.218610407305656, ""log_coherence_linear"": -10.488333969828195, ""log_fidelity"": -40.72511624609834, ""log_idle_excitation"": -0.0, ""move_batches"": 5311.0, ""move_time_us"": 518681.9066011588, ""seed_status"": [{""seed"": 0, ""status"": ""success""}], ""transfers"": 13212.0, ""valid"": 1}","{""N"": 3, ""complete"": true, ""complete_fidelity"": true, ""fidelity"": 1.0158837129486198e-17, ""fidelity_valid"": 3, ""idle_exposures"": 1915.0, ""log_atom_transfer"": -9.394698132349388, ""log_coherence_linear"": -7.914409146401895, ""log_fidelity"": -39.12818769405228, ""log_idle_excitation"": -4.7934943676968835, ""move_batches"": 4195.0, ""move_time_us"": 439285.20380201755, ""seed_status"": [{""seed"": 0, ""status"": ""success""}, {""seed"": 1, ""status"": ""success""}, {""seed"": 2, ""status"": ""success""}], ""transfers"": 9390.0, ""valid"": 3}",True
qmap154,sym10_262,5db52a7209dad55f0dc564044090c5a06872df68846f80b25e1a9ca1519f9cde,12,52162,28084,"{""N"": 1, ""complete"": false, ""complete_fidelity"": false, ""fidelity"": null, ""fidelity_valid"": 0, ""idle_exposures"": null, ""log_atom_transfer"": null, ""log_coherence_linear"": null, ""log_fidelity"": null, ""log_idle_excitation"": null, ""move_batches"": null, ""move_time_us"": null, ""seed_status"": [{""seed"": 0, ""status"": ""verifier_fail""}], ""transfers"": null, ""valid"": 0}","{""N"": 1, ""complete"": true, ""complete_fidelity"": false, ""fidelity"": null, ""fidelity_valid"": 0, ""idle_exposures"": 0.0, ""log_atom_transfer"": null, ""log_coherence_linear"": null, ""log_fidelity"": null, ""log_idle_excitation"": null, ""move_batches"": 49476.0, ""move_time_us"": 4811724.897824518, ""seed_status"": [{""seed"": 0, ""status"": ""success""}], ""transfers"": 116872.0, ""valid"": 1}","{""N"": 3, ""complete"": true, ""complete_fidelity"": false, ""fidelity"": null, ""fidelity_valid"": 0, ""idle_exposures"": 20347.0, ""log_atom_transfer"": null, ""log_coherence_linear"": null, ""log_fidelity"": null, ""log_idle_excitation"": null, ""move_batches"": 38283.0, ""move_time_us"": 3950465.385597332, ""seed_status"": [{""seed"": 0, ""status"": ""success""}, {""seed"": 1, ""status"": ""success""}, {""seed"": 2, ""status"": ""success""}], ""transfers"": 85932.0, ""valid"": 3}",False
qmap154,sym6_145,cfc7a9ef5d3d73772fa0a79c64272948d4d312053c89a7c95c3799d068f28b2a,7,3160,1701,"{""N"": 1, ""complete"": true, ""complete_fidelity"": true, ""fidelity"": 6.717309144022302e-09, ""fidelity_valid"": 1, ""idle_exposures"": 0.0, ""log_atom_transfer"": -7.075538359102755, ""log_coherence_linear"": -2.2685639582016472, ""log_fidelity"": -18.81857818759953, ""log_idle_excitation"": -0.0, ""move_batches"": 3056.0, ""move_time_us"": 289332.0055769858, ""seed_status"": [{""seed"": 0, ""status"": ""success""}], ""transfers"": 7072.0, ""valid"": 1}","{""N"": 1, ""complete"": true, ""complete_fidelity"": true, ""fidelity"": 6.666753105926102e-09, ""fidelity_valid"": 1, ""idle_exposures"": 0.0, ""log_atom_transfer"": -7.075538359102755, ""log_coherence_linear"": -2.276118656857789, ""log_fidelity"": -18.82613288625567, ""log_idle_excitation"": -0.0, ""move_batches"": 3058.0, ""move_time_us"": 290294.08893248934, ""seed_status"": [{""seed"": 0, ""status"": ""success""}], ""transfers"": 7072.0, ""valid"": 1}","{""N"": 3, ""complete"": true, ""complete_fidelity"": true, ""fidelity"": 6.075060076681818e-09, ""fidelity_valid"": 3, ""idle_exposures"": 1129.0, ""log_atom_transfer"": -4.9444726485698265, ""log_coherence_linear"": -1.6720904228150835, ""log_fidelity"": -18.919073958602965, ""log_idle_excitation"": -2.8260340162557607, ""move_batches"": 2256.0, ""move_time_us"": 225371.9651216403, ""seed_status"": [{""seed"": 0, ""status"": ""success""}, {""seed"": 1, ""status"": ""success""}, {""seed"": 2, ""status"": ""success""}], ""transfers"": 4942.0, ""valid"": 3}",True
qmap154,sym6_316,2fabbd1041f29f041e6f33a894239db90c289c40d9e93f6e6e5a91771055029c,14,227,123,"{""N"": 1, ""complete"": true, ""complete_fidelity"": true, ""fidelity"": 0.22278378730361423, ""fidelity_valid"": 1, ""idle_exposures"": 0.0, ""log_atom_transfer"": -0.524262174797772, ""log_coherence_linear"": -0.2926385053766508, ""log_fidelity"": -1.5015535415138224, ""log_idle_excitation"": -0.0, ""move_batches"": 215.0, ""move_time_us"": 21000.83693991078, ""seed_status"": [{""seed"": 0, ""status"": ""success""}], ""transfers"": 524.0, ""valid"": 1}","{""N"": 1, ""complete"": true, ""complete_fidelity"": true, ""fidelity"": 0.22386711849617555, ""fidelity_valid"": 1, ""idle_exposures"": 0.0, ""log_atom_transfer"": -0.524262174797772, ""log_coherence_linear"": -0.28778758801433696, ""log_fidelity"": -1.4967026241515085, ""log_idle_excitation"": -0.0, ""move_batches"": 207.0, ""move_time_us"": 20091.13829063229, ""seed_status"": [{""seed"": 0, ""status"": ""success""}], ""transfers"": 524.0, ""valid"": 1}","{""N"": 3, ""complete"": true, ""complete_fidelity"": true, ""fidelity"": 0.22949793100823246, ""fidelity_valid"": 3, ""idle_exposures"": 90.0, ""log_atom_transfer"": -0.3401701134184017, ""log_coherence_linear"": -0.2217565703483837, ""log_fidelity"": -1.4718612647368479, ""log_idle_excitation"": -0.22528171963066293, ""move_batches"": 149.0, ""move_time_us"": 15091.466564248902, ""seed_status"": [{""seed"": 0, ""status"": ""success""}, {""seed"": 1, ""status"": ""success""}, {""seed"": 2, ""status"": ""success""}], ""transfers"": 340.0, ""valid"": 3}",True
qmap154,sym9_146,6ecd393a830744f5c1bbf3964bc813e7b8d940c7a39755f70e86d425b203bd44,12,278,148,"{""N"": 1, ""complete"": true, ""complete_fidelity"": true, ""fidelity"": 0.18014044504276833, ""fidelity_valid"": 1, ""idle_exposures"": 0.0, ""log_atom_transfer"": -0.6003002001501206, ""log_coherence_linear"": -0.2884495795540688, ""log_fidelity"": -1.7140184820912978, ""log_idle_excitation"": -0.0, ""move_batches"": 227.0, ""move_time_us"": 23100.31698383188, ""seed_status"": [{""seed"": 0, ""status"": ""success""}], ""transfers"": 600.0, ""valid"": 1}","{""N"": 1, ""complete"": true, ""complete_fidelity"": true, ""fidelity"": 0.1765607239232403, ""fidelity_valid"": 1, ""idle_exposures"": 0.0, ""log_atom_transfer"": -0.6003002001501206, ""log_coherence_linear"": -0.3085215143505493, ""log_fidelity"": -1.7340904168877782, ""log_idle_excitation"": -0.0, ""move_batches"": 208.0, ""move_time_us"": 25547.66945086616, ""seed_status"": [{""seed"": 0, ""status"": ""success""}], ""transfers"": 600.0, ""valid"": 1}","{""N"": 3, ""complete"": true, ""complete_fidelity"": true, ""fidelity"": 0.18187316704649908, ""fidelity_valid"": 3, ""idle_exposures"": 112.0, ""log_atom_transfer"": -0.36418212142440654, ""log_coherence_linear"": -0.23464431096123053, ""log_fidelity"": -1.7044457192020148, ""log_idle_excitation"": -0.2803505844292694, ""move_batches"": 159.0, ""move_time_us"": 18921.676206815646, ""seed_status"": [{""seed"": 0, ""status"": ""success""}, {""seed"": 1, ""status"": ""success""}, {""seed"": 2, ""status"": ""success""}], ""transfers"": 364.0, ""valid"": 3}",True
qmap154,sym9_148,6a854c802f048fc965ee3b2fea0772c5ebe941c837e8ea52c657829e243e25b5,10,17478,9408,"{""N"": 1, ""complete"": true, ""complete_fidelity"": false, ""fidelity"": null, ""fidelity_valid"": 0, ""idle_exposures"": 0.0, ""log_atom_transfer"": null, ""log_coherence_linear"": null, ""log_fidelity"": null, ""log_idle_excitation"": null, ""move_batches"": 16643.0, ""move_time_us"": 1592960.0211292463, ""seed_status"": [{""seed"": 0, ""status"": ""success""}], ""transfers"": 38912.0, ""valid"": 1}","{""N"": 1, ""complete"": true, ""complete_fidelity"": false, ""fidelity"": null, ""fidelity_valid"": 0, ""idle_exposures"": 0.0, ""log_atom_transfer"": null, ""log_coherence_linear"": null, ""log_fidelity"": null, ""log_idle_excitation"": null, ""move_batches"": 16683.0, ""move_time_us"": 1597937.1838544677, ""seed_status"": [{""seed"": 0, ""status"": ""success""}], ""transfers"": 38920.0, ""valid"": 1}","{""N"": 3, ""complete"": true, ""complete_fidelity"": false, ""fidelity"": null, ""fidelity_valid"": 0, ""idle_exposures"": 6097.0, ""log_atom_transfer"": null, ""log_coherence_linear"": null, ""log_fidelity"": null, ""log_idle_excitation"": null, ""move_batches"": 12691.0, ""move_time_us"": 1315223.079333337, ""seed_status"": [{""seed"": 0, ""status"": ""success""}, {""seed"": 1, ""status"": ""success""}, {""seed"": 2, ""status"": ""success""}], ""transfers"": 28330.0, ""valid"": 3}",False
qmap154,sym9_193,26bde4287c6cb5d5b60c40f5aef845bacf25cce07cfdc5871e9fb2dea2c9746c,11,28293,15232,"{""N"": 1, ""complete"": false, ""complete_fidelity"": false, ""fidelity"": null, ""fidelity_valid"": 0, ""idle_exposures"": null, ""log_atom_transfer"": null, ""log_coherence_linear"": null, ""log_fidelity"": null, ""log_idle_excitation"": null, ""move_batches"": null, ""move_time_us"": null, ""seed_status"": [{""seed"": 0, ""status"": ""verifier_fail""}], ""transfers"": null, ""valid"": 0}","{""N"": 1, ""complete"": true, ""complete_fidelity"": false, ""fidelity"": null, ""fidelity_valid"": 0, ""idle_exposures"": 0.0, ""log_atom_transfer"": null, ""log_coherence_linear"": null, ""log_fidelity"": null, ""log_idle_excitation"": null, ""move_batches"": 26785.0, ""move_time_us"": 2603708.0467253057, ""seed_status"": [{""seed"": 0, ""status"": ""success""}], ""transfers"": 63340.0, ""valid"": 1}","{""N"": 3, ""complete"": true, ""complete_fidelity"": false, ""fidelity"": null, ""fidelity_valid"": 0, ""idle_exposures"": 12579.0, ""log_atom_transfer"": null, ""log_coherence_linear"": null, ""log_fidelity"": null, ""log_idle_excitation"": null, ""move_batches"": 20602.0, ""move_time_us"": 2102380.457089135, ""seed_status"": [{""seed"": 0, ""status"": ""success""}, {""seed"": 1, ""status"": ""success""}, {""seed"": 2, ""status"": ""success""}], ""transfers"": 46356.0, ""valid"": 3}",False
qmap154,sys6-v0_111,556cc6c9d99e6f8ab21856ebd4604002b6ff842e3cf3a9ebdd6c1e725fb31246,10,182,98,"{""N"": 1, ""complete"": true, ""complete_fidelity"": true, ""fidelity"": 0.33223661045268227, ""fidelity_valid"": 1, ""idle_exposures"": 0.0, ""log_atom_transfer"": -0.3961981320990796, ""log_coherence_linear"": -0.1598724593717558, ""log_fidelity"": -1.101907881816538, ""log_idle_excitation"": -0.0, ""move_batches"": 158.0, ""move_time_us"": 16278.30467165502, ""seed_status"": [{""seed"": 0, ""status"": ""success""}], ""transfers"": 396.0, ""valid"": 1}","{""N"": 1, ""complete"": true, ""complete_fidelity"": true, ""fidelity"": 0.33586637215833154, ""fidelity_valid"": 1, ""idle_exposures"": 0.0, ""log_atom_transfer"": -0.3961981320990796, ""log_coherence_linear"": -0.14900647758825655, ""log_fidelity"": -1.091041900033039, ""log_idle_excitation"": -0.0, ""move_batches"": 121.0, ""move_time_us"": 14248.74960595893, ""seed_status"": [{""seed"": 0, ""status"": ""success""}], ""transfers"": 396.0, ""valid"": 1}","{""N"": 3, ""complete"": true, ""complete_fidelity"": true, ""fidelity"": 0.3343404129763329, ""fidelity_valid"": 3, ""idle_exposures"": 72.0, ""log_atom_transfer"": -0.2501250833958836, ""log_coherence_linear"": -0.11943943789325526, ""log_fidelity"": -1.0955956045097166, ""log_idle_excitation"": -0.18022537570453034, ""move_batches"": 103.0, ""move_time_us"": 12080.176640940104, ""seed_status"": [{""seed"": 0, ""status"": ""success""}, {""seed"": 1, ""status"": ""success""}, {""seed"": 2, ""status"": ""success""}], ""transfers"": 250.0, ""valid"": 3}",True
qmap154,urf1_149,bfb4a038a3fbac9ef336ae9bb1049d6eecf898f1b0288765c45315abd7388a4b,9,150205,80878,"{""N"": 1, ""complete"": false, ""complete_fidelity"": false, ""fidelity"": null, ""fidelity_valid"": 0, ""idle_exposures"": null, ""log_atom_transfer"": null, ""log_coherence_linear"": null, ""log_fidelity"": null, ""log_idle_excitation"": null, ""move_batches"": null, ""move_time_us"": null, ""seed_status"": [{""seed"": 0, ""status"": ""verifier_fail""}], ""transfers"": null, ""valid"": 0}","{""N"": 1, ""complete"": true, ""complete_fidelity"": false, ""fidelity"": null, ""fidelity_valid"": 0, ""idle_exposures"": 0.0, ""log_atom_transfer"": null, ""log_coherence_linear"": null, ""log_fidelity"": null, ""log_idle_excitation"": null, ""move_batches"": 140659.0, ""move_time_us"": 13381915.92628767, ""seed_status"": [{""seed"": 0, ""status"": ""success""}], ""transfers"": 317244.0, ""valid"": 1}","{""N"": 3, ""complete"": false, ""complete_fidelity"": false, ""fidelity"": null, ""fidelity_valid"": 0, ""idle_exposures"": 59665.0, ""log_atom_transfer"": null, ""log_coherence_linear"": null, ""log_fidelity"": null, ""log_idle_excitation"": null, ""move_batches"": 106688.0, ""move_time_us"": 10834163.250086866, ""seed_status"": [{""seed"": 0, ""status"": ""memory_limit""}, {""seed"": 1, ""status"": ""memory_limit""}, {""seed"": 2, ""status"": ""success""}], ""transfers"": 231184.0, ""valid"": 1}",False
qmap154,urf1_278,a1e792ad6dea65292c6f25330a00d88d427b32fa5d9a689ea1e6e25faaed858e,9,44604,26672,"{""N"": 1, ""complete"": true, ""complete_fidelity"": false, ""fidelity"": null, ""fidelity_valid"": 0, ""idle_exposures"": 0.0, ""log_atom_transfer"": null, ""log_coherence_linear"": null, ""log_fidelity"": null, ""log_idle_excitation"": null, ""move_batches"": 46396.0, ""move_time_us"": 4487836.974283577, ""seed_status"": [{""seed"": 0, ""status"": ""success""}], ""transfers"": 112924.0, ""valid"": 1}","{""N"": 1, ""complete"": true, ""complete_fidelity"": false, ""fidelity"": null, ""fidelity_valid"": 0, ""idle_exposures"": 0.0, ""log_atom_transfer"": null, ""log_coherence_linear"": null, ""log_fidelity"": null, ""log_idle_excitation"": null, ""move_batches"": 46438.0, ""move_time_us"": 4477991.088254035, ""seed_status"": [{""seed"": 0, ""status"": ""success""}], ""transfers"": 113372.0, ""valid"": 1}","{""N"": 3, ""complete"": true, ""complete_fidelity"": false, ""fidelity"": null, ""fidelity_valid"": 0, ""idle_exposures"": 17659.0, ""log_atom_transfer"": null, ""log_coherence_linear"": null, ""log_fidelity"": null, ""log_idle_excitation"": null, ""move_batches"": 36710.0, ""move_time_us"": 3760861.6633812813, ""seed_status"": [{""seed"": 0, ""status"": ""success""}, {""seed"": 1, ""status"": ""success""}, {""seed"": 2, ""status"": ""success""}], ""transfers"": 82640.0, ""valid"": 3}",False
qmap154,urf2_152,55b93a9b6eff1a8ea7a3f8edb58f348a0de40c2d16d890d46fccff55d4af6183,8,65391,35210,"{""N"": 1, ""complete"": false, ""complete_fidelity"": false, ""fidelity"": null, ""fidelity_valid"": 0, ""idle_exposures"": null, ""log_atom_transfer"": null, ""log_coherence_linear"": null, ""log_fidelity"": null, ""log_idle_excitation"": null, ""move_batches"": null, ""move_time_us"": null, ""seed_status"": [{""seed"": 0, ""status"": ""verifier_fail""}], ""transfers"": null, ""valid"": 0}","{""N"": 1, ""complete"": true, ""complete_fidelity"": false, ""fidelity"": null, ""fidelity_valid"": 0, ""idle_exposures"": 0.0, ""log_atom_transfer"": null, ""log_coherence_linear"": null, ""log_fidelity"": null, ""log_idle_excitation"": null, ""move_batches"": 62247.0, ""move_time_us"": 5900365.313130315, ""seed_status"": [{""seed"": 0, ""status"": ""success""}], ""transfers"": 138464.0, ""valid"": 1}","{""N"": 3, ""complete"": true, ""complete_fidelity"": false, ""fidelity"": null, ""fidelity_valid"": 0, ""idle_exposures"": 26512.0, ""log_atom_transfer"": null, ""log_coherence_linear"": null, ""log_fidelity"": null, ""log_idle_excitation"": null, ""move_batches"": 44727.0, ""move_time_us"": 4464796.7910435265, ""seed_status"": [{""seed"": 0, ""status"": ""success""}, {""seed"": 1, ""status"": ""success""}, {""seed"": 2, ""status"": ""success""}], ""transfers"": 96250.0, ""valid"": 3}",False
qmap154,urf2_277,6b204da03ed7c6d4a702bf7e75e363c9521987069c738fe559f3b61d7a389ce5,8,16468,10056,"{""N"": 1, ""complete"": true, ""complete_fidelity"": false, ""fidelity"": null, ""fidelity_valid"": 0, ""idle_exposures"": 0.0, ""log_atom_transfer"": null, ""log_coherence_linear"": null, ""log_fidelity"": null, ""log_idle_excitation"": null, ""move_batches"": 17434.0, ""move_time_us"": 1673658.52760871, ""seed_status"": [{""seed"": 0, ""status"": ""success""}], ""transfers"": 43176.0, ""valid"": 1}","{""N"": 1, ""complete"": true, ""complete_fidelity"": false, ""fidelity"": null, ""fidelity_valid"": 0, ""idle_exposures"": 0.0, ""log_atom_transfer"": null, ""log_coherence_linear"": null, ""log_fidelity"": null, ""log_idle_excitation"": null, ""move_batches"": 17323.0, ""move_time_us"": 1665450.366055062, ""seed_status"": [{""seed"": 0, ""status"": ""success""}], ""transfers"": 43356.0, ""valid"": 1}","{""N"": 3, ""complete"": true, ""complete_fidelity"": false, ""fidelity"": null, ""fidelity_valid"": 0, ""idle_exposures"": 5984.0, ""log_atom_transfer"": null, ""log_coherence_linear"": null, ""log_fidelity"": null, ""log_idle_excitation"": null, ""move_batches"": 13973.0, ""move_time_us"": 1430586.1970385062, ""seed_status"": [{""seed"": 0, ""status"": ""success""}, {""seed"": 1, ""status"": ""success""}, {""seed"": 2, ""status"": ""success""}], ""transfers"": 31656.0, ""valid"": 3}",False
qmap154,urf3_155,0c55a40c9f7259ed883713b1089a34fb52d3bbc047f58e264486f7f2e9ca7447,10,344087,185276,"{""N"": 1, ""complete"": false, ""complete_fidelity"": false, ""fidelity"": null, ""fidelity_valid"": 0, ""idle_exposures"": null, ""log_atom_transfer"": null, ""log_coherence_linear"": null, ""log_fidelity"": null, ""log_idle_excitation"": null, ""move_batches"": null, ""move_time_us"": null, ""seed_status"": [{""seed"": 0, ""status"": ""timeout""}], ""transfers"": null, ""valid"": 0}","{""N"": 1, ""complete"": true, ""complete_fidelity"": false, ""fidelity"": null, ""fidelity_valid"": 0, ""idle_exposures"": 0.0, ""log_atom_transfer"": null, ""log_coherence_linear"": null, ""log_fidelity"": null, ""log_idle_excitation"": null, ""move_batches"": 323334.0, ""move_time_us"": 30867477.62169818, ""seed_status"": [{""seed"": 0, ""status"": ""success""}], ""transfers"": 726644.0, ""valid"": 1}","{""N"": 3, ""complete"": false, ""complete_fidelity"": false, ""fidelity"": null, ""fidelity_valid"": 0, ""idle_exposures"": null, ""log_atom_transfer"": null, ""log_coherence_linear"": null, ""log_fidelity"": null, ""log_idle_excitation"": null, ""move_batches"": null, ""move_time_us"": null, ""seed_status"": [{""seed"": 0, ""status"": ""memory_limit""}, {""seed"": 1, ""status"": ""memory_limit""}, {""seed"": 2, ""status"": ""memory_limit""}], ""transfers"": null, ""valid"": 0}",False
qmap154,urf3_279,328bdf07834b8d149b8419faf06dea8ba61a3f59f680d4494fa42d1fb6c9d76b,10,102117,60342,"{""N"": 1, ""complete"": false, ""complete_fidelity"": false, ""fidelity"": null, ""fidelity_valid"": 0, ""idle_exposures"": null, ""log_atom_transfer"": null, ""log_coherence_linear"": null, ""log_fidelity"": null, ""log_idle_excitation"": null, ""move_batches"": null, ""move_time_us"": null, ""seed_status"": [{""seed"": 0, ""status"": ""verifier_fail""}], ""transfers"": null, ""valid"": 0}","{""N"": 1, ""complete"": true, ""complete_fidelity"": false, ""fidelity"": null, ""fidelity_valid"": 0, ""idle_exposures"": 0.0, ""log_atom_transfer"": null, ""log_coherence_linear"": null, ""log_fidelity"": null, ""log_idle_excitation"": null, ""move_batches"": 105259.0, ""move_time_us"": 10184235.886113122, ""seed_status"": [{""seed"": 0, ""status"": ""success""}], ""transfers"": 255880.0, ""valid"": 1}","{""N"": 3, ""complete"": true, ""complete_fidelity"": false, ""fidelity"": null, ""fidelity_valid"": 0, ""idle_exposures"": 37867.0, ""log_atom_transfer"": null, ""log_coherence_linear"": null, ""log_fidelity"": null, ""log_idle_excitation"": null, ""move_batches"": 89193.0, ""move_time_us"": 9114793.407739917, ""seed_status"": [{""seed"": 0, ""status"": ""success""}, {""seed"": 1, ""status"": ""success""}, {""seed"": 2, ""status"": ""success""}], ""transfers"": 200456.0, ""valid"": 3}",False
qmap154,urf4_187,11e30776f79843ad4e7b6d4e62727fc4bd683f9cef5c0ec80fefab01e6d907f8,11,416053,224028,"{""N"": 1, ""complete"": false, ""complete_fidelity"": false, ""fidelity"": null, ""fidelity_valid"": 0, ""idle_exposures"": null, ""log_atom_transfer"": null, ""log_coherence_linear"": null, ""log_fidelity"": null, ""log_idle_excitation"": null, ""move_batches"": null, ""move_time_us"": null, ""seed_status"": [{""seed"": 0, ""status"": ""timeout""}], ""transfers"": null, ""valid"": 0}","{""N"": 1, ""complete"": true, ""complete_fidelity"": false, ""fidelity"": null, ""fidelity_valid"": 0, ""idle_exposures"": 0.0, ""log_atom_transfer"": null, ""log_coherence_linear"": null, ""log_fidelity"": null, ""log_idle_excitation"": null, ""move_batches"": 376889.0, ""move_time_us"": 36342222.35273356, ""seed_status"": [{""seed"": 0, ""status"": ""success""}], ""transfers"": 908544.0, ""valid"": 1}","{""N"": 3, ""complete"": false, ""complete_fidelity"": false, ""fidelity"": null, ""fidelity_valid"": 0, ""idle_exposures"": null, ""log_atom_transfer"": null, ""log_coherence_linear"": null, ""log_fidelity"": null, ""log_idle_excitation"": null, ""move_batches"": null, ""move_time_us"": null, ""seed_status"": [{""seed"": 0, ""status"": ""memory_limit""}, {""seed"": 1, ""status"": ""memory_limit""}, {""seed"": 2, ""status"": ""memory_limit""}], ""transfers"": null, ""valid"": 0}",False
qmap154,urf5_158,519990e4e669042f5f88609d0678fac03062d4c73dbb340576dccdfb4d4791de,9,133591,71932,"{""N"": 1, ""complete"": false, ""complete_fidelity"": false, ""fidelity"": null, ""fidelity_valid"": 0, ""idle_exposures"": null, ""log_atom_transfer"": null, ""log_coherence_linear"": null, ""log_fidelity"": null, ""log_idle_excitation"": null, ""move_batches"": null, ""move_time_us"": null, ""seed_status"": [{""seed"": 0, ""status"": ""verifier_fail""}], ""transfers"": null, ""valid"": 0}","{""N"": 1, ""complete"": true, ""complete_fidelity"": false, ""fidelity"": null, ""fidelity_valid"": 0, ""idle_exposures"": 0.0, ""log_atom_transfer"": null, ""log_coherence_linear"": null, ""log_fidelity"": null, ""log_idle_excitation"": null, ""move_batches"": 125409.0, ""move_time_us"": 11926084.638397228, ""seed_status"": [{""seed"": 0, ""status"": ""success""}], ""transfers"": 283364.0, ""valid"": 1}","{""N"": 3, ""complete"": true, ""complete_fidelity"": false, ""fidelity"": null, ""fidelity_valid"": 0, ""idle_exposures"": 52837.0, ""log_atom_transfer"": null, ""log_coherence_linear"": null, ""log_fidelity"": null, ""log_idle_excitation"": null, ""move_batches"": 95971.0, ""move_time_us"": 9683175.51887135, ""seed_status"": [{""seed"": 0, ""status"": ""success""}, {""seed"": 1, ""status"": ""success""}, {""seed"": 2, ""status"": ""success""}], ""transfers"": 208104.0, ""valid"": 3}",False
qmap154,urf5_280,5cf6399299cef926984e7c5cb768fb3ee0fa8a47a51b246a2188db42073e823c,9,40847,23726,"{""N"": 1, ""complete"": true, ""complete_fidelity"": false, ""fidelity"": null, ""fidelity_valid"": 0, ""idle_exposures"": 0.0, ""log_atom_transfer"": null, ""log_coherence_linear"": null, ""log_fidelity"": null, ""log_idle_excitation"": null, ""move_batches"": 41328.0, ""move_time_us"": 3993976.6586240446, ""seed_status"": [{""seed"": 0, ""status"": ""success""}], ""transfers"": 100208.0, ""valid"": 1}","{""N"": 1, ""complete"": true, ""complete_fidelity"": false, ""fidelity"": null, ""fidelity_valid"": 0, ""idle_exposures"": 0.0, ""log_atom_transfer"": null, ""log_coherence_linear"": null, ""log_fidelity"": null, ""log_idle_excitation"": null, ""move_batches"": 41269.0, ""move_time_us"": 3970044.0993038826, ""seed_status"": [{""seed"": 0, ""status"": ""success""}], ""transfers"": 100572.0, ""valid"": 1}","{""N"": 3, ""complete"": true, ""complete_fidelity"": false, ""fidelity"": null, ""fidelity_valid"": 0, ""idle_exposures"": 16304.0, ""log_atom_transfer"": null, ""log_coherence_linear"": null, ""log_fidelity"": null, ""log_idle_excitation"": null, ""move_batches"": 32211.0, ""move_time_us"": 3280008.7733406257, ""seed_status"": [{""seed"": 0, ""status"": ""success""}, {""seed"": 1, ""status"": ""success""}, {""seed"": 2, ""status"": ""success""}], ""transfers"": 72562.0, ""valid"": 3}",False
qmap154,urf6_160,880954c5d99eb11659dc5546165525c3911fe05965a70e40c276522a6acd69ab,15,139622,75180,"{""N"": 1, ""complete"": true, ""complete_fidelity"": false, ""fidelity"": null, ""fidelity_valid"": 0, ""idle_exposures"": 0.0, ""log_atom_transfer"": null, ""log_coherence_linear"": null, ""log_fidelity"": null, ""log_idle_excitation"": null, ""move_batches"": 132717.0, ""move_time_us"": 12895104.47028097, ""seed_status"": [{""seed"": 0, ""status"": ""success""}], ""transfers"": 292908.0, ""valid"": 1}","{""N"": 1, ""complete"": true, ""complete_fidelity"": false, ""fidelity"": null, ""fidelity_valid"": 0, ""idle_exposures"": 0.0, ""log_atom_transfer"": null, ""log_coherence_linear"": null, ""log_fidelity"": null, ""log_idle_excitation"": null, ""move_batches"": 131296.0, ""move_time_us"": 12746640.401732799, ""seed_status"": [{""seed"": 0, ""status"": ""success""}], ""transfers"": 293304.0, ""valid"": 1}","{""N"": 3, ""complete"": true, ""complete_fidelity"": false, ""fidelity"": null, ""fidelity_valid"": 0, ""idle_exposures"": 54844.0, ""log_atom_transfer"": null, ""log_coherence_linear"": null, ""log_fidelity"": null, ""log_idle_excitation"": null, ""move_batches"": 100457.0, ""move_time_us"": 10159159.177938335, ""seed_status"": [{""seed"": 0, ""status"": ""success""}, {""seed"": 1, ""status"": ""success""}, {""seed"": 2, ""status"": ""success""}], ""transfers"": 214884.0, ""valid"": 3}",False
qmap154,wim_266,f2f31e619d116aed7be5fcda1e0a22222bbb82cc6791249a4dd8f7fb7ceeefe3,11,795,427,"{""N"": 1, ""complete"": true, ""complete_fidelity"": true, ""fidelity"": 0.007329974799113619, ""fidelity_valid"": 1, ""idle_exposures"": 0.0, ""log_atom_transfer"": -1.748874583104018, ""log_coherence_linear"": -0.7880174772227305, ""log_fidelity"": -4.915783201136742, ""log_idle_excitation"": -0.0, ""move_batches"": 719.0, ""move_time_us"": 68749.0546970183, ""seed_status"": [{""seed"": 0, ""status"": ""success""}], ""transfers"": 1748.0, ""valid"": 1}","{""N"": 1, ""complete"": true, ""complete_fidelity"": true, ""fidelity"": 0.007292273717090722, ""fidelity_valid"": 1, ""idle_exposures"": 0.0, ""log_atom_transfer"": -1.7528765844383523, ""log_coherence_linear"": -0.7891721609939454, ""log_fidelity"": -4.920939886242292, ""log_idle_excitation"": -0.0, ""move_batches"": 720.0, ""move_time_us"": 68547.30784745706, ""seed_status"": [{""seed"": 0, ""status"": ""success""}], ""transfers"": 1752.0, ""valid"": 1}","{""N"": 3, ""complete"": true, ""complete_fidelity"": true, ""fidelity"": 0.007336225568464403, ""fidelity_valid"": 3, ""idle_exposures"": 283.0, ""log_atom_transfer"": -1.2026014009674082, ""log_coherence_linear"": -0.6226801963098715, ""log_fidelity"": -4.9149307963457805, ""log_idle_excitation"": -0.708385851727529, ""move_batches"": 537.0, ""move_time_us"": 55969.901317489406, ""seed_status"": [{""seed"": 0, ""status"": ""success""}, {""seed"": 1, ""status"": ""success""}, {""seed"": 2, ""status"": ""success""}], ""transfers"": 1202.0, ""valid"": 3}",True
qmap154,xor5_254,4a6d53e313003be35a7d3c56a5702b8a2f0ce138861f1ff1de53929c6660d26a,6,4,5,"{""N"": 1, ""complete"": true, ""complete_fidelity"": true, ""fidelity"": 0.946238458591237, ""fidelity_valid"": 1, ""idle_exposures"": 0.0, ""log_atom_transfer"": -0.024012008006004823, ""log_coherence_linear"": -0.004985774142499989, ""log_fidelity"": -0.055260671302234214, ""log_idle_excitation"": -0.0, ""move_batches"": 10.0, ""move_time_us"": 1131.3919595273794, ""seed_status"": [{""seed"": 0, ""status"": ""success""}], ""transfers"": 24.0, ""valid"": 1}","{""N"": 1, ""complete"": true, ""complete_fidelity"": true, ""fidelity"": 0.9461829996830045, ""fidelity_valid"": 1, ""idle_exposures"": 0.0, ""log_atom_transfer"": -0.024012008006004823, ""log_coherence_linear"": -0.00504438572503725, ""log_fidelity"": -0.055319282884771476, ""log_idle_excitation"": -0.0, ""move_batches"": 10.0, ""move_time_us"": 1146.0326127000578, ""seed_status"": [{""seed"": 0, ""status"": ""success""}], ""transfers"": 24.0, ""valid"": 1}","{""N"": 3, ""complete"": true, ""complete_fidelity"": true, ""fidelity"": 0.9503685497403696, ""fidelity_valid"": 3, ""idle_exposures"": 0.0, ""log_atom_transfer"": -0.020010006671670688, ""log_coherence_linear"": -0.004632526699042233, ""log_fidelity"": -0.05090542252444232, ""log_idle_excitation"": -0.0, ""move_batches"": 9.0, ""move_time_us"": 1033.1510800838678, ""seed_status"": [{""seed"": 0, ""status"": ""success""}, {""seed"": 1, ""status"": ""success""}, {""seed"": 2, ""status"": ""success""}], ""transfers"": 20.0, ""valid"": 3}",True
qmap154,z4_268,935c1b731051464946985e7a4faa9c24b169fbff8324a41153a00492f1ffbfd9,11,2494,1343,"{""N"": 1, ""complete"": false, ""complete_fidelity"": false, ""fidelity"": null, ""fidelity_valid"": 0, ""idle_exposures"": null, ""log_atom_transfer"": null, ""log_coherence_linear"": null, ""log_fidelity"": null, ""log_idle_excitation"": null, ""move_batches"": null, ""move_time_us"": null, ""seed_status"": [{""seed"": 0, ""status"": ""verifier_fail""}], ""transfers"": null, ""valid"": 0}","{""N"": 1, ""complete"": true, ""complete_fidelity"": true, ""fidelity"": 1.28821772998968e-07, ""fidelity_valid"": 1, ""idle_exposures"": 0.0, ""log_atom_transfer"": -5.598799866733458, ""log_coherence_linear"": -2.7858802043352098, ""log_fidelity"": -15.864835992539614, ""log_idle_excitation"": -0.0, ""move_batches"": 2314.0, ""move_time_us"": 224975.20273817843, ""seed_status"": [{""seed"": 0, ""status"": ""success""}], ""transfers"": 5596.0, ""valid"": 1}","{""N"": 3, ""complete"": true, ""complete_fidelity"": true, ""fidelity"": 1.4385217714065333e-07, ""fidelity_valid"": 3, ""idle_exposures"": 878.0, ""log_atom_transfer"": -3.9499753169877936, ""log_coherence_linear"": -2.1150961678468425, ""log_fidelity"": -15.754479612265655, ""log_idle_excitation"": -2.1977483315080226, ""move_batches"": 1752.0, ""move_time_us"": 178219.3351480037, ""seed_status"": [{""seed"": 0, ""status"": ""success""}, {""seed"": 1, ""status"": ""success""}, {""seed"": 2, ""status"": ""success""}], ""transfers"": 3948.0, ""valid"": 3}",False
